year,accident_descriptor,time,date,day_of_week,police_report,lighting_conditions,municipality,collision_type_descriptor,county_name,road_descriptor,weather_conditions,traffic_control_device,road_surface_conditions,dot_reference_marker_location,pedestrian_bicyclist_action,event_descriptor,number_of_vehicles_involved,county_population_2024,county_fips,county_deer_take_2024,county_antlerless_deer_per_sqmi_2024,county_daily_vmt_2019,county_mean_aadt_2019,county_aadt_segments_2019
2024,Property Damage Accident,19:40,2024-01-07,Sunday,Y,Dark-Road Lighted,WALLKILL,REAR END,ORANGE,Straight and Level,Cloudy,Traffic Signal,Wet,,Not Applicable,"Other Motor Vehicle, Collision With",2,415088,36071,4753,2.6,13857119.0,5167.5,1527
2024,Property Damage Accident,12:00,2024-01-07,Sunday,Y,Daylight,GREENVILLE,OTHER,ORANGE,Curve and Grade,Snow,,Snow/Ice,84I83011103,Not Applicable,"Guide Rail - Not At End, Collision With Fixed Object",1,415088,36071,4753,2.6,13857119.0,5167.5,1527
2024,Property Damage & Injury Accident,7:36,2024-01-07,Sunday,Y,Daylight,CARMEL,OTHER,PUTNAM,Straight at Hill Crest,Snow,,Snow/Ice,,Not Applicable,"Overturned, Non-Collision",1,98842,36079,509,0.7,2746105.0,4089.2,375
2024,Property Damage Accident,21:30,2024-01-07,Sunday,Y,Dark-Road Unlighted,PATTERSON,OTHER,PUTNAM,Straight and Grade,Clear,No Passing Zone,Dry,,Not Applicable,"Fence, Collision With Fixed Object",1,98842,36079,509,0.7,2746105.0,4089.2,375
2024,Property Damage Accident,0:53,2024-01-07,Sunday,Y,Dark-Road Unlighted,KENT,RIGHT ANGLE,PUTNAM,Straight and Grade,Snow,No Passing Zone,Snow/Ice,,Not Applicable,"Other Motor Vehicle, Collision With",2,98842,36079,509,0.7,2746105.0,4089.2,375
2024,Property Damage Accident,9:30,2024-01-07,Sunday,N,Daylight,CARMEL,OTHER,PUTNAM,Curve and Grade,Snow,,Snow/Ice,,Not Applicable,"Tree, Collision With Fixed Object",1,98842,36079,509,0.7,2746105.0,4089.2,375
2024,Property Damage Accident,9:11,2024-01-07,Sunday,Y,Daylight,RAMAPO,OTHER,ROCKLAND,Straight and Level,Sleet/Hail/Freezing Rain,,Wet,,Not Applicable,"Median - Not At End, Collision With Fixed Object",1,354829,36087,259,0.3,7336134.0,9989.2,886
2024,Property Damage Accident,7:38,2024-01-07,Sunday,Y,Daylight,SLOATSBURG,OVERTAKING,ROCKLAND,Straight and Level,Snow,,Snow/Ice,,Not Applicable,"Other Motor Vehicle, Collision With",2,354829,36087,259,0.3,7336134.0,9989.2,886
2024,Property Damage Accident,8:14,2024-01-07,Sunday,Y,Daylight,CHESTNUT RIDGE,OTHER,ROCKLAND,Straight and Level,Sleet/Hail/Freezing Rain,,Wet,,Not Applicable,"Guide Rail - Not At End, Collision With Fixed Object",1,354829,36087,259,0.3,7336134.0,9989.2,886
2024,Injury Accident,8:35,2024-01-07,Sunday,Y,Daylight,RAMAPO,HEAD ON,ROCKLAND,Straight and Grade,Sleet/Hail/Freezing Rain,,Slush,202 85011062,Not Applicable,"Other Motor Vehicle, Collision With",2,354829,36087,259,0.3,7336134.0,9989.2,886
2024,Property Damage Accident,7:35,2024-01-07,Sunday,Y,Daylight,CHESTNUT RIDGE,OTHER,ROCKLAND,Straight and Level,Sleet/Hail/Freezing Rain,,Wet,,Not Applicable,"Guide Rail - Not At End, Collision With Fixed Object",1,354829,36087,259,0.3,7336134.0,9989.2,886
2024,Property Damage Accident,6:50,2024-01-07,Sunday,Y,Dawn,CLARKSTOWN,OTHER,ROCKLAND,Straight and Level,Sleet/Hail/Freezing Rain,,Wet,,Not Applicable,"Guide Rail - Not At End, Collision With Fixed Object",1,354829,36087,259,0.3,7336134.0,9989.2,886
2024,Property Damage Accident,3:16,2024-01-07,Sunday,Y,Dark-Road Unlighted,RAMAPO,OTHER,ROCKLAND,Straight and Level,Snow,,Snow/Ice,202 85011084,Not Applicable,"Light Support/Utility Pole, Collision With Fixed Object",1,354829,36087,259,0.3,7336134.0,9989.2,886
2024,Property Damage Accident,11:39,2024-01-07,Sunday,Y,Daylight,SPRING VALLEY,OVERTAKING,ROCKLAND,Straight and Level,Snow,Other,Snow/Ice,,Not Applicable,"Other Motor Vehicle, Collision With",2,354829,36087,259,0.3,7336134.0,9989.2,886
2024,Property Damage Accident,6:31,2024-01-07,Sunday,Y,Dark-Road Lighted,CHESTNUT RIDGE,OTHER,ROCKLAND,Straight and Grade,Sleet/Hail/Freezing Rain,Stop Sign,Snow/Ice,,Not Applicable,"Snow Embankment, Collision With Fixed Object",1,354829,36087,259,0.3,7336134.0,9989.2,886
2024,Property Damage Accident,18:21,2024-01-07,Sunday,Y,Dark-Road Unlighted,CLARKSTOWN,OTHER,ROCKLAND,Straight and Level,Snow,,Wet,304 85011104,Not Applicable,"Animal, Collision With",1,354829,36087,259,0.3,7336134.0,9989.2,886
2024,Property Damage Accident,7:01,2024-01-07,Sunday,Y,Dawn,ROSENDALE,OTHER,ULSTER,Curve and Grade,Snow,,Snow/Ice,,Not Applicable,"Guide Rail - Not At End, Collision With Fixed Object",1,183095,36111,3565,1.2,6410502.0,3939.4,999
2024,Property Damage & Injury Accident,9:17,2024-01-07,Sunday,Y,Daylight,SHANDAKEN,REAR END,ULSTER,Straight and Grade,Snow,,Snow/Ice,28 86012355,Not Applicable,"Other Motor Vehicle, Collision With",2,183095,36111,3565,1.2,6410502.0,3939.4,999
2024,Property Damage Accident,13:03,2024-01-07,Sunday,Y,Daylight,GREENBURGH,OTHER,WESTCHESTER,Straight at Hill Crest,Clear,,Snow/Ice,,Not Applicable,"Light Support/Utility Pole, Collision With Fixed Object",1,1009165,36119,850,0.8,18110248.0,6143.2,3354
2024,Property Damage Accident,0:00,2024-01-07,Sunday,N,Daylight,SOMERS,Unknown,WESTCHESTER,Curve and Grade,Snow,Unknown,Slush,,Not Applicable,"Other Motor Vehicle, Collision With",2,1009165,36119,850,0.8,18110248.0,6143.2,3354
2024,Property Damage Accident,9:13,2024-01-07,Sunday,Y,Daylight,BEDFORD,OTHER,WESTCHESTER,Straight and Level,Snow,,Slush,684I87011179,Not Applicable,"Sign Post, Collision With Fixed Object",1,1009165,36119,850,0.8,18110248.0,6143.2,3354
2024,Property Damage Accident,13:33,2024-01-07,Sunday,Y,Daylight,NEW ROCHELLE,OVERTAKING,WESTCHESTER,Straight and Level,Clear,,Dry,1 87032006,Not Applicable,"Other Motor Vehicle, Collision With",2,1009165,36119,850,0.8,18110248.0,6143.2,3354
2024,Property Damage & Injury Accident,8:03,2024-01-07,Sunday,Y,Daylight,MOUNT PLEASANT,OTHER,WESTCHESTER,Curve and Grade,Snow,,Snow/Ice,987G87011071,Not Applicable,"Median - Not At End, Collision With Fixed Object",1,1009165,36119,850,0.8,18110248.0,6143.2,3354
2024,Property Damage Accident,8:55,2024-01-07,Sunday,Y,Unknown,DOBBS FERRY,Unknown,WESTCHESTER,Straight and Grade,Unknown,,Unknown,,Not Applicable,"Other Motor Vehicle, Collision With",2,1009165,36119,850,0.8,18110248.0,6143.2,3354
2024,Property Damage Accident,23:50,2024-01-07,Sunday,Y,Dark-Road Lighted,DOBBS FERRY,OTHER,WESTCHESTER,Straight and Level,Snow,,Snow/Ice,,Not Applicable,"Other Motor Vehicle, Collision With",2,1009165,36119,850,0.8,18110248.0,6143.2,3354
2024,Property Damage Accident,2:45,2024-01-07,Sunday,Y,Dark-Road Lighted,CORTLANDT,OTHER,WESTCHESTER,Straight at Hill Crest,Rain,,Snow/Ice,9A87032227,Not Applicable,"Snow Embankment, Collision With Fixed Object",1,1009165,36119,850,0.8,18110248.0,6143.2,3354
2024,Property Damage & Injury Accident,8:34,2024-01-07,Sunday,Y,Daylight,NEW CASTLE,OVERTAKING,WESTCHESTER,Straight and Level,Snow,,Snow/Ice,987G87011089,Not Applicable,"Other Motor Vehicle, Collision With",2,1009165,36119,850,0.8,18110248.0,6143.2,3354
2024,Property Damage Accident,12:40,2024-01-08,Monday,Y,Daylight,EAST FISHKILL,OTHER,DUTCHESS,Straight and Level,Clear,,Dry,,Not Applicable,"Other Motor Vehicle, Collision With",2,299256,36027,1695,0.8,5987961.0,3975.0,1300
2024,Property Damage Accident,18:26,2024-01-08,Monday,Y,Dark-Road Unlighted,EAST FISHKILL,OTHER,DUTCHESS,Straight and Level,Clear,No Passing Zone,Dry,82 82011068,Not Applicable,Deer,1,299256,36027,1695,0.8,5987961.0,3975.0,1300
2024,Property Damage Accident,14:30,2024-01-08,Monday,Y,Daylight,DOVER,OTHER,DUTCHESS,Curve and Level,Clear,No Passing Zone,Dry,,Not Applicable,"Earth Embankment/Rock Cut/Ditch, Collision With Fixed Object",1,299256,36027,1695,0.8,5987961.0,3975.0,1300
2024,Property Damage Accident,8:10,2024-01-08,Monday,Y,Daylight,GOSHEN,LEFT TURN (3),ORANGE,Straight and Grade,Clear,Stop Sign,Dry,,Not Applicable,"Other Motor Vehicle, Collision With",2,415088,36071,4753,2.6,13857119.0,5167.5,1527
2024,Property Damage Accident,17:40,2024-01-08,Monday,Y,Dark-Road Unlighted,WALLKILL,OTHER,ORANGE,Straight and Level,Clear,No Passing Zone,Dry,302 83011005,Not Applicable,Deer,1,415088,36071,4753,2.6,13857119.0,5167.5,1527
2024,Property Damage & Injury Accident,8:25,2024-01-08,Monday,Y,Daylight,HIGHLANDS,REAR END,ORANGE,Straight and Level,Clear,Yield Sign,Dry,987C83021007,Not Applicable,"Other Motor Vehicle, Collision With",2,415088,36071,4753,2.6,13857119.0,5167.5,1527
2024,Property Damage Accident,17:09,2024-01-08,Monday,Y,Dark-Road Unlighted,HIGHLANDS,REAR END,ORANGE,Straight and Level,Clear,,Dry,987C83021008,Not Applicable,"Other Motor Vehicle, Collision With",2,415088,36071,4753,2.6,13857119.0,5167.5,1527
2024,Property Damage Accident,15:18,2024-01-08,Monday,Y,Daylight,WOODBURY,LEFT TURN (0),ORANGE,Straight and Level,Clear,Traffic Signal,Dry,,Not Applicable,"Other Motor Vehicle, Collision With",2,415088,36071,4753,2.6,13857119.0,5167.5,1527
2024,Property Damage Accident,10:51,2024-01-08,Monday,Y,Daylight,GOSHEN,OVERTAKING,ORANGE,Straight and Level,Clear,,Wet,293 83011009,Not Applicable,"Other Motor Vehicle, Collision With",2,415088,36071,4753,2.6,13857119.0,5167.5,1527
2024,Property Damage Accident,12:23,2024-01-08,Monday,Y,Daylight,SOUTHEAST,REAR END,PUTNAM,Straight and Grade,Clear,Traffic Signal,Dry,6 84041140,Not Applicable,"Other Motor Vehicle, Collision With",2,98842,36079,509,0.7,2746105.0,4089.2,375
2024,Property Damage Accident,7:00,2024-01-08,Monday,Y,Dark-Road Lighted,NYACK,REAR END,ROCKLAND,Straight and Level,Clear,,Dry,,Not Applicable,"Other Motor Vehicle, Collision With",2,354829,36087,259,0.3,7336134.0,9989.2,886
2024,Property Damage Accident,13:44,2024-01-08,Monday,Y,Daylight,CLARKSTOWN,Unknown,ROCKLAND,Straight and Level,Clear,,Dry,,Not Applicable,"Other Motor Vehicle, Collision With",2,354829,36087,259,0.3,7336134.0,9989.2,886
2024,Property Damage Accident,6:30,2024-01-08,Monday,N,Dawn,SLOATSBURG,OTHER,ROCKLAND,Straight and Level,Clear,,Dry,,Not Applicable,"Other Object (Not Fixed)*, Collision With",2,354829,36087,259,0.3,7336134.0,9989.2,886
2024,Property Damage & Injury Accident,18:38,2024-01-08,Monday,Y,Dark-Road Lighted,WEST HAVERSTRAW,RIGHT ANGLE,ROCKLAND,Straight and Grade,Clear,,Dry,202 85011121,Not Applicable,"Other Motor Vehicle, Collision With",2,354829,36087,259,0.3,7336134.0,9989.2,886
2024,Property Damage Accident,13:19,2024-01-08,Monday,Y,Daylight,CLARKSTOWN,OVERTAKING,ROCKLAND,Straight and Level,Clear,Traffic Signal,Dry,59 85011101,Not Applicable,"Other Motor Vehicle, Collision With",2,354829,36087,259,0.3,7336134.0,9989.2,886
2024,Property Damage Accident,17:08,2024-01-08,Monday,Y,Dark-Road Unlighted,CLARKSTOWN,REAR END,ROCKLAND,Straight and Level,Clear,,Dry,987C85011101,Not Applicable,"Other Motor Vehicle, Collision With",2,354829,36087,259,0.3,7336134.0,9989.2,886
2024,Property Damage Accident,10:40,2024-01-08,Monday,Y,Daylight,RAMAPO,REAR END,ROCKLAND,Straight and Level,Clear,,Wet,987C85011114,Not Applicable,"Other Motor Vehicle, Collision With",2,354829,36087,259,0.3,7336134.0,9989.2,886
2024,Property Damage Accident,8:54,2024-01-08,Monday,Y,Daylight,KINGSTON,REAR END,ULSTER,Straight and Level,Clear,,Snow/Ice,,Not Applicable,"Other Motor Vehicle, Collision With",2,183095,36111,3565,1.2,6410502.0,3939.4,999
2024,Property Damage Accident,8:25,2024-01-08,Monday,Y,Daylight,KINGSTON,SIDESWIPE,ULSTER,Straight and Level,Clear,,Wet,,Not Applicable,"Other Motor Vehicle, Collision With",2,183095,36111,3565,1.2,6410502.0,3939.4,999
2024,Property Damage Accident,12:53,2024-01-08,Monday,Y,Daylight,KINGSTON,REAR END,ULSTER,Straight and Level,Cloudy,,Snow/Ice,983F86011000,Not Applicable,"Other Motor Vehicle, Collision With",2,183095,36111,3565,1.2,6410502.0,3939.4,999
2024,Property Damage Accident,13:55,2024-01-08,Monday,Y,Daylight,PLATTEKILL,OTHER,ULSTER,Straight and Level,Clear,,Dry,,Not Applicable,"Snow Embankment, Collision With Fixed Object",1,183095,36111,3565,1.2,6410502.0,3939.4,999
2024,Property Damage Accident,17:59,2024-01-08,Monday,Y,Dark-Road Lighted,GREENBURGH,OVERTAKING,WESTCHESTER,Straight and Level,Clear,Traffic Signal,Dry,100 87012020,Not Applicable,"Other Motor Vehicle, Collision With",2,1009165,36119,850,0.8,18110248.0,6143.2,3354
2024,Property Damage Accident,16:14,2024-01-08,Monday,Y,Dusk,YONKERS,OTHER,WESTCHESTER,Straight and Grade,Cloudy,,Dry,,Not Applicable,"Other Motor Vehicle, Collision With",3,1009165,36119,850,0.8,18110248.0,6143.2,3354
2024,Property Damage & Injury Accident,9:50,2024-01-08,Monday,Y,Daylight,YONKERS,REAR END,WESTCHESTER,Curve and Grade,Clear,Yield Sign,Dry,,Not Applicable,"Other Motor Vehicle, Collision With",2,1009165,36119,850,0.8,18110248.0,6143.2,3354
2024,Property Damage & Injury Accident,11:50,2024-01-08,Monday,Y,Daylight,MOUNT KISCO,LEFT TURN (3),WESTCHESTER,Straight and Level,Clear,Stop Sign,Dry,172 87011000,Not Applicable,"Other Motor Vehicle, Collision With",2,1009165,36119,850,0.8,18110248.0,6143.2,3354
2024,Property Damage & Injury Accident,20:23,2024-01-08,Monday,Y,Dark-Road Lighted,GREENBURGH,OTHER,WESTCHESTER,Curve and Grade,Clear,,Snow/Ice,,Not Applicable,"Light Support/Utility Pole, Collision With Fixed Object",1,1009165,36119,850,0.8,18110248.0,6143.2,3354
2024,Property Damage Accident,9:08,2024-01-08,Monday,Y,Daylight,WHITE PLAINS,OVERTAKING,WESTCHESTER,Straight and Level,Clear,Traffic Signal,Dry,,Not Applicable,"Other Motor Vehicle, Collision With",2,1009165,36119,850,0.8,18110248.0,6143.2,3354
2024,Property Damage Accident,8:10,2024-01-08,Monday,Y,Unknown,PEEKSKILL,OVERTAKING,WESTCHESTER,Straight and Level,Snow,,Wet,9 87033002,Not Applicable,"Other Motor Vehicle, Collision With",2,1009165,36119,850,0.8,18110248.0,6143.2,3354
2024,Property Damage & Injury Accident,18:16,2024-01-08,Monday,Y,Dark-Road Lighted,YONKERS,Unknown,WESTCHESTER,Straight and Level,Clear,,Dry,984H87011006,Not Applicable,"Other Motor Vehicle, Collision With",2,1009165,36119,850,0.8,18110248.0,6143.2,3354
2024,Property Damage Accident,7:53,2024-01-08,Monday,Y,Daylight,PORT CHESTER,SIDESWIPE,WESTCHESTER,Straight and Level,Clear,,Snow/Ice,,Not Applicable,"Other Motor Vehicle, Collision With",2,1009165,36119,850,0.8,18110248.0,6143.2,3354
2024,Property Damage & Injury Accident,7:45,2024-01-08,Monday,Y,Daylight,NORTH SALEM,RIGHT ANGLE,WESTCHESTER,Straight and Grade,Clear,Stop Sign,Wet,121 87011097,Not Applicable,"Other Motor Vehicle, Collision With",2,1009165,36119,850,0.8,18110248.0,6143.2,3354
2024,Property Damage Accident,13:30,2024-01-08,Monday,Y,Daylight,GREENBURGH,OVERTAKING,WESTCHESTER,Straight and Level,Clear,Traffic Signal,Dry,,Not Applicable,"Other Motor Vehicle, Collision With",2,1009165,36119,850,0.8,18110248.0,6143.2,3354
2024,Property Damage Accident,23:28,2024-01-08,Monday,Y,Dark-Road Lighted,BEDFORD,OTHER,WESTCHESTER,Straight and Level,Clear,Stop Sign,Dry,,Not Applicable,"Light Support/Utility Pole, Collision With Fixed Object",1,1009165,36119,850,0.8,18110248.0,6143.2,3354
2024,Property Damage Accident,8:48,2024-01-08,Monday,Y,Daylight,BEDFORD,RIGHT ANGLE,WESTCHESTER,Straight and Grade,Clear,,Snow/Ice,,Not Applicable,"Other Motor Vehicle, Collision With",2,1009165,36119,850,0.8,18110248.0,6143.2,3354
2024,Property Damage Accident,23:15,2024-01-08,Monday,Y,Dark-Road Unlighted,CORTLANDT,OVERTAKING,WESTCHESTER,Straight and Level,Clear,,Dry,9 87034006,Not Applicable,"Other Motor Vehicle, Collision With",2,1009165,36119,850,0.8,18110248.0,6143.2,3354
2024,Property Damage Accident,17:10,2024-01-08,Monday,Y,Dusk,NEW ROCHELLE,LEFT TURN (3),WESTCHESTER,Straight and Level,Cloudy,Traffic Signal,Dry,,Not Applicable,"Other Motor Vehicle, Collision With",2,1009165,36119,850,0.8,18110248.0,6143.2,3354
2024,Property Damage & Injury Accident,13:53,2024-01-09,Tuesday,Y,Daylight,HYDE PARK,RIGHT ANGLE,DUTCHESS,Straight and Level,Rain,Traffic Signal,Wet,9 82053021,Not Applicable,"Other Motor Vehicle, Collision With",2,299256,36027,1695,0.8,5987961.0,3975.0,1300
2024,Property Damage Accident,15:26,2024-01-09,Tuesday,Y,Daylight,EAST FISHKILL,OVERTAKING,DUTCHESS,Straight and Grade,Sleet/Hail/Freezing Rain,,Wet,987G82031013,Not Applicable,"Other Motor Vehicle, Collision With",2,299256,36027,1695,0.8,5987961.0,3975.0,1300
2024,Property Damage Accident,12:00,2024-01-09,Tuesday,N,Unknown,WAPPINGER FALLS,REAR END,DUTCHESS,Unknown,Unknown,Unknown,Unknown,9 82051083,Not Applicable,"Other Motor Vehicle, Collision With",2,299256,36027,1695,0.8,5987961.0,3975.0,1300
2024,Property Damage & Injury Accident,12:50,2024-01-09,Tuesday,Y,Daylight,EAST FISHKILL,REAR END,DUTCHESS,Straight and Level,Snow,No Passing Zone,Wet,82 82011032,Not Applicable,"Other Motor Vehicle, Collision With",2,299256,36027,1695,0.8,5987961.0,3975.0,1300
2024,Property Damage Accident,11:39,2024-01-09,Tuesday,Y,Daylight,WAWAYANDA,OTHER,ORANGE,Straight and Grade,Snow,,Snow/Ice,84I83011115,Not Applicable,"Guide Rail - Not At End, Collision With Fixed Object",1,415088,36071,4753,2.6,13857119.0,5167.5,1527
2024,Property Damage Accident,6:41,2024-01-09,Tuesday,Y,Dark-Road Unlighted,WOODBURY,REAR END,ORANGE,Straight and Level,Cloudy,,Dry,6 83012406,Not Applicable,"Other Motor Vehicle, Collision With",2,415088,36071,4753,2.6,13857119.0,5167.5,1527
2024,Injury Accident,13:57,2024-01-09,Tuesday,Y,Daylight,NEWBURGH,OTHER,ORANGE,Straight and Level,Rain,Traffic Signal,Wet,9W83021302,Riding/Walking/Skating Along Highway Against Traffic,"Bicyclist, Collision With",1,415088,36071,4753,2.6,13857119.0,5167.5,1527
2024,Property Damage Accident,15:08,2024-01-09,Tuesday,Y,Daylight,WALDEN,Unknown,ORANGE,Straight and Level,Rain,,Wet,208 83011201,Not Applicable,"Other Motor Vehicle, Collision With",2,415088,36071,4753,2.6,13857119.0,5167.5,1527
2024,Property Damage Accident,5:30,2024-01-09,Tuesday,Y,Dark-Road Unlighted,WALLKILL,OTHER,ORANGE,Straight and Level,Cloudy,,Snow/Ice,84I83011182,Not Applicable,"Guide Rail - Not At End, Collision With Fixed Object",1,415088,36071,4753,2.6,13857119.0,5167.5,1527
2024,Property Damage Accident,13:55,2024-01-09,Tuesday,Y,Unknown,WOODBURY,OTHER,ORANGE,Unknown,Unknown,Unknown,Unknown,293 83011016,Not Applicable,"Ran Off Roadway Only, Non-Collision",1,415088,36071,4753,2.6,13857119.0,5167.5,1527
2024,Property Damage Accident,10:30,2024-01-09,Tuesday,Y,Daylight,MIDDLETOWN,RIGHT ANGLE,ORANGE,Straight and Level,Snow,Stop Sign,Wet,,Not Applicable,"Other Motor Vehicle, Collision With",2,415088,36071,4753,2.6,13857119.0,5167.5,1527
2024,Property Damage Accident,12:43,2024-01-09,Tuesday,Y,Daylight,SOUTHEAST,LEFT TURN (0),PUTNAM,Curve at Hill Crest,Rain,Traffic Signal,Wet,22 84031034,Not Applicable,"Other Motor Vehicle, Collision With",2,98842,36079,509,0.7,2746105.0,4089.2,375
2024,Property Damage Accident,6:13,2024-01-09,Tuesday,Y,Dark-Road Unlighted,PUTNAM VALLEY,OTHER,PUTNAM,Curve and Level,Clear,,Snow/Ice,987G84021106,Not Applicable,"Overturned, Non-Collision",1,98842,36079,509,0.7,2746105.0,4089.2,375
2024,Property Damage Accident,17:05,2024-01-09,Tuesday,Y,Dark-Road Lighted,SPRING VALLEY,REAR END,ROCKLAND,Straight and Level,Rain,Traffic Signal,Wet,45 85011041,Not Applicable,"Other Motor Vehicle, Collision With",2,354829,36087,259,0.3,7336134.0,9989.2,886
2024,Property Damage & Injury Accident,22:28,2024-01-09,Tuesday,Y,Dark-Road Unlighted,ORANGETOWN,REAR END,ROCKLAND,Straight and Grade,Rain,,Wet,987C85011010,Not Applicable,"Other Motor Vehicle, Collision With",2,354829,36087,259,0.3,7336134.0,9989.2,886
2024,Property Damage Accident,12:40,2024-01-09,Tuesday,Y,Daylight,SHAWANGUNK,OTHER,ULSTER,Curve and Grade,Snow,,Snow/Ice,,Not Applicable,"Guide Rail - Not At End, Collision With Fixed Object",1,183095,36111,3565,1.2,6410502.0,3939.4,999
2024,Property Damage Accident,14:14,2024-01-09,Tuesday,Y,Daylight,ULSTER,RIGHT TURN (6),ULSTER,Straight and Level,Rain,Yield Sign,Snow/Ice,9W86035017,Not Applicable,"Other Motor Vehicle, Collision With",2,183095,36111,3565,1.2,6410502.0,3939.4,999
2024,Property Damage Accident,13:45,2024-01-09,Tuesday,Y,Daylight,ROCHESTER,RIGHT ANGLE,ULSTER,Straight and Level,Snow,Stop Sign,Snow/Ice,209 86031123,Not Applicable,"Other Motor Vehicle, Collision With",2,183095,36111,3565,1.2,6410502.0,3939.4,999
2024,Property Damage Accident,12:51,2024-01-09,Tuesday,Y,Daylight,WAWARSING,OTHER,ULSTER,Straight at Hill Crest,Snow,,Snow/Ice,52 86021021,Not Applicable,"Snow Embankment, Collision With Fixed Object",1,183095,36111,3565,1.2,6410502.0,3939.4,999
2024,Property Damage & Injury Accident,17:07,2024-01-09,Tuesday,Y,Dark-Road Lighted,ELLENVILLE,OTHER,ULSTER,Straight and Level,Rain,,Wet,209 86031045,"Crossing, No Signal or Crosswalk","Pedestrian, Collision With",1,183095,36111,3565,1.2,6410502.0,3939.4,999
2024,Property Damage Accident,13:25,2024-01-09,Tuesday,Y,Daylight,SHAWANGUNK,OTHER,ULSTER,Straight and Level,Sleet/Hail/Freezing Rain,No Passing Zone,Wet,,Not Applicable,"Snow Embankment, Collision With Fixed Object",1,183095,36111,3565,1.2,6410502.0,3939.4,999
2024,Property Damage Accident,13:55,2024-01-09,Tuesday,Y,Daylight,ULSTER,OTHER,ULSTER,Straight and Level,Rain,,Wet,,Not Applicable,"Sign Post, Collision With Fixed Object",1,183095,36111,3565,1.2,6410502.0,3939.4,999
2024,Property Damage Accident,14:30,2024-01-09,Tuesday,Y,Daylight,WAWARSING,OTHER,ULSTER,Curve and Level,Sleet/Hail/Freezing Rain,No Passing Zone,Snow/Ice,55 86021125,Not Applicable,"Snow Embankment, Collision With Fixed Object",1,183095,36111,3565,1.2,6410502.0,3939.4,999
2024,Property Damage Accident,13:15,2024-01-09,Tuesday,Y,Daylight,KINGSTON,REAR END,ULSTER,Straight and Level,Cloudy,Stop Sign,Snow/Ice,,Not Applicable,"Other Motor Vehicle, Collision With",2,183095,36111,3565,1.2,6410502.0,3939.4,999
2024,Property Damage Accident,19:00,2024-01-09,Tuesday,Y,Dark-Road Unlighted,WOODSTOCK,SIDESWIPE,ULSTER,Straight and Level,Rain,,Slush,,Not Applicable,"Other Motor Vehicle, Collision With",2,183095,36111,3565,1.2,6410502.0,3939.4,999
2024,Property Damage & Injury Accident,1:59,2024-01-09,Tuesday,Y,Dark-Road Unlighted,SAUGERTIES,REAR END,ULSTER,Straight and Level,Cloudy,RR Crossing Sign,Dry,,Not Applicable,"Other Motor Vehicle, Collision With",2,183095,36111,3565,1.2,6410502.0,3939.4,999
2024,Property Damage Accident,13:30,2024-01-09,Tuesday,Y,Daylight,SHAWANGUNK,OTHER,ULSTER,Straight and Grade,Sleet/Hail/Freezing Rain,,Snow/Ice,,Not Applicable,"Earth Embankment/Rock Cut/Ditch, Collision With Fixed Object",1,183095,36111,3565,1.2,6410502.0,3939.4,999
2024,Property Damage Accident,23:00,2024-01-09,Tuesday,Y,Dark-Road Lighted,BUCHANAN,RIGHT ANGLE,WESTCHESTER,Straight and Level,Rain,,Wet,9A87032246,Not Applicable,"Other Motor Vehicle, Collision With",2,1009165,36119,850,0.8,18110248.0,6143.2,3354
2024,Property Damage Accident,16:35,2024-01-09,Tuesday,Y,Dark-Road Unlighted,BEDFORD,RIGHT ANGLE,WESTCHESTER,Straight and Grade,Sleet/Hail/Freezing Rain,,Wet,172 87011019,Not Applicable,"Other Motor Vehicle, Collision With",2,1009165,36119,850,0.8,18110248.0,6143.2,3354
2024,Property Damage Accident,18:00,2024-01-09,Tuesday,Y,Dark-Road Unlighted,CORTLANDT,RIGHT ANGLE,WESTCHESTER,Straight and Grade,Rain,,Wet,,Not Applicable,"Other Motor Vehicle, Collision With",2,1009165,36119,850,0.8,18110248.0,6143.2,3354
2024,Property Damage & Injury Accident,22:08,2024-01-09,Tuesday,Y,Dark-Road Lighted,YONKERS,RIGHT ANGLE,WESTCHESTER,Straight and Level,Rain,Traffic Signal,Wet,,Not Applicable,"Other Motor Vehicle, Collision With",2,1009165,36119,850,0.8,18110248.0,6143.2,3354
2024,Property Damage Accident,21:35,2024-01-09,Tuesday,Y,Dark-Road Unlighted,BEDFORD,OTHER,WESTCHESTER,Straight and Level,Rain,,Wet,684I87011153,Not Applicable,"Tree, Collision With Fixed Object",1,1009165,36119,850,0.8,18110248.0,6143.2,3354
2024,Property Damage Accident,20:01,2024-01-09,Tuesday,Y,Dark-Road Unlighted,YORKTOWN,OTHER,WESTCHESTER,Curve and Grade,Rain,,Wet,987G87011149,Not Applicable,"Tree, Collision With Fixed Object",1,1009165,36119,850,0.8,18110248.0,6143.2,3354
2024,Property Damage Accident,16:10,2024-01-09,Tuesday,Y,Daylight,MAMARONECK,RIGHT ANGLE,WESTCHESTER,Straight and Level,Rain,,Wet,,Not Applicable,"Other Motor Vehicle, Collision With",2,1009165,36119,850,0.8,18110248.0,6143.2,3354
2024,Property Damage Accident,8:00,2024-01-09,Tuesday,Y,Daylight,LEWISBORO,REAR END,WESTCHESTER,Straight and Level,Clear,,Dry,35 87012172,Not Applicable,"Other Motor Vehicle, Collision With",2,1009165,36119,850,0.8,18110248.0,6143.2,3354