year,accident_descriptor,time,date,day_of_week,police_report,lighting_conditions,municipality,collision_type_descriptor,county_name,road_descriptor,weather_conditions,traffic_control_device,road_surface_conditions,dot_reference_marker_location,pedestrian_bicyclist_action,event_descriptor,number_of_vehicles_involved,county_population_2024,county_fips,county_deer_take_2024,county_antlerless_deer_per_sqmi_2024,county_daily_vmt_2019,county_mean_aadt_2019,county_aadt_segments_2019
2024,Property Damage Accident,12:50,2024-01-09,Tuesday,Y,Daylight,HARRISON,REAR END,WESTCHESTER,Straight and Grade,Rain,,Wet,,Not Applicable,"Other Motor Vehicle, Collision With",2,1009165,36119,850,0.8,18110248.0,6143.2,3354
2024,Property Damage Accident,15:20,2024-01-09,Tuesday,Y,Daylight,YORKTOWN,REAR END,WESTCHESTER,Straight and Grade,Rain,,Wet,,Not Applicable,"Other Motor Vehicle, Collision With",2,1009165,36119,850,0.8,18110248.0,6143.2,3354
2024,Property Damage & Injury Accident,18:43,2024-01-09,Tuesday,Y,Dark-Road Lighted,YONKERS,OTHER,WESTCHESTER,Straight and Grade,Rain,Traffic Signal,Wet,,"Crossing, With Signal","Pedestrian, Collision With",1,1009165,36119,850,0.8,18110248.0,6143.2,3354
2024,Property Damage Accident,14:22,2024-01-09,Tuesday,Y,Daylight,YONKERS,Unknown,WESTCHESTER,Straight and Level,Rain,Stop Sign,Wet,,Not Applicable,"Other Motor Vehicle, Collision With",2,1009165,36119,850,0.8,18110248.0,6143.2,3354
2024,Property Damage Accident,16:58,2024-01-09,Tuesday,Y,Dusk,YONKERS,Unknown,WESTCHESTER,Straight and Level,Rain,,Wet,100 87011035,Not Applicable,"Other Motor Vehicle, Collision With",2,1009165,36119,850,0.8,18110248.0,6143.2,3354
2024,Property Damage Accident,17:00,2024-01-09,Tuesday,Y,Dark-Road Unlighted,NEW CASTLE,OTHER,WESTCHESTER,Straight and Level,Rain,No Passing Zone,Wet,120 87012155,Not Applicable,"Other Fixed Object*, Collision With Fixed Object",1,1009165,36119,850,0.8,18110248.0,6143.2,3354
2024,Property Damage Accident,17:41,2024-01-10,Wednesday,Y,Dark-Road Unlighted,HYDE PARK,REAR END,DUTCHESS,Straight and Level,Clear,,Dry,115 82012041,Not Applicable,"Other Motor Vehicle, Collision With",2,299256,36027,1695,0.8,5987961.0,3975.0,1300
2024,Property Damage Accident,18:17,2024-01-10,Wednesday,Y,Dark-Road Lighted,EAST FISHKILL,OVERTAKING,DUTCHESS,Straight and Level,Clear,,Dry,,Not Applicable,"Other Motor Vehicle, Collision With",2,299256,36027,1695,0.8,5987961.0,3975.0,1300
2024,Property Damage & Injury Accident,8:19,2024-01-10,Wednesday,Y,Daylight,POUGHKEEPSIE,RIGHT ANGLE,DUTCHESS,Straight and Level,Clear,Stop Sign,Wet,,Not Applicable,"Other Motor Vehicle, Collision With",2,299256,36027,1695,0.8,5987961.0,3975.0,1300
2024,Property Damage Accident,12:52,2024-01-10,Wednesday,Y,Daylight,WOODBURY,Unknown,ORANGE,Straight and Level,Clear,Traffic Signal,Dry,17 83011000,Not Applicable,"Other Motor Vehicle, Collision With",2,415088,36071,4753,2.6,13857119.0,5167.5,1527
2024,Property Damage Accident,6:20,2024-01-10,Wednesday,Y,Dark-Road Lighted,NEWBURGH,OVERTAKING,ORANGE,Straight and Level,Cloudy,,Wet,,Not Applicable,"Other Motor Vehicle, Collision With",2,415088,36071,4753,2.6,13857119.0,5167.5,1527
2024,Property Damage Accident,17:55,2024-01-10,Wednesday,Y,Dark-Road Unlighted,WARWICK,OTHER,ORANGE,Curve and Level,Clear,,Dry,,Not Applicable,Deer,1,415088,36071,4753,2.6,13857119.0,5167.5,1527
2024,Property Damage Accident,15:37,2024-01-10,Wednesday,Y,Daylight,NEWBURGH,OTHER,ORANGE,Straight and Grade,Cloudy,,Dry,9W83022018,Not Applicable,"Other Motor Vehicle, Collision With",2,415088,36071,4753,2.6,13857119.0,5167.5,1527
2024,Property Damage Accident,11:50,2024-01-10,Wednesday,Y,Daylight,WALLKILL,REAR END,ORANGE,Straight and Level,Cloudy,Traffic Signal,Dry,,Not Applicable,"Other Motor Vehicle, Collision With",2,415088,36071,4753,2.6,13857119.0,5167.5,1527
2024,Property Damage Accident,11:07,2024-01-10,Wednesday,Y,Daylight,NEWBURGH,OVERTAKING,ORANGE,Straight and Level,Clear,,Dry,,Not Applicable,"Other Motor Vehicle, Collision With",2,415088,36071,4753,2.6,13857119.0,5167.5,1527
2024,Property Damage Accident,21:54,2024-01-10,Wednesday,Y,Dark-Road Lighted,SOUTH BLOOMING GROVE,REAR END,ORANGE,Straight and Level,Clear,No Passing Zone,Dry,208 83011025,Not Applicable,"Other Motor Vehicle, Collision With",2,415088,36071,4753,2.6,13857119.0,5167.5,1527
2024,Property Damage Accident,21:00,2024-01-10,Wednesday,Y,Dark-Road Lighted,MIDDLETOWN,REAR END,ORANGE,Straight and Level,Clear,,Dry,,Not Applicable,"Other Motor Vehicle, Collision With",2,415088,36071,4753,2.6,13857119.0,5167.5,1527
2024,Property Damage Accident,6:15,2024-01-10,Wednesday,Y,Dawn,WOODBURY,REAR END,ORANGE,Curve and Grade,Cloudy,No Passing Zone,Wet,6 83012377,Not Applicable,"Other Motor Vehicle, Collision With",2,415088,36071,4753,2.6,13857119.0,5167.5,1527
2024,Property Damage & Injury Accident,4:45,2024-01-10,Wednesday,Y,Dark-Road Unlighted,GOSHEN,OTHER,ORANGE,Curve and Level,Rain,,Wet,,Not Applicable,"Earth Embankment/Rock Cut/Ditch, Collision With Fixed Object",1,415088,36071,4753,2.6,13857119.0,5167.5,1527
2024,Property Damage & Injury Accident,8:34,2024-01-10,Wednesday,Y,Daylight,SOUTHEAST,OTHER,PUTNAM,Straight and Level,Cloudy,,Dry,684I84021007,Not Applicable,"Other Motor Vehicle, Collision With",3,98842,36079,509,0.7,2746105.0,4089.2,375
2024,Property Damage Accident,20:15,2024-01-10,Wednesday,Y,Dark-Road Unlighted,CARMEL,OTHER,PUTNAM,Straight and Level,Rain,No Passing Zone,Flooded Water,,Not Applicable,"Other Object (Not Fixed)*, Collision With",1,98842,36079,509,0.7,2746105.0,4089.2,375
2024,Property Damage Accident,12:53,2024-01-10,Wednesday,Y,Daylight,CARMEL,OTHER,PUTNAM,Straight and Grade,Clear,,Dry,987G84021051,Not Applicable,"Tree, Collision With Fixed Object",1,98842,36079,509,0.7,2746105.0,4089.2,375
2024,Property Damage Accident,9:27,2024-01-10,Wednesday,Y,Daylight,SUFFERN,LEFT TURN (0),ROCKLAND,Straight and Level,Clear,No Passing Zone,Dry,,Not Applicable,"Other Motor Vehicle, Collision With",2,354829,36087,259,0.3,7336134.0,9989.2,886
2024,Property Damage Accident,7:46,2024-01-10,Wednesday,Y,Unknown,CLARKSTOWN,OTHER,ROCKLAND,Straight and Level,Unknown,,Unknown,,Not Applicable,"Light Support/Utility Pole, Collision With Fixed Object",1,354829,36087,259,0.3,7336134.0,9989.2,886
2024,Property Damage Accident,7:35,2024-01-10,Wednesday,Y,Daylight,STONY POINT,OTHER,ROCKLAND,Straight and Grade,Cloudy,,Wet,987C85011167,Not Applicable,"Guide Rail - Not At End, Collision With Fixed Object",1,354829,36087,259,0.3,7336134.0,9989.2,886
2024,Property Damage Accident,12:36,2024-01-10,Wednesday,Y,Daylight,RAMAPO,REAR END,ROCKLAND,Curve and Level,Cloudy,,Dry,,Not Applicable,"Other Motor Vehicle, Collision With",2,354829,36087,259,0.3,7336134.0,9989.2,886
2024,Property Damage Accident,19:11,2024-01-10,Wednesday,Y,Dark-Road Unlighted,NEW PALTZ,OTHER,ULSTER,Straight and Level,Cloudy,,Wet,32 86021136,Not Applicable,Deer,1,183095,36111,3565,1.2,6410502.0,3939.4,999
2024,Property Damage Accident,20:00,2024-01-10,Wednesday,Y,Dark-Road Lighted,ELLENVILLE,OTHER,ULSTER,Straight and Level,Clear,,Wet,,Not Applicable,"Sign Post, Collision With Fixed Object",1,183095,36111,3565,1.2,6410502.0,3939.4,999
2024,Property Damage Accident,13:36,2024-01-10,Wednesday,Y,Daylight,OLIVE,RIGHT ANGLE,ULSTER,Straight and Level,Clear,Stop Sign,Dry,28 86012172,Not Applicable,"Other Motor Vehicle, Collision With",2,183095,36111,3565,1.2,6410502.0,3939.4,999
2024,Fatal Accident,17:09,2024-01-10,Wednesday,Y,Dusk,SAUGERTIES,OTHER,ULSTER,Curve and Level,Cloudy,,Dry,9W86035112,Riding/Walking/Skating Along Highway With Traffic,"Pedestrian, Collision With",1,183095,36111,3565,1.2,6410502.0,3939.4,999
2024,Property Damage & Injury Accident,20:30,2024-01-10,Wednesday,Y,Dark-Road Lighted,CORTLANDT,OTHER,WESTCHESTER,Curve and Grade,Clear,No Passing Zone,Dry,9A87032227,Not Applicable,"Ran Off Roadway Only, Non-Collision",1,1009165,36119,850,0.8,18110248.0,6143.2,3354
2024,Property Damage Accident,11:00,2024-01-10,Wednesday,Y,Daylight,HARRISON,REAR END,WESTCHESTER,Curve and Grade,Clear,Traffic Signal,Dry,,Not Applicable,"Other Motor Vehicle, Collision With",2,1009165,36119,850,0.8,18110248.0,6143.2,3354
2024,Property Damage Accident,6:14,2024-01-10,Wednesday,Y,Dark-Road Unlighted,HARRISON,OVERTAKING,WESTCHESTER,Straight and Level,Rain,,Wet,684I87011022,Not Applicable,"Other Motor Vehicle, Collision With",2,1009165,36119,850,0.8,18110248.0,6143.2,3354
2024,Property Damage Accident,9:55,2024-01-10,Wednesday,Y,Daylight,LEWISBORO,OVERTAKING,WESTCHESTER,Straight and Level,Clear,,Dry,22 87024210,Not Applicable,"Other Motor Vehicle, Collision With",2,1009165,36119,850,0.8,18110248.0,6143.2,3354
2024,Property Damage Accident,8:07,2024-01-10,Wednesday,Y,Daylight,HARRISON,OTHER,WESTCHESTER,Curve and Grade,Cloudy,,Wet,,Not Applicable,"Other Fixed Object*, Collision With Fixed Object",1,1009165,36119,850,0.8,18110248.0,6143.2,3354
2024,Property Damage & Injury Accident,7:00,2024-01-10,Wednesday,Y,Dawn,YONKERS,HEAD ON,WESTCHESTER,Straight and Level,Clear,,Wet,907K87011011,Not Applicable,"Other Motor Vehicle, Collision With",2,1009165,36119,850,0.8,18110248.0,6143.2,3354
2024,Property Damage Accident,21:05,2024-01-10,Wednesday,Y,Dark-Road Lighted,PELHAM,RIGHT ANGLE,WESTCHESTER,Straight and Grade,Clear,Stop Sign,Dry,,Not Applicable,"Other Motor Vehicle, Collision With",2,1009165,36119,850,0.8,18110248.0,6143.2,3354
2024,Property Damage Accident,16:16,2024-01-10,Wednesday,Y,Dusk,WHITE PLAINS,RIGHT TURN (6),WESTCHESTER,Straight and Level,Cloudy,Traffic Signal,Dry,,Not Applicable,"Other Motor Vehicle, Collision With",2,1009165,36119,850,0.8,18110248.0,6143.2,3354
2024,Property Damage Accident,12:28,2024-01-10,Wednesday,Y,Daylight,RYE,REAR END,WESTCHESTER,Straight and Grade,Clear,Traffic Signal,Dry,,Not Applicable,"Other Motor Vehicle, Collision With",2,1009165,36119,850,0.8,18110248.0,6143.2,3354
2024,Property Damage Accident,7:31,2024-01-10,Wednesday,Y,Daylight,NORTH CASTLE,REAR END,WESTCHESTER,Straight and Level,Clear,,Dry,684I87011079,Not Applicable,"Other Motor Vehicle, Collision With",2,1009165,36119,850,0.8,18110248.0,6143.2,3354
2024,Property Damage Accident,11:40,2024-01-10,Wednesday,Y,Daylight,PORT CHESTER,OVERTAKING,WESTCHESTER,Straight and Level,Clear,,Dry,,Not Applicable,"Other Motor Vehicle, Collision With",2,1009165,36119,850,0.8,18110248.0,6143.2,3354
2024,Property Damage Accident,17:25,2024-01-10,Wednesday,Y,Dark-Road Lighted,SOMERS,OTHER,WESTCHESTER,Straight and Level,Clear,,Dry,35 87012082,Not Applicable,"Other Motor Vehicle, Collision With",3,1009165,36119,850,0.8,18110248.0,6143.2,3354
2024,Property Damage Accident,7:10,2024-01-11,Thursday,Y,Daylight,WAPPINGER,OTHER,DUTCHESS,Curve and Level,Clear,,Dry,,Not Applicable,"Animal, Collision With",1,299256,36027,1695,0.8,5987961.0,3975.0,1300
2024,Property Damage & Injury Accident,12:57,2024-01-11,Thursday,Y,Daylight,PLEASANT VALLEY,RIGHT ANGLE,DUTCHESS,Curve and Grade,Cloudy,,Dry,115 82012049,Not Applicable,"Other Motor Vehicle, Collision With",2,299256,36027,1695,0.8,5987961.0,3975.0,1300
2024,Property Damage & Injury Accident,14:15,2024-01-11,Thursday,Y,Daylight,FISHKILL,RIGHT ANGLE,DUTCHESS,Straight and Level,Clear,Stop Sign,Dry,9 82051030,Not Applicable,"Other Motor Vehicle, Collision With",2,299256,36027,1695,0.8,5987961.0,3975.0,1300
2024,Property Damage Accident,16:47,2024-01-11,Thursday,Y,Dusk,WARWICK,OTHER,ORANGE,Straight and Level,Clear,,Dry,,Not Applicable,"Earth Embankment/Rock Cut/Ditch, Collision With Fixed Object",1,415088,36071,4753,2.6,13857119.0,5167.5,1527
2024,Property Damage & Injury Accident,15:21,2024-01-11,Thursday,Y,Daylight,NEWBURGH,REAR END,ORANGE,Straight and Grade,Clear,,Dry,32 83012002,Not Applicable,"Other Motor Vehicle, Collision With",2,415088,36071,4753,2.6,13857119.0,5167.5,1527
2024,Property Damage Accident,0:00,2024-01-11,Thursday,Y,Dark-Road Unlighted,DEERPARK,OTHER,ORANGE,Straight and Level,Clear,,Dry,84I83011002,Not Applicable,"Guide Rail - Not At End, Collision With Fixed Object",1,415088,36071,4753,2.6,13857119.0,5167.5,1527
2024,Property Damage Accident,10:05,2024-01-11,Thursday,Y,Daylight,WALLKILL,SIDESWIPE,ORANGE,Straight and Level,Cloudy,,Dry,211 83011097,Not Applicable,"Other Motor Vehicle, Collision With",2,415088,36071,4753,2.6,13857119.0,5167.5,1527
2024,Property Damage Accident,15:55,2024-01-11,Thursday,Y,Daylight,WALLKILL,OVERTAKING,ORANGE,Straight and Level,Clear,Traffic Signal,Dry,,Not Applicable,"Other Motor Vehicle, Collision With",2,415088,36071,4753,2.6,13857119.0,5167.5,1527
2024,Property Damage Accident,16:15,2024-01-11,Thursday,N,Unknown,WALLKILL,OVERTAKING,ORANGE,Unknown,Unknown,,Unknown,,Not Applicable,"Other Motor Vehicle, Collision With",2,415088,36071,4753,2.6,13857119.0,5167.5,1527
2024,Property Damage Accident,16:49,2024-01-11,Thursday,Y,Daylight,WALLKILL,OTHER,ORANGE,Straight and Level,Cloudy,,Dry,,Not Applicable,Deer,1,415088,36071,4753,2.6,13857119.0,5167.5,1527
2024,Property Damage & Injury Accident,0:46,2024-01-11,Thursday,Y,Dark-Road Unlighted,PHILLIPSTOWN,OTHER,PUTNAM,Curve and Grade,Rain,No Passing Zone,Wet,301 84011049,Not Applicable,"Tree, Collision With Fixed Object",1,98842,36079,509,0.7,2746105.0,4089.2,375
2024,Fatal Accident,6:45,2024-01-11,Thursday,Y,Dawn,SOUTHEAST,RIGHT ANGLE,PUTNAM,Curve and Level,Clear,,Dry,6 84041158,Not Applicable,"Other Motor Vehicle, Collision With",2,98842,36079,509,0.7,2746105.0,4089.2,375
2024,Property Damage Accident,15:12,2024-01-11,Thursday,Y,Daylight,,LEFT TURN (3),ROCKLAND,Straight and Level,Clear,Stop Sign,Dry,59 85011038,Not Applicable,"Other Motor Vehicle, Collision With",2,354829,36087,259,0.3,7336134.0,9989.2,886
2024,Property Damage Accident,22:44,2024-01-11,Thursday,Y,Dark-Road Lighted,SPRING VALLEY,LEFT TURN (3),ROCKLAND,Straight and Level,Clear,Traffic Signal,Dry,,Not Applicable,"Other Motor Vehicle, Collision With",2,354829,36087,259,0.3,7336134.0,9989.2,886
2024,Property Damage Accident,21:15,2024-01-11,Thursday,Y,Dark-Road Lighted,WESLEY HILLS,OTHER,ROCKLAND,Curve and Level,Clear,,Dry,,Not Applicable,"Other Motor Vehicle, Collision With",2,354829,36087,259,0.3,7336134.0,9989.2,886
2024,Property Damage Accident,23:33,2024-01-11,Thursday,Y,Dark-Road Lighted,SPRING VALLEY,OTHER,ROCKLAND,Straight and Level,Cloudy,,Dry,,Not Applicable,"Other Motor Vehicle, Collision With",3,354829,36087,259,0.3,7336134.0,9989.2,886
2024,Property Damage Accident,5:00,2024-01-11,Thursday,N,Unknown,,OTHER,ULSTER,Unknown,Unknown,Unknown,Unknown,,Not Applicable,Deer,1,183095,36111,3565,1.2,6410502.0,3939.4,999
2024,Property Damage Accident,19:20,2024-01-11,Thursday,Y,Dark-Road Lighted,PLATTEKILL,RIGHT TURN (6),ULSTER,Straight and Level,Clear,No Passing Zone,Dry,,Not Applicable,"Other Motor Vehicle, Collision With",2,183095,36111,3565,1.2,6410502.0,3939.4,999
2024,Property Damage Accident,20:00,2024-01-11,Thursday,Y,Dark-Road Unlighted,PLATTEKILL,OTHER,ULSTER,Straight and Level,Clear,,Dry,,Not Applicable,Deer,1,183095,36111,3565,1.2,6410502.0,3939.4,999
2024,Property Damage Accident,17:47,2024-01-11,Thursday,Y,Dark-Road Lighted,ROCHESTER,OTHER,ULSTER,Straight and Level,Clear,No Passing Zone,Dry,209 86031149,Not Applicable,Deer,1,183095,36111,3565,1.2,6410502.0,3939.4,999
2024,Property Damage Accident,19:50,2024-01-11,Thursday,Y,Dark-Road Lighted,PEEKSKILL,REAR END,WESTCHESTER,Straight and Level,Clear,Traffic Signal,Dry,35 87011009,Not Applicable,"Other Motor Vehicle, Collision With",2,1009165,36119,850,0.8,18110248.0,6143.2,3354
2024,Property Damage Accident,19:35,2024-01-11,Thursday,Y,Dark-Road Unlighted,YONKERS,OVERTAKING,WESTCHESTER,Straight and Level,Cloudy,,Dry,,Not Applicable,"Other Motor Vehicle, Collision With",2,1009165,36119,850,0.8,18110248.0,6143.2,3354
2024,Property Damage & Injury Accident,8:53,2024-01-11,Thursday,Y,Daylight,NORTH CASTLE,LEFT TURN (3),WESTCHESTER,Straight and Grade,Clear,Stop Sign,Dry,22 87024077,Not Applicable,"Other Motor Vehicle, Collision With",2,1009165,36119,850,0.8,18110248.0,6143.2,3354
2024,Property Damage Accident,10:36,2024-01-11,Thursday,Y,Daylight,HARRISON,REAR END,WESTCHESTER,Straight and Level,Clear,Traffic Signal,Dry,,Not Applicable,"Other Motor Vehicle, Collision With",2,1009165,36119,850,0.8,18110248.0,6143.2,3354
2024,Property Damage Accident,17:20,2024-01-11,Thursday,Y,Dark-Road Lighted,NEW ROCHELLE,LEFT TURN (3),WESTCHESTER,Straight and Level,Clear,,Wet,,Not Applicable,"Other Motor Vehicle, Collision With",2,1009165,36119,850,0.8,18110248.0,6143.2,3354
2024,Property Damage & Injury Accident,8:20,2024-01-11,Thursday,Y,Daylight,NEW ROCHELLE,RIGHT ANGLE,WESTCHESTER,Straight and Level,Cloudy,Traffic Signal,Dry,982J87011002,Not Applicable,"Other Motor Vehicle, Collision With",2,1009165,36119,850,0.8,18110248.0,6143.2,3354
2024,Injury Accident,16:43,2024-01-11,Thursday,Y,Daylight,YONKERS,REAR END,WESTCHESTER,Curve and Level,Clear,,Dry,,Not Applicable,"Other Motor Vehicle, Collision With",2,1009165,36119,850,0.8,18110248.0,6143.2,3354
2024,Property Damage & Injury Accident,11:15,2024-01-11,Thursday,Y,Daylight,YONKERS,REAR END,WESTCHESTER,Straight and Level,Clear,,Dry,907K87012000,Not Applicable,"Other Motor Vehicle, Collision With",2,1009165,36119,850,0.8,18110248.0,6143.2,3354
2024,Property Damage Accident,0:30,2024-01-11,Thursday,Y,Dark-Road Lighted,WHITE PLAINS,OTHER,WESTCHESTER,Straight and Level,Clear,,Dry,,Not Applicable,"Building/Wall, Collision With Fixed Object",1,1009165,36119,850,0.8,18110248.0,6143.2,3354
2024,Property Damage Accident,15:00,2024-01-11,Thursday,N,Dawn,YONKERS,Unknown,WESTCHESTER,Straight and Grade,Clear,,Dry,,Not Applicable,"Other Motor Vehicle, Collision With",2,1009165,36119,850,0.8,18110248.0,6143.2,3354
2024,Property Damage Accident,17:30,2024-01-11,Thursday,Y,Dark-Road Lighted,HASTINGS ON HUDSON,LEFT TURN (3),WESTCHESTER,Straight and Level,Clear,,Dry,,Not Applicable,"Other Motor Vehicle, Collision With",2,1009165,36119,850,0.8,18110248.0,6143.2,3354
2024,Property Damage Accident,8:01,2024-01-11,Thursday,Y,Daylight,MOUNT PLEASANT,REAR END,WESTCHESTER,Curve and Level,Cloudy,,Dry,987G87011051,Not Applicable,"Other Motor Vehicle, Collision With",2,1009165,36119,850,0.8,18110248.0,6143.2,3354
2024,Property Damage Accident,10:13,2024-01-11,Thursday,Y,Daylight,WHITE PLAINS,SIDESWIPE,WESTCHESTER,Straight and Level,Clear,,Dry,22 87023017,Not Applicable,"Other Motor Vehicle, Collision With",2,1009165,36119,850,0.8,18110248.0,6143.2,3354
2024,Property Damage Accident,19:09,2024-01-12,Friday,Y,Dark-Road Unlighted,EAST FISHKILL,OTHER,DUTCHESS,Curve and Level,Clear,,Dry,84I84031000,Not Applicable,"Other Object (Not Fixed)*, Collision With",1,299256,36027,1695,0.8,5987961.0,3975.0,1300
2024,Property Damage Accident,6:47,2024-01-12,Friday,Y,Daylight,PLEASANT VALLEY,OTHER,DUTCHESS,Straight and Grade,Cloudy,Stop Sign,Dry,115 82012050,Not Applicable,"Other Motor Vehicle, Collision With",2,299256,36027,1695,0.8,5987961.0,3975.0,1300
2024,Property Damage Accident,18:40,2024-01-12,Friday,Y,Dark-Road Unlighted,DOVER,OTHER,DUTCHESS,Curve and Grade,Clear,No Passing Zone,Dry,,Not Applicable,"Overturned, Non-Collision",1,299256,36027,1695,0.8,5987961.0,3975.0,1300
2024,Property Damage Accident,20:26,2024-01-12,Friday,Y,Dark-Road Lighted,NEWBURGH,REAR END,ORANGE,Straight and Level,Clear,Traffic Signal,Dry,980P83011003,Not Applicable,"Other Motor Vehicle, Collision With",2,415088,36071,4753,2.6,13857119.0,5167.5,1527
2024,Property Damage Accident,17:00,2024-01-12,Friday,Y,Dark-Road Unlighted,MONTGOMERY,OTHER,ORANGE,Straight and Level,Cloudy,No Passing Zone,Dry,52 83031063,Not Applicable,Deer,1,415088,36071,4753,2.6,13857119.0,5167.5,1527
2024,Property Damage Accident,17:10,2024-01-12,Friday,Y,Daylight,WAWAYANDA,OTHER,ORANGE,Straight and Level,Clear,No Passing Zone,Dry,,Not Applicable,"Animal, Collision With",1,415088,36071,4753,2.6,13857119.0,5167.5,1527
2024,Property Damage Accident,15:08,2024-01-12,Friday,Y,Daylight,HIGHLANDS,OTHER,ORANGE,Straight and Level,Clear,,Dry,,Not Applicable,"Tree, Collision With Fixed Object",1,415088,36071,4753,2.6,13857119.0,5167.5,1527
2024,Injury Accident,20:59,2024-01-12,Friday,Y,Dark-Road Unlighted,MONROE,OTHER,ORANGE,Straight and Level,Cloudy,No Passing Zone,Dry,,"Crossing, No Signal or Crosswalk","Pedestrian, Collision With",1,415088,36071,4753,2.6,13857119.0,5167.5,1527
2024,Property Damage Accident,23:49,2024-01-12,Friday,Y,Dark-Road Lighted,CORNWALL,OTHER,ORANGE,Straight and Level,Rain,,Wet,32 83011103,Not Applicable,Deer,1,415088,36071,4753,2.6,13857119.0,5167.5,1527
2024,Property Damage Accident,20:22,2024-01-12,Friday,Y,Dark-Road Lighted,NEWBURGH,OTHER,ORANGE,Straight and Level,Clear,,Dry,9W83023028,Not Applicable,Deer,1,415088,36071,4753,2.6,13857119.0,5167.5,1527
2024,Property Damage Accident,6:45,2024-01-12,Friday,Y,Dawn,CARMEL,OTHER,PUTNAM,Straight and Grade,Cloudy,No Passing Zone,Snow/Ice,,Not Applicable,"Guide Rail - Not At End, Collision With Fixed Object",1,98842,36079,509,0.7,2746105.0,4089.2,375
2024,Property Damage Accident,19:08,2024-01-12,Friday,Y,Dark-Road Lighted,CARMEL,OTHER,PUTNAM,Curve and Grade,Clear,No Passing Zone,Dry,,Not Applicable,"Other Fixed Object*, Collision With Fixed Object",1,98842,36079,509,0.7,2746105.0,4089.2,375
2024,Property Damage Accident,15:45,2024-01-12,Friday,Y,Daylight,SOUTHEAST,REAR END,PUTNAM,Straight and Level,Clear,,Dry,684I84021031,Not Applicable,"Other Motor Vehicle, Collision With",2,98842,36079,509,0.7,2746105.0,4089.2,375
2024,Property Damage Accident,6:30,2024-01-12,Friday,Y,Dawn,PUTNAM VALLEY,SIDESWIPE,PUTNAM,Straight and Level,Cloudy,,Dry,,Not Applicable,"Other Motor Vehicle, Collision With",2,98842,36079,509,0.7,2746105.0,4089.2,375
2024,Property Damage Accident,22:02,2024-01-12,Friday,Y,Dark-Road Unlighted,ORANGETOWN,OTHER,ROCKLAND,Straight and Level,Cloudy,,Dry,987C85011030,Not Applicable,Deer,1,354829,36087,259,0.3,7336134.0,9989.2,886
2024,Injury Accident,12:54,2024-01-12,Friday,Y,Daylight,RAMAPO,REAR END,ROCKLAND,Straight and Level,Clear,Stop Sign,Dry,,Not Applicable,"Other Motor Vehicle, Collision With",2,354829,36087,259,0.3,7336134.0,9989.2,886
2024,Property Damage Accident,7:32,2024-01-12,Friday,Y,Daylight,CLARKSTOWN,RIGHT ANGLE,ROCKLAND,Straight and Level,Clear,Stop Sign,Dry,,Not Applicable,"Other Motor Vehicle, Collision With",2,354829,36087,259,0.3,7336134.0,9989.2,886
2024,Property Damage Accident,23:38,2024-01-12,Friday,Y,Dark-Road Lighted,SPRING VALLEY,REAR END,ROCKLAND,Straight and Level,Rain,,Wet,45 85011033,Not Applicable,"Other Motor Vehicle, Collision With",2,354829,36087,259,0.3,7336134.0,9989.2,886
2024,Property Damage Accident,10:25,2024-01-12,Friday,Y,Daylight,STONY POINT,RIGHT ANGLE,ROCKLAND,Straight and Level,Clear,Stop Sign,Dry,,Not Applicable,"Other Motor Vehicle, Collision With",2,354829,36087,259,0.3,7336134.0,9989.2,886
2024,Property Damage Accident,15:03,2024-01-12,Friday,Y,Daylight,NEW PALTZ,OTHER,ULSTER,Straight and Level,Clear,,Dry,208 86021120,Not Applicable,Deer,1,183095,36111,3565,1.2,6410502.0,3939.4,999
2024,Property Damage Accident,19:55,2024-01-12,Friday,Y,Dark-Road Lighted,PEEKSKILL,OTHER,WESTCHESTER,Straight and Grade,Clear,,Dry,,Not Applicable,"Other Motor Vehicle, Collision With",3,1009165,36119,850,0.8,18110248.0,6143.2,3354
2024,Property Damage Accident,17:25,2024-01-12,Friday,Y,Dark-Road Lighted,PEEKSKILL,REAR END,WESTCHESTER,Straight and Level,Clear,Traffic Signal,Dry,6 87032022,Not Applicable,"Other Motor Vehicle, Collision With",2,1009165,36119,850,0.8,18110248.0,6143.2,3354
2024,Property Damage Accident,19:09,2024-01-12,Friday,Y,Dark-Road Lighted,CORTLANDT,REAR END,WESTCHESTER,Straight and Grade,Clear,Traffic Signal,Dry,,Not Applicable,"Other Motor Vehicle, Collision With",2,1009165,36119,850,0.8,18110248.0,6143.2,3354
2024,Property Damage Accident,6:30,2024-01-12,Friday,Y,Dark-Road Unlighted,MOUNT PLEASANT,OTHER,WESTCHESTER,Straight and Level,Clear,,Snow/Ice,,Not Applicable,"Guide Rail - Not At End, Collision With Fixed Object",1,1009165,36119,850,0.8,18110248.0,6143.2,3354
2024,Property Damage Accident,9:15,2024-01-12,Friday,Y,Daylight,GREENBURGH,OVERTAKING,WESTCHESTER,Straight and Level,Clear,,Dry,100 87012017,Not Applicable,"Other Motor Vehicle, Collision With",2,1009165,36119,850,0.8,18110248.0,6143.2,3354
2024,Property Damage Accident,18:31,2024-01-12,Friday,Y,Daylight,YONKERS,LEFT TURN (3),WESTCHESTER,Straight and Level,Cloudy,Traffic Signal,Dry,9 87031004,Not Applicable,"Other Motor Vehicle, Collision With",2,1009165,36119,850,0.8,18110248.0,6143.2,3354
2024,Property Damage & Injury Accident,19:08,2024-01-12,Friday,Y,Dark-Road Lighted,WHITE PLAINS,OTHER,WESTCHESTER,Straight and Grade,Clear,,Dry,,Other Actions in Roadway,"Other Motor Vehicle, Collision With",1,1009165,36119,850,0.8,18110248.0,6143.2,3354