year,accident_descriptor,time,date,day_of_week,police_report,lighting_conditions,municipality,collision_type_descriptor,county_name,road_descriptor,weather_conditions,traffic_control_device,road_surface_conditions,dot_reference_marker_location,pedestrian_bicyclist_action,event_descriptor,number_of_vehicles_involved,county_population_2024,county_fips,county_deer_take_2024,county_antlerless_deer_per_sqmi_2024,county_daily_vmt_2019,county_mean_aadt_2019,county_aadt_segments_2019
2024,Property Damage Accident,9:10,2024-01-12,Friday,Y,Daylight,WHITE PLAINS,OTHER,WESTCHESTER,Straight and Level,Clear,,Dry,119 87012011,Not Applicable,"Other Motor Vehicle, Collision With",3,1009165,36119,850,0.8,18110248.0,6143.2,3354
2024,Property Damage & Injury Accident,8:06,2024-01-12,Friday,Y,Daylight,NORTH CASTLE,OTHER,WESTCHESTER,Curve and Grade,Clear,,Snow/Ice,,Not Applicable,"Other Fixed Object*, Collision With Fixed Object",1,1009165,36119,850,0.8,18110248.0,6143.2,3354
2024,Property Damage & Injury Accident,9:01,2024-01-12,Friday,Y,Daylight,YONKERS,REAR END,WESTCHESTER,Curve and Grade,Clear,Stop Sign,Dry,,Not Applicable,"Other Motor Vehicle, Collision With",2,1009165,36119,850,0.8,18110248.0,6143.2,3354
2024,Property Damage Accident,17:55,2024-01-12,Friday,Y,Dark-Road Lighted,NEW ROCHELLE,OVERTAKING,WESTCHESTER,Straight and Level,Clear,,Dry,981V87011006,Not Applicable,"Other Motor Vehicle, Collision With",2,1009165,36119,850,0.8,18110248.0,6143.2,3354
2024,Property Damage Accident,14:26,2024-01-12,Friday,Y,Daylight,PELHAM MANOR,REAR END,WESTCHESTER,Straight and Level,Clear,,Dry,1 87031002,Not Applicable,"Other Motor Vehicle, Collision With",2,1009165,36119,850,0.8,18110248.0,6143.2,3354
2024,Property Damage Accident,7:14,2024-01-12,Friday,Y,Daylight,IRVINGTON,REAR END,WESTCHESTER,Curve and Level,Cloudy,,Snow/Ice,,Not Applicable,"Other Motor Vehicle, Collision With",2,1009165,36119,850,0.8,18110248.0,6143.2,3354
2024,Property Damage Accident,6:56,2024-01-12,Friday,Y,Dawn,CORTLANDT,OTHER,WESTCHESTER,Straight and Grade,Clear,,Snow/Ice,,Not Applicable,"Other Fixed Object*, Collision With Fixed Object",1,1009165,36119,850,0.8,18110248.0,6143.2,3354
2024,Property Damage Accident,17:30,2024-01-13,Saturday,Y,Dark-Road Unlighted,RED HOOK,OTHER,DUTCHESS,Straight and Level,Clear,,Wet,,Not Applicable,"Building/Wall, Collision With Fixed Object",1,299256,36027,1695,0.8,5987961.0,3975.0,1300
2024,Property Damage Accident,4:41,2024-01-13,Saturday,Y,Dark-Road Unlighted,RHINEBECK,OTHER,DUTCHESS,Straight and Level,Rain,,Wet,,Not Applicable,"Tree, Collision With Fixed Object",1,299256,36027,1695,0.8,5987961.0,3975.0,1300
2024,Property Damage Accident,8:01,2024-01-13,Saturday,Y,Daylight,MOUNT HOPE,OTHER,ORANGE,Straight and Level,Clear,,Dry,,Not Applicable,Deer,1,415088,36071,4753,2.6,13857119.0,5167.5,1527
2024,Property Damage Accident,9:20,2024-01-13,Saturday,Y,Daylight,MONROE,OVERTAKING,ORANGE,Straight and Level,Clear,,Wet,17 83101222,Not Applicable,"Other Motor Vehicle, Collision With",2,415088,36071,4753,2.6,13857119.0,5167.5,1527
2024,Property Damage Accident,19:57,2024-01-13,Saturday,Y,Dark-Road Lighted,WARWICK,OTHER,ORANGE,Curve and Grade,Clear,,Dry,17A83011148,Not Applicable,Deer,1,415088,36071,4753,2.6,13857119.0,5167.5,1527
2024,Property Damage Accident,16:43,2024-01-13,Saturday,Y,Dark-Road Unlighted,WOODBURY,OVERTAKING,ORANGE,Straight and Grade,Cloudy,,Dry,,Not Applicable,"Other Motor Vehicle, Collision With",2,415088,36071,4753,2.6,13857119.0,5167.5,1527
2024,Property Damage Accident,21:50,2024-01-13,Saturday,Y,Dark-Road Unlighted,HIGHLANDS,OTHER,ORANGE,Straight and Grade,Clear,,Snow/Ice,9W83021072,Not Applicable,"Overturned, Non-Collision",1,415088,36071,4753,2.6,13857119.0,5167.5,1527
2024,Property Damage Accident,0:19,2024-01-13,Saturday,Y,Dark-Road Unlighted,WALLKILL,OTHER,ORANGE,Straight and Level,Rain,,Wet,211 83013046,Not Applicable,"Light Support/Utility Pole, Collision With Fixed Object",1,415088,36071,4753,2.6,13857119.0,5167.5,1527
2024,Property Damage & Injury Accident,17:35,2024-01-13,Saturday,Y,Dark-Road Unlighted,MONTGOMERY,REAR END,ORANGE,Straight and Level,Clear,,Dry,208 83011180,Not Applicable,"Other Motor Vehicle, Collision With",2,415088,36071,4753,2.6,13857119.0,5167.5,1527
2024,Property Damage Accident,14:08,2024-01-13,Saturday,Y,Daylight,HARRIMAN,SIDESWIPE,ORANGE,Straight and Level,Clear,Stop Sign,Dry,,Not Applicable,"Other Motor Vehicle, Collision With",2,415088,36071,4753,2.6,13857119.0,5167.5,1527
2024,Property Damage Accident,6:18,2024-01-13,Saturday,Y,Dark-Road Lighted,SPRING VALLEY,RIGHT ANGLE,ROCKLAND,Straight and Level,Rain,Stop Sign,Wet,,Not Applicable,"Other Motor Vehicle, Collision With",2,354829,36087,259,0.3,7336134.0,9989.2,886
2024,Property Damage Accident,13:14,2024-01-13,Saturday,Y,Daylight,CLARKSTOWN,REAR END,ROCKLAND,Straight and Level,Clear,,Dry,,Not Applicable,"Other Motor Vehicle, Collision With",2,354829,36087,259,0.3,7336134.0,9989.2,886
2024,Property Damage Accident,12:30,2024-01-13,Saturday,Y,Daylight,CLARKSTOWN,OVERTAKING,ROCKLAND,Straight and Level,Cloudy,,Wet,,Not Applicable,"Other Motor Vehicle, Collision With",2,354829,36087,259,0.3,7336134.0,9989.2,886
2024,Property Damage Accident,16:12,2024-01-13,Saturday,Y,Daylight,KINGSTON,RIGHT ANGLE,ULSTER,Straight at Hill Crest,Cloudy,Stop Sign,Dry,,Not Applicable,"Other Motor Vehicle, Collision With",2,183095,36111,3565,1.2,6410502.0,3939.4,999
2024,Property Damage Accident,23:30,2024-01-13,Saturday,Y,Dark-Road Unlighted,WHITE PLAINS,REAR END,WESTCHESTER,Straight and Grade,Clear,,Dry,,Not Applicable,"Other Motor Vehicle, Collision With",2,1009165,36119,850,0.8,18110248.0,6143.2,3354
2024,Property Damage Accident,7:50,2024-01-13,Saturday,Y,Daylight,OSSINING,RIGHT ANGLE,WESTCHESTER,Straight and Level,Clear,,Wet,,Not Applicable,"Other Motor Vehicle, Collision With",2,1009165,36119,850,0.8,18110248.0,6143.2,3354
2024,Property Damage Accident,12:21,2024-01-13,Saturday,Y,Daylight,NEW ROCHELLE,RIGHT ANGLE,WESTCHESTER,Straight and Level,Cloudy,Stop Sign,Dry,,Not Applicable,"Other Motor Vehicle, Collision With",2,1009165,36119,850,0.8,18110248.0,6143.2,3354
2024,Property Damage & Injury Accident,23:41,2024-01-13,Saturday,Y,Dark-Road Unlighted,HARRISON,OVERTAKING,WESTCHESTER,Straight and Level,Clear,Traffic Signal,Dry,,Not Applicable,"Other Motor Vehicle, Collision With",2,1009165,36119,850,0.8,18110248.0,6143.2,3354
2024,Property Damage & Injury Accident,3:06,2024-01-13,Saturday,Y,Dark-Road Unlighted,RYE,OTHER,WESTCHESTER,Straight and Level,Rain,,Wet,287I87011106,Not Applicable,"Median - Not At End, Collision With Fixed Object",1,1009165,36119,850,0.8,18110248.0,6143.2,3354
2024,Property Damage Accident,14:49,2024-01-13,Saturday,Y,Daylight,NORTH SALEM,OTHER,WESTCHESTER,Straight and Grade,Cloudy,,Wet,121 87011136,Not Applicable,"Building/Wall, Collision With Fixed Object",1,1009165,36119,850,0.8,18110248.0,6143.2,3354
2024,Property Damage Accident,7:13,2024-01-14,Sunday,Y,Dawn,AMENIA,OTHER,DUTCHESS,Straight and Level,Clear,No Passing Zone,Dry,,Not Applicable,"Earth Embankment/Rock Cut/Ditch, Collision With Fixed Object",1,299256,36027,1695,0.8,5987961.0,3975.0,1300
2024,Property Damage Accident,15:00,2024-01-14,Sunday,Y,Daylight,EAST FISHKILL,OTHER,DUTCHESS,Straight and Level,Clear,,Dry,987G82031086,Not Applicable,"Animal, Collision With",1,299256,36027,1695,0.8,5987961.0,3975.0,1300
2024,Property Damage Accident,8:41,2024-01-14,Sunday,Y,Daylight,CRAWFORD,REAR END,ORANGE,Straight and Level,Clear,Traffic Signal,Dry,52 83031002,Not Applicable,"Other Motor Vehicle, Collision With",2,415088,36071,4753,2.6,13857119.0,5167.5,1527
2024,Property Damage & Injury Accident,23:25,2024-01-14,Sunday,Y,Dark-Road Lighted,GOSHEN,RIGHT ANGLE,ORANGE,Straight and Level,Clear,Traffic Signal,Dry,207 83011002,Not Applicable,"Other Motor Vehicle, Collision With",2,415088,36071,4753,2.6,13857119.0,5167.5,1527
2024,Property Damage Accident,3:03,2024-01-14,Sunday,Y,Dark-Road Unlighted,MONTGOMERY,OTHER,ORANGE,Straight and Level,Clear,,Dry,52 83031043,Not Applicable,Deer,1,415088,36071,4753,2.6,13857119.0,5167.5,1527
2024,Property Damage Accident,14:12,2024-01-14,Sunday,Y,Daylight,TUXEDO,OTHER,ORANGE,Curve and Level,Clear,,Dry,,Not Applicable,"Tree, Collision With Fixed Object",1,415088,36071,4753,2.6,13857119.0,5167.5,1527
2024,Property Damage Accident,16:37,2024-01-14,Sunday,Y,Daylight,MIDDLETOWN,RIGHT ANGLE,ORANGE,Straight and Level,Clear,Stop Sign,Dry,,Not Applicable,"Other Motor Vehicle, Collision With",2,415088,36071,4753,2.6,13857119.0,5167.5,1527
2024,Property Damage Accident,3:01,2024-01-14,Sunday,Y,Dark-Road Lighted,PATTERSON,OVERTAKING,PUTNAM,Curve at Hill Crest,Clear,,Dry,,Not Applicable,"Other Motor Vehicle, Collision With",2,98842,36079,509,0.7,2746105.0,4089.2,375
2024,Property Damage Accident,9:39,2024-01-14,Sunday,Y,Daylight,RAMAPO,OVERTAKING,ROCKLAND,Straight and Grade,Clear,,Dry,,Not Applicable,"Other Motor Vehicle, Collision With",2,354829,36087,259,0.3,7336134.0,9989.2,886
2024,Property Damage Accident,16:54,2024-01-14,Sunday,Y,Dark-Road Unlighted,ORANGETOWN,OTHER,ROCKLAND,Straight and Level,Clear,,Dry,987C85011146,Not Applicable,"Tree, Collision With Fixed Object",1,354829,36087,259,0.3,7336134.0,9989.2,886
2024,Property Damage Accident,16:35,2024-01-14,Sunday,Y,Daylight,PLATTEKILL,OTHER,ULSTER,Curve and Level,Clear,Other,Dry,,Not Applicable,"Earth Embankment/Rock Cut/Ditch, Collision With Fixed Object",1,183095,36111,3565,1.2,6410502.0,3939.4,999
2024,Property Damage Accident,16:00,2024-01-14,Sunday,Y,Daylight,SAUGERTIES,LEFT TURN (3),ULSTER,Curve and Level,Clear,Stop Sign,Dry,9W86035122,Not Applicable,"Other Motor Vehicle, Collision With",2,183095,36111,3565,1.2,6410502.0,3939.4,999
2024,Property Damage Accident,14:45,2024-01-14,Sunday,Y,Daylight,NEW ROCHELLE,SIDESWIPE,WESTCHESTER,Straight and Level,Clear,,Dry,,Not Applicable,"Other Motor Vehicle, Collision With",2,1009165,36119,850,0.8,18110248.0,6143.2,3354
2024,Property Damage Accident,19:22,2024-01-14,Sunday,Y,Dark-Road Lighted,NEW ROCHELLE,OVERTAKING,WESTCHESTER,Straight and Level,Clear,Traffic Signal,Dry,1 87032006,Not Applicable,"Other Motor Vehicle, Collision With",2,1009165,36119,850,0.8,18110248.0,6143.2,3354
2024,Injury Accident,15:30,2024-01-14,Sunday,N,Daylight,NEW ROCHELLE,OVERTAKING,WESTCHESTER,Straight and Level,Clear,,Dry,,Not Applicable,"Other Motor Vehicle, Collision With",2,1009165,36119,850,0.8,18110248.0,6143.2,3354
2024,Property Damage Accident,13:40,2024-01-14,Sunday,Y,Daylight,NEW ROCHELLE,LEFT TURN (3),WESTCHESTER,Curve and Level,Clear,,Dry,981V87011005,Not Applicable,"Other Motor Vehicle, Collision With",2,1009165,36119,850,0.8,18110248.0,6143.2,3354
2024,Property Damage Accident,17:20,2024-01-14,Sunday,Y,Dark-Road Unlighted,NEW CASTLE,OTHER,WESTCHESTER,Curve and Grade,Clear,,Wet,987D87012160,Not Applicable,"Earth Embankment/Rock Cut/Ditch, Collision With Fixed Object",1,1009165,36119,850,0.8,18110248.0,6143.2,3354
2024,Property Damage & Injury Accident,2:20,2024-01-14,Sunday,Y,Dark-Road Lighted,YONKERS,OTHER,WESTCHESTER,Straight and Grade,Clear,Traffic Signal,Dry,983B87011000,Not Applicable,"Other Motor Vehicle, Collision With",2,1009165,36119,850,0.8,18110248.0,6143.2,3354
2024,Property Damage Accident,2:18,2024-01-14,Sunday,Y,Dark-Road Lighted,YONKERS,OTHER,WESTCHESTER,Curve and Grade,Clear,Traffic Signal,Dry,,Not Applicable,"Other Motor Vehicle, Collision With",3,1009165,36119,850,0.8,18110248.0,6143.2,3354
2024,Property Damage Accident,6:57,2024-01-14,Sunday,Y,Dawn,YONKERS,OTHER,WESTCHESTER,Curve and Level,Clear,Traffic Signal,Snow/Ice,,Not Applicable,"Other Motor Vehicle, Collision With",3,1009165,36119,850,0.8,18110248.0,6143.2,3354
2024,Property Damage Accident,19:46,2024-01-14,Sunday,Y,Dusk,YONKERS,OTHER,WESTCHESTER,Straight and Level,Clear,Unknown,Dry,,Not Applicable,"Other Motor Vehicle, Collision With",3,1009165,36119,850,0.8,18110248.0,6143.2,3354
2024,Property Damage Accident,12:15,2024-01-15,Monday,Y,Daylight,POUGHKEEPSIE,OVERTAKING,DUTCHESS,Straight and Level,Clear,Other,Dry,9 82051102,Not Applicable,"Other Motor Vehicle, Collision With",2,299256,36027,1695,0.8,5987961.0,3975.0,1300
2024,Property Damage Accident,11:25,2024-01-15,Monday,Y,Daylight,WAWAYANDA,REAR END,ORANGE,Straight and Level,Clear,Stop Sign,Dry,,Not Applicable,"Other Motor Vehicle, Collision With",2,415088,36071,4753,2.6,13857119.0,5167.5,1527
2024,Property Damage Accident,10:25,2024-01-15,Monday,Y,Daylight,MONROE,OVERTAKING,ORANGE,Straight and Grade,Clear,,Wet,17 83101222,Not Applicable,"Other Motor Vehicle, Collision With",2,415088,36071,4753,2.6,13857119.0,5167.5,1527
2024,Property Damage Accident,14:52,2024-01-15,Monday,Y,Daylight,GOSHEN,REAR END,ORANGE,Straight and Level,Clear,Stop Sign,Dry,17A83011001,Not Applicable,"Other Motor Vehicle, Collision With",2,415088,36071,4753,2.6,13857119.0,5167.5,1527
2024,Property Damage Accident,9:16,2024-01-15,Monday,Y,Daylight,NEWBURGH,OVERTAKING,ORANGE,Straight and Level,Clear,,Dry,17K83011206,Not Applicable,"Other Motor Vehicle, Collision With",2,415088,36071,4753,2.6,13857119.0,5167.5,1527
2024,Property Damage Accident,5:07,2024-01-15,Monday,Y,Dark-Road Unlighted,WAWAYANDA,OTHER,ORANGE,Curve and Level,Clear,No Passing Zone,Dry,,Not Applicable,"Guide Rail - Not At End, Collision With Fixed Object",1,415088,36071,4753,2.6,13857119.0,5167.5,1527
2024,Property Damage & Injury Accident,11:08,2024-01-15,Monday,Y,Daylight,CARMEL,REAR END,PUTNAM,Straight and Grade,Clear,No Passing Zone,Dry,6 84041015,Not Applicable,"Other Motor Vehicle, Collision With",2,98842,36079,509,0.7,2746105.0,4089.2,375
2024,Property Damage Accident,13:06,2024-01-15,Monday,Y,Daylight,CARMEL,REAR END,PUTNAM,Straight and Level,Clear,No Passing Zone,Dry,6 84041005,Not Applicable,"Other Motor Vehicle, Collision With",2,98842,36079,509,0.7,2746105.0,4089.2,375
2024,Property Damage & Injury Accident,9:13,2024-01-15,Monday,Y,Daylight,RAMAPO,REAR END,ROCKLAND,Straight and Level,Clear,,Dry,202 85011062,Not Applicable,"Other Motor Vehicle, Collision With",2,354829,36087,259,0.3,7336134.0,9989.2,886
2024,Property Damage Accident,20:57,2024-01-15,Monday,Y,Dark-Road Lighted,RAMAPO,RIGHT ANGLE,ROCKLAND,Straight and Level,Cloudy,,Wet,59 85011062,Not Applicable,"Other Motor Vehicle, Collision With",2,354829,36087,259,0.3,7336134.0,9989.2,886
2024,Property Damage Accident,9:50,2024-01-15,Monday,Y,Daylight,SPRING VALLEY,OVERTAKING,ROCKLAND,Straight and Level,Clear,,Dry,,Not Applicable,"Other Motor Vehicle, Collision With",2,354829,36087,259,0.3,7336134.0,9989.2,886
2024,Property Damage & Injury Accident,18:35,2024-01-15,Monday,Y,Dark-Road Lighted,CLARKSTOWN,OTHER,ROCKLAND,Straight and Level,Clear,Traffic Signal,Dry,304 85011039,Not Applicable,"Other Motor Vehicle, Collision With",3,354829,36087,259,0.3,7336134.0,9989.2,886
2024,Property Damage Accident,8:58,2024-01-15,Monday,Y,Daylight,RAMAPO,REAR END,ROCKLAND,Straight and Level,Clear,,Dry,,Not Applicable,"Other Motor Vehicle, Collision With",2,354829,36087,259,0.3,7336134.0,9989.2,886
2024,Property Damage & Injury Accident,11:45,2024-01-15,Monday,Y,Daylight,BRIARCLIFF MANOR,OTHER,WESTCHESTER,Straight and Grade,Cloudy,Stop Sign,Dry,,Not Applicable,"Other Motor Vehicle, Collision With",2,1009165,36119,850,0.8,18110248.0,6143.2,3354
2024,Property Damage Accident,1:07,2024-01-15,Monday,Y,Dark-Road Unlighted,MOUNT PLEASANT,OTHER,WESTCHESTER,Straight and Level,Clear,,Dry,9A87032078,Not Applicable,"Guide Rail - Not At End, Collision With Fixed Object",1,1009165,36119,850,0.8,18110248.0,6143.2,3354
2024,Property Damage Accident,20:46,2024-01-15,Monday,Y,Dark-Road Lighted,PELHAM,OVERTAKING,WESTCHESTER,Straight and Level,Sleet/Hail/Freezing Rain,,Wet,,Not Applicable,"Other Motor Vehicle, Collision With",2,1009165,36119,850,0.8,18110248.0,6143.2,3354
2024,Property Damage Accident,7:50,2024-01-15,Monday,Y,Daylight,OSSINING,REAR END,WESTCHESTER,Straight and Grade,Cloudy,,Dry,,Not Applicable,"Other Motor Vehicle, Collision With",2,1009165,36119,850,0.8,18110248.0,6143.2,3354
2024,Property Damage Accident,17:47,2024-01-15,Monday,Y,Dark-Road Lighted,MOUNT VERNON,REAR END,WESTCHESTER,Curve and Level,Clear,,Dry,907K87012010,Not Applicable,"Other Motor Vehicle, Collision With",2,1009165,36119,850,0.8,18110248.0,6143.2,3354
2024,Property Damage Accident,14:30,2024-01-15,Monday,Y,Daylight,NEW ROCHELLE,REAR END,WESTCHESTER,Straight and Level,Clear,,Dry,982J87011002,Not Applicable,"Other Motor Vehicle, Collision With",2,1009165,36119,850,0.8,18110248.0,6143.2,3354
2024,Property Damage Accident,17:26,2024-01-15,Monday,Y,Dark-Road Lighted,OSSINING,REAR END,WESTCHESTER,Straight and Level,Clear,,Dry,9 87032122,Not Applicable,"Other Motor Vehicle, Collision With",2,1009165,36119,850,0.8,18110248.0,6143.2,3354
2024,Property Damage Accident,8:00,2024-01-15,Monday,Y,Daylight,PEEKSKILL,RIGHT ANGLE,WESTCHESTER,Straight and Level,Clear,,Dry,,Not Applicable,"Other Motor Vehicle, Collision With",2,1009165,36119,850,0.8,18110248.0,6143.2,3354
2024,Property Damage Accident,23:15,2024-01-15,Monday,Y,Dark-Road Unlighted,MOUNT PLEASANT,OTHER,WESTCHESTER,Curve and Grade,Snow,,Snow/Ice,100 87014108,Not Applicable,"Animal, Collision With",1,1009165,36119,850,0.8,18110248.0,6143.2,3354
2024,Property Damage Accident,20:11,2024-01-15,Monday,Y,Dark-Road Lighted,NEW CASTLE,OTHER,WESTCHESTER,Curve and Level,Clear,No Passing Zone,Snow/Ice,117 87011086,Not Applicable,"Sign Post, Collision With Fixed Object",1,1009165,36119,850,0.8,18110248.0,6143.2,3354
2024,Property Damage Accident,14:57,2024-01-16,Tuesday,Y,Daylight,LA GRANGE,REAR END,DUTCHESS,Curve and Grade,Snow,,Slush,987G82031111,Not Applicable,"Other Motor Vehicle, Collision With",2,299256,36027,1695,0.8,5987961.0,3975.0,1300
2024,Property Damage Accident,18:46,2024-01-16,Tuesday,Y,Dark-Road Lighted,POUGHKEEPSIE,LEFT TURN (3),DUTCHESS,Straight and Level,Cloudy,Traffic Signal,Snow/Ice,,Not Applicable,"Other Motor Vehicle, Collision With",2,299256,36027,1695,0.8,5987961.0,3975.0,1300
2024,Property Damage Accident,16:05,2024-01-16,Tuesday,Y,Daylight,WAPPINGER,REAR END,DUTCHESS,Straight and Level,Snow,Traffic Signal,Snow/Ice,,Not Applicable,"Other Motor Vehicle, Collision With",2,299256,36027,1695,0.8,5987961.0,3975.0,1300
2024,Property Damage & Injury Accident,11:49,2024-01-16,Tuesday,Y,Daylight,LA GRANGE,OTHER,DUTCHESS,Curve and Grade,Snow,No Passing Zone,Snow/Ice,,Not Applicable,"Other Object (Not Fixed)*, Collision With",1,299256,36027,1695,0.8,5987961.0,3975.0,1300
2024,Property Damage Accident,9:00,2024-01-16,Tuesday,Y,Daylight,HYDE PARK,OVERTAKING,DUTCHESS,Curve and Grade,Snow,No Passing Zone,Snow/Ice,,Not Applicable,"Other Motor Vehicle, Collision With",2,299256,36027,1695,0.8,5987961.0,3975.0,1300
2024,Property Damage Accident,12:00,2024-01-16,Tuesday,Y,Daylight,FISHKILL,OTHER,DUTCHESS,Straight and Grade,Snow,,Snow/Ice,,Not Applicable,"Sign Post, Collision With Fixed Object",1,299256,36027,1695,0.8,5987961.0,3975.0,1300
2024,Property Damage Accident,0:40,2024-01-16,Tuesday,Y,Dark-Road Unlighted,EAST FISHKILL,OTHER,DUTCHESS,Straight and Level,Snow,,Snow/Ice,,Not Applicable,"Sign Post, Collision With Fixed Object",1,299256,36027,1695,0.8,5987961.0,3975.0,1300
2024,Injury Accident,14:06,2024-01-16,Tuesday,Y,Daylight,POUGHKEEPSIE,OTHER,DUTCHESS,Straight and Grade,Snow,Traffic Signal,Snow/Ice,,Other Actions in Roadway,"Pedestrian, Collision With",1,299256,36027,1695,0.8,5987961.0,3975.0,1300
2024,Property Damage Accident,12:02,2024-01-16,Tuesday,Y,Daylight,FISHKILL,RIGHT ANGLE,DUTCHESS,Straight and Level,Snow,,Snow/Ice,84I82021004,Not Applicable,"Other Motor Vehicle, Collision With",2,299256,36027,1695,0.8,5987961.0,3975.0,1300
2024,Property Damage Accident,13:16,2024-01-16,Tuesday,Y,Daylight,LA GRANGE,OTHER,DUTCHESS,Curve and Level,Snow,,Snow/Ice,82 82011087,Not Applicable,"Earth Embankment/Rock Cut/Ditch, Collision With Fixed Object",1,299256,36027,1695,0.8,5987961.0,3975.0,1300
2024,Property Damage Accident,18:43,2024-01-16,Tuesday,Y,Dark-Road Lighted,POUGHKEEPSIE,OTHER,DUTCHESS,Straight and Grade,Snow,,Snow/Ice,9 82052019,Not Applicable,"Earth Embankment/Rock Cut/Ditch, Collision With Fixed Object",1,299256,36027,1695,0.8,5987961.0,3975.0,1300
2024,Property Damage Accident,13:57,2024-01-16,Tuesday,Y,Daylight,POUGHKEEPSIE,REAR END,DUTCHESS,Straight and Grade,Snow,Traffic Signal,Snow/Ice,,Not Applicable,"Other Motor Vehicle, Collision With",2,299256,36027,1695,0.8,5987961.0,3975.0,1300
2024,Property Damage Accident,11:09,2024-01-16,Tuesday,Y,Daylight,EAST FISHKILL,OTHER,DUTCHESS,Straight and Grade,Cloudy,Stop Sign,Snow/Ice,,Not Applicable,"Fence, Collision With Fixed Object",1,299256,36027,1695,0.8,5987961.0,3975.0,1300
2024,Property Damage & Injury Accident,14:22,2024-01-16,Tuesday,Y,Daylight,EAST FISHKILL,OTHER,DUTCHESS,Straight and Level,Sleet/Hail/Freezing Rain,,Snow/Ice,84I84031001,Not Applicable,"Earth Embankment/Rock Cut/Ditch, Collision With Fixed Object",1,299256,36027,1695,0.8,5987961.0,3975.0,1300
2024,Property Damage & Injury Accident,16:08,2024-01-16,Tuesday,Y,Daylight,POUGHKEEPSIE,REAR END,DUTCHESS,Straight and Grade,Snow,,Snow/Ice,,Not Applicable,"Other Motor Vehicle, Collision With",2,299256,36027,1695,0.8,5987961.0,3975.0,1300
2024,Property Damage & Injury Accident,15:15,2024-01-16,Tuesday,Y,Daylight,EAST FISHKILL,OTHER,DUTCHESS,Straight and Grade,Snow,,Snow/Ice,,Not Applicable,"Earth Embankment/Rock Cut/Ditch, Collision With Fixed Object",1,299256,36027,1695,0.8,5987961.0,3975.0,1300
2024,Property Damage Accident,15:29,2024-01-16,Tuesday,Y,Daylight,POUGHKEEPSIE,OTHER,DUTCHESS,Straight and Level,Snow,,Snow/Ice,9 82052002,Not Applicable,"Light Support/Utility Pole, Collision With Fixed Object",1,299256,36027,1695,0.8,5987961.0,3975.0,1300
2024,Property Damage Accident,10:39,2024-01-16,Tuesday,Y,Daylight,WALLKILL,OTHER,ORANGE,Curve and Grade,Snow,,Snow/Ice,,Not Applicable,"Light Support/Utility Pole, Collision With Fixed Object",1,415088,36071,4753,2.6,13857119.0,5167.5,1527
2024,Property Damage Accident,13:08,2024-01-16,Tuesday,Y,Daylight,GOSHEN,OTHER,ORANGE,Curve and Grade,Snow,,Snow/Ice,17 83101128,Not Applicable,"Guide Rail - Not At End, Collision With Fixed Object",1,415088,36071,4753,2.6,13857119.0,5167.5,1527
2024,Property Damage Accident,16:02,2024-01-16,Tuesday,Y,Daylight,TUXEDO,OVERTAKING,ORANGE,Straight and Level,Snow,,Slush,,Not Applicable,"Other Motor Vehicle, Collision With",2,415088,36071,4753,2.6,13857119.0,5167.5,1527
2024,Property Damage Accident,5:22,2024-01-16,Tuesday,Y,Dark-Road Lighted,NEW WINDSOR,RIGHT ANGLE,ORANGE,Straight and Level,Snow,,Snow/Ice,,Not Applicable,"Other Motor Vehicle, Collision With",2,415088,36071,4753,2.6,13857119.0,5167.5,1527
2024,Property Damage Accident,5:30,2024-01-16,Tuesday,Y,Dark-Road Lighted,MONTGOMERY,REAR END,ORANGE,Straight at Hill Crest,Snow,Traffic Signal,Snow/Ice,747 83011012,Not Applicable,"Other Motor Vehicle, Collision With",2,415088,36071,4753,2.6,13857119.0,5167.5,1527
2024,Property Damage Accident,13:25,2024-01-16,Tuesday,Y,Daylight,GREENVILLE,OTHER,ORANGE,Curve and Grade,Snow,,Snow/Ice,6 83012082,Not Applicable,"Other Object (Not Fixed)*, Collision With",1,415088,36071,4753,2.6,13857119.0,5167.5,1527
2024,Property Damage Accident,17:35,2024-01-16,Tuesday,N,Dark-Road Unlighted,WALLKILL,OTHER,ORANGE,Straight and Level,Clear,,Slush,302 83011015,Not Applicable,Deer,1,415088,36071,4753,2.6,13857119.0,5167.5,1527
2024,Property Damage Accident,11:52,2024-01-16,Tuesday,Y,Daylight,NEW WINDSOR,OTHER,ORANGE,Curve and Level,Snow,,Snow/Ice,,Not Applicable,"Light Support/Utility Pole, Collision With Fixed Object",1,415088,36071,4753,2.6,13857119.0,5167.5,1527
2024,Property Damage Accident,11:25,2024-01-16,Tuesday,Y,Daylight,BLOOMING GROVE,OTHER,ORANGE,Straight at Hill Crest,Snow,,Snow/Ice,,Not Applicable,"Earth Embankment/Rock Cut/Ditch, Collision With Fixed Object",1,415088,36071,4753,2.6,13857119.0,5167.5,1527
2024,Property Damage Accident,11:09,2024-01-16,Tuesday,Y,Daylight,MONROE,REAR END,ORANGE,Straight and Level,Snow,Traffic Signal,Snow/Ice,,Not Applicable,"Other Motor Vehicle, Collision With",2,415088,36071,4753,2.6,13857119.0,5167.5,1527
2024,Property Damage Accident,0:40,2024-01-16,Tuesday,Y,Dark-Road Unlighted,NEWBURGH,OTHER,ORANGE,Straight and Level,Snow,,Snow/Ice,84I83011337,Not Applicable,"Tree, Collision With Fixed Object",1,415088,36071,4753,2.6,13857119.0,5167.5,1527