year,accident_descriptor,time,date,day_of_week,police_report,lighting_conditions,municipality,collision_type_descriptor,county_name,road_descriptor,weather_conditions,traffic_control_device,road_surface_conditions,dot_reference_marker_location,pedestrian_bicyclist_action,event_descriptor,number_of_vehicles_involved,county_population_2024,county_fips,county_deer_take_2024,county_antlerless_deer_per_sqmi_2024,county_daily_vmt_2019,county_mean_aadt_2019,county_aadt_segments_2019
2024,Property Damage & Injury Accident,13:40,2024-01-16,Tuesday,Y,Daylight,NEWBURGH,OTHER,ORANGE,Straight and Level,Snow,,Snow/Ice,300 83021059,Not Applicable,"Tree, Collision With Fixed Object",1,415088,36071,4753,2.6,13857119.0,5167.5,1527
2024,Property Damage & Injury Accident,13:09,2024-01-16,Tuesday,Y,Daylight,SOUTH BLOOMING GROVE,OTHER,ORANGE,Straight and Grade,Snow,No Passing Zone,Snow/Ice,,Not Applicable,"Tree, Collision With Fixed Object",1,415088,36071,4753,2.6,13857119.0,5167.5,1527
2024,Property Damage Accident,6:47,2024-01-16,Tuesday,Y,Dawn,BLOOMING GROVE,OTHER,ORANGE,Straight and Grade,Snow,No Passing Zone,Snow/Ice,,Not Applicable,"Other Fixed Object*, Collision With Fixed Object",1,415088,36071,4753,2.6,13857119.0,5167.5,1527
2024,Property Damage Accident,14:47,2024-01-16,Tuesday,Y,Daylight,TUXEDO,OTHER,ORANGE,Curve and Grade,Snow,,Snow/Ice,17 83101338,Not Applicable,"Guide Rail - Not At End, Collision With Fixed Object",1,415088,36071,4753,2.6,13857119.0,5167.5,1527
2024,Property Damage Accident,11:14,2024-01-16,Tuesday,Y,Daylight,KENT,RIGHT ANGLE,PUTNAM,Curve and Grade,Snow,,Snow/Ice,,Not Applicable,"Other Motor Vehicle, Collision With",2,98842,36079,509,0.7,2746105.0,4089.2,375
2024,Property Damage Accident,15:25,2024-01-16,Tuesday,Y,Daylight,KENT,OVERTAKING,PUTNAM,Straight and Level,Snow,,Snow/Ice,84I84031016,Not Applicable,"Other Motor Vehicle, Collision With",2,98842,36079,509,0.7,2746105.0,4089.2,375
2024,Property Damage & Injury Accident,11:13,2024-01-16,Tuesday,Y,Daylight,SOUTHEAST,OTHER,PUTNAM,Straight and Level,Sleet/Hail/Freezing Rain,,Snow/Ice,84I84031123,Not Applicable,"Guide Rail - End, Collision With Fixed Object",1,98842,36079,509,0.7,2746105.0,4089.2,375
2024,Property Damage Accident,12:50,2024-01-16,Tuesday,Y,Daylight,PATTERSON,OTHER,PUTNAM,Curve and Grade,Snow,No Passing Zone,Snow/Ice,,Not Applicable,"Guide Rail - Not At End, Collision With Fixed Object",1,98842,36079,509,0.7,2746105.0,4089.2,375
2024,Property Damage & Injury Accident,16:16,2024-01-16,Tuesday,Y,Daylight,CLARKSTOWN,LEFT TURN (0),ROCKLAND,Straight and Level,Snow,Stop Sign,Snow/Ice,,Not Applicable,"Other Motor Vehicle, Collision With",2,354829,36087,259,0.3,7336134.0,9989.2,886
2024,Property Damage Accident,10:15,2024-01-16,Tuesday,Y,Daylight,RAMAPO,OTHER,ROCKLAND,Straight and Level,Snow,Stop Sign,Snow/Ice,,Not Applicable,"Other Motor Vehicle, Collision With",2,354829,36087,259,0.3,7336134.0,9989.2,886
2024,Property Damage Accident,15:12,2024-01-16,Tuesday,Y,Daylight,SLOATSBURG,OTHER,ROCKLAND,Curve and Level,Snow,,Snow/Ice,,Not Applicable,"Median - Not At End, Collision With Fixed Object",1,354829,36087,259,0.3,7336134.0,9989.2,886
2024,Property Damage Accident,9:57,2024-01-16,Tuesday,Y,Daylight,RAMAPO,OTHER,ROCKLAND,Curve and Level,Snow,,Snow/Ice,,Not Applicable,"Other Fixed Object*, Collision With Fixed Object",1,354829,36087,259,0.3,7336134.0,9989.2,886
2024,Property Damage Accident,9:52,2024-01-16,Tuesday,Y,Daylight,RAMAPO,OVERTAKING,ROCKLAND,Straight and Level,Snow,,Slush,17 85111035,Not Applicable,"Other Motor Vehicle, Collision With",2,354829,36087,259,0.3,7336134.0,9989.2,886
2024,Property Damage & Injury Accident,13:50,2024-01-16,Tuesday,Y,Daylight,STONY POINT,OTHER,ROCKLAND,Curve and Grade,Sleet/Hail/Freezing Rain,No Passing Zone,Slush,9W85011257,Not Applicable,"Overturned, Non-Collision",1,354829,36087,259,0.3,7336134.0,9989.2,886
2024,Property Damage & Injury Accident,10:52,2024-01-16,Tuesday,Y,Daylight,HAVERSTRAW,OTHER,ROCKLAND,Straight and Level,Sleet/Hail/Freezing Rain,,Snow/Ice,987C85011161,Not Applicable,"Earth Embankment/Rock Cut/Ditch, Collision With Fixed Object",1,354829,36087,259,0.3,7336134.0,9989.2,886
2024,Property Damage Accident,0:06,2024-01-16,Tuesday,Y,Dark-Road Unlighted,ORANGETOWN,OTHER,ROCKLAND,Curve and Level,Snow,,Snow/Ice,,Not Applicable,"Light Support/Utility Pole, Collision With Fixed Object",1,354829,36087,259,0.3,7336134.0,9989.2,886
2024,Property Damage Accident,10:50,2024-01-16,Tuesday,Y,Daylight,ORANGETOWN,OTHER,ROCKLAND,Straight and Grade,Sleet/Hail/Freezing Rain,,Snow/Ice,987C85011010,Not Applicable,"Guide Rail - Not At End, Collision With Fixed Object",1,354829,36087,259,0.3,7336134.0,9989.2,886
2024,Property Damage Accident,14:55,2024-01-16,Tuesday,Y,Daylight,NEW HEMPSTEAD,OTHER,ROCKLAND,Straight and Level,Sleet/Hail/Freezing Rain,,Snow/Ice,,Not Applicable,"Light Support/Utility Pole, Collision With Fixed Object",1,354829,36087,259,0.3,7336134.0,9989.2,886
2024,Property Damage Accident,15:17,2024-01-16,Tuesday,Y,Daylight,MONTEBELLO,REAR END,ROCKLAND,Straight and Level,Snow,Traffic Signal,Snow/Ice,59 85011028,Not Applicable,"Other Motor Vehicle, Collision With",2,354829,36087,259,0.3,7336134.0,9989.2,886
2024,Property Damage Accident,11:21,2024-01-16,Tuesday,Y,Daylight,SOUTH NYACK,OTHER,ROCKLAND,Straight and Level,Snow,,Snow/Ice,,Not Applicable,"Median - Not At End, Collision With Fixed Object",1,354829,36087,259,0.3,7336134.0,9989.2,886
2024,Property Damage Accident,20:15,2024-01-16,Tuesday,N,Dark-Road Lighted,SUFFERN,OTHER,ROCKLAND,Straight and Grade,Sleet/Hail/Freezing Rain,,Snow/Ice,,Not Applicable,"Light Support/Utility Pole, Collision With Fixed Object",1,354829,36087,259,0.3,7336134.0,9989.2,886
2024,Property Damage Accident,9:47,2024-01-16,Tuesday,Y,Daylight,CHESTNUT RIDGE,OTHER,ROCKLAND,Straight and Level,Snow,,Snow/Ice,982L85011013,Not Applicable,"Guide Rail - Not At End, Collision With Fixed Object",1,354829,36087,259,0.3,7336134.0,9989.2,886
2024,Property Damage Accident,5:41,2024-01-16,Tuesday,Y,Dark-Road Unlighted,ORANGETOWN,OTHER,ROCKLAND,Curve and Grade,Snow,,Snow/Ice,,Not Applicable,"Guide Rail - Not At End, Collision With Fixed Object",1,354829,36087,259,0.3,7336134.0,9989.2,886
2024,Property Damage Accident,11:28,2024-01-16,Tuesday,Y,Daylight,SLOATSBURG,OVERTAKING,ROCKLAND,Straight and Level,Snow,,Snow/Ice,,Not Applicable,"Other Motor Vehicle, Collision With",2,354829,36087,259,0.3,7336134.0,9989.2,886
2024,Property Damage Accident,8:47,2024-01-16,Tuesday,Y,Daylight,SPRING VALLEY,REAR END,ROCKLAND,Straight and Grade,Clear,,Snow/Ice,,Not Applicable,"Other Motor Vehicle, Collision With",2,354829,36087,259,0.3,7336134.0,9989.2,886
2024,Property Damage Accident,13:03,2024-01-16,Tuesday,Y,Daylight,ORANGETOWN,OTHER,ROCKLAND,Curve and Level,Rain,,Slush,,Not Applicable,"Tree, Collision With Fixed Object",1,354829,36087,259,0.3,7336134.0,9989.2,886
2024,Property Damage Accident,8:15,2024-01-16,Tuesday,Y,Daylight,NEW ROCHELLE,OTHER,WESTCHESTER,Straight at Hill Crest,Cloudy,,Snow/Ice,,Not Applicable,"Fence, Collision With Fixed Object",1,1009165,36119,850,0.8,18110248.0,6143.2,3354
2024,Property Damage & Injury Accident,0:46,2024-01-16,Tuesday,Y,Dark-Road Unlighted,EASTCHESTER,OTHER,WESTCHESTER,Curve and Grade,Snow,,Snow/Ice,907W87011012,Not Applicable,"Other Object (Not Fixed)*, Collision With",1,1009165,36119,850,0.8,18110248.0,6143.2,3354
2024,Property Damage Accident,19:12,2024-01-16,Tuesday,Y,Dark-Road Lighted,NEW ROCHELLE,OVERTAKING,WESTCHESTER,Straight and Level,Clear,,Snow/Ice,,Not Applicable,"Other Motor Vehicle, Collision With",2,1009165,36119,850,0.8,18110248.0,6143.2,3354
2024,Property Damage & Injury Accident,11:06,2024-01-16,Tuesday,Y,Daylight,SCARSDALE,RIGHT TURN (5),WESTCHESTER,Straight and Level,Snow,Stop Sign,Snow/Ice,,Not Applicable,"Other Motor Vehicle, Collision With",2,1009165,36119,850,0.8,18110248.0,6143.2,3354
2024,Property Damage & Injury Accident,9:08,2024-01-16,Tuesday,Y,Daylight,YONKERS,REAR END,WESTCHESTER,Straight and Level,Cloudy,,Dry,,Not Applicable,"Other Motor Vehicle, Collision With",2,1009165,36119,850,0.8,18110248.0,6143.2,3354
2024,Property Damage & Injury Accident,17:39,2024-01-16,Tuesday,Y,Dusk,PELHAM,RIGHT ANGLE,WESTCHESTER,Straight and Grade,Sleet/Hail/Freezing Rain,Stop Sign,Snow/Ice,,Not Applicable,"Other Motor Vehicle, Collision With",2,1009165,36119,850,0.8,18110248.0,6143.2,3354
2024,Property Damage Accident,15:50,2024-01-16,Tuesday,Y,Daylight,NORTH SALEM,OTHER,WESTCHESTER,Straight and Grade,Sleet/Hail/Freezing Rain,Traffic Signal,Snow/Ice,684I87011212,Not Applicable,"Guide Rail - Not At End, Collision With Fixed Object",1,1009165,36119,850,0.8,18110248.0,6143.2,3354
2024,Property Damage Accident,3:11,2024-01-16,Tuesday,Y,Dark-Road Unlighted,MOUNT PLEASANT,OTHER,WESTCHESTER,Straight and Grade,Snow,,Snow/Ice,987F87012082,Not Applicable,"Guide Rail - Not At End, Collision With Fixed Object",1,1009165,36119,850,0.8,18110248.0,6143.2,3354
2024,Property Damage Accident,6:46,2024-01-16,Tuesday,Y,Dawn,NORTH CASTLE,OTHER,WESTCHESTER,Straight and Level,Snow,,Snow/Ice,684I87011056,Not Applicable,"Guide Rail - Not At End, Collision With Fixed Object",1,1009165,36119,850,0.8,18110248.0,6143.2,3354
2024,Property Damage Accident,9:41,2024-01-16,Tuesday,Y,Daylight,SLEEPY HOLLOW,Unknown,WESTCHESTER,Straight and Level,Snow,,Snow/Ice,,Not Applicable,"Other Motor Vehicle, Collision With",2,1009165,36119,850,0.8,18110248.0,6143.2,3354
2024,Property Damage Accident,12:30,2024-01-16,Tuesday,Y,Daylight,CORTLANDT,OTHER,WESTCHESTER,Curve and Grade,Sleet/Hail/Freezing Rain,No Passing Zone,Slush,,Not Applicable,"Other Fixed Object*, Collision With Fixed Object",1,1009165,36119,850,0.8,18110248.0,6143.2,3354
2024,Property Damage Accident,7:38,2024-01-16,Tuesday,Y,Unknown,YONKERS,SIDESWIPE,WESTCHESTER,Curve at Hill Crest,Snow,,Snow/Ice,,Not Applicable,"Other Motor Vehicle, Collision With",2,1009165,36119,850,0.8,18110248.0,6143.2,3354
2024,Property Damage Accident,21:45,2024-01-16,Tuesday,Y,Dark-Road Unlighted,OSSINING,RIGHT TURN (6),WESTCHESTER,Straight and Level,Snow,,Snow/Ice,,Not Applicable,"Other Motor Vehicle, Collision With",2,1009165,36119,850,0.8,18110248.0,6143.2,3354
2024,Property Damage & Injury Accident,15:25,2024-01-16,Tuesday,Y,Daylight,NEW ROCHELLE,LEFT TURN (3),WESTCHESTER,Straight and Level,Snow,,Snow/Ice,,Not Applicable,"Other Motor Vehicle, Collision With",2,1009165,36119,850,0.8,18110248.0,6143.2,3354
2024,Property Damage Accident,0:42,2024-01-16,Tuesday,Y,Dark-Road Lighted,MOUNT KISCO,OTHER,WESTCHESTER,Straight at Hill Crest,Snow,,Snow/Ice,,Not Applicable,"Sign Post, Collision With Fixed Object",1,1009165,36119,850,0.8,18110248.0,6143.2,3354
2024,Property Damage Accident,2:11,2024-01-16,Tuesday,Y,Dark-Road Unlighted,NORTH CASTLE,OTHER,WESTCHESTER,Curve and Level,Snow,,Snow/Ice,,Not Applicable,"Guide Rail - Not At End, Collision With Fixed Object",1,1009165,36119,850,0.8,18110248.0,6143.2,3354
2024,Property Damage Accident,15:10,2024-01-16,Tuesday,Y,Daylight,YONKERS,OTHER,WESTCHESTER,Curve and Grade,Sleet/Hail/Freezing Rain,,Snow/Ice,907K87011007,Not Applicable,"Guide Rail - End, Collision With Fixed Object",1,1009165,36119,850,0.8,18110248.0,6143.2,3354
2024,Property Damage Accident,15:31,2024-01-16,Tuesday,Y,Daylight,WHITE PLAINS,OTHER,WESTCHESTER,Curve and Grade,Clear,,Snow/Ice,,Not Applicable,"Light Support/Utility Pole, Collision With Fixed Object",1,1009165,36119,850,0.8,18110248.0,6143.2,3354
2024,Property Damage & Injury Accident,9:55,2024-01-16,Tuesday,Y,Daylight,MOUNT PLEASANT,HEAD ON,WESTCHESTER,Curve and Grade,Snow,,Snow/Ice,,Not Applicable,"Other Motor Vehicle, Collision With",2,1009165,36119,850,0.8,18110248.0,6143.2,3354
2024,Property Damage & Injury Accident,9:40,2024-01-16,Tuesday,Y,Daylight,NORTH CASTLE,OTHER,WESTCHESTER,Curve and Grade,Snow,,Snow/Ice,,Not Applicable,"Culver/Head Wall, Collision With Fixed Object",1,1009165,36119,850,0.8,18110248.0,6143.2,3354
2024,Property Damage Accident,13:40,2024-01-16,Tuesday,Y,Daylight,CORTLANDT,LEFT TURN (3),WESTCHESTER,Curve and Level,Sleet/Hail/Freezing Rain,No Passing Zone,Slush,6 87033012,Not Applicable,"Other Motor Vehicle, Collision With",2,1009165,36119,850,0.8,18110248.0,6143.2,3354
2024,Property Damage Accident,0:29,2024-01-16,Tuesday,Y,Dark-Road Unlighted,NORTH CASTLE,OTHER,WESTCHESTER,Curve and Grade,Snow,,Snow/Ice,,Not Applicable,"Guide Rail - Not At End, Collision With Fixed Object",1,1009165,36119,850,0.8,18110248.0,6143.2,3354
2024,Property Damage Accident,15:18,2024-01-16,Tuesday,Y,Daylight,RYE,OTHER,WESTCHESTER,Curve and Grade,Cloudy,,Snow/Ice,,Not Applicable,"Guide Rail - Not At End, Collision With Fixed Object",1,1009165,36119,850,0.8,18110248.0,6143.2,3354
2024,Property Damage Accident,15:00,2024-01-16,Tuesday,N,Unknown,,OTHER,WESTCHESTER,Unknown,Unknown,Unknown,Unknown,,Not Applicable,"Barrier, Collision With Fixed Object",1,1009165,36119,850,0.8,18110248.0,6143.2,3354
2024,Property Damage Accident,9:14,2024-01-16,Tuesday,Y,Daylight,YONKERS,OTHER,WESTCHESTER,Curve and Grade,Snow,Unknown,Snow/Ice,,Not Applicable,"Other Motor Vehicle, Collision With",3,1009165,36119,850,0.8,18110248.0,6143.2,3354
2024,Property Damage Accident,9:44,2024-01-16,Tuesday,Y,Daylight,MOUNT PLEASANT,OTHER,WESTCHESTER,Curve and Grade,Snow,,Snow/Ice,987D87012107,Not Applicable,"Guide Rail - Not At End, Collision With Fixed Object",1,1009165,36119,850,0.8,18110248.0,6143.2,3354
2024,Property Damage Accident,14:36,2024-01-16,Tuesday,Y,Daylight,GREENBURGH,OTHER,WESTCHESTER,Curve and Level,Rain,,Snow/Ice,,Not Applicable,"Curbing, Collision With Fixed Object",1,1009165,36119,850,0.8,18110248.0,6143.2,3354
2024,Property Damage Accident,15:53,2024-01-16,Tuesday,Y,Dusk,NORTH CASTLE,OTHER,WESTCHESTER,Curve and Level,Snow,,Snow/Ice,,Not Applicable,"Guide Rail - Not At End, Collision With Fixed Object",1,1009165,36119,850,0.8,18110248.0,6143.2,3354
2024,Property Damage Accident,10:17,2024-01-16,Tuesday,Y,Daylight,NORTH CASTLE,REAR END,WESTCHESTER,Straight and Grade,Snow,Traffic Signal,Snow/Ice,22 87023031,Not Applicable,"Other Motor Vehicle, Collision With",2,1009165,36119,850,0.8,18110248.0,6143.2,3354
2024,Property Damage Accident,13:05,2024-01-16,Tuesday,Y,Daylight,PEEKSKILL,OTHER,WESTCHESTER,Straight and Level,Sleet/Hail/Freezing Rain,,Slush,,Not Applicable,"Light Support/Utility Pole, Collision With Fixed Object",1,1009165,36119,850,0.8,18110248.0,6143.2,3354
2024,Property Damage & Injury Accident,15:57,2024-01-16,Tuesday,Y,Daylight,SCARSDALE,OTHER,WESTCHESTER,Curve and Grade,Sleet/Hail/Freezing Rain,,Snow/Ice,,Not Applicable,"Light Support/Utility Pole, Collision With Fixed Object",1,1009165,36119,850,0.8,18110248.0,6143.2,3354
2024,Property Damage & Injury Accident,12:40,2024-01-16,Tuesday,Y,Daylight,MOUNT VERNON,OTHER,WESTCHESTER,Curve and Level,Sleet/Hail/Freezing Rain,,Snow/Ice,,Not Applicable,"Guide Rail - Not At End, Collision With Fixed Object",1,1009165,36119,850,0.8,18110248.0,6143.2,3354
2024,Property Damage & Injury Accident,9:08,2024-01-16,Tuesday,Y,Daylight,PEEKSKILL,OTHER,WESTCHESTER,Straight and Grade,Snow,,Snow/Ice,987H87011011,Not Applicable,"Tree, Collision With Fixed Object",1,1009165,36119,850,0.8,18110248.0,6143.2,3354
2024,Property Damage Accident,1:00,2024-01-16,Tuesday,Y,Dark-Road Unlighted,POUND RIDGE,OTHER,WESTCHESTER,Curve and Level,Snow,Unknown,Snow/Ice,124 87011014,Not Applicable,"Building/Wall, Collision With Fixed Object",1,1009165,36119,850,0.8,18110248.0,6143.2,3354
2024,Property Damage & Injury Accident,10:45,2024-01-16,Tuesday,Y,Daylight,NORTH SALEM,OTHER,WESTCHESTER,Curve and Grade,Sleet/Hail/Freezing Rain,,Snow/Ice,,Not Applicable,"Tree, Collision With Fixed Object",1,1009165,36119,850,0.8,18110248.0,6143.2,3354
2024,Property Damage & Injury Accident,8:54,2024-01-16,Tuesday,Y,Daylight,HARRISON,OTHER,WESTCHESTER,Straight and Level,Snow,,Wet,684I87011020,Not Applicable,"Other Motor Vehicle, Collision With",3,1009165,36119,850,0.8,18110248.0,6143.2,3354
2024,Property Damage Accident,0:36,2024-01-16,Tuesday,Y,Dark-Road Unlighted,NEW ROCHELLE,OTHER,WESTCHESTER,Curve and Grade,Snow,,Snow/Ice,,Not Applicable,"Sign Post, Collision With Fixed Object",1,1009165,36119,850,0.8,18110248.0,6143.2,3354
2024,Property Damage Accident,10:20,2024-01-16,Tuesday,Y,Daylight,BRIARCLIFF MANOR,OTHER,WESTCHESTER,Curve and Grade,Sleet/Hail/Freezing Rain,,Snow/Ice,,Not Applicable,"Sign Post, Collision With Fixed Object",1,1009165,36119,850,0.8,18110248.0,6143.2,3354
2024,Property Damage Accident,14:03,2024-01-16,Tuesday,Y,Daylight,NORTH SALEM,OTHER,WESTCHESTER,Curve and Level,Rain,,Snow/Ice,684I87011234,Not Applicable,"Guide Rail - Not At End, Collision With Fixed Object",1,1009165,36119,850,0.8,18110248.0,6143.2,3354
2024,Property Damage Accident,11:00,2024-01-17,Wednesday,Y,Daylight,RED HOOK,REAR END,DUTCHESS,Straight and Level,Clear,,Dry,9 82053199,Not Applicable,"Other Motor Vehicle, Collision With",2,299256,36027,1695,0.8,5987961.0,3975.0,1300
2024,Property Damage Accident,17:30,2024-01-17,Wednesday,Y,Dark-Road Unlighted,RHINEBECK,OTHER,DUTCHESS,Straight and Level,Clear,,Snow/Ice,,Not Applicable,"Tree, Collision With Fixed Object",1,299256,36027,1695,0.8,5987961.0,3975.0,1300
2024,Property Damage Accident,10:10,2024-01-17,Wednesday,Y,Daylight,FISHKILL,OTHER,DUTCHESS,Straight and Level,Clear,,Wet,9D82033014,Not Applicable,"Other Motor Vehicle, Collision With",3,299256,36027,1695,0.8,5987961.0,3975.0,1300
2024,Property Damage Accident,13:20,2024-01-17,Wednesday,Y,Daylight,FISHKILL,REAR END,DUTCHESS,Straight and Level,Clear,,Dry,52 82042071,Not Applicable,"Other Motor Vehicle, Collision With",2,299256,36027,1695,0.8,5987961.0,3975.0,1300
2024,Property Damage Accident,9:27,2024-01-17,Wednesday,Y,Daylight,WAPPINGER,REAR END,DUTCHESS,Straight and Level,Clear,,Wet,,Not Applicable,"Other Motor Vehicle, Collision With",2,299256,36027,1695,0.8,5987961.0,3975.0,1300
2024,Property Damage & Injury Accident,15:13,2024-01-17,Wednesday,Y,Daylight,POUGHKEEPSIE,RIGHT ANGLE,DUTCHESS,Straight and Level,Clear,Traffic Signal,Dry,44 82022V01,Not Applicable,"Other Motor Vehicle, Collision With",2,299256,36027,1695,0.8,5987961.0,3975.0,1300
2024,Property Damage Accident,9:03,2024-01-17,Wednesday,Y,Daylight,FISHKILL,OTHER,DUTCHESS,Curve and Level,Clear,,Snow/Ice,9D82033014,Not Applicable,"Earth Embankment/Rock Cut/Ditch, Collision With Fixed Object",1,299256,36027,1695,0.8,5987961.0,3975.0,1300
2024,Property Damage & Injury Accident,16:03,2024-01-17,Wednesday,Y,Daylight,NEWBURGH,OTHER,ORANGE,Straight and Level,Clear,,Dry,32 83013025,Not Applicable,"Earth Embankment/Rock Cut/Ditch, Collision With Fixed Object",1,415088,36071,4753,2.6,13857119.0,5167.5,1527
2024,Property Damage & Injury Accident,16:11,2024-01-17,Wednesday,Y,Daylight,WALLKILL,REAR END,ORANGE,Straight and Level,Clear,,Dry,,Not Applicable,"Other Motor Vehicle, Collision With",2,415088,36071,4753,2.6,13857119.0,5167.5,1527
2024,Property Damage Accident,18:50,2024-01-17,Wednesday,Y,Dark-Road Unlighted,GREENVILLE,OTHER,ORANGE,Straight and Grade,Cloudy,Stop Sign,Dry,,Not Applicable,"Ran Off Roadway Only, Non-Collision",1,415088,36071,4753,2.6,13857119.0,5167.5,1527
2024,Property Damage Accident,19:34,2024-01-17,Wednesday,Y,Dark-Road Lighted,NEWBURGH,OVERTAKING,ORANGE,Straight and Level,Clear,Traffic Signal,Dry,9W83022017,Not Applicable,"Other Motor Vehicle, Collision With",2,415088,36071,4753,2.6,13857119.0,5167.5,1527
2024,Property Damage Accident,13:15,2024-01-17,Wednesday,Y,Daylight,MONROE,RIGHT ANGLE,ORANGE,Straight and Level,Clear,,Dry,17M 83011165,Not Applicable,"Other Motor Vehicle, Collision With",2,415088,36071,4753,2.6,13857119.0,5167.5,1527
2024,Property Damage Accident,12:10,2024-01-17,Wednesday,Y,Daylight,WALLKILL,REAR END,ORANGE,Straight and Level,Clear,Traffic Signal,Dry,,Not Applicable,"Other Motor Vehicle, Collision With",2,415088,36071,4753,2.6,13857119.0,5167.5,1527
2024,Property Damage & Injury Accident,9:05,2024-01-17,Wednesday,Y,Daylight,WOODBURY,OTHER,ORANGE,Straight and Level,Clear,Unknown,Dry,,Not Applicable,"Other Motor Vehicle, Collision With",3,415088,36071,4753,2.6,13857119.0,5167.5,1527
2024,Injury Accident,15:30,2024-01-17,Wednesday,Y,Daylight,MIDDLETOWN,OVERTAKING,ORANGE,Straight and Grade,Clear,Stopped School Bus-Red Lights Flashing,Dry,,Not Applicable,"Other Motor Vehicle, Collision With",2,415088,36071,4753,2.6,13857119.0,5167.5,1527
2024,Property Damage Accident,20:06,2024-01-17,Wednesday,Y,Dark-Road Lighted,WALDEN,OVERTAKING,ORANGE,Straight and Level,Clear,,Dry,,Not Applicable,"Other Motor Vehicle, Collision With",2,415088,36071,4753,2.6,13857119.0,5167.5,1527
2024,Property Damage & Injury Accident,10:30,2024-01-17,Wednesday,Y,Daylight,WALLKILL,OTHER,ORANGE,Curve and Level,Clear,,Wet,302 83011011,Not Applicable,"Light Support/Utility Pole, Collision With Fixed Object",1,415088,36071,4753,2.6,13857119.0,5167.5,1527
2024,Property Damage Accident,15:20,2024-01-17,Wednesday,Y,Daylight,WARWICK,REAR END,ORANGE,Straight and Level,Clear,,Dry,,Not Applicable,"Other Motor Vehicle, Collision With",2,415088,36071,4753,2.6,13857119.0,5167.5,1527
2024,Property Damage & Injury Accident,14:19,2024-01-17,Wednesday,Y,Daylight,WARWICK,REAR END,ORANGE,Straight and Level,Cloudy,,Wet,,Not Applicable,"Other Motor Vehicle, Collision With",2,415088,36071,4753,2.6,13857119.0,5167.5,1527
2024,Property Damage Accident,15:50,2024-01-17,Wednesday,Y,Daylight,PUTNAM VALLEY,REAR END,PUTNAM,Straight and Level,Clear,Traffic Signal,Dry,,Not Applicable,"Other Motor Vehicle, Collision With",2,98842,36079,509,0.7,2746105.0,4089.2,375
2024,Property Damage Accident,6:10,2024-01-17,Wednesday,Y,Dark-Road Lighted,RAMAPO,OTHER,ROCKLAND,Straight and Level,Clear,,Snow/Ice,,Not Applicable,"Other Fixed Object*, Collision With Fixed Object",1,354829,36087,259,0.3,7336134.0,9989.2,886
2024,Property Damage Accident,8:05,2024-01-17,Wednesday,Y,Daylight,HAVERSTRAW,OVERTAKING,ROCKLAND,Straight and Grade,Clear,,Wet,9W85011148,Not Applicable,"Other Motor Vehicle, Collision With",2,354829,36087,259,0.3,7336134.0,9989.2,886
2024,Property Damage Accident,10:38,2024-01-17,Wednesday,Y,Daylight,,OTHER,ROCKLAND,Straight and Grade,Clear,Stop Sign,Dry,59 85011053,Not Applicable,"Other Motor Vehicle, Collision With",2,354829,36087,259,0.3,7336134.0,9989.2,886
2024,Property Damage Accident,9:25,2024-01-17,Wednesday,Y,Daylight,RAMAPO,REAR END,ROCKLAND,Straight and Level,Clear,,Snow/Ice,,Not Applicable,"Other Motor Vehicle, Collision With",2,354829,36087,259,0.3,7336134.0,9989.2,886
2024,Injury Accident,11:45,2024-01-17,Wednesday,Y,Daylight,HAVERSTRAW,REAR END,ROCKLAND,Straight and Level,Cloudy,,Dry,987C85011161,Not Applicable,"Other Motor Vehicle, Collision With",2,354829,36087,259,0.3,7336134.0,9989.2,886
2024,Property Damage Accident,16:45,2024-01-17,Wednesday,Y,Daylight,CLARKSTOWN,OVERTAKING,ROCKLAND,Straight and Level,Clear,,Dry,,Not Applicable,"Other Motor Vehicle, Collision With",2,354829,36087,259,0.3,7336134.0,9989.2,886
2024,Property Damage Accident,18:40,2024-01-17,Wednesday,Y,Dark-Road Unlighted,CLARKSTOWN,RIGHT ANGLE,ROCKLAND,Straight and Level,Clear,,Snow/Ice,,Not Applicable,"Other Motor Vehicle, Collision With",2,354829,36087,259,0.3,7336134.0,9989.2,886
2024,Property Damage Accident,17:29,2024-01-17,Wednesday,Y,Dark-Road Lighted,KINGSTON,RIGHT ANGLE,ULSTER,Straight and Level,Clear,Other,Wet,983G86011002,Not Applicable,"Other Motor Vehicle, Collision With",2,183095,36111,3565,1.2,6410502.0,3939.4,999
2024,Property Damage Accident,13:10,2024-01-17,Wednesday,Y,Daylight,WAWARSING,OTHER,ULSTER,Straight and Level,Clear,,Snow/Ice,,Not Applicable,"Other Fixed Object*, Collision With Fixed Object",1,183095,36111,3565,1.2,6410502.0,3939.4,999
2024,Property Damage Accident,11:51,2024-01-17,Wednesday,Y,Daylight,ULSTER,OVERTAKING,ULSTER,Straight and Level,Clear,Traffic Signal,Dry,981M86011012,Not Applicable,"Other Motor Vehicle, Collision With",2,183095,36111,3565,1.2,6410502.0,3939.4,999
2024,Property Damage Accident,8:00,2024-01-17,Wednesday,Y,Daylight,PLATTEKILL,OTHER,ULSTER,Straight and Grade,Clear,,Snow/Ice,,Not Applicable,"Sign Post, Collision With Fixed Object",1,183095,36111,3565,1.2,6410502.0,3939.4,999
2024,Property Damage Accident,6:28,2024-01-17,Wednesday,Y,Dark-Road Lighted,MARLBOROUGH,REAR END,ULSTER,Straight and Level,Clear,Other,Dry,9W86031014,Not Applicable,"Other Motor Vehicle, Collision With",2,183095,36111,3565,1.2,6410502.0,3939.4,999