year,accident_descriptor,time,date,day_of_week,police_report,lighting_conditions,municipality,collision_type_descriptor,county_name,road_descriptor,weather_conditions,traffic_control_device,road_surface_conditions,dot_reference_marker_location,pedestrian_bicyclist_action,event_descriptor,number_of_vehicles_involved,county_population_2024,county_fips,county_deer_take_2024,county_antlerless_deer_per_sqmi_2024,county_daily_vmt_2019,county_mean_aadt_2019,county_aadt_segments_2019
2024,Property Damage Accident,17:23,2024-01-17,Wednesday,Y,Dark-Road Lighted,WAWARSING,REAR END,ULSTER,Straight and Level,Clear,No Passing Zone,Snow/Ice,209 86031054,Not Applicable,"Other Motor Vehicle, Collision With",2,183095,36111,3565,1.2,6410502.0,3939.4,999
2024,Property Damage & Injury Accident,18:13,2024-01-17,Wednesday,Y,Dark-Road Unlighted,GREENBURGH,OTHER,WESTCHESTER,Straight and Level,Clear,,Dry,987F87012062,Not Applicable,"Other Motor Vehicle, Collision With",3,1009165,36119,850,0.8,18110248.0,6143.2,3354
2024,Property Damage & Injury Accident,11:14,2024-01-17,Wednesday,Y,Daylight,GREENBURGH,LEFT TURN (3),WESTCHESTER,Straight and Level,Clear,Traffic Signal,Dry,,Not Applicable,"Other Motor Vehicle, Collision With",2,1009165,36119,850,0.8,18110248.0,6143.2,3354
2024,Property Damage & Injury Accident,12:36,2024-01-17,Wednesday,Y,Daylight,YONKERS,RIGHT ANGLE,WESTCHESTER,Straight and Grade,Clear,,Dry,,Not Applicable,"Other Motor Vehicle, Collision With",2,1009165,36119,850,0.8,18110248.0,6143.2,3354
2024,Property Damage Accident,8:00,2024-01-17,Wednesday,Y,Daylight,BEDFORD,REAR END,WESTCHESTER,Straight and Level,Clear,,Snow/Ice,684I87011172,Not Applicable,"Other Motor Vehicle, Collision With",2,1009165,36119,850,0.8,18110248.0,6143.2,3354
2024,Injury Accident,15:00,2024-01-17,Wednesday,Y,Daylight,TARRYTOWN,OTHER,WESTCHESTER,Straight and Level,Clear,Stop Sign,Dry,9 87032075,"Crossing, No Signal, Marked Crosswalk",Other Pedestrian,1,1009165,36119,850,0.8,18110248.0,6143.2,3354
2024,Property Damage Accident,9:52,2024-01-17,Wednesday,Y,Daylight,WHITE PLAINS,RIGHT ANGLE,WESTCHESTER,Straight and Level,Clear,,Dry,,Not Applicable,"Other Motor Vehicle, Collision With",2,1009165,36119,850,0.8,18110248.0,6143.2,3354
2024,Property Damage Accident,16:30,2024-01-17,Wednesday,Y,Dusk,GREENBURGH,OVERTAKING,WESTCHESTER,Straight and Level,Clear,,Dry,9A87032004,Not Applicable,"Other Motor Vehicle, Collision With",2,1009165,36119,850,0.8,18110248.0,6143.2,3354
2024,Property Damage Accident,12:10,2024-01-17,Wednesday,Y,Daylight,BRIARCLIFF MANOR,OVERTAKING,WESTCHESTER,Straight and Level,Clear,,Dry,9A87032120,Not Applicable,"Other Motor Vehicle, Collision With",2,1009165,36119,850,0.8,18110248.0,6143.2,3354
2024,Property Damage & Injury Accident,10:09,2024-01-17,Wednesday,Y,Daylight,SCARSDALE,OTHER,WESTCHESTER,Straight and Level,Clear,,Snow/Ice,907W87023010,Not Applicable,"Other Motor Vehicle, Collision With",3,1009165,36119,850,0.8,18110248.0,6143.2,3354
2024,Property Damage Accident,10:17,2024-01-17,Wednesday,Y,Daylight,GREENBURGH,REAR END,WESTCHESTER,Straight and Grade,Clear,,Snow/Ice,100B87011018,Not Applicable,"Other Motor Vehicle, Collision With",2,1009165,36119,850,0.8,18110248.0,6143.2,3354
2024,Property Damage Accident,10:29,2024-01-17,Wednesday,Y,Daylight,YORKTOWN,REAR END,WESTCHESTER,Curve and Level,Clear,,Wet,35 87012072,Not Applicable,"Other Motor Vehicle, Collision With",2,1009165,36119,850,0.8,18110248.0,6143.2,3354
2024,Property Damage Accident,21:57,2024-01-17,Wednesday,Y,Dark-Road Lighted,MAMARONECK,RIGHT ANGLE,WESTCHESTER,Straight and Grade,Cloudy,Stop Sign,Dry,,Not Applicable,"Other Motor Vehicle, Collision With",2,1009165,36119,850,0.8,18110248.0,6143.2,3354
2024,Property Damage & Injury Accident,19:30,2024-01-17,Wednesday,Y,Dark-Road Unlighted,SOMERS,OTHER,WESTCHESTER,Curve and Level,Clear,No Passing Zone,Dry,35 87012107,Not Applicable,"Other Motor Vehicle, Collision With",3,1009165,36119,850,0.8,18110248.0,6143.2,3354
2024,Property Damage & Injury Accident,9:16,2024-01-17,Wednesday,Y,Daylight,WHITE PLAINS,OTHER,WESTCHESTER,Straight and Level,Clear,,Snow/Ice,119 87012005,Not Applicable,"Barrier, Collision With Fixed Object",1,1009165,36119,850,0.8,18110248.0,6143.2,3354
2024,Property Damage Accident,14:30,2024-01-17,Wednesday,Y,Daylight,NEW ROCHELLE,OVERTAKING,WESTCHESTER,Straight and Level,Clear,,Snow/Ice,1 87032019,Not Applicable,"Other Motor Vehicle, Collision With",2,1009165,36119,850,0.8,18110248.0,6143.2,3354
2024,Property Damage Accident,8:55,2024-01-17,Wednesday,Y,Daylight,HARRISON,REAR END,WESTCHESTER,Straight and Level,Clear,,Snow/Ice,120 87012025,Not Applicable,"Other Motor Vehicle, Collision With",2,1009165,36119,850,0.8,18110248.0,6143.2,3354
2024,Property Damage Accident,6:23,2024-01-17,Wednesday,Y,Dawn,ELMSFORD,OTHER,WESTCHESTER,Curve and Grade,Clear,,Snow/Ice,,Not Applicable,"Curbing, Collision With Fixed Object",1,1009165,36119,850,0.8,18110248.0,6143.2,3354
2024,Property Damage Accident,16:15,2024-01-17,Wednesday,Y,Daylight,PEEKSKILL,RIGHT ANGLE,WESTCHESTER,Straight and Level,Clear,,Snow/Ice,,Not Applicable,"Other Motor Vehicle, Collision With",2,1009165,36119,850,0.8,18110248.0,6143.2,3354
2024,Property Damage Accident,15:50,2024-01-17,Wednesday,Y,Daylight,MOUNT PLEASANT,RIGHT ANGLE,WESTCHESTER,Straight and Level,Clear,,Dry,141 87011020,Not Applicable,"Other Motor Vehicle, Collision With",2,1009165,36119,850,0.8,18110248.0,6143.2,3354
2024,Property Damage Accident,7:57,2024-01-17,Wednesday,Y,Daylight,YONKERS,REAR END,WESTCHESTER,Curve and Grade,Clear,,Snow/Ice,,Not Applicable,"Other Motor Vehicle, Collision With",2,1009165,36119,850,0.8,18110248.0,6143.2,3354
2024,Property Damage & Injury Accident,9:58,2024-01-17,Wednesday,Y,Daylight,ELMSFORD,OVERTAKING,WESTCHESTER,Straight and Level,Clear,,Dry,987F87012053,Not Applicable,"Other Motor Vehicle, Collision With",2,1009165,36119,850,0.8,18110248.0,6143.2,3354
2024,Property Damage Accident,8:13,2024-01-17,Wednesday,Y,Daylight,MOUNT PLEASANT,REAR END,WESTCHESTER,Straight at Hill Crest,Clear,Traffic Signal,Snow/Ice,100C87011012,Not Applicable,"Other Motor Vehicle, Collision With",2,1009165,36119,850,0.8,18110248.0,6143.2,3354
2024,Property Damage Accident,9:10,2024-01-18,Thursday,Y,Daylight,FISHKILL,OVERTAKING,DUTCHESS,Straight and Level,Clear,,Dry,84I82021005,Not Applicable,"Other Motor Vehicle, Collision With",2,299256,36027,1695,0.8,5987961.0,3975.0,1300
2024,Property Damage & Injury Accident,7:08,2024-01-18,Thursday,Y,Dark-Road Lighted,WAPPINGER FALLS,HEAD ON,DUTCHESS,Straight and Level,Clear,,Dry,,Not Applicable,"Other Motor Vehicle, Collision With",2,299256,36027,1695,0.8,5987961.0,3975.0,1300
2024,Property Damage Accident,12:55,2024-01-18,Thursday,Y,Daylight,PLEASANT VALLEY,RIGHT ANGLE,DUTCHESS,Straight and Level,Cloudy,,Wet,44 82022058,Not Applicable,"Other Motor Vehicle, Collision With",2,299256,36027,1695,0.8,5987961.0,3975.0,1300
2024,Property Damage & Injury Accident,22:46,2024-01-18,Thursday,Y,Dark-Road Lighted,MONROE,RIGHT ANGLE,ORANGE,Straight and Level,Clear,Stop Sign,Dry,,Not Applicable,"Other Motor Vehicle, Collision With",2,415088,36071,4753,2.6,13857119.0,5167.5,1527
2024,Property Damage Accident,15:54,2024-01-18,Thursday,Y,Daylight,WARWICK,REAR END,ORANGE,Straight and Grade,Cloudy,,Wet,,Not Applicable,"Other Motor Vehicle, Collision With",2,415088,36071,4753,2.6,13857119.0,5167.5,1527
2024,Property Damage Accident,12:30,2024-01-18,Thursday,Y,Daylight,WARWICK,OTHER,ORANGE,Curve and Level,Cloudy,No Passing Zone,Wet,,Not Applicable,"Light Support/Utility Pole, Collision With Fixed Object",1,415088,36071,4753,2.6,13857119.0,5167.5,1527
2024,Property Damage Accident,18:19,2024-01-18,Thursday,Y,Dark-Road Lighted,NEWBURGH,OTHER,ORANGE,Straight and Level,Clear,Stop Sign,Dry,,Not Applicable,"Other Motor Vehicle, Collision With",3,415088,36071,4753,2.6,13857119.0,5167.5,1527
2024,Property Damage Accident,10:00,2024-01-18,Thursday,Y,Daylight,GOSHEN,OTHER,ORANGE,Straight and Level,Cloudy,,Dry,17A83011042,Not Applicable,"Other Motor Vehicle, Collision With",3,415088,36071,4753,2.6,13857119.0,5167.5,1527
2024,Property Damage Accident,16:32,2024-01-18,Thursday,Y,Daylight,WOODBURY,REAR END,ORANGE,Straight and Level,Clear,Traffic Signal,Dry,17 83101256,Not Applicable,"Other Motor Vehicle, Collision With",2,415088,36071,4753,2.6,13857119.0,5167.5,1527
2024,Property Damage Accident,17:38,2024-01-18,Thursday,Y,Dark-Road Unlighted,WARWICK,OTHER,ORANGE,Curve and Level,Clear,No Passing Zone,Dry,17A83011073,Not Applicable,Deer,1,415088,36071,4753,2.6,13857119.0,5167.5,1527
2024,Property Damage Accident,10:00,2024-01-18,Thursday,Y,Daylight,MONTGOMERY,OTHER,ORANGE,Straight and Level,Cloudy,,Dry,84I83011290,Not Applicable,"Animal, Collision With",1,415088,36071,4753,2.6,13857119.0,5167.5,1527
2024,Property Damage & Injury Accident,17:06,2024-01-18,Thursday,Y,Dusk,CHESTER,RIGHT ANGLE,ORANGE,Straight and Level,Clear,No Passing Zone,Dry,17M83013106,Not Applicable,"Other Motor Vehicle, Collision With",2,415088,36071,4753,2.6,13857119.0,5167.5,1527
2024,Property Damage Accident,17:15,2024-01-18,Thursday,Y,Dark-Road Unlighted,NEWBURGH,REAR END,ORANGE,Straight and Level,Clear,,Dry,84I83013005,Not Applicable,"Other Motor Vehicle, Collision With",2,415088,36071,4753,2.6,13857119.0,5167.5,1527
2024,Property Damage Accident,11:19,2024-01-18,Thursday,Y,Daylight,SOUTHEAST,SIDESWIPE,PUTNAM,Straight and Level,Clear,No Passing Zone,Dry,312 84011038,Not Applicable,"Other Motor Vehicle, Collision With",2,98842,36079,509,0.7,2746105.0,4089.2,375
2024,Property Damage Accident,7:20,2024-01-18,Thursday,Y,Daylight,SOUTHEAST,REAR END,PUTNAM,Straight and Grade,Clear,No Passing Zone,Dry,22 84031068,Not Applicable,"Other Motor Vehicle, Collision With",2,98842,36079,509,0.7,2746105.0,4089.2,375
2024,Property Damage Accident,16:52,2024-01-18,Thursday,Y,Dusk,CARMEL,LEFT TURN (3),PUTNAM,Straight and Level,Clear,Stop Sign,Wet,,Not Applicable,"Other Motor Vehicle, Collision With",2,98842,36079,509,0.7,2746105.0,4089.2,375
2024,Property Damage & Injury Accident,8:53,2024-01-18,Thursday,Y,Daylight,CLARKSTOWN,REAR END,ROCKLAND,Straight and Grade,Clear,,Dry,303 85011078,Not Applicable,"Other Motor Vehicle, Collision With",2,354829,36087,259,0.3,7336134.0,9989.2,886
2024,Property Damage Accident,16:05,2024-01-18,Thursday,N,Daylight,CLARKSTOWN,OVERTAKING,ROCKLAND,Straight and Grade,Cloudy,Traffic Signal,Wet,303 85011074,Not Applicable,"Other Motor Vehicle, Collision With",2,354829,36087,259,0.3,7336134.0,9989.2,886
2024,Property Damage Accident,16:46,2024-01-18,Thursday,Y,Dark-Road Lighted,ORANGETOWN,REAR END,ROCKLAND,Curve and Level,Clear,Stop Sign,Wet,,Not Applicable,"Other Motor Vehicle, Collision With",2,354829,36087,259,0.3,7336134.0,9989.2,886
2024,Property Damage Accident,10:49,2024-01-18,Thursday,Y,Daylight,PLATTEKILL,OTHER,ULSTER,Curve and Grade,Cloudy,,Snow/Ice,32 86021044,Not Applicable,"Building/Wall, Collision With Fixed Object",1,183095,36111,3565,1.2,6410502.0,3939.4,999
2024,Property Damage & Injury Accident,15:18,2024-01-18,Thursday,Y,Daylight,ULSTER,HEAD ON,ULSTER,Straight and Level,Clear,,Wet,9W86035017,Not Applicable,"Other Motor Vehicle, Collision With",2,183095,36111,3565,1.2,6410502.0,3939.4,999
2024,Property Damage Accident,21:28,2024-01-18,Thursday,Y,Dark-Road Unlighted,NEW PALTZ,OTHER,ULSTER,Straight and Level,Clear,,Dry,32 86021155,Not Applicable,Deer,1,183095,36111,3565,1.2,6410502.0,3939.4,999
2024,Property Damage Accident,19:11,2024-01-18,Thursday,Y,Dark-Road Lighted,KINGSTON,RIGHT ANGLE,ULSTER,Straight and Grade,Cloudy,,Wet,,Not Applicable,"Other Motor Vehicle, Collision With",2,183095,36111,3565,1.2,6410502.0,3939.4,999
2024,Property Damage Accident,11:33,2024-01-18,Thursday,Y,Daylight,ROSENDALE,SIDESWIPE,ULSTER,Curve at Hill Crest,Cloudy,No Passing Zone,Wet,,Not Applicable,"Other Motor Vehicle, Collision With",2,183095,36111,3565,1.2,6410502.0,3939.4,999
2024,Property Damage Accident,9:26,2024-01-18,Thursday,Y,Daylight,ULSTER,OVERTAKING,ULSTER,Curve and Grade,Cloudy,Other,Dry,28 86012006,Not Applicable,"Other Motor Vehicle, Collision With",2,183095,36111,3565,1.2,6410502.0,3939.4,999
2024,Property Damage Accident,15:59,2024-01-18,Thursday,Y,Daylight,YONKERS,REAR END,WESTCHESTER,Straight and Level,Clear,,Dry,,Not Applicable,"Other Motor Vehicle, Collision With",2,1009165,36119,850,0.8,18110248.0,6143.2,3354
2024,Property Damage Accident,11:53,2024-01-18,Thursday,Y,Daylight,CORTLANDT,OTHER,WESTCHESTER,Straight and Level,Snow,No Passing Zone,Snow/Ice,6 87033006,Not Applicable,"Other Fixed Object*, Collision With Fixed Object",1,1009165,36119,850,0.8,18110248.0,6143.2,3354
2024,Property Damage Accident,16:04,2024-01-18,Thursday,Y,Daylight,NEW ROCHELLE,OVERTAKING,WESTCHESTER,Straight at Hill Crest,Cloudy,Traffic Signal,Dry,982J87011002,Not Applicable,"Other Motor Vehicle, Collision With",2,1009165,36119,850,0.8,18110248.0,6143.2,3354
2024,Property Damage Accident,11:11,2024-01-18,Thursday,Y,Daylight,HARRISON,OTHER,WESTCHESTER,Straight and Level,Cloudy,,Dry,287I87011096,Not Applicable,"Other Object (Not Fixed)*, Collision With",1,1009165,36119,850,0.8,18110248.0,6143.2,3354
2024,Property Damage Accident,20:30,2024-01-18,Thursday,Y,Dark-Road Lighted,MOUNT PLEASANT,OTHER,WESTCHESTER,Straight and Level,Clear,,Dry,,Not Applicable,"Light Support/Utility Pole, Collision With Fixed Object",1,1009165,36119,850,0.8,18110248.0,6143.2,3354
2024,Injury Accident,11:30,2024-01-18,Thursday,Y,Daylight,ELMSFORD,OTHER,WESTCHESTER,Straight and Level,Cloudy,Traffic Signal,Dry,9A87032064,Not Applicable,"Other Motor Vehicle, Collision With",2,1009165,36119,850,0.8,18110248.0,6143.2,3354
2024,Property Damage Accident,14:34,2024-01-18,Thursday,Y,Daylight,NORTH CASTLE,OTHER,WESTCHESTER,Straight and Level,Cloudy,,Dry,,Not Applicable,"Building/Wall, Collision With Fixed Object",1,1009165,36119,850,0.8,18110248.0,6143.2,3354
2024,Property Damage Accident,17:00,2024-01-18,Thursday,N,Dusk,YONKERS,Unknown,WESTCHESTER,Straight and Level,Cloudy,Unknown,Dry,,Not Applicable,"Other Motor Vehicle, Collision With",2,1009165,36119,850,0.8,18110248.0,6143.2,3354
2024,Injury Accident,14:45,2024-01-18,Thursday,Y,Daylight,YONKERS,OTHER,WESTCHESTER,Straight and Level,Cloudy,Traffic Signal,Dry,9 87031011,"Crossing, With Signal","Pedestrian, Collision With",1,1009165,36119,850,0.8,18110248.0,6143.2,3354
2024,Property Damage & Injury Accident,19:17,2024-01-18,Thursday,Y,Dark-Road Unlighted,CORTLANDT,OTHER,WESTCHESTER,Straight and Level,Clear,,Dry,,Not Applicable,"Light Support/Utility Pole, Collision With Fixed Object",1,1009165,36119,850,0.8,18110248.0,6143.2,3354
2024,Property Damage Accident,18:15,2024-01-18,Thursday,Y,Dark-Road Lighted,WHITE PLAINS,OVERTAKING,WESTCHESTER,Straight and Grade,Clear,Traffic Signal,Dry,,Not Applicable,"Other Motor Vehicle, Collision With",2,1009165,36119,850,0.8,18110248.0,6143.2,3354
2024,Injury Accident,7:50,2024-01-18,Thursday,N,Dark-Road Lighted,PELHAM,Unknown,WESTCHESTER,Straight and Level,Clear,,Wet,,Not Applicable,"Other Motor Vehicle, Collision With",2,1009165,36119,850,0.8,18110248.0,6143.2,3354
2024,Property Damage & Injury Accident,7:31,2024-01-18,Thursday,Y,Daylight,PELHAM,OTHER,WESTCHESTER,Straight at Hill Crest,Clear,Traffic Signal,Dry,,Not Applicable,"Other Motor Vehicle, Collision With",3,1009165,36119,850,0.8,18110248.0,6143.2,3354
2024,Property Damage & Injury Accident,13:35,2024-01-18,Thursday,Y,Daylight,HARRISON,REAR END,WESTCHESTER,Curve and Level,Cloudy,Yield Sign,Wet,,Not Applicable,"Other Motor Vehicle, Collision With",2,1009165,36119,850,0.8,18110248.0,6143.2,3354
2024,Property Damage Accident,15:15,2024-01-18,Thursday,Y,Daylight,PELHAM MANOR,RIGHT ANGLE,WESTCHESTER,Straight and Level,Cloudy,,Dry,,Not Applicable,"Other Motor Vehicle, Collision With",2,1009165,36119,850,0.8,18110248.0,6143.2,3354
2024,Property Damage Accident,15:30,2024-01-18,Thursday,Y,Daylight,GREENBURGH,REAR END,WESTCHESTER,Straight and Level,Clear,Traffic Signal,Dry,,Not Applicable,"Other Motor Vehicle, Collision With",2,1009165,36119,850,0.8,18110248.0,6143.2,3354
2024,Property Damage Accident,3:30,2024-01-18,Thursday,Y,Dark-Road Lighted,PEEKSKILL,REAR END,WESTCHESTER,Straight and Level,Clear,,Snow/Ice,,Not Applicable,"Other Motor Vehicle, Collision With",2,1009165,36119,850,0.8,18110248.0,6143.2,3354
2024,Property Damage Accident,17:45,2024-01-18,Thursday,Y,Dark-Road Lighted,WHITE PLAINS,RIGHT ANGLE,WESTCHESTER,Straight and Level,Clear,Stop Sign,Dry,,Not Applicable,"Other Motor Vehicle, Collision With",2,1009165,36119,850,0.8,18110248.0,6143.2,3354
2024,Property Damage Accident,19:48,2024-01-19,Friday,Y,Dark-Road Lighted,POUGHKEEPSIE,RIGHT TURN (6),DUTCHESS,Curve and Level,Cloudy,Other,Wet,,Not Applicable,"Other Motor Vehicle, Collision With",2,299256,36027,1695,0.8,5987961.0,3975.0,1300
2024,Property Damage Accident,16:24,2024-01-19,Friday,Y,Dusk,POUGHKEEPSIE,REAR END,DUTCHESS,Straight and Level,Cloudy,Traffic Signal,Snow/Ice,,Not Applicable,"Other Motor Vehicle, Collision With",2,299256,36027,1695,0.8,5987961.0,3975.0,1300
2024,Property Damage Accident,8:50,2024-01-19,Friday,Y,Daylight,CLINTON,HEAD ON,DUTCHESS,Curve and Grade,Snow,No Passing Zone,Snow/Ice,,Not Applicable,"Other Motor Vehicle, Collision With",2,299256,36027,1695,0.8,5987961.0,3975.0,1300
2024,Property Damage Accident,6:48,2024-01-19,Friday,Y,Dawn,NEW WINDSOR,REAR END,ORANGE,Straight and Level,Clear,,Dry,32 83011140,Not Applicable,"Other Motor Vehicle, Collision With",2,415088,36071,4753,2.6,13857119.0,5167.5,1527
2024,Property Damage & Injury Accident,20:36,2024-01-19,Friday,Y,Dark-Road Unlighted,MONROE,OTHER,ORANGE,Straight and Level,Cloudy,,Snow/Ice,17 83101225,Not Applicable,"Culver/Head Wall, Collision With Fixed Object",1,415088,36071,4753,2.6,13857119.0,5167.5,1527
2024,Property Damage Accident,19:24,2024-01-19,Friday,Y,Dark-Road Unlighted,CORNWALL,OVERTAKING,ORANGE,Straight and Level,Clear,,Wet,9W83021133,Not Applicable,"Other Motor Vehicle, Collision With",2,415088,36071,4753,2.6,13857119.0,5167.5,1527
2024,Property Damage Accident,7:30,2024-01-19,Friday,Y,Daylight,MONTGOMERY,OTHER,ORANGE,Curve and Level,Cloudy,,Dry,,Not Applicable,"Guide Rail - Not At End, Collision With Fixed Object",1,415088,36071,4753,2.6,13857119.0,5167.5,1527
2024,Property Damage Accident,10:57,2024-01-19,Friday,Y,Daylight,NEWBURGH,REAR END,ORANGE,Straight and Grade,Snow,Traffic Signal,Snow/Ice,17K83012007,Not Applicable,"Other Motor Vehicle, Collision With",2,415088,36071,4753,2.6,13857119.0,5167.5,1527
2024,Property Damage Accident,18:30,2024-01-19,Friday,Y,Dark-Road Unlighted,WALLKILL,OTHER,ORANGE,Straight and Grade,Cloudy,,Snow/Ice,,Not Applicable,Deer,1,415088,36071,4753,2.6,13857119.0,5167.5,1527
2024,Property Damage Accident,16:51,2024-01-19,Friday,Y,Dusk,MONROE,OTHER,ORANGE,Curve and Grade,Sleet/Hail/Freezing Rain,No Passing Zone,Snow/Ice,,Not Applicable,"Earth Embankment/Rock Cut/Ditch, Collision With Fixed Object",1,415088,36071,4753,2.6,13857119.0,5167.5,1527
2024,Property Damage Accident,16:49,2024-01-19,Friday,Y,Daylight,NEW WINDSOR,OTHER,ORANGE,Straight and Level,Cloudy,,Snow/Ice,32 83011121,Not Applicable,"Other Motor Vehicle, Collision With",2,415088,36071,4753,2.6,13857119.0,5167.5,1527
2024,Property Damage & Injury Accident,11:14,2024-01-19,Friday,Y,Daylight,CARMEL,OTHER,PUTNAM,Curve and Grade,Snow,,Snow/Ice,,Not Applicable,"Other Fixed Object*, Collision With Fixed Object",1,98842,36079,509,0.7,2746105.0,4089.2,375
2024,Property Damage Accident,20:24,2024-01-19,Friday,Y,Dark-Road Unlighted,ORANGETOWN,OVERTAKING,ROCKLAND,Straight and Grade,Cloudy,,Snow/Ice,,Not Applicable,"Other Motor Vehicle, Collision With",2,354829,36087,259,0.3,7336134.0,9989.2,886
2024,Property Damage & Injury Accident,17:13,2024-01-19,Friday,Y,Dusk,SLOATSBURG,REAR END,ROCKLAND,Straight and Level,Clear,,Wet,45 85011043,Not Applicable,"Other Motor Vehicle, Collision With",2,354829,36087,259,0.3,7336134.0,9989.2,886
2024,Property Damage Accident,14:17,2024-01-19,Friday,Y,Daylight,CLARKSTOWN,OVERTAKING,ROCKLAND,Straight and Level,Snow,Traffic Signal,Snow/Ice,,Not Applicable,"Other Motor Vehicle, Collision With",2,354829,36087,259,0.3,7336134.0,9989.2,886
2024,Property Damage Accident,11:40,2024-01-19,Friday,N,Unknown,POMONA,Unknown,ROCKLAND,Unknown,Unknown,Unknown,Unknown,,Not Applicable,"Other Motor Vehicle, Collision With",2,354829,36087,259,0.3,7336134.0,9989.2,886
2024,Property Damage Accident,11:30,2024-01-19,Friday,Y,Daylight,CLARKSTOWN,OTHER,ROCKLAND,Curve and Level,Snow,,Snow/Ice,,Not Applicable,"Other Fixed Object*, Collision With Fixed Object",1,354829,36087,259,0.3,7336134.0,9989.2,886
2024,Property Damage Accident,6:44,2024-01-19,Friday,Y,Dawn,CLARKSTOWN,OTHER,ROCKLAND,Curve and Level,Clear,,Dry,,Not Applicable,"Guide Rail - Not At End, Collision With Fixed Object",1,354829,36087,259,0.3,7336134.0,9989.2,886
2024,Property Damage & Injury Accident,20:10,2024-01-19,Friday,Y,Dark-Road Lighted,SPRING VALLEY,SIDESWIPE,ROCKLAND,Straight and Level,Clear,Stop Sign,Dry,,Not Applicable,"Other Motor Vehicle, Collision With",2,354829,36087,259,0.3,7336134.0,9989.2,886
2024,Property Damage Accident,9:58,2024-01-19,Friday,Y,Daylight,ORANGETOWN,OVERTAKING,ROCKLAND,Straight and Level,Snow,,Snow/Ice,303 85011021,Not Applicable,"Other Motor Vehicle, Collision With",2,354829,36087,259,0.3,7336134.0,9989.2,886
2024,Property Damage Accident,12:34,2024-01-19,Friday,Y,Daylight,KINGSTON,RIGHT ANGLE,ULSTER,Straight and Level,Snow,,Slush,,Not Applicable,"Other Motor Vehicle, Collision With",2,183095,36111,3565,1.2,6410502.0,3939.4,999
2024,Property Damage Accident,11:25,2024-01-19,Friday,Y,Daylight,BEDFORD,OTHER,WESTCHESTER,Straight and Grade,Snow,,Snow/Ice,,Not Applicable,"Overturned, Non-Collision",1,1009165,36119,850,0.8,18110248.0,6143.2,3354
2024,Property Damage Accident,14:37,2024-01-19,Friday,Y,Daylight,WHITE PLAINS,OVERTAKING,WESTCHESTER,Straight and Level,Snow,,Wet,,Not Applicable,"Other Motor Vehicle, Collision With",2,1009165,36119,850,0.8,18110248.0,6143.2,3354
2024,Property Damage Accident,15:20,2024-01-19,Friday,Y,Daylight,WHITE PLAINS,RIGHT TURN (5),WESTCHESTER,Straight and Level,Snow,Traffic Signal,Wet,,Not Applicable,"Other Motor Vehicle, Collision With",2,1009165,36119,850,0.8,18110248.0,6143.2,3354
2024,Property Damage Accident,7:20,2024-01-19,Friday,Y,Daylight,CORTLANDT,OTHER,WESTCHESTER,Straight and Level,Cloudy,,Dry,9 87033000,Not Applicable,"Guide Rail - Not At End, Collision With Fixed Object",1,1009165,36119,850,0.8,18110248.0,6143.2,3354
2024,Property Damage Accident,22:17,2024-01-19,Friday,Y,Dark-Road Lighted,PORT CHESTER,OVERTAKING,WESTCHESTER,Straight and Level,Clear,,Wet,,Not Applicable,"Other Motor Vehicle, Collision With",2,1009165,36119,850,0.8,18110248.0,6143.2,3354
2024,Property Damage Accident,22:15,2024-01-19,Friday,Y,Dark-Road Lighted,NEW ROCHELLE,OVERTAKING,WESTCHESTER,Straight and Level,Clear,Traffic Signal,Snow/Ice,,Not Applicable,"Other Motor Vehicle, Collision With",2,1009165,36119,850,0.8,18110248.0,6143.2,3354
2024,Property Damage Accident,15:00,2024-01-19,Friday,Y,Daylight,ARDSLEY,REAR END,WESTCHESTER,Straight and Level,Snow,,Wet,9A87032026,Not Applicable,"Other Motor Vehicle, Collision With",2,1009165,36119,850,0.8,18110248.0,6143.2,3354
2024,Injury Accident,8:00,2024-01-19,Friday,Y,Daylight,GREENBURGH,OTHER,WESTCHESTER,Straight and Level,Clear,Traffic Signal,Dry,100 87014000,"Crossing, With Signal","Pedestrian, Collision With",1,1009165,36119,850,0.8,18110248.0,6143.2,3354
2024,Property Damage & Injury Accident,8:30,2024-01-19,Friday,Y,Daylight,LEWISBORO,HEAD ON,WESTCHESTER,Straight and Level,Cloudy,,Dry,123 87011029,Not Applicable,"Other Motor Vehicle, Collision With",2,1009165,36119,850,0.8,18110248.0,6143.2,3354
2024,Property Damage Accident,10:02,2024-01-19,Friday,Y,Daylight,IRVINGTON,RIGHT ANGLE,WESTCHESTER,Straight and Grade,Snow,Stop Sign,Wet,,Not Applicable,"Other Motor Vehicle, Collision With",2,1009165,36119,850,0.8,18110248.0,6143.2,3354
2024,Injury Accident,0:00,2024-01-19,Friday,N,Unknown,YONKERS,RIGHT TURN (5),WESTCHESTER,Unknown,Unknown,Unknown,Unknown,,Not Applicable,"Other Motor Vehicle, Collision With",2,1009165,36119,850,0.8,18110248.0,6143.2,3354
2024,Property Damage & Injury Accident,18:30,2024-01-19,Friday,Y,Dark-Road Unlighted,NEW CASTLE,OTHER,WESTCHESTER,Straight and Level,Cloudy,No Passing Zone,Snow/Ice,100 87014117,Not Applicable,"Tree, Collision With Fixed Object",1,1009165,36119,850,0.8,18110248.0,6143.2,3354
2024,Property Damage Accident,14:20,2024-01-19,Friday,Y,Daylight,WHITE PLAINS,LEFT TURN (3),WESTCHESTER,Straight at Hill Crest,Snow,Traffic Signal,Snow/Ice,22 87023001,Not Applicable,"Other Motor Vehicle, Collision With",2,1009165,36119,850,0.8,18110248.0,6143.2,3354