year,accident_descriptor,time,date,day_of_week,police_report,lighting_conditions,municipality,collision_type_descriptor,county_name,road_descriptor,weather_conditions,traffic_control_device,road_surface_conditions,dot_reference_marker_location,pedestrian_bicyclist_action,event_descriptor,number_of_vehicles_involved,county_population_2024,county_fips,county_deer_take_2024,county_antlerless_deer_per_sqmi_2024,county_daily_vmt_2019,county_mean_aadt_2019,county_aadt_segments_2019
2024,Property Damage Accident,6:55,2024-01-23,Tuesday,Y,Dawn,LA GRANGE,OTHER,DUTCHESS,Curve and Level,Clear,,Dry,,Not Applicable,Deer,1,299256,36027,1695,0.8,5987961.0,3975.0,1300
2024,Property Damage Accident,22:45,2024-01-23,Tuesday,Y,Dark-Road Lighted,POUGHKEEPSIE,OTHER,DUTCHESS,Straight and Level,Snow,,Wet,,Not Applicable,"Curbing, Collision With Fixed Object",1,299256,36027,1695,0.8,5987961.0,3975.0,1300
2024,Property Damage Accident,9:14,2024-01-23,Tuesday,Y,Daylight,WALDEN,REAR END,ORANGE,Straight and Level,Cloudy,,Dry,208 83011194,Not Applicable,"Other Motor Vehicle, Collision With",2,415088,36071,4753,2.6,13857119.0,5167.5,1527
2024,Property Damage Accident,18:47,2024-01-23,Tuesday,Y,Dark-Road Unlighted,WAWAYANDA,REAR END,ORANGE,Straight and Level,Clear,Stop Sign,Dry,,Not Applicable,"Other Motor Vehicle, Collision With",2,415088,36071,4753,2.6,13857119.0,5167.5,1527
2024,Property Damage Accident,4:20,2024-01-23,Tuesday,Y,Dark-Road Unlighted,MONTGOMERY,OTHER,ORANGE,Straight and Level,Clear,,Dry,,Not Applicable,Deer,1,415088,36071,4753,2.6,13857119.0,5167.5,1527
2024,Property Damage & Injury Accident,21:27,2024-01-23,Tuesday,Y,Dark-Road Unlighted,MONTGOMERY,OTHER,ORANGE,Curve and Grade,Snow,,Wet,52 83031095,Not Applicable,"Other Object (Not Fixed)*, Collision With",1,415088,36071,4753,2.6,13857119.0,5167.5,1527
2024,Property Damage & Injury Accident,20:20,2024-01-23,Tuesday,Y,Dark-Road Lighted,NEWBURGH,REAR END,ORANGE,Straight and Level,Rain,,Wet,17K83012002,Not Applicable,"Other Motor Vehicle, Collision With",2,415088,36071,4753,2.6,13857119.0,5167.5,1527
2024,Property Damage Accident,6:03,2024-01-23,Tuesday,Y,Dark-Road Unlighted,BLOOMING GROVE,OTHER,ORANGE,Curve and Grade,Cloudy,No Passing Zone,Dry,,Not Applicable,Deer,1,415088,36071,4753,2.6,13857119.0,5167.5,1527
2024,Property Damage Accident,7:50,2024-01-23,Tuesday,Y,Daylight,WALLKILL,REAR END,ORANGE,Straight and Level,Cloudy,,Dry,17 83101076,Not Applicable,"Other Motor Vehicle, Collision With",2,415088,36071,4753,2.6,13857119.0,5167.5,1527
2024,Property Damage Accident,7:40,2024-01-23,Tuesday,Y,Daylight,PUTNAM VALLEY,OTHER,PUTNAM,Curve and Grade,Cloudy,,Wet,,Not Applicable,"Other Fixed Object*, Collision With Fixed Object",1,98842,36079,509,0.7,2746105.0,4089.2,375
2024,Property Damage Accident,18:26,2024-01-23,Tuesday,Y,Dark-Road Unlighted,CLARKSTOWN,OTHER,ROCKLAND,Straight and Level,Cloudy,,Wet,9W85011070,Not Applicable,"Other Object (Not Fixed)*, Collision With",1,354829,36087,259,0.3,7336134.0,9989.2,886
2024,Property Damage Accident,10:56,2024-01-23,Tuesday,Y,Daylight,RAMAPO,OTHER,ROCKLAND,Straight and Level,Rain,,Wet,,Not Applicable,"Other Motor Vehicle, Collision With",2,354829,36087,259,0.3,7336134.0,9989.2,886
2024,Property Damage & Injury Accident,16:07,2024-01-23,Tuesday,Y,Daylight,RAMAPO,OTHER,ROCKLAND,Straight and Level,Rain,,Wet,45 85011080,Not Applicable,"Other Motor Vehicle, Collision With",3,354829,36087,259,0.3,7336134.0,9989.2,886
2024,Property Damage Accident,22:53,2024-01-23,Tuesday,Y,Dark-Road Lighted,RAMAPO,REAR END,ROCKLAND,Straight and Level,Rain,,Wet,,Not Applicable,"Other Motor Vehicle, Collision With",2,354829,36087,259,0.3,7336134.0,9989.2,886
2024,Property Damage Accident,10:45,2024-01-23,Tuesday,Y,Daylight,ULSTER,OTHER,ULSTER,Curve and Level,Sleet/Hail/Freezing Rain,No Passing Zone,Wet,,Not Applicable,"Guide Rail - Not At End, Collision With Fixed Object",1,183095,36111,3565,1.2,6410502.0,3939.4,999
2024,Property Damage Accident,18:00,2024-01-23,Tuesday,Y,Dark-Road Unlighted,ULSTER,REAR END,ULSTER,Straight and Grade,Sleet/Hail/Freezing Rain,,Wet,,Not Applicable,"Other Motor Vehicle, Collision With",2,183095,36111,3565,1.2,6410502.0,3939.4,999
2024,Property Damage Accident,21:40,2024-01-23,Tuesday,Y,Dark-Road Unlighted,SAUGERTIES,OTHER,ULSTER,Curve and Grade,Snow,No Passing Zone,Snow/Ice,,Not Applicable,"Ran Off Roadway Only, Non-Collision",1,183095,36111,3565,1.2,6410502.0,3939.4,999
2024,Property Damage Accident,17:33,2024-01-23,Tuesday,Y,Dark-Road Unlighted,GARDINER,OTHER,ULSTER,Straight and Level,Rain,No Passing Zone,Wet,208 86021065,Not Applicable,Deer,1,183095,36111,3565,1.2,6410502.0,3939.4,999
2024,Property Damage Accident,7:25,2024-01-23,Tuesday,Y,Dawn,WAWARSING,OTHER,ULSTER,Straight and Level,Cloudy,,Dry,,Not Applicable,Deer,1,183095,36111,3565,1.2,6410502.0,3939.4,999
2024,Property Damage Accident,11:05,2024-01-23,Tuesday,Y,Daylight,PLATTEKILL,LEFT TURN (0),ULSTER,Straight and Grade,Rain,Stop Sign,Wet,,Not Applicable,"Other Motor Vehicle, Collision With",2,183095,36111,3565,1.2,6410502.0,3939.4,999
2024,Property Damage Accident,18:54,2024-01-23,Tuesday,Y,Dark-Road Lighted,NEW PALTZ,OTHER,ULSTER,Straight and Level,Sleet/Hail/Freezing Rain,,Wet,,Not Applicable,Deer,1,183095,36111,3565,1.2,6410502.0,3939.4,999
2024,Property Damage Accident,5:53,2024-01-23,Tuesday,Y,Dark-Road Lighted,MOUNT VERNON,OTHER,WESTCHESTER,Straight and Level,Clear,,Dry,,Not Applicable,"Other Motor Vehicle, Collision With",3,1009165,36119,850,0.8,18110248.0,6143.2,3354
2024,Property Damage Accident,12:10,2024-01-23,Tuesday,Y,Daylight,GREENBURGH,OVERTAKING,WESTCHESTER,Straight and Level,Rain,Traffic Signal,Wet,100A87011000,Not Applicable,"Other Motor Vehicle, Collision With",2,1009165,36119,850,0.8,18110248.0,6143.2,3354
2024,Property Damage Accident,13:14,2024-01-23,Tuesday,Y,Daylight,CORTLANDT,RIGHT ANGLE,WESTCHESTER,Straight and Grade,Cloudy,No Passing Zone,Dry,,Not Applicable,"Other Motor Vehicle, Collision With",2,1009165,36119,850,0.8,18110248.0,6143.2,3354
2024,Property Damage Accident,8:15,2024-01-23,Tuesday,Y,Daylight,HARRISON,OVERTAKING,WESTCHESTER,Straight and Level,Cloudy,,Dry,,Not Applicable,"Other Motor Vehicle, Collision With",2,1009165,36119,850,0.8,18110248.0,6143.2,3354
2024,Property Damage & Injury Accident,10:07,2024-01-23,Tuesday,Y,Daylight,CORTLANDT,OTHER,WESTCHESTER,Curve and Level,Rain,No Passing Zone,Snow/Ice,,Not Applicable,"Light Support/Utility Pole, Collision With Fixed Object",1,1009165,36119,850,0.8,18110248.0,6143.2,3354
2024,Property Damage Accident,14:33,2024-01-23,Tuesday,Y,Daylight,YONKERS,OTHER,WESTCHESTER,Straight and Level,Cloudy,,Dry,987F87011032,Not Applicable,"Other Motor Vehicle, Collision With",3,1009165,36119,850,0.8,18110248.0,6143.2,3354
2024,Property Damage Accident,8:50,2024-01-23,Tuesday,Y,Daylight,YONKERS,LEFT TURN (3),WESTCHESTER,Straight and Level,Cloudy,Stop Sign,Dry,,Not Applicable,"Other Motor Vehicle, Collision With",2,1009165,36119,850,0.8,18110248.0,6143.2,3354
2024,Property Damage & Injury Accident,11:13,2024-01-23,Tuesday,Y,Daylight,PORT CHESTER,LEFT TURN (0),WESTCHESTER,Straight and Grade,Cloudy,,Dry,1 87035003,Not Applicable,"Other Motor Vehicle, Collision With",2,1009165,36119,850,0.8,18110248.0,6143.2,3354
2024,Property Damage Accident,18:42,2024-01-23,Tuesday,Y,Dark-Road Lighted,OSSINING,LEFT TURN (3),WESTCHESTER,Straight and Grade,Cloudy,Traffic Signal,Wet,,Not Applicable,"Other Motor Vehicle, Collision With",2,1009165,36119,850,0.8,18110248.0,6143.2,3354
2024,Property Damage Accident,14:20,2024-01-23,Tuesday,Y,Daylight,OSSINING,OTHER,WESTCHESTER,Curve and Grade,Cloudy,Stop Sign,Wet,,Not Applicable,"Sign Post, Collision With Fixed Object",1,1009165,36119,850,0.8,18110248.0,6143.2,3354
2024,Property Damage Accident,12:16,2024-01-24,Wednesday,Y,Daylight,POUGHKEEPSIE,OTHER,DUTCHESS,Straight and Level,Cloudy,,Wet,115 82012020,Not Applicable,"Other Motor Vehicle, Collision With",2,299256,36027,1695,0.8,5987961.0,3975.0,1300
2024,Property Damage Accident,15:45,2024-01-24,Wednesday,Y,Daylight,POUGHKEEPSIE,REAR END,DUTCHESS,Straight and Level,Rain,Traffic Signal,Wet,,Not Applicable,"Other Motor Vehicle, Collision With",2,299256,36027,1695,0.8,5987961.0,3975.0,1300
2024,Property Damage Accident,19:00,2024-01-24,Wednesday,Y,Dark-Road Unlighted,BEEKMAN,OTHER,DUTCHESS,Curve and Level,Rain,,Wet,82 82011160,Not Applicable,Deer,1,299256,36027,1695,0.8,5987961.0,3975.0,1300
2024,Property Damage Accident,9:35,2024-01-24,Wednesday,Y,Daylight,FISHKILL,REAR END,DUTCHESS,Straight and Level,Cloudy,Traffic Signal,Wet,52 82042041,Not Applicable,"Other Motor Vehicle, Collision With",2,299256,36027,1695,0.8,5987961.0,3975.0,1300
2024,Property Damage Accident,19:16,2024-01-24,Wednesday,Y,Dark-Road Lighted,NEW WINDSOR,LEFT TURN (0),ORANGE,Straight and Level,Rain,Stop Sign,Wet,94 83011292,Not Applicable,"Other Motor Vehicle, Collision With",2,415088,36071,4753,2.6,13857119.0,5167.5,1527
2024,Property Damage Accident,7:11,2024-01-24,Wednesday,Y,Daylight,MIDDLETOWN,OVERTAKING,ORANGE,Straight and Level,Clear,,Dry,,Not Applicable,"Other Motor Vehicle, Collision With",2,415088,36071,4753,2.6,13857119.0,5167.5,1527
2024,Property Damage Accident,12:07,2024-01-24,Wednesday,Y,Daylight,NEWBURGH,OTHER,ORANGE,Straight and Level,Cloudy,,Wet,9W83022018,Not Applicable,"Other Motor Vehicle, Collision With",2,415088,36071,4753,2.6,13857119.0,5167.5,1527
2024,Property Damage Accident,17:43,2024-01-24,Wednesday,Y,Dark-Road Lighted,WOODBURY,OVERTAKING,ORANGE,Curve and Level,Cloudy,Traffic Signal,Wet,32 83011001,Not Applicable,"Other Motor Vehicle, Collision With",2,415088,36071,4753,2.6,13857119.0,5167.5,1527
2024,Property Damage Accident,16:46,2024-01-24,Wednesday,Y,Dusk,GOSHEN,RIGHT ANGLE,ORANGE,Straight at Hill Crest,Cloudy,,Wet,,Not Applicable,"Other Motor Vehicle, Collision With",2,415088,36071,4753,2.6,13857119.0,5167.5,1527
2024,Property Damage Accident,6:10,2024-01-24,Wednesday,Y,Dark-Road Unlighted,PHILLIPSTOWN,OTHER,PUTNAM,Curve and Level,Rain,No Passing Zone,Wet,9 84041030,Not Applicable,"Animal, Collision With",1,98842,36079,509,0.7,2746105.0,4089.2,375
2024,Property Damage Accident,16:24,2024-01-24,Wednesday,Y,Daylight,SPRING VALLEY,OVERTAKING,ROCKLAND,Straight and Level,Clear,Stop Sign,Wet,45 85011034,Not Applicable,"Other Motor Vehicle, Collision With",2,354829,36087,259,0.3,7336134.0,9989.2,886
2024,Property Damage Accident,16:11,2024-01-24,Wednesday,Y,Daylight,RAMAPO,RIGHT ANGLE,ROCKLAND,Straight and Level,Rain,Stop Sign,Wet,,Not Applicable,"Other Motor Vehicle, Collision With",2,354829,36087,259,0.3,7336134.0,9989.2,886
2024,Property Damage Accident,14:37,2024-01-24,Wednesday,Y,Daylight,RAMAPO,LEFT TURN (3),ROCKLAND,Straight and Level,Cloudy,,Wet,45 85011043,Not Applicable,"Other Motor Vehicle, Collision With",2,354829,36087,259,0.3,7336134.0,9989.2,886
2024,Property Damage Accident,14:24,2024-01-24,Wednesday,Y,Daylight,RAMAPO,SIDESWIPE,ROCKLAND,Straight and Level,Cloudy,,Wet,45 85011044,Not Applicable,"Other Motor Vehicle, Collision With",2,354829,36087,259,0.3,7336134.0,9989.2,886
2024,Property Damage Accident,18:04,2024-01-24,Wednesday,Y,Dark-Road Lighted,SPRING VALLEY,HEAD ON,ROCKLAND,Straight and Level,Clear,,Dry,,Not Applicable,"Other Motor Vehicle, Collision With",2,354829,36087,259,0.3,7336134.0,9989.2,886
2024,Property Damage Accident,7:12,2024-01-24,Wednesday,Y,Dawn,ELLENVILLE,OTHER,ULSTER,Curve and Level,Sleet/Hail/Freezing Rain,,Slush,,Not Applicable,"Guide Rail - Not At End, Collision With Fixed Object",1,183095,36111,3565,1.2,6410502.0,3939.4,999
2024,Property Damage Accident,11:10,2024-01-24,Wednesday,Y,Daylight,KINGSTON,RIGHT ANGLE,ULSTER,Straight and Level,Rain,Yield Sign,Wet,983G86011002,Not Applicable,"Other Motor Vehicle, Collision With",2,183095,36111,3565,1.2,6410502.0,3939.4,999
2024,Property Damage Accident,15:03,2024-01-24,Wednesday,Y,Daylight,KINGSTON,REAR END,ULSTER,Straight and Level,Rain,Traffic Signal,Wet,983F86011000,Not Applicable,"Other Motor Vehicle, Collision With",2,183095,36111,3565,1.2,6410502.0,3939.4,999
2024,Property Damage Accident,0:15,2024-01-24,Wednesday,Y,Dark-Road Unlighted,ROSENDALE,OTHER,ULSTER,Straight and Level,Sleet/Hail/Freezing Rain,No Passing Zone,Snow/Ice,,Not Applicable,"Guide Rail - Not At End, Collision With Fixed Object",1,183095,36111,3565,1.2,6410502.0,3939.4,999
2024,Property Damage Accident,19:00,2024-01-24,Wednesday,N,Dusk,HURLEY,OTHER,ULSTER,Curve and Level,Rain,,Wet,,Not Applicable,"Ran Off Roadway Only, Non-Collision",1,183095,36111,3565,1.2,6410502.0,3939.4,999
2024,Property Damage & Injury Accident,23:46,2024-01-24,Wednesday,Y,Dark-Road Lighted,YONKERS,REAR END,WESTCHESTER,Straight and Level,Rain,,Wet,100 87011005,Not Applicable,"Other Motor Vehicle, Collision With",2,1009165,36119,850,0.8,18110248.0,6143.2,3354
2024,Property Damage & Injury Accident,20:50,2024-01-24,Wednesday,Y,Dark-Road Lighted,NEW ROCHELLE,OVERTAKING,WESTCHESTER,Straight and Level,Cloudy,,Dry,,Not Applicable,"Other Motor Vehicle, Collision With",2,1009165,36119,850,0.8,18110248.0,6143.2,3354
2024,Injury Accident,8:30,2024-01-24,Wednesday,N,Unknown,,REAR END,WESTCHESTER,Unknown,Unknown,Unknown,Unknown,,Not Applicable,"Other Motor Vehicle, Collision With",2,1009165,36119,850,0.8,18110248.0,6143.2,3354
2024,Property Damage & Injury Accident,19:16,2024-01-24,Wednesday,Y,Dark-Road Lighted,YONKERS,RIGHT ANGLE,WESTCHESTER,Straight and Level,Rain,Traffic Signal,Wet,,Not Applicable,"Other Motor Vehicle, Collision With",2,1009165,36119,850,0.8,18110248.0,6143.2,3354
2024,Property Damage Accident,15:11,2024-01-24,Wednesday,Y,Daylight,NORTH CASTLE,LEFT TURN (0),WESTCHESTER,Straight and Level,Rain,,Wet,,Not Applicable,"Other Motor Vehicle, Collision With",2,1009165,36119,850,0.8,18110248.0,6143.2,3354
2024,Property Damage & Injury Accident,9:51,2024-01-24,Wednesday,Y,Daylight,SOMERS,HEAD ON,WESTCHESTER,Curve and Level,Cloudy,,Wet,,Not Applicable,"Other Motor Vehicle, Collision With",2,1009165,36119,850,0.8,18110248.0,6143.2,3354
2024,Property Damage Accident,12:22,2024-01-24,Wednesday,Y,Daylight,TARRYTOWN,OTHER,WESTCHESTER,Straight and Level,Cloudy,,Dry,,Not Applicable,"Barrier, Collision With Fixed Object",1,1009165,36119,850,0.8,18110248.0,6143.2,3354
2024,Property Damage Accident,18:50,2024-01-24,Wednesday,Y,Dark-Road Lighted,WHITE PLAINS,LEFT TURN (0),WESTCHESTER,Straight and Level,Rain,Traffic Signal,Wet,,Not Applicable,"Other Motor Vehicle, Collision With",2,1009165,36119,850,0.8,18110248.0,6143.2,3354
2024,Injury Accident,11:44,2024-01-24,Wednesday,Y,Daylight,WHITE PLAINS,OTHER,WESTCHESTER,Straight and Level,Clear,,Wet,,Working in Roadway,"Pedestrian, Collision With",1,1009165,36119,850,0.8,18110248.0,6143.2,3354
2024,Property Damage Accident,18:25,2024-01-24,Wednesday,Y,Dark-Road Unlighted,YORKTOWN,OVERTAKING,WESTCHESTER,Straight and Grade,Rain,,Wet,,Not Applicable,"Other Motor Vehicle, Collision With",2,1009165,36119,850,0.8,18110248.0,6143.2,3354
2024,Property Damage Accident,12:23,2024-01-24,Wednesday,Y,Daylight,BRIARCLIFF MANOR,RIGHT ANGLE,WESTCHESTER,Straight and Grade,Cloudy,,Wet,9A87032136,Not Applicable,"Other Motor Vehicle, Collision With",2,1009165,36119,850,0.8,18110248.0,6143.2,3354
2024,Property Damage Accident,18:31,2024-01-24,Wednesday,Y,Dark-Road Unlighted,YONKERS,OVERTAKING,WESTCHESTER,Straight and Level,Rain,,Wet,987F87011004,Not Applicable,"Other Motor Vehicle, Collision With",2,1009165,36119,850,0.8,18110248.0,6143.2,3354
2024,Property Damage Accident,10:20,2024-01-24,Wednesday,Y,Daylight,GREENBURGH,REAR END,WESTCHESTER,Straight and Level,Rain,,Wet,987F87012045,Not Applicable,"Other Motor Vehicle, Collision With",2,1009165,36119,850,0.8,18110248.0,6143.2,3354
2024,Property Damage Accident,16:59,2024-01-24,Wednesday,Y,Dark-Road Unlighted,NORTH CASTLE,OVERTAKING,WESTCHESTER,Straight and Level,Rain,,Wet,,Not Applicable,"Other Motor Vehicle, Collision With",2,1009165,36119,850,0.8,18110248.0,6143.2,3354
2024,Property Damage Accident,14:56,2024-01-24,Wednesday,Y,Daylight,LEWISBORO,OVERTAKING,WESTCHESTER,Straight and Level,Rain,,Wet,684I87011184,Not Applicable,"Other Motor Vehicle, Collision With",2,1009165,36119,850,0.8,18110248.0,6143.2,3354
2024,Property Damage Accident,7:31,2024-01-24,Wednesday,Y,Daylight,CORTLANDT,REAR END,WESTCHESTER,Curve and Level,Cloudy,Yield Sign,Dry,9 87034003,Not Applicable,"Other Motor Vehicle, Collision With",2,1009165,36119,850,0.8,18110248.0,6143.2,3354
2024,Property Damage & Injury Accident,11:22,2024-01-24,Wednesday,Y,Daylight,ARDSLEY,RIGHT ANGLE,WESTCHESTER,Straight and Level,Cloudy,Stop Sign,Wet,9A87032023,Not Applicable,"Other Motor Vehicle, Collision With",2,1009165,36119,850,0.8,18110248.0,6143.2,3354
2024,Property Damage Accident,15:48,2024-01-25,Thursday,Y,Daylight,POUGHKEEPSIE,REAR END,DUTCHESS,Straight at Hill Crest,Cloudy,Other,Wet,44 82022013,Not Applicable,"Other Motor Vehicle, Collision With",2,299256,36027,1695,0.8,5987961.0,3975.0,1300
2024,Property Damage Accident,6:35,2024-01-25,Thursday,Y,Dark-Road Unlighted,EAST FISHKILL,REAR END,DUTCHESS,Straight and Level,Cloudy,Officer/Guard,Wet,52 82042089,Not Applicable,"Other Motor Vehicle, Collision With",2,299256,36027,1695,0.8,5987961.0,3975.0,1300
2024,Property Damage Accident,7:11,2024-01-25,Thursday,Y,Daylight,POUGHKEEPSIE,REAR END,DUTCHESS,Curve and Grade,Cloudy,,Wet,,Not Applicable,"Other Motor Vehicle, Collision With",2,299256,36027,1695,0.8,5987961.0,3975.0,1300
2024,Property Damage Accident,7:03,2024-01-25,Thursday,Y,Daylight,STANFORD,OTHER,DUTCHESS,Straight and Level,Cloudy,No Passing Zone,Wet,82 82011326,Not Applicable,Deer,1,299256,36027,1695,0.8,5987961.0,3975.0,1300
2024,Property Damage Accident,8:08,2024-01-25,Thursday,Y,Daylight,FISHKILL,REAR END,DUTCHESS,Straight and Level,Cloudy,Traffic Signal,Wet,9 82051043,Not Applicable,"Other Motor Vehicle, Collision With",2,299256,36027,1695,0.8,5987961.0,3975.0,1300
2024,Property Damage Accident,18:17,2024-01-25,Thursday,Y,Dark-Road Unlighted,PINE PLAINS,OTHER,DUTCHESS,Straight and Level,Cloudy,Stop Sign,Wet,,Not Applicable,"Sign Post, Collision With Fixed Object",1,299256,36027,1695,0.8,5987961.0,3975.0,1300
2024,Property Damage Accident,8:56,2024-01-25,Thursday,Y,Daylight,PORT JERVIS,LEFT TURN (3),ORANGE,Straight and Level,Cloudy,,Wet,209 83011011,Not Applicable,"Other Motor Vehicle, Collision With",2,415088,36071,4753,2.6,13857119.0,5167.5,1527
2024,Property Damage & Injury Accident,7:49,2024-01-25,Thursday,Y,Daylight,MONTGOMERY,LEFT TURN (0),ORANGE,Straight and Level,Cloudy,,Wet,,Not Applicable,"Other Motor Vehicle, Collision With",2,415088,36071,4753,2.6,13857119.0,5167.5,1527
2024,Property Damage Accident,17:25,2024-01-25,Thursday,Y,Dark-Road Lighted,NEWBURGH,RIGHT ANGLE,ORANGE,Straight and Level,Clear,,Dry,17K83012012,Not Applicable,"Other Motor Vehicle, Collision With",2,415088,36071,4753,2.6,13857119.0,5167.5,1527
2024,Property Damage Accident,7:02,2024-01-25,Thursday,Y,Dawn,MIDDLETOWN,REAR END,ORANGE,Straight and Level,Rain,No Passing Zone,Wet,17M83012027,Not Applicable,"Other Motor Vehicle, Collision With",2,415088,36071,4753,2.6,13857119.0,5167.5,1527
2024,Property Damage Accident,17:35,2024-01-25,Thursday,Y,Dark-Road Unlighted,WARWICK,OTHER,ORANGE,Straight and Level,Cloudy,,Wet,,Not Applicable,Deer,1,415088,36071,4753,2.6,13857119.0,5167.5,1527
2024,Property Damage Accident,10:40,2024-01-25,Thursday,Y,Daylight,CARMEL,REAR END,PUTNAM,Straight and Level,Cloudy,Traffic Signal,Wet,6 84041027,Not Applicable,"Other Motor Vehicle, Collision With",2,98842,36079,509,0.7,2746105.0,4089.2,375
2024,Property Damage Accident,9:27,2024-01-25,Thursday,Y,Daylight,CHESTNUT RIDGE,REAR END,ROCKLAND,Straight and Level,Rain,,Wet,,Not Applicable,"Other Motor Vehicle, Collision With",2,354829,36087,259,0.3,7336134.0,9989.2,886
2024,Property Damage & Injury Accident,19:18,2024-01-25,Thursday,Y,Dark-Road Lighted,RAMAPO,LEFT TURN (3),ROCKLAND,Straight and Level,Cloudy,,Wet,59 85011065,Not Applicable,"Other Motor Vehicle, Collision With",2,354829,36087,259,0.3,7336134.0,9989.2,886
2024,Property Damage Accident,15:45,2024-01-25,Thursday,Y,Daylight,ORANGETOWN,OVERTAKING,ROCKLAND,Straight and Level,Clear,Traffic Signal,Wet,,Not Applicable,"Other Motor Vehicle, Collision With",2,354829,36087,259,0.3,7336134.0,9989.2,886
2024,Property Damage Accident,17:59,2024-01-25,Thursday,Y,Dark-Road Unlighted,ORANGETOWN,RIGHT ANGLE,ROCKLAND,Straight and Level,Cloudy,,Wet,,Not Applicable,"Other Motor Vehicle, Collision With",2,354829,36087,259,0.3,7336134.0,9989.2,886
2024,Property Damage Accident,16:48,2024-01-25,Thursday,Y,Daylight,RAMAPO,OVERTAKING,ROCKLAND,Straight and Level,Cloudy,,Wet,59 85011061,Not Applicable,"Other Motor Vehicle, Collision With",2,354829,36087,259,0.3,7336134.0,9989.2,886
2024,Property Damage Accident,15:07,2024-01-25,Thursday,Y,Daylight,CLARKSTOWN,OTHER,ROCKLAND,Straight and Level,Cloudy,,Wet,,Not Applicable,"Animal, Collision With",1,354829,36087,259,0.3,7336134.0,9989.2,886
2024,Property Damage Accident,20:44,2024-01-25,Thursday,Y,Dark-Road Lighted,SPRING VALLEY,REAR END,ROCKLAND,Straight and Level,Clear,,Dry,59 85011075,Not Applicable,"Other Motor Vehicle, Collision With",2,354829,36087,259,0.3,7336134.0,9989.2,886
2024,Property Damage Accident,2:30,2024-01-25,Thursday,Y,Dark-Road Unlighted,LLOYD,OTHER,ULSTER,Straight and Level,Unknown,No Passing Zone,Wet,,Not Applicable,"Earth Embankment/Rock Cut/Ditch, Collision With Fixed Object",1,183095,36111,3565,1.2,6410502.0,3939.4,999
2024,Property Damage Accident,15:46,2024-01-25,Thursday,Y,Daylight,KINGSTON,RIGHT TURN (5),ULSTER,Straight and Level,Cloudy,,Dry,,Not Applicable,"Other Motor Vehicle, Collision With",2,183095,36111,3565,1.2,6410502.0,3939.4,999
2024,Property Damage & Injury Accident,15:15,2024-01-25,Thursday,Y,Daylight,PEEKSKILL,REAR END,WESTCHESTER,Straight and Level,Clear,Flashing Light,Dry,,Not Applicable,"Other Motor Vehicle, Collision With",2,1009165,36119,850,0.8,18110248.0,6143.2,3354
2024,Property Damage Accident,20:21,2024-01-25,Thursday,Y,Dark-Road Lighted,PORT CHESTER,REAR END,WESTCHESTER,Straight and Level,Clear,,Wet,1 87035013,Not Applicable,"Other Motor Vehicle, Collision With",2,1009165,36119,850,0.8,18110248.0,6143.2,3354
2024,Property Damage Accident,7:30,2024-01-25,Thursday,Y,Daylight,MAMARONECK,RIGHT ANGLE,WESTCHESTER,Straight and Level,Rain,,Wet,,Not Applicable,"Other Motor Vehicle, Collision With",2,1009165,36119,850,0.8,18110248.0,6143.2,3354
2024,Property Damage Accident,8:04,2024-01-25,Thursday,Y,Daylight,SOMERS,SIDESWIPE,WESTCHESTER,Straight and Level,Rain,,Wet,,Not Applicable,"Other Motor Vehicle, Collision With",2,1009165,36119,850,0.8,18110248.0,6143.2,3354
2024,Property Damage Accident,10:28,2024-01-25,Thursday,Y,Daylight,RYE,RIGHT ANGLE,WESTCHESTER,Straight and Grade,Cloudy,Stop Sign,Wet,,Not Applicable,"Other Motor Vehicle, Collision With",2,1009165,36119,850,0.8,18110248.0,6143.2,3354
2024,Property Damage Accident,8:59,2024-01-25,Thursday,Y,Daylight,MOUNT VERNON,REAR END,WESTCHESTER,Straight and Level,Rain,,Wet,907K87012000,Not Applicable,"Other Motor Vehicle, Collision With",2,1009165,36119,850,0.8,18110248.0,6143.2,3354
2024,Property Damage Accident,7:56,2024-01-25,Thursday,Y,Daylight,YONKERS,Unknown,WESTCHESTER,Straight and Grade,Rain,Traffic Signal,Wet,,Not Applicable,"Other Motor Vehicle, Collision With",2,1009165,36119,850,0.8,18110248.0,6143.2,3354
2024,Property Damage & Injury Accident,23:59,2024-01-25,Thursday,Y,Dark-Road Unlighted,YONKERS,REAR END,WESTCHESTER,Curve and Level,Rain,,Wet,987F87011015,Not Applicable,"Other Motor Vehicle, Collision With",2,1009165,36119,850,0.8,18110248.0,6143.2,3354
2024,Property Damage Accident,18:00,2024-01-25,Thursday,Y,Dusk,GREENBURGH,REAR END,WESTCHESTER,Straight and Level,Cloudy,,Wet,987F87012046,Not Applicable,"Other Motor Vehicle, Collision With",2,1009165,36119,850,0.8,18110248.0,6143.2,3354
2024,Injury Accident,6:20,2024-01-25,Thursday,Y,Dawn,PORT CHESTER,OTHER,WESTCHESTER,Straight and Level,Clear,Traffic Signal,Dry,,"Crossing, No Signal, Marked Crosswalk","Pedestrian, Collision With",1,1009165,36119,850,0.8,18110248.0,6143.2,3354
2024,Property Damage Accident,19:05,2024-01-25,Thursday,Y,Dark-Road Lighted,PELHAM MANOR,OTHER,WESTCHESTER,Straight and Level,Clear,,Dry,,Not Applicable,"Other Motor Vehicle, Collision With",3,1009165,36119,850,0.8,18110248.0,6143.2,3354
2024,Property Damage & Injury Accident,14:58,2024-01-25,Thursday,Y,Daylight,YONKERS,REAR END,WESTCHESTER,Straight and Level,Cloudy,Traffic Signal,Dry,100 87011030,Not Applicable,"Other Motor Vehicle, Collision With",2,1009165,36119,850,0.8,18110248.0,6143.2,3354