year,accident_descriptor,time,date,day_of_week,police_report,lighting_conditions,municipality,collision_type_descriptor,county_name,road_descriptor,weather_conditions,traffic_control_device,road_surface_conditions,dot_reference_marker_location,pedestrian_bicyclist_action,event_descriptor,number_of_vehicles_involved,county_population_2024,county_fips,county_deer_take_2024,county_antlerless_deer_per_sqmi_2024,county_daily_vmt_2019,county_mean_aadt_2019,county_aadt_segments_2019
2024,Property Damage Accident,16:24,2024-01-26,Friday,Y,Daylight,POUGHKEEPSIE,LEFT TURN (3),DUTCHESS,Straight at Hill Crest,Cloudy,,Wet,,Not Applicable,"Other Motor Vehicle, Collision With",2,299256,36027,1695,0.8,5987961.0,3975.0,1300
2024,Property Damage Accident,18:29,2024-01-26,Friday,Y,Dark-Road Lighted,POUGHKEEPSIE,REAR END,DUTCHESS,Straight and Level,Rain,Traffic Signal,Wet,44 82022009,Not Applicable,"Other Motor Vehicle, Collision With",2,299256,36027,1695,0.8,5987961.0,3975.0,1300
2024,Property Damage & Injury Accident,17:07,2024-01-26,Friday,Y,Dusk,RED HOOK,OTHER,DUTCHESS,Straight and Level,Clear,Traffic Signal,Dry,199 82021057,Not Applicable,"Other Motor Vehicle, Collision With",6,299256,36027,1695,0.8,5987961.0,3975.0,1300
2024,Property Damage Accident,10:12,2024-01-26,Friday,Y,Daylight,POUGHKEEPSIE,LEFT TURN (0),DUTCHESS,Straight and Level,Cloudy,,Wet,,Not Applicable,"Other Motor Vehicle, Collision With",2,299256,36027,1695,0.8,5987961.0,3975.0,1300
2024,Property Damage Accident,18:33,2024-01-26,Friday,Y,Dark-Road Unlighted,CORNWALL,REAR END,ORANGE,Curve and Grade,Cloudy,,Wet,,Not Applicable,"Other Motor Vehicle, Collision With",2,415088,36071,4753,2.6,13857119.0,5167.5,1527
2024,Property Damage Accident,8:40,2024-01-26,Friday,Y,Daylight,MONROE,OTHER,ORANGE,Straight and Level,Rain,No Passing Zone,Wet,,Not Applicable,"Light Support/Utility Pole, Collision With Fixed Object",1,415088,36071,4753,2.6,13857119.0,5167.5,1527
2024,Property Damage & Injury Accident,7:26,2024-01-26,Friday,Y,Daylight,MIDDLETOWN,OVERTAKING,ORANGE,Straight and Level,Rain,,Wet,17M83012004,Not Applicable,"Other Motor Vehicle, Collision With",2,415088,36071,4753,2.6,13857119.0,5167.5,1527
2024,Property Damage & Injury Accident,7:13,2024-01-26,Friday,Y,Daylight,MIDDLETOWN,OVERTAKING,ORANGE,Straight and Level,Clear,,Wet,,Not Applicable,"Other Motor Vehicle, Collision With",2,415088,36071,4753,2.6,13857119.0,5167.5,1527
2024,Property Damage Accident,7:14,2024-01-26,Friday,Y,Daylight,TUXEDO,OTHER,ORANGE,Curve and Grade,Rain,,Wet,,Not Applicable,"Guide Rail - Not At End, Collision With Fixed Object",1,415088,36071,4753,2.6,13857119.0,5167.5,1527
2024,Property Damage Accident,9:00,2024-01-26,Friday,Y,Daylight,WALLKILL,OTHER,ORANGE,Straight and Level,Rain,,Wet,302 83011010,Not Applicable,Deer,1,415088,36071,4753,2.6,13857119.0,5167.5,1527
2024,Property Damage Accident,14:17,2024-01-26,Friday,Y,Daylight,MONROE,REAR END,ORANGE,Straight and Grade,Cloudy,No Passing Zone,Wet,,Not Applicable,"Other Motor Vehicle, Collision With",2,415088,36071,4753,2.6,13857119.0,5167.5,1527
2024,Property Damage Accident,13:26,2024-01-26,Friday,Y,Daylight,NEWBURGH,OVERTAKING,ORANGE,Straight and Level,Rain,Traffic Signal,Wet,9W83022018,Not Applicable,"Other Motor Vehicle, Collision With",2,415088,36071,4753,2.6,13857119.0,5167.5,1527
2024,Property Damage Accident,13:12,2024-01-26,Friday,Y,Daylight,NEW HEMPSTEAD,OTHER,ROCKLAND,Straight and Level,Cloudy,,Wet,,Not Applicable,"Other Motor Vehicle, Collision With",3,354829,36087,259,0.3,7336134.0,9989.2,886
2024,Fatal Accident,6:29,2024-01-26,Friday,Y,Dark-Road Lighted,HAVERSTRAW,OTHER,ROCKLAND,Straight and Grade,Rain,,Wet,,Other Actions in Roadway,"Pedestrian, Collision With",2,354829,36087,259,0.3,7336134.0,9989.2,886
2024,Property Damage Accident,6:17,2024-01-26,Friday,Y,Dark-Road Lighted,SPRING VALLEY,OVERTAKING,ROCKLAND,Straight and Level,Rain,,Wet,45 85011030,Not Applicable,"Other Motor Vehicle, Collision With",2,354829,36087,259,0.3,7336134.0,9989.2,886
2024,Property Damage Accident,14:24,2024-01-26,Friday,Y,Daylight,CLARKSTOWN,REAR END,ROCKLAND,Straight and Level,Cloudy,,Wet,,Not Applicable,"Other Motor Vehicle, Collision With",2,354829,36087,259,0.3,7336134.0,9989.2,886
2024,Property Damage Accident,16:11,2024-01-26,Friday,Y,Daylight,KINGSTON,OTHER,ULSTER,Curve and Grade,Cloudy,,Wet,,Not Applicable,"Fire Hydrant, Collision With Fixed Object",1,183095,36111,3565,1.2,6410502.0,3939.4,999
2024,Property Damage Accident,8:21,2024-01-26,Friday,Y,Daylight,GREENBURGH,OVERTAKING,WESTCHESTER,Straight and Level,Cloudy,,Wet,287I87011021,Not Applicable,"Other Motor Vehicle, Collision With",2,1009165,36119,850,0.8,18110248.0,6143.2,3354
2024,Property Damage Accident,9:32,2024-01-26,Friday,Y,Daylight,PORT CHESTER,REAR END,WESTCHESTER,Straight and Grade,Rain,,Wet,,Not Applicable,"Other Motor Vehicle, Collision With",2,1009165,36119,850,0.8,18110248.0,6143.2,3354
2024,Property Damage Accident,21:45,2024-01-26,Friday,Y,Dark-Road Lighted,PORT CHESTER,OVERTAKING,WESTCHESTER,Straight and Level,Cloudy,,Dry,287I87011112,Not Applicable,"Other Motor Vehicle, Collision With",2,1009165,36119,850,0.8,18110248.0,6143.2,3354
2024,Property Damage Accident,19:17,2024-01-26,Friday,Y,Dark-Road Lighted,YONKERS,REAR END,WESTCHESTER,Straight and Level,Clear,,Wet,987F87011002,Not Applicable,"Other Motor Vehicle, Collision With",2,1009165,36119,850,0.8,18110248.0,6143.2,3354
2024,Property Damage & Injury Accident,14:46,2024-01-26,Friday,Y,Daylight,HASTINGS ON HUDSON,RIGHT ANGLE,WESTCHESTER,Straight and Level,Cloudy,Stop Sign,Wet,,Not Applicable,"Other Motor Vehicle, Collision With",2,1009165,36119,850,0.8,18110248.0,6143.2,3354
2024,Injury Accident,11:22,2024-01-26,Friday,Y,Daylight,SOMERS,OTHER,WESTCHESTER,Straight and Grade,Rain,No Passing Zone,Wet,35 87012106,Not Applicable,"Light Support/Utility Pole, Collision With Fixed Object",1,1009165,36119,850,0.8,18110248.0,6143.2,3354
2024,Property Damage Accident,7:00,2024-01-26,Friday,Y,Dark-Road Lighted,YONKERS,OTHER,WESTCHESTER,Straight and Level,Rain,,Wet,,Not Applicable,"Guide Rail - Not At End, Collision With Fixed Object",1,1009165,36119,850,0.8,18110248.0,6143.2,3354
2024,Property Damage & Injury Accident,6:53,2024-01-26,Friday,Y,Dark-Road Lighted,WHITE PLAINS,REAR END,WESTCHESTER,Straight and Level,Clear,Traffic Signal,Wet,125 87012014,Not Applicable,"Other Motor Vehicle, Collision With",2,1009165,36119,850,0.8,18110248.0,6143.2,3354
2024,Property Damage Accident,20:00,2024-01-26,Friday,Y,Dark-Road Lighted,GREENBURGH,REAR END,WESTCHESTER,Straight and Level,Cloudy,Traffic Signal,Wet,119 87011015,Not Applicable,"Other Motor Vehicle, Collision With",2,1009165,36119,850,0.8,18110248.0,6143.2,3354
2024,Property Damage Accident,12:00,2024-01-26,Friday,Y,Daylight,YONKERS,REAR END,WESTCHESTER,Straight and Level,Rain,Traffic Signal,Wet,,Not Applicable,"Other Motor Vehicle, Collision With",2,1009165,36119,850,0.8,18110248.0,6143.2,3354
2024,Property Damage Accident,19:36,2024-01-27,Saturday,Y,Dark-Road Lighted,EAST FISHKILL,LEFT TURN (3),DUTCHESS,Straight and Level,Clear,Traffic Signal,Dry,,Not Applicable,"Other Motor Vehicle, Collision With",2,299256,36027,1695,0.8,5987961.0,3975.0,1300
2024,Property Damage Accident,16:51,2024-01-27,Saturday,Y,Dawn,EAST FISHKILL,OTHER,DUTCHESS,Straight and Level,Clear,,Dry,84I82021114,Not Applicable,"Guide Rail - Not At End, Collision With Fixed Object",1,299256,36027,1695,0.8,5987961.0,3975.0,1300
2024,Property Damage Accident,10:17,2024-01-27,Saturday,Y,Daylight,BEACON,OVERTAKING,DUTCHESS,Straight and Level,Cloudy,No Passing Zone,Dry,,Not Applicable,"Other Motor Vehicle, Collision With",2,299256,36027,1695,0.8,5987961.0,3975.0,1300
2024,Property Damage & Injury Accident,22:56,2024-01-27,Saturday,Y,Dark-Road Unlighted,PINE PLAINS,OTHER,DUTCHESS,Curve and Grade,Clear,,Dry,199 82021181,Not Applicable,"Fence, Collision With Fixed Object",1,299256,36027,1695,0.8,5987961.0,3975.0,1300
2024,Property Damage Accident,15:46,2024-01-27,Saturday,Y,Daylight,POUGHKEEPSIE,OVERTAKING,DUTCHESS,Straight and Grade,Clear,,Dry,9 82051089,Not Applicable,"Other Motor Vehicle, Collision With",2,299256,36027,1695,0.8,5987961.0,3975.0,1300
2024,Property Damage Accident,10:03,2024-01-27,Saturday,Y,Daylight,HIGHLAND FALLS,RIGHT ANGLE,ORANGE,Straight and Grade,Clear,,Dry,980W83011002,Not Applicable,"Other Motor Vehicle, Collision With",2,415088,36071,4753,2.6,13857119.0,5167.5,1527
2024,Property Damage Accident,17:37,2024-01-27,Saturday,Y,Dark-Road Unlighted,MONTGOMERY,OTHER,ORANGE,Straight and Level,Clear,,Dry,52 83031076,Not Applicable,Deer,1,415088,36071,4753,2.6,13857119.0,5167.5,1527
2024,Property Damage Accident,15:15,2024-01-27,Saturday,Y,Daylight,WALLKILL,RIGHT ANGLE,ORANGE,Curve and Level,Cloudy,Stop Sign,Wet,,Not Applicable,"Other Motor Vehicle, Collision With",2,415088,36071,4753,2.6,13857119.0,5167.5,1527
2024,Property Damage Accident,6:45,2024-01-27,Saturday,Y,Dark-Road Unlighted,WALLKILL,OTHER,ORANGE,Straight and Level,Rain,,Wet,,Not Applicable,Deer,1,415088,36071,4753,2.6,13857119.0,5167.5,1527
2024,Property Damage Accident,13:29,2024-01-27,Saturday,Y,Daylight,SUFFERN,RIGHT ANGLE,ROCKLAND,Straight and Level,Cloudy,Stop Sign,Dry,,Not Applicable,"Other Motor Vehicle, Collision With",2,354829,36087,259,0.3,7336134.0,9989.2,886
2024,Property Damage Accident,13:00,2024-01-27,Saturday,N,Daylight,ORANGETOWN,Unknown,ROCKLAND,Curve and Level,Clear,,Dry,,Not Applicable,"Other Motor Vehicle, Collision With",2,354829,36087,259,0.3,7336134.0,9989.2,886
2024,Property Damage Accident,9:29,2024-01-27,Saturday,Y,Daylight,SAUGERTIES,OVERTAKING,ULSTER,Straight and Level,Cloudy,,Dry,,Not Applicable,"Other Motor Vehicle, Collision With",2,183095,36111,3565,1.2,6410502.0,3939.4,999
2024,Property Damage Accident,20:10,2024-01-27,Saturday,Y,Dark-Road Unlighted,MOUNT PLEASANT,OTHER,WESTCHESTER,Straight and Level,Clear,,Dry,987G87011037,"Crossing, No Signal or Crosswalk","Pedestrian, Collision With",1,1009165,36119,850,0.8,18110248.0,6143.2,3354
2024,Property Damage Accident,6:55,2024-01-27,Saturday,Y,Dawn,MAMARONECK,OTHER,WESTCHESTER,Straight and Level,Clear,,Dry,,Not Applicable,"Fence, Collision With Fixed Object",1,1009165,36119,850,0.8,18110248.0,6143.2,3354
2024,Property Damage Accident,4:57,2024-01-27,Saturday,Y,Dark-Road Unlighted,WHITE PLAINS,OTHER,WESTCHESTER,Straight and Level,Cloudy,,Wet,,Not Applicable,Deer,1,1009165,36119,850,0.8,18110248.0,6143.2,3354
2024,Property Damage Accident,13:07,2024-01-27,Saturday,Y,Daylight,PLEASANTVILLE,OTHER,WESTCHESTER,Straight and Level,Cloudy,,Dry,987D87012130,Not Applicable,"Bridge Structure, Collision With Fixed Object",1,1009165,36119,850,0.8,18110248.0,6143.2,3354
2024,Property Damage & Injury Accident,2:59,2024-01-27,Saturday,Y,Dark-Road Lighted,MAMARONECK,OTHER,WESTCHESTER,Curve and Level,Fog/Smog/Smoke,,Wet,,Not Applicable,"Light Support/Utility Pole, Collision With Fixed Object",1,1009165,36119,850,0.8,18110248.0,6143.2,3354
2024,Property Damage Accident,21:14,2024-01-27,Saturday,Y,Dark-Road Lighted,YONKERS,REAR END,WESTCHESTER,Straight and Level,Clear,,Dry,,Not Applicable,"Other Motor Vehicle, Collision With",2,1009165,36119,850,0.8,18110248.0,6143.2,3354
2024,Property Damage & Injury Accident,22:15,2024-01-27,Saturday,Y,Dark-Road Lighted,PELHAM,RIGHT ANGLE,WESTCHESTER,Straight and Grade,Clear,Traffic Signal,Dry,,Not Applicable,"Other Motor Vehicle, Collision With",2,1009165,36119,850,0.8,18110248.0,6143.2,3354
2024,Property Damage Accident,14:31,2024-01-27,Saturday,Y,Daylight,WHITE PLAINS,RIGHT TURN (5),WESTCHESTER,Straight and Grade,Cloudy,,Dry,,Not Applicable,"Other Motor Vehicle, Collision With",2,1009165,36119,850,0.8,18110248.0,6143.2,3354
2024,Property Damage Accident,11:20,2024-01-27,Saturday,Y,Daylight,WHITE PLAINS,OVERTAKING,WESTCHESTER,Curve and Grade,Cloudy,,Dry,,Not Applicable,"Other Motor Vehicle, Collision With",2,1009165,36119,850,0.8,18110248.0,6143.2,3354
2024,Property Damage Accident,15:50,2024-01-27,Saturday,Y,Daylight,PORT CHESTER,OVERTAKING,WESTCHESTER,Straight and Level,Cloudy,,Dry,1 87035012,Not Applicable,"Other Motor Vehicle, Collision With",2,1009165,36119,850,0.8,18110248.0,6143.2,3354
2024,Property Damage Accident,6:40,2024-01-27,Saturday,Y,Dawn,HARRISON,OTHER,WESTCHESTER,Curve and Grade,Rain,,Wet,907W87025012,Not Applicable,"Ran Off Roadway Only, Non-Collision",1,1009165,36119,850,0.8,18110248.0,6143.2,3354
2024,Property Damage Accident,14:55,2024-01-28,Sunday,Y,Daylight,BEACON,RIGHT ANGLE,DUTCHESS,Straight and Level,Sleet/Hail/Freezing Rain,,Wet,,Not Applicable,"Other Motor Vehicle, Collision With",2,299256,36027,1695,0.8,5987961.0,3975.0,1300
2024,Property Damage & Injury Accident,14:02,2024-01-28,Sunday,Y,Daylight,DOVER,OTHER,DUTCHESS,Straight and Grade,Rain,,Wet,,Not Applicable,"Building/Wall, Collision With Fixed Object",1,299256,36027,1695,0.8,5987961.0,3975.0,1300
2024,Property Damage Accident,15:31,2024-01-28,Sunday,Y,Daylight,RHINEBECK,OTHER,DUTCHESS,Straight and Level,Snow,No Passing Zone,Snow/Ice,9G82013122,Not Applicable,"Other Motor Vehicle, Collision With",2,299256,36027,1695,0.8,5987961.0,3975.0,1300
2024,Property Damage Accident,12:22,2024-01-28,Sunday,Y,Daylight,POUGHKEEPSIE,REAR END,DUTCHESS,Straight and Level,Rain,,Wet,,Not Applicable,"Other Motor Vehicle, Collision With",2,299256,36027,1695,0.8,5987961.0,3975.0,1300
2024,Property Damage & Injury Accident,15:40,2024-01-28,Sunday,Y,Daylight,MILAN,OTHER,DUTCHESS,Straight and Grade,Snow,,Snow/Ice,987G82031355,Not Applicable,"Earth Embankment/Rock Cut/Ditch, Collision With Fixed Object",1,299256,36027,1695,0.8,5987961.0,3975.0,1300
2024,Property Damage Accident,17:48,2024-01-28,Sunday,Y,Dark-Road Unlighted,HYDE PARK,OTHER,DUTCHESS,Straight and Level,Sleet/Hail/Freezing Rain,,Snow/Ice,9 82053072,Not Applicable,"Other*, Non-Collision",1,299256,36027,1695,0.8,5987961.0,3975.0,1300
2024,Property Damage Accident,18:25,2024-01-28,Sunday,Y,Dark-Road Unlighted,STANFORD,OTHER,DUTCHESS,Curve and Level,Sleet/Hail/Freezing Rain,,Slush,987G82031281,Not Applicable,"Earth Embankment/Rock Cut/Ditch, Collision With Fixed Object",1,299256,36027,1695,0.8,5987961.0,3975.0,1300
2024,Property Damage Accident,18:00,2024-01-28,Sunday,Y,Dark-Road Lighted,POUGHKEEPSIE,OVERTAKING,DUTCHESS,Straight and Level,Rain,Traffic Signal,Wet,44 82021011,Not Applicable,"Other Motor Vehicle, Collision With",2,299256,36027,1695,0.8,5987961.0,3975.0,1300
2024,Property Damage Accident,6:55,2024-01-28,Sunday,Y,Daylight,POUGHKEEPSIE,OVERTAKING,DUTCHESS,Straight and Level,Rain,,Wet,,Not Applicable,"Other Motor Vehicle, Collision With",2,299256,36027,1695,0.8,5987961.0,3975.0,1300
2024,Property Damage Accident,10:05,2024-01-28,Sunday,Y,Daylight,PLEASANT VALLEY,OTHER,DUTCHESS,Curve and Level,Sleet/Hail/Freezing Rain,,Slush,987G82031213,Not Applicable,"Barrier, Collision With Fixed Object",1,299256,36027,1695,0.8,5987961.0,3975.0,1300
2024,Property Damage Accident,15:27,2024-01-28,Sunday,Y,Daylight,MILAN,OTHER,DUTCHESS,Curve and Level,Snow,,Snow/Ice,987G82031331,Not Applicable,"Tree, Collision With Fixed Object",1,299256,36027,1695,0.8,5987961.0,3975.0,1300
2024,Property Damage Accident,9:34,2024-01-28,Sunday,Y,Daylight,POUGHKEEPSIE,RIGHT ANGLE,DUTCHESS,Straight and Level,Sleet/Hail/Freezing Rain,Traffic Signal,Snow/Ice,44 82021022,Not Applicable,"Other Motor Vehicle, Collision With",2,299256,36027,1695,0.8,5987961.0,3975.0,1300
2024,Property Damage Accident,10:27,2024-01-28,Sunday,Y,Daylight,NEWBURGH,OTHER,ORANGE,Curve at Hill Crest,Snow,,Slush,,Not Applicable,"Tree, Collision With Fixed Object",1,415088,36071,4753,2.6,13857119.0,5167.5,1527
2024,Property Damage Accident,8:00,2024-01-28,Sunday,Y,Daylight,GREENVILLE,OTHER,ORANGE,Straight and Level,Sleet/Hail/Freezing Rain,,Snow/Ice,84I83011072,Not Applicable,"Guide Rail - End, Collision With Fixed Object",1,415088,36071,4753,2.6,13857119.0,5167.5,1527
2024,Property Damage Accident,6:04,2024-01-28,Sunday,Y,Dark-Road Unlighted,TUXEDO,OTHER,ORANGE,Straight and Level,Rain,,Wet,,Not Applicable,"Guide Rail - Not At End, Collision With Fixed Object",2,415088,36071,4753,2.6,13857119.0,5167.5,1527
2024,Property Damage Accident,7:29,2024-01-28,Sunday,Y,Daylight,ORANGETOWN,OTHER,ROCKLAND,Straight and Grade,Rain,,Wet,987C85011001,Not Applicable,"Guide Rail - Not At End, Collision With Fixed Object",1,354829,36087,259,0.3,7336134.0,9989.2,886
2024,Property Damage Accident,20:00,2024-01-28,Sunday,Y,Dark-Road Lighted,POMONA,OTHER,ROCKLAND,Curve and Level,Rain,,Wet,,Not Applicable,"Earth Embankment/Rock Cut/Ditch, Collision With Fixed Object",1,354829,36087,259,0.3,7336134.0,9989.2,886
2024,Property Damage Accident,0:00,2024-01-28,Sunday,N,Unknown,CLARKSTOWN,Unknown,ROCKLAND,Unknown,Unknown,Unknown,Unknown,45 85011034,Not Applicable,"Other Motor Vehicle, Collision With",2,354829,36087,259,0.3,7336134.0,9989.2,886
2024,Property Damage & Injury Accident,17:50,2024-01-28,Sunday,Y,Dark-Road Lighted,RAMAPO,HEAD ON,ROCKLAND,Straight and Level,Rain,Traffic Signal,Wet,45 85011042,Not Applicable,"Other Motor Vehicle, Collision With",2,354829,36087,259,0.3,7336134.0,9989.2,886
2024,Property Damage Accident,18:21,2024-01-28,Sunday,Y,Dark-Road Lighted,RAMAPO,OVERTAKING,ROCKLAND,Straight and Grade,Rain,,Wet,306 85011002,Not Applicable,"Other Motor Vehicle, Collision With",2,354829,36087,259,0.3,7336134.0,9989.2,886
2024,Property Damage Accident,10:35,2024-01-28,Sunday,Y,Daylight,PLATTEKILL,OTHER,ULSTER,Curve and Level,Snow,,Slush,,Not Applicable,"Sign Post, Collision With Fixed Object",1,183095,36111,3565,1.2,6410502.0,3939.4,999
2024,Injury Accident,10:15,2024-01-28,Sunday,Y,Daylight,OLIVE,OTHER,ULSTER,Straight and Level,Snow,,Snow/Ice,28 86012154,Not Applicable,"Guide Rail - Not At End, Collision With Fixed Object",1,183095,36111,3565,1.2,6410502.0,3939.4,999
2024,Property Damage & Injury Accident,1:20,2024-01-28,Sunday,Y,Dark-Road Unlighted,GARDINER,OTHER,ULSTER,Curve and Grade,Cloudy,,Dry,,Not Applicable,"Overturned, Non-Collision",1,183095,36111,3565,1.2,6410502.0,3939.4,999
2024,Property Damage Accident,17:00,2024-01-28,Sunday,Y,Dark-Road Unlighted,LLOYD,OTHER,ULSTER,Curve and Grade,Sleet/Hail/Freezing Rain,,Snow/Ice,,Not Applicable,"Earth Embankment/Rock Cut/Ditch, Collision With Fixed Object",1,183095,36111,3565,1.2,6410502.0,3939.4,999
2024,Property Damage Accident,18:16,2024-01-28,Sunday,Y,Dark-Road Unlighted,SHANDAKEN,OTHER,ULSTER,Curve and Level,Snow,No Passing Zone,Snow/Ice,28 86012229,Not Applicable,"Sign Post, Collision With Fixed Object",1,183095,36111,3565,1.2,6410502.0,3939.4,999
2024,Property Damage Accident,19:52,2024-01-28,Sunday,Y,Dark-Road Unlighted,MARLBOROUGH,OTHER,ULSTER,Straight and Level,Sleet/Hail/Freezing Rain,,Slush,,Not Applicable,"Light Support/Utility Pole, Collision With Fixed Object",1,183095,36111,3565,1.2,6410502.0,3939.4,999
2024,Property Damage Accident,19:45,2024-01-28,Sunday,N,Dark-Road Lighted,YONKERS,Unknown,WESTCHESTER,Straight and Level,Rain,Flashing Light,Wet,,Not Applicable,"Other Motor Vehicle, Collision With",2,1009165,36119,850,0.8,18110248.0,6143.2,3354
2024,Property Damage & Injury Accident,2:32,2024-01-28,Sunday,Y,Dark-Road Lighted,WHITE PLAINS,OVERTAKING,WESTCHESTER,Straight and Level,Rain,Traffic Signal,Wet,22 87023008,Not Applicable,"Other Motor Vehicle, Collision With",2,1009165,36119,850,0.8,18110248.0,6143.2,3354
2024,Property Damage Accident,6:04,2024-01-28,Sunday,Y,Dark-Road Unlighted,BEDFORD,OVERTAKING,WESTCHESTER,Straight and Level,Rain,Traffic Signal,Wet,684I87011177,Not Applicable,"Other Motor Vehicle, Collision With",2,1009165,36119,850,0.8,18110248.0,6143.2,3354
2024,Property Damage Accident,15:30,2024-01-28,Sunday,Y,Daylight,WHITE PLAINS,OVERTAKING,WESTCHESTER,Straight and Level,Rain,Traffic Signal,Wet,,Not Applicable,"Other Motor Vehicle, Collision With",2,1009165,36119,850,0.8,18110248.0,6143.2,3354
2024,Property Damage Accident,13:34,2024-01-28,Sunday,Y,Daylight,WHITE PLAINS,RIGHT ANGLE,WESTCHESTER,Straight and Level,Rain,,Wet,,Not Applicable,"Other Motor Vehicle, Collision With",2,1009165,36119,850,0.8,18110248.0,6143.2,3354
2024,Property Damage & Injury Accident,9:30,2024-01-28,Sunday,Y,Daylight,IRVINGTON,OTHER,WESTCHESTER,Curve and Grade,Rain,,Wet,,Not Applicable,"Ran Off Roadway Only, Non-Collision",1,1009165,36119,850,0.8,18110248.0,6143.2,3354
2024,Property Damage Accident,15:00,2024-01-28,Sunday,N,Daylight,NEW CASTLE,OTHER,WESTCHESTER,Straight and Level,Clear,Unknown,Dry,987G87011090,Not Applicable,"Other Object (Not Fixed)*, Collision With",1,1009165,36119,850,0.8,18110248.0,6143.2,3354
2024,Property Damage Accident,22:48,2024-01-28,Sunday,Y,Dark-Road Lighted,MAMARONECK,OTHER,WESTCHESTER,Straight and Level,Rain,No Passing Zone,Wet,,Not Applicable,"Sign Post, Collision With Fixed Object",1,1009165,36119,850,0.8,18110248.0,6143.2,3354
2024,Property Damage Accident,18:24,2024-01-29,Monday,Y,Dark-Road Lighted,POUGHKEEPSIE,REAR END,DUTCHESS,Straight and Level,Cloudy,No Passing Zone,Dry,44 82021002,Not Applicable,"Other Motor Vehicle, Collision With",2,299256,36027,1695,0.8,5987961.0,3975.0,1300
2024,Property Damage Accident,21:00,2024-01-29,Monday,N,Dark-Road Lighted,RED HOOK,OTHER,DUTCHESS,Straight and Level,Clear,,Dry,,Not Applicable,Deer,1,299256,36027,1695,0.8,5987961.0,3975.0,1300
2024,Property Damage Accident,20:43,2024-01-29,Monday,Y,Dark-Road Lighted,POUGHKEEPSIE,REAR END,DUTCHESS,Straight and Level,Clear,Stop Sign,Dry,,Not Applicable,"Other Motor Vehicle, Collision With",2,299256,36027,1695,0.8,5987961.0,3975.0,1300
2024,Property Damage Accident,23:19,2024-01-29,Monday,Y,Dark-Road Unlighted,WAPPINGER,OTHER,DUTCHESS,Curve and Level,Cloudy,No Passing Zone,Dry,,Not Applicable,Deer,1,299256,36027,1695,0.8,5987961.0,3975.0,1300
2024,Property Damage Accident,23:40,2024-01-29,Monday,Y,Dark-Road Lighted,FISHKILL,OVERTAKING,DUTCHESS,Straight and Level,Cloudy,Traffic Signal,Dry,9D82033002,Not Applicable,"Other Motor Vehicle, Collision With",2,299256,36027,1695,0.8,5987961.0,3975.0,1300
2024,Property Damage Accident,20:15,2024-01-29,Monday,Y,Dark-Road Lighted,POUGHKEEPSIE,OTHER,DUTCHESS,Straight and Grade,Clear,Traffic Signal,Dry,,Not Applicable,"Sign Post, Collision With Fixed Object",1,299256,36027,1695,0.8,5987961.0,3975.0,1300
2024,Property Damage Accident,9:07,2024-01-29,Monday,Y,Daylight,MIDDLETOWN,OTHER,ORANGE,Straight and Level,Cloudy,,Wet,,Not Applicable,"Light Support/Utility Pole, Collision With Fixed Object",1,415088,36071,4753,2.6,13857119.0,5167.5,1527
2024,Property Damage Accident,14:00,2024-01-29,Monday,Y,Daylight,NEWBURGH,OTHER,ORANGE,Curve and Level,Cloudy,,Dry,,Not Applicable,"Fence, Collision With Fixed Object",1,415088,36071,4753,2.6,13857119.0,5167.5,1527
2024,Property Damage Accident,16:50,2024-01-29,Monday,Y,Daylight,NEWBURGH,RIGHT ANGLE,ORANGE,Straight and Level,Cloudy,Stop Sign,Dry,980P83012020,Not Applicable,"Other Motor Vehicle, Collision With",2,415088,36071,4753,2.6,13857119.0,5167.5,1527
2024,Property Damage Accident,17:42,2024-01-29,Monday,Y,Dark-Road Unlighted,WAWAYANDA,REAR END,ORANGE,Curve and Grade,Cloudy,,Dry,,Not Applicable,"Other Motor Vehicle, Collision With",2,415088,36071,4753,2.6,13857119.0,5167.5,1527
2024,Property Damage Accident,8:00,2024-01-29,Monday,Y,Daylight,GOSHEN,OTHER,ORANGE,Straight and Level,Cloudy,,Wet,,Not Applicable,"Animal, Collision With",1,415088,36071,4753,2.6,13857119.0,5167.5,1527
2024,Property Damage Accident,9:06,2024-01-29,Monday,Y,Daylight,WALDEN,REAR END,ORANGE,Straight and Grade,Cloudy,,Wet,52 83031077,Not Applicable,"Other Motor Vehicle, Collision With",2,415088,36071,4753,2.6,13857119.0,5167.5,1527
2024,Property Damage & Injury Accident,10:15,2024-01-29,Monday,Y,Daylight,WALLKILL,RIGHT ANGLE,ORANGE,Straight and Level,Clear,Traffic Signal,Wet,,Not Applicable,"Other Motor Vehicle, Collision With",2,415088,36071,4753,2.6,13857119.0,5167.5,1527
2024,Property Damage Accident,11:35,2024-01-29,Monday,Y,Daylight,SOUTHEAST,RIGHT ANGLE,PUTNAM,Straight and Level,Cloudy,No Passing Zone,Dry,,Not Applicable,"Other Motor Vehicle, Collision With",2,98842,36079,509,0.7,2746105.0,4089.2,375
2024,Property Damage Accident,9:12,2024-01-29,Monday,Y,Daylight,PHILLIPSTOWN,REAR END,PUTNAM,Curve and Grade,Cloudy,No Passing Zone,Wet,,Not Applicable,"Other Motor Vehicle, Collision With",2,98842,36079,509,0.7,2746105.0,4089.2,375
2024,Property Damage Accident,7:30,2024-01-29,Monday,Y,Daylight,CLARKSTOWN,OTHER,ROCKLAND,Straight and Level,Rain,Traffic Signal,Wet,59 85011083,Not Applicable,"Sign Post, Collision With Fixed Object",1,354829,36087,259,0.3,7336134.0,9989.2,886