year,accident_descriptor,time,date,day_of_week,police_report,lighting_conditions,municipality,collision_type_descriptor,county_name,road_descriptor,weather_conditions,traffic_control_device,road_surface_conditions,dot_reference_marker_location,pedestrian_bicyclist_action,event_descriptor,number_of_vehicles_involved,county_population_2024,county_fips,county_deer_take_2024,county_antlerless_deer_per_sqmi_2024,county_daily_vmt_2019,county_mean_aadt_2019,county_aadt_segments_2019
2024,Property Damage Accident,7:55,2024-01-29,Monday,Y,Daylight,MONTEBELLO,REAR END,ROCKLAND,Straight and Level,Cloudy,,Wet,,Not Applicable,"Other Motor Vehicle, Collision With",2,354829,36087,259,0.3,7336134.0,9989.2,886
2024,Property Damage Accident,19:11,2024-01-29,Monday,Y,Dark-Road Unlighted,CLARKSTOWN,OTHER,ROCKLAND,Straight and Level,Clear,,Dry,,Not Applicable,"Fire/Explosion, Non-Collision",1,354829,36087,259,0.3,7336134.0,9989.2,886
2024,Property Damage Accident,12:45,2024-01-29,Monday,Y,Daylight,RAMAPO,REAR END,ROCKLAND,Straight and Level,Cloudy,Traffic Signal,Dry,59 85011061,Not Applicable,"Other Motor Vehicle, Collision With",2,354829,36087,259,0.3,7336134.0,9989.2,886
2024,Property Damage Accident,15:08,2024-01-29,Monday,Y,Daylight,NYACK,REAR END,ROCKLAND,Straight and Level,Cloudy,,Wet,,Not Applicable,"Other Motor Vehicle, Collision With",2,354829,36087,259,0.3,7336134.0,9989.2,886
2024,Property Damage & Injury Accident,13:46,2024-01-29,Monday,Y,Daylight,RAMAPO,REAR END,ROCKLAND,Straight and Level,Clear,,Dry,,Not Applicable,"Other Motor Vehicle, Collision With",2,354829,36087,259,0.3,7336134.0,9989.2,886
2024,Property Damage & Injury Accident,16:35,2024-01-29,Monday,Y,Dark-Road Lighted,SPRING VALLEY,RIGHT ANGLE,ROCKLAND,Straight and Level,Cloudy,Stop Sign,Dry,45 85011034,Not Applicable,"Other Motor Vehicle, Collision With",2,354829,36087,259,0.3,7336134.0,9989.2,886
2024,Property Damage Accident,17:23,2024-01-29,Monday,Y,Dusk,CLARKSTOWN,RIGHT ANGLE,ROCKLAND,Straight and Level,Clear,Stop Sign,Dry,,Not Applicable,"Other Motor Vehicle, Collision With",2,354829,36087,259,0.3,7336134.0,9989.2,886
2024,Property Damage Accident,17:23,2024-01-29,Monday,Y,Dark-Road Lighted,RAMAPO,REAR END,ROCKLAND,Straight and Level,Cloudy,,Dry,202 85011085,Not Applicable,"Other Motor Vehicle, Collision With",2,354829,36087,259,0.3,7336134.0,9989.2,886
2024,Property Damage Accident,17:40,2024-01-29,Monday,Y,Dusk,CLARKSTOWN,REAR END,ROCKLAND,Straight and Level,Cloudy,,Dry,987C85011111,Not Applicable,"Other Motor Vehicle, Collision With",2,354829,36087,259,0.3,7336134.0,9989.2,886
2024,Property Damage & Injury Accident,8:16,2024-01-29,Monday,Y,Daylight,CLARKSTOWN,OTHER,ROCKLAND,Curve and Level,Cloudy,,Wet,,Not Applicable,"Guide Rail - Not At End, Collision With Fixed Object",1,354829,36087,259,0.3,7336134.0,9989.2,886
2024,Property Damage Accident,7:15,2024-01-29,Monday,Y,Daylight,CLARKSTOWN,LEFT TURN (3),ROCKLAND,Straight and Level,Cloudy,,Wet,,Not Applicable,"Other Motor Vehicle, Collision With",2,354829,36087,259,0.3,7336134.0,9989.2,886
2024,Property Damage & Injury Accident,14:57,2024-01-29,Monday,Y,Daylight,NEW PALTZ,HEAD ON,ULSTER,Straight and Level,Clear,Traffic Signal,Dry,,Not Applicable,"Other Motor Vehicle, Collision With",2,183095,36111,3565,1.2,6410502.0,3939.4,999
2024,Property Damage Accident,11:50,2024-01-29,Monday,Y,Daylight,ULSTER,OTHER,ULSTER,Straight and Level,Cloudy,,Dry,,Not Applicable,"Sign Post, Collision With Fixed Object",1,183095,36111,3565,1.2,6410502.0,3939.4,999
2024,Property Damage Accident,7:20,2024-01-29,Monday,Y,Daylight,ULSTER,OTHER,ULSTER,Straight and Level,Cloudy,,Dry,209 86031343,Not Applicable,Deer,1,183095,36111,3565,1.2,6410502.0,3939.4,999
2024,Property Damage Accident,14:00,2024-01-29,Monday,Y,Daylight,ULSTER,RIGHT ANGLE,ULSTER,Straight and Level,Cloudy,,Wet,,Not Applicable,"Other Motor Vehicle, Collision With",2,183095,36111,3565,1.2,6410502.0,3939.4,999
2024,Property Damage Accident,18:08,2024-01-29,Monday,Y,Dark-Road Lighted,SHAWANGUNK,SIDESWIPE,ULSTER,Curve and Level,Clear,Stop Sign,Dry,,Not Applicable,"Other Motor Vehicle, Collision With",2,183095,36111,3565,1.2,6410502.0,3939.4,999
2024,Injury Accident,9:52,2024-01-29,Monday,Y,Dark-Road Lighted,YONKERS,OTHER,WESTCHESTER,Straight and Level,Cloudy,Traffic Signal,Wet,983B87011004,"Crossing, With Signal","Pedestrian, Collision With",1,1009165,36119,850,0.8,18110248.0,6143.2,3354
2024,Property Damage & Injury Accident,15:57,2024-01-29,Monday,Y,Daylight,YORKTOWN,RIGHT ANGLE,WESTCHESTER,Straight and Level,Cloudy,,Dry,,Not Applicable,"Other Motor Vehicle, Collision With",2,1009165,36119,850,0.8,18110248.0,6143.2,3354
2024,Property Damage Accident,13:35,2024-01-29,Monday,Y,Daylight,YONKERS,OVERTAKING,WESTCHESTER,Straight and Level,Cloudy,,Dry,907K87011000,Not Applicable,"Other Motor Vehicle, Collision With",2,1009165,36119,850,0.8,18110248.0,6143.2,3354
2024,Property Damage Accident,9:29,2024-01-29,Monday,Y,Daylight,OSSINING,RIGHT TURN (6),WESTCHESTER,Straight and Level,Clear,Traffic Signal,Dry,9 87032150,Not Applicable,"Other Motor Vehicle, Collision With",2,1009165,36119,850,0.8,18110248.0,6143.2,3354
2024,Property Damage Accident,8:41,2024-01-29,Monday,Y,Daylight,CORTLANDT,OTHER,WESTCHESTER,Straight and Level,Clear,Traffic Signal,Wet,6 87033016,Not Applicable,"Curbing, Collision With Fixed Object",1,1009165,36119,850,0.8,18110248.0,6143.2,3354
2024,Property Damage Accident,15:52,2024-01-29,Monday,Y,Daylight,YONKERS,OVERTAKING,WESTCHESTER,Straight at Hill Crest,Clear,,Dry,,Not Applicable,"Other Motor Vehicle, Collision With",2,1009165,36119,850,0.8,18110248.0,6143.2,3354
2024,Property Damage Accident,8:00,2024-01-29,Monday,Y,Daylight,YONKERS,OVERTAKING,WESTCHESTER,Straight and Grade,Unknown,Traffic Signal,Unknown,,Not Applicable,"Other Motor Vehicle, Collision With",2,1009165,36119,850,0.8,18110248.0,6143.2,3354
2024,Property Damage Accident,17:30,2024-01-29,Monday,N,Unknown,YORKTOWN,OTHER,WESTCHESTER,Unknown,Unknown,Unknown,Unknown,,Not Applicable,Deer,1,1009165,36119,850,0.8,18110248.0,6143.2,3354
2024,Property Damage Accident,17:15,2024-01-30,Tuesday,Y,Daylight,EAST FISHKILL,LEFT TURN (3),DUTCHESS,Straight and Level,Clear,Police/Fire Emergency,Dry,376 82011023,Not Applicable,"Other Motor Vehicle, Collision With",2,299256,36027,1695,0.8,5987961.0,3975.0,1300
2024,Property Damage Accident,9:21,2024-01-30,Tuesday,Y,Daylight,MILLERTON,REAR END,DUTCHESS,Straight and Level,Cloudy,Traffic Signal,Dry,44 82022330,Not Applicable,"Other Motor Vehicle, Collision With",2,299256,36027,1695,0.8,5987961.0,3975.0,1300
2024,Property Damage Accident,16:46,2024-01-30,Tuesday,Y,Dusk,BEEKMAN,REAR END,DUTCHESS,Straight and Level,Cloudy,No Passing Zone,Dry,55 82032142,Not Applicable,"Other Motor Vehicle, Collision With",2,299256,36027,1695,0.8,5987961.0,3975.0,1300
2024,Property Damage Accident,18:05,2024-01-30,Tuesday,Y,Dark-Road Lighted,HYDE PARK,RIGHT ANGLE,DUTCHESS,Straight and Level,Clear,,Dry,9 82053025,Not Applicable,"Other Motor Vehicle, Collision With",2,299256,36027,1695,0.8,5987961.0,3975.0,1300
2024,Property Damage & Injury Accident,22:05,2024-01-30,Tuesday,Y,Dark-Road Lighted,POUGHKEEPSIE,OTHER,DUTCHESS,Straight and Level,Clear,,Dry,,Not Applicable,"Light Support/Utility Pole, Collision With Fixed Object",1,299256,36027,1695,0.8,5987961.0,3975.0,1300
2024,Property Damage Accident,14:00,2024-01-30,Tuesday,Y,Daylight,WALLKILL,REAR END,ORANGE,Straight and Grade,Cloudy,,Dry,17 83101012,Not Applicable,"Other Motor Vehicle, Collision With",2,415088,36071,4753,2.6,13857119.0,5167.5,1527
2024,Property Damage Accident,14:40,2024-01-30,Tuesday,Y,Daylight,NEWBURGH,OVERTAKING,ORANGE,Straight and Level,Clear,,Dry,84I83013003,Not Applicable,"Other Motor Vehicle, Collision With",2,415088,36071,4753,2.6,13857119.0,5167.5,1527
2024,Property Damage Accident,5:45,2024-01-30,Tuesday,N,Dark-Road Unlighted,MONROE,OTHER,ORANGE,Curve and Grade,Clear,Unknown,Dry,,Not Applicable,Deer,1,415088,36071,4753,2.6,13857119.0,5167.5,1527
2024,Property Damage Accident,11:23,2024-01-30,Tuesday,Y,Daylight,BLOOMING GROVE,OTHER,ORANGE,Curve and Grade,Cloudy,No Passing Zone,Wet,,Not Applicable,"Overturned, Non-Collision",1,415088,36071,4753,2.6,13857119.0,5167.5,1527
2024,Property Damage Accident,5:45,2024-01-30,Tuesday,Y,Dark-Road Lighted,NEWBURGH,OTHER,ORANGE,Straight and Level,Clear,,Dry,,Not Applicable,"Building/Wall, Collision With Fixed Object",1,415088,36071,4753,2.6,13857119.0,5167.5,1527
2024,Property Damage & Injury Accident,18:04,2024-01-30,Tuesday,Y,Dark-Road Unlighted,PHILLIPSTOWN,REAR END,PUTNAM,Straight and Level,Clear,Traffic Signal,Dry,9 84041099,Not Applicable,"Other Motor Vehicle, Collision With",2,98842,36079,509,0.7,2746105.0,4089.2,375
2024,Property Damage Accident,17:37,2024-01-30,Tuesday,Y,Dark-Road Lighted,ORANGETOWN,RIGHT ANGLE,ROCKLAND,Straight and Level,Cloudy,Traffic Signal,Dry,,Not Applicable,"Other Motor Vehicle, Collision With",2,354829,36087,259,0.3,7336134.0,9989.2,886
2024,Property Damage & Injury Accident,18:30,2024-01-30,Tuesday,Y,Dark-Road Unlighted,ORANGETOWN,REAR END,ROCKLAND,Straight and Level,Cloudy,,Dry,987C85011042,Not Applicable,"Other Motor Vehicle, Collision With",2,354829,36087,259,0.3,7336134.0,9989.2,886
2024,Property Damage & Injury Accident,7:45,2024-01-30,Tuesday,Y,Daylight,ORANGETOWN,HEAD ON,ROCKLAND,Straight and Grade,Cloudy,Traffic Signal,Dry,,Not Applicable,"Other Motor Vehicle, Collision With",2,354829,36087,259,0.3,7336134.0,9989.2,886
2024,Property Damage Accident,1:00,2024-01-30,Tuesday,Y,Dark-Road Lighted,KINGSTON,SIDESWIPE,ULSTER,Straight and Level,Cloudy,,Dry,,Not Applicable,"Other Motor Vehicle, Collision With",2,183095,36111,3565,1.2,6410502.0,3939.4,999
2024,Property Damage Accident,18:19,2024-01-30,Tuesday,Y,Dark-Road Unlighted,ULSTER,OVERTAKING,ULSTER,Straight and Level,Cloudy,,Dry,28 86012013,Not Applicable,"Other Motor Vehicle, Collision With",2,183095,36111,3565,1.2,6410502.0,3939.4,999
2024,Property Damage Accident,13:07,2024-01-30,Tuesday,Y,Daylight,WHITE PLAINS,REAR END,WESTCHESTER,Straight and Level,Cloudy,Traffic Signal,Dry,,Not Applicable,"Other Motor Vehicle, Collision With",2,1009165,36119,850,0.8,18110248.0,6143.2,3354
2024,Property Damage Accident,18:30,2024-01-30,Tuesday,Y,Dark-Road Lighted,DOBBS FERRY,REAR END,WESTCHESTER,Straight and Level,Clear,Stop Sign,Dry,,Not Applicable,"Other Motor Vehicle, Collision With",2,1009165,36119,850,0.8,18110248.0,6143.2,3354
2024,Property Damage & Injury Accident,17:12,2024-01-30,Tuesday,Y,Dark-Road Lighted,YORKTOWN,OTHER,WESTCHESTER,Straight and Grade,Cloudy,,Dry,35 87012065,Not Applicable,"Other Motor Vehicle, Collision With",3,1009165,36119,850,0.8,18110248.0,6143.2,3354
2024,Property Damage & Injury Accident,17:18,2024-01-30,Tuesday,Y,Dusk,WHITE PLAINS,OVERTAKING,WESTCHESTER,Straight and Level,Clear,Traffic Signal,Dry,,Not Applicable,"Other Motor Vehicle, Collision With",2,1009165,36119,850,0.8,18110248.0,6143.2,3354
2024,Property Damage Accident,13:24,2024-01-30,Tuesday,Y,Daylight,BEDFORD,OTHER,WESTCHESTER,Straight and Level,Cloudy,,Dry,172 87011033,Not Applicable,"Fence, Collision With Fixed Object",1,1009165,36119,850,0.8,18110248.0,6143.2,3354
2024,Property Damage Accident,12:09,2024-01-30,Tuesday,Y,Daylight,NEW ROCHELLE,OVERTAKING,WESTCHESTER,Straight and Level,Clear,,Dry,,Not Applicable,"Other Motor Vehicle, Collision With",2,1009165,36119,850,0.8,18110248.0,6143.2,3354
2024,Property Damage Accident,18:10,2024-01-30,Tuesday,Y,Dark-Road Lighted,PEEKSKILL,LEFT TURN (3),WESTCHESTER,Straight and Level,Clear,,Dry,6 87032012,Not Applicable,"Other Motor Vehicle, Collision With",2,1009165,36119,850,0.8,18110248.0,6143.2,3354
2024,Property Damage Accident,0:00,2024-01-30,Tuesday,N,Unknown,CROTON ON HUDSON,Unknown,WESTCHESTER,Unknown,Unknown,Unknown,Unknown,,Not Applicable,"Other Motor Vehicle, Collision With",2,1009165,36119,850,0.8,18110248.0,6143.2,3354
2024,Property Damage Accident,13:30,2024-01-30,Tuesday,Y,Daylight,DOBBS FERRY,LEFT TURN (3),WESTCHESTER,Straight and Level,Cloudy,,Dry,,Not Applicable,"Other Motor Vehicle, Collision With",2,1009165,36119,850,0.8,18110248.0,6143.2,3354
2024,Property Damage Accident,23:40,2024-01-31,Wednesday,Y,Dark-Road Lighted,HYDE PARK,REAR END,DUTCHESS,Straight and Level,Clear,,Dry,9 82053044,Not Applicable,"Other Motor Vehicle, Collision With",2,299256,36027,1695,0.8,5987961.0,3975.0,1300
2024,Property Damage Accident,16:04,2024-01-31,Wednesday,Y,Daylight,POUGHKEEPSIE,LEFT TURN (3),DUTCHESS,Straight and Grade,Cloudy,Stop Sign,Dry,,Not Applicable,"Other Motor Vehicle, Collision With",2,299256,36027,1695,0.8,5987961.0,3975.0,1300
2024,Property Damage Accident,15:38,2024-01-31,Wednesday,Y,Daylight,POUGHKEEPSIE,REAR END,DUTCHESS,Straight and Level,Cloudy,Traffic Signal,Dry,9G82011000,Not Applicable,"Other Motor Vehicle, Collision With",2,299256,36027,1695,0.8,5987961.0,3975.0,1300
2024,Property Damage Accident,14:50,2024-01-31,Wednesday,Y,Daylight,POUGHKEEPSIE,REAR END,DUTCHESS,Straight and Level,Cloudy,Stopped School Bus-Red Lights Flashing,Dry,55 82032016,Not Applicable,"Other Motor Vehicle, Collision With",2,299256,36027,1695,0.8,5987961.0,3975.0,1300
2024,Property Damage Accident,5:37,2024-01-31,Wednesday,Y,Dark-Road Unlighted,WARWICK,REAR END,ORANGE,Curve and Grade,Snow,,Snow/Ice,17A83011199,Not Applicable,"Other Motor Vehicle, Collision With",2,415088,36071,4753,2.6,13857119.0,5167.5,1527
2024,Property Damage Accident,20:26,2024-01-31,Wednesday,Y,Dark-Road Lighted,SOUTH BLOOMING GROVE,SIDESWIPE,ORANGE,Straight and Grade,Clear,No Passing Zone,Dry,208 83011025,Not Applicable,"Other Motor Vehicle, Collision With",2,415088,36071,4753,2.6,13857119.0,5167.5,1527
2024,Injury Accident,6:45,2024-01-31,Wednesday,Y,Dawn,WOODBURY,OTHER,ORANGE,Curve and Level,Cloudy,Unknown,Wet,,Riding/Walking/Skating Along Highway Against Traffic,"Pedestrian, Collision With",1,415088,36071,4753,2.6,13857119.0,5167.5,1527
2024,Property Damage Accident,11:30,2024-01-31,Wednesday,N,Daylight,WARWICK,OTHER,ORANGE,Curve and Level,Clear,,Dry,,Not Applicable,Deer,1,415088,36071,4753,2.6,13857119.0,5167.5,1527
2024,Property Damage Accident,19:33,2024-01-31,Wednesday,Y,Dark-Road Lighted,NEWBURGH,OTHER,ORANGE,Straight and Level,Clear,,Dry,,Not Applicable,"Other Motor Vehicle, Collision With",2,415088,36071,4753,2.6,13857119.0,5167.5,1527
2024,Property Damage Accident,14:40,2024-01-31,Wednesday,N,Unknown,WALLKILL,REAR END,ORANGE,Unknown,Unknown,Unknown,Unknown,211 83013021,Not Applicable,"Other Motor Vehicle, Collision With",2,415088,36071,4753,2.6,13857119.0,5167.5,1527
2024,Property Damage & Injury Accident,17:35,2024-01-31,Wednesday,Y,Dark-Road Lighted,NEWBURGH,RIGHT ANGLE,ORANGE,Straight and Level,Clear,Stop Sign,Dry,207 83011187,Not Applicable,"Other Motor Vehicle, Collision With",2,415088,36071,4753,2.6,13857119.0,5167.5,1527
2024,Property Damage Accident,15:40,2024-01-31,Wednesday,Y,Daylight,HIGHLAND FALLS,OTHER,ORANGE,Straight and Grade,Cloudy,,Dry,,Not Applicable,"Sign Post, Collision With Fixed Object",1,415088,36071,4753,2.6,13857119.0,5167.5,1527
2024,Property Damage & Injury Accident,17:40,2024-01-31,Wednesday,Y,Dark-Road Unlighted,WALLKILL,OTHER,ORANGE,Straight and Level,Clear,,Dry,,Not Applicable,"Other Motor Vehicle, Collision With",3,415088,36071,4753,2.6,13857119.0,5167.5,1527
2024,Property Damage Accident,9:24,2024-01-31,Wednesday,Y,Daylight,MONROE,RIGHT ANGLE,ORANGE,Straight and Level,Cloudy,,Dry,17M83013177,Not Applicable,"Other Motor Vehicle, Collision With",2,415088,36071,4753,2.6,13857119.0,5167.5,1527
2024,Property Damage Accident,19:34,2024-01-31,Wednesday,Y,Dark-Road Unlighted,CARMEL,LEFT TURN (3),PUTNAM,Straight and Grade,Clear,No Passing Zone,Dry,6 84041000,Not Applicable,"Other Motor Vehicle, Collision With",2,98842,36079,509,0.7,2746105.0,4089.2,375
2024,Property Damage Accident,16:01,2024-01-31,Wednesday,Y,Daylight,CARMEL,OTHER,PUTNAM,Curve and Level,Clear,No Passing Zone,Wet,,Not Applicable,"Earth Embankment/Rock Cut/Ditch, Collision With Fixed Object",1,98842,36079,509,0.7,2746105.0,4089.2,375
2024,Property Damage Accident,17:40,2024-01-31,Wednesday,Y,Daylight,PATTERSON,OVERTAKING,PUTNAM,Straight and Level,Clear,,Dry,84I84031038,Not Applicable,"Other Motor Vehicle, Collision With",2,98842,36079,509,0.7,2746105.0,4089.2,375
2024,Property Damage Accident,10:14,2024-01-31,Wednesday,Y,Daylight,HILLBURN,OTHER,ROCKLAND,Straight and Level,Cloudy,Stop Sign,Wet,,Not Applicable,"Fire Hydrant, Collision With Fixed Object",1,354829,36087,259,0.3,7336134.0,9989.2,886
2024,Property Damage Accident,8:45,2024-01-31,Wednesday,Y,Daylight,NEW HEMPSTEAD,RIGHT ANGLE,ROCKLAND,Straight and Level,Cloudy,Stop Sign,Wet,45 85011054,Not Applicable,"Other Motor Vehicle, Collision With",2,354829,36087,259,0.3,7336134.0,9989.2,886
2024,Property Damage & Injury Accident,8:25,2024-01-31,Wednesday,Y,Daylight,SOUTH NYACK,OTHER,ROCKLAND,Straight at Hill Crest,Clear,Traffic Signal,Dry,,"Crossing, No Signal, Marked Crosswalk","Pedestrian, Collision With",1,354829,36087,259,0.3,7336134.0,9989.2,886
2024,Property Damage Accident,10:16,2024-01-31,Wednesday,Y,Daylight,CLARKSTOWN,OVERTAKING,ROCKLAND,Straight and Level,Clear,Traffic Signal,Dry,,Not Applicable,"Other Motor Vehicle, Collision With",2,354829,36087,259,0.3,7336134.0,9989.2,886
2024,Property Damage Accident,8:07,2024-01-31,Wednesday,Y,Daylight,CLARKSTOWN,OTHER,ROCKLAND,Straight and Level,Cloudy,,Dry,,Not Applicable,"Other Motor Vehicle, Collision With",3,354829,36087,259,0.3,7336134.0,9989.2,886
2024,Property Damage Accident,13:37,2024-01-31,Wednesday,Y,Daylight,NYACK,OVERTAKING,ROCKLAND,Straight and Level,Clear,,Dry,,Not Applicable,"Other Motor Vehicle, Collision With",2,354829,36087,259,0.3,7336134.0,9989.2,886
2024,Property Damage & Injury Accident,13:17,2024-01-31,Wednesday,Y,Daylight,MARBLETOWN,OTHER,ULSTER,Curve and Grade,Sleet/Hail/Freezing Rain,No Passing Zone,Wet,,Not Applicable,"Light Support/Utility Pole, Collision With Fixed Object",1,183095,36111,3565,1.2,6410502.0,3939.4,999
2024,Property Damage Accident,19:21,2024-01-31,Wednesday,Y,Dark-Road Lighted,PEEKSKILL,RIGHT ANGLE,WESTCHESTER,Straight and Level,Clear,No Passing Zone,Dry,,Not Applicable,"Other Motor Vehicle, Collision With",2,1009165,36119,850,0.8,18110248.0,6143.2,3354
2024,Property Damage Accident,17:43,2024-01-31,Wednesday,Y,Dark-Road Unlighted,NORTH CASTLE,LEFT TURN (3),WESTCHESTER,Straight and Level,Clear,,Dry,,Not Applicable,"Other Motor Vehicle, Collision With",2,1009165,36119,850,0.8,18110248.0,6143.2,3354
2024,Property Damage & Injury Accident,0:00,2024-01-31,Wednesday,N,Unknown,YONKERS,OVERTAKING,WESTCHESTER,Unknown,Unknown,Unknown,Unknown,,Not Applicable,"Other Motor Vehicle, Collision With",2,1009165,36119,850,0.8,18110248.0,6143.2,3354
2024,Property Damage & Injury Accident,15:20,2024-01-31,Wednesday,Y,Daylight,YONKERS,REAR END,WESTCHESTER,Curve and Grade,Clear,,Dry,984E87011000,Not Applicable,"Other Motor Vehicle, Collision With",2,1009165,36119,850,0.8,18110248.0,6143.2,3354
2024,Property Damage & Injury Accident,7:48,2024-01-31,Wednesday,Y,Daylight,PELHAM,REAR END,WESTCHESTER,Straight and Level,Clear,,Dry,,Not Applicable,"Other Motor Vehicle, Collision With",2,1009165,36119,850,0.8,18110248.0,6143.2,3354
2024,Property Damage Accident,7:55,2024-01-31,Wednesday,Y,Daylight,YORKTOWN,REAR END,WESTCHESTER,Straight and Level,Cloudy,,Wet,,Not Applicable,"Other Motor Vehicle, Collision With",2,1009165,36119,850,0.8,18110248.0,6143.2,3354
2024,Property Damage Accident,8:24,2024-01-31,Wednesday,Y,Daylight,GREENBURGH,OTHER,WESTCHESTER,Straight and Grade,Cloudy,,Dry,,Not Applicable,"Other Motor Vehicle, Collision With",2,1009165,36119,850,0.8,18110248.0,6143.2,3354
2024,Property Damage Accident,19:01,2024-01-31,Wednesday,Y,Dark-Road Lighted,MOUNT KISCO,REAR END,WESTCHESTER,Straight and Level,Clear,Traffic Signal,Dry,,Not Applicable,"Other Motor Vehicle, Collision With",2,1009165,36119,850,0.8,18110248.0,6143.2,3354
2024,Property Damage Accident,7:05,2024-01-31,Wednesday,Y,Daylight,GREENBURGH,REAR END,WESTCHESTER,Straight and Level,Cloudy,Traffic Signal,Dry,,Not Applicable,"Other Motor Vehicle, Collision With",2,1009165,36119,850,0.8,18110248.0,6143.2,3354
2024,Property Damage Accident,17:54,2024-02-01,Thursday,Y,Dark-Road Lighted,POUGHKEEPSIE,REAR END,DUTCHESS,Straight and Level,Clear,Yield Sign,Dry,9 82052016,Not Applicable,"Other Motor Vehicle, Collision With",2,299256,36027,1695,0.8,5987961.0,3975.0,1300
2024,Property Damage & Injury Accident,2:32,2024-02-01,Thursday,Y,Dark-Road Unlighted,FISHKILL,OVERTAKING,DUTCHESS,Curve and Level,Clear,,Dry,9 82051014,Not Applicable,"Other Motor Vehicle, Collision With",2,299256,36027,1695,0.8,5987961.0,3975.0,1300
2024,Property Damage Accident,5:15,2024-02-01,Thursday,Y,Dark-Road Unlighted,HYDE PARK,OTHER,DUTCHESS,Curve and Grade,Cloudy,No Passing Zone,Dry,9 82053090,Not Applicable,Deer,1,299256,36027,1695,0.8,5987961.0,3975.0,1300
2024,Property Damage Accident,8:23,2024-02-01,Thursday,Y,Daylight,PLEASANT VALLEY,OTHER,DUTCHESS,Curve and Grade,Clear,,Wet,115 82012061,Not Applicable,"Light Support/Utility Pole, Collision With Fixed Object",1,299256,36027,1695,0.8,5987961.0,3975.0,1300
2024,Property Damage Accident,15:45,2024-02-01,Thursday,Y,Daylight,WAWAYANDA,REAR END,ORANGE,Straight at Hill Crest,Clear,No Passing Zone,Dry,,Not Applicable,"Other Motor Vehicle, Collision With",2,415088,36071,4753,2.6,13857119.0,5167.5,1527
2024,Property Damage Accident,16:40,2024-02-01,Thursday,Y,Dusk,WALLKILL,REAR END,ORANGE,Straight and Level,Clear,,Dry,17 83101081,Not Applicable,"Other Motor Vehicle, Collision With",2,415088,36071,4753,2.6,13857119.0,5167.5,1527
2024,Property Damage Accident,16:47,2024-02-01,Thursday,Y,Dusk,NEWBURGH,RIGHT ANGLE,ORANGE,Straight and Level,Clear,,Dry,,Not Applicable,"Other Motor Vehicle, Collision With",2,415088,36071,4753,2.6,13857119.0,5167.5,1527
2024,Property Damage Accident,19:05,2024-02-01,Thursday,Y,Dark-Road Unlighted,BLOOMING GROVE,OTHER,ORANGE,Straight and Level,Clear,No Passing Zone,Dry,94 83011184,Not Applicable,Deer,1,415088,36071,4753,2.6,13857119.0,5167.5,1527
2024,Property Damage Accident,14:09,2024-02-01,Thursday,Y,Daylight,NEWBURGH,REAR END,ORANGE,Straight and Level,Clear,Traffic Signal,Dry,,Not Applicable,"Other Motor Vehicle, Collision With",2,415088,36071,4753,2.6,13857119.0,5167.5,1527
2024,Property Damage & Injury Accident,14:44,2024-02-01,Thursday,Y,Daylight,NEWBURGH,OTHER,ORANGE,Straight and Level,Cloudy,,Dry,52 83031163,Not Applicable,"Other Motor Vehicle, Collision With",2,415088,36071,4753,2.6,13857119.0,5167.5,1527
2024,Property Damage Accident,9:27,2024-02-01,Thursday,Y,Daylight,FLORIDA,SIDESWIPE,ORANGE,Straight and Grade,Cloudy,,Dry,,Not Applicable,"Other Motor Vehicle, Collision With",2,415088,36071,4753,2.6,13857119.0,5167.5,1527
2024,Property Damage Accident,8:00,2024-02-01,Thursday,Y,Daylight,KENT,OTHER,PUTNAM,Straight and Level,Clear,No Passing Zone,Dry,52 84051055,Not Applicable,"Building/Wall, Collision With Fixed Object",1,98842,36079,509,0.7,2746105.0,4089.2,375
2024,Property Damage Accident,17:46,2024-02-01,Thursday,Y,Dark-Road Lighted,,OVERTAKING,ROCKLAND,Straight and Level,Cloudy,,Dry,59 85011039,Not Applicable,"Other Motor Vehicle, Collision With",2,354829,36087,259,0.3,7336134.0,9989.2,886
2024,Property Damage Accident,18:24,2024-02-01,Thursday,Y,Dark-Road Lighted,ORANGETOWN,RIGHT ANGLE,ROCKLAND,Straight and Grade,Clear,No Passing Zone,Dry,,Not Applicable,"Other Motor Vehicle, Collision With",2,354829,36087,259,0.3,7336134.0,9989.2,886
2024,Property Damage Accident,21:04,2024-02-01,Thursday,Y,Dark-Road Unlighted,MONTEBELLO,RIGHT TURN (5),ROCKLAND,Straight and Grade,Cloudy,,Dry,,Not Applicable,"Other Motor Vehicle, Collision With",2,354829,36087,259,0.3,7336134.0,9989.2,886
2024,Property Damage Accident,19:19,2024-02-01,Thursday,Y,Dark-Road Lighted,RAMAPO,REAR END,ROCKLAND,Straight and Level,Clear,,Dry,,Not Applicable,"Other Motor Vehicle, Collision With",2,354829,36087,259,0.3,7336134.0,9989.2,886
2024,Property Damage Accident,22:10,2024-02-01,Thursday,Y,Dark-Road Lighted,SPRING VALLEY,REAR END,ROCKLAND,Straight and Level,Clear,Traffic Signal,Dry,45 85011032,Not Applicable,"Other Motor Vehicle, Collision With",2,354829,36087,259,0.3,7336134.0,9989.2,886
2024,Property Damage Accident,2:15,2024-02-01,Thursday,Y,Dark-Road Lighted,CLARKSTOWN,OTHER,ROCKLAND,Curve and Grade,Clear,Other,Dry,,Not Applicable,"Curbing, Collision With Fixed Object",1,354829,36087,259,0.3,7336134.0,9989.2,886