year,accident_descriptor,time,date,day_of_week,police_report,lighting_conditions,municipality,collision_type_descriptor,county_name,road_descriptor,weather_conditions,traffic_control_device,road_surface_conditions,dot_reference_marker_location,pedestrian_bicyclist_action,event_descriptor,number_of_vehicles_involved,county_population_2024,county_fips,county_deer_take_2024,county_antlerless_deer_per_sqmi_2024,county_daily_vmt_2019,county_mean_aadt_2019,county_aadt_segments_2019
2024,Property Damage & Injury Accident,12:51,2024-02-01,Thursday,Y,Daylight,CLARKSTOWN,RIGHT ANGLE,ROCKLAND,Straight and Level,Cloudy,Traffic Signal,Dry,304 85011039,Not Applicable,"Other Motor Vehicle, Collision With",2,354829,36087,259,0.3,7336134.0,9989.2,886
2024,Property Damage Accident,7:43,2024-02-01,Thursday,Y,Daylight,HAVERSTRAW,REAR END,ROCKLAND,Straight and Grade,Cloudy,Traffic Signal,Dry,202 85011112,Not Applicable,"Other Motor Vehicle, Collision With",2,354829,36087,259,0.3,7336134.0,9989.2,886
2024,Property Damage Accident,17:49,2024-02-01,Thursday,Y,Dark-Road Unlighted,NEW PALTZ,OTHER,ULSTER,Straight and Level,Clear,No Passing Zone,Dry,,Not Applicable,Deer,1,183095,36111,3565,1.2,6410502.0,3939.4,999
2024,Property Damage Accident,15:24,2024-02-01,Thursday,Y,Daylight,ESOPUS,SIDESWIPE,ULSTER,Straight and Level,Cloudy,,Dry,,Not Applicable,"Other Motor Vehicle, Collision With",2,183095,36111,3565,1.2,6410502.0,3939.4,999
2024,Injury Accident,15:58,2024-02-01,Thursday,Y,Daylight,KINGSTON,OTHER,ULSTER,Straight and Grade,Clear,,Dry,,Not in Roadway (Indicate),"Bicyclist, Collision With",1,183095,36111,3565,1.2,6410502.0,3939.4,999
2024,Property Damage Accident,14:55,2024-02-01,Thursday,Y,Daylight,WHITE PLAINS,OTHER,WESTCHESTER,Straight and Level,Cloudy,Stop Sign,Dry,,Not Applicable,"Other Motor Vehicle, Collision With",2,1009165,36119,850,0.8,18110248.0,6143.2,3354
2024,Property Damage Accident,15:00,2024-02-01,Thursday,Y,Daylight,LEWISBORO,Unknown,WESTCHESTER,Straight and Level,Clear,,Dry,,Not Applicable,"Other Motor Vehicle, Collision With",2,1009165,36119,850,0.8,18110248.0,6143.2,3354
2024,Property Damage & Injury Accident,15:39,2024-02-01,Thursday,Y,Daylight,YONKERS,REAR END,WESTCHESTER,Straight and Level,Cloudy,,Dry,987D87011018,Not Applicable,"Other Motor Vehicle, Collision With",2,1009165,36119,850,0.8,18110248.0,6143.2,3354
2024,Property Damage Accident,8:20,2024-02-01,Thursday,Y,Daylight,ELMSFORD,OVERTAKING,WESTCHESTER,Straight and Grade,Cloudy,,Dry,,Not Applicable,"Other Motor Vehicle, Collision With",2,1009165,36119,850,0.8,18110248.0,6143.2,3354
2024,Property Damage Accident,8:27,2024-02-01,Thursday,Y,Daylight,GREENBURGH,OTHER,WESTCHESTER,Curve and Grade,Cloudy,,Dry,,Not Applicable,"Tree, Collision With Fixed Object",1,1009165,36119,850,0.8,18110248.0,6143.2,3354
2024,Property Damage & Injury Accident,15:17,2024-02-01,Thursday,Y,Daylight,MOUNT VERNON,REAR END,WESTCHESTER,Straight and Level,Clear,,Dry,,Not Applicable,"Other Motor Vehicle, Collision With",2,1009165,36119,850,0.8,18110248.0,6143.2,3354
2024,Property Damage Accident,18:56,2024-02-01,Thursday,Y,Dark-Road Lighted,ELMSFORD,LEFT TURN (3),WESTCHESTER,Straight and Level,Cloudy,Traffic Signal,Dry,,Not Applicable,"Other Motor Vehicle, Collision With",2,1009165,36119,850,0.8,18110248.0,6143.2,3354
2024,Property Damage Accident,13:19,2024-02-01,Thursday,Y,Daylight,NEW CASTLE,OTHER,WESTCHESTER,Straight and Level,Cloudy,,Dry,987G87011096,Not Applicable,"Guide Rail - Not At End, Collision With Fixed Object",1,1009165,36119,850,0.8,18110248.0,6143.2,3354
2024,Property Damage Accident,23:36,2024-02-02,Friday,Y,Dark-Road Lighted,WAPPINGER,OTHER,DUTCHESS,Straight and Level,Clear,Traffic Signal,Dry,9 82051056,Not Applicable,"Building/Wall, Collision With Fixed Object",1,299256,36027,1695,0.8,5987961.0,3975.0,1300
2024,Property Damage Accident,17:50,2024-02-02,Friday,Y,Dark-Road Unlighted,UNION VALE,OTHER,DUTCHESS,Straight and Level,Clear,,Dry,,Not Applicable,"Animal, Collision With",1,299256,36027,1695,0.8,5987961.0,3975.0,1300
2024,Property Damage Accident,12:08,2024-02-02,Friday,Y,Daylight,POUGHKEEPSIE,LEFT TURN (3),DUTCHESS,Straight and Level,Cloudy,,Dry,9 82053009,Not Applicable,"Other Motor Vehicle, Collision With",2,299256,36027,1695,0.8,5987961.0,3975.0,1300
2024,Property Damage Accident,12:00,2024-02-02,Friday,Y,Daylight,NORTHEAST,OTHER,DUTCHESS,Straight and Level,Cloudy,,Wet,22 82041304,Not Applicable,"Fence, Collision With Fixed Object",1,299256,36027,1695,0.8,5987961.0,3975.0,1300
2024,Property Damage Accident,0:00,2024-02-02,Friday,N,Dark-Road Unlighted,AMENIA,OTHER,DUTCHESS,Straight and Level,Unknown,No Passing Zone,Dry,,Not Applicable,Deer,1,299256,36027,1695,0.8,5987961.0,3975.0,1300
2024,Property Damage Accident,18:37,2024-02-02,Friday,Y,Dark-Road Lighted,SOUTH BLOOMING GROVE,OTHER,ORANGE,Curve at Hill Crest,Clear,No Passing Zone,Dry,208 83011017,Not Applicable,Deer,1,415088,36071,4753,2.6,13857119.0,5167.5,1527
2024,Property Damage & Injury Accident,12:13,2024-02-02,Friday,Y,Daylight,SOUTH BLOOMING GROVE,OTHER,ORANGE,Straight and Level,Cloudy,,Dry,,Not Applicable,"Light Support/Utility Pole, Collision With Fixed Object",1,415088,36071,4753,2.6,13857119.0,5167.5,1527
2024,Property Damage Accident,7:53,2024-02-02,Friday,Y,Daylight,NEWBURGH,OTHER,ORANGE,Straight and Level,Rain,,Wet,,Not Applicable,"Other Motor Vehicle, Collision With",3,415088,36071,4753,2.6,13857119.0,5167.5,1527
2024,Property Damage Accident,11:56,2024-02-02,Friday,Y,Daylight,NELSONVILLE,REAR END,PUTNAM,Straight and Level,Cloudy,No Passing Zone,Wet,301 84011007,Not Applicable,"Other Motor Vehicle, Collision With",2,98842,36079,509,0.7,2746105.0,4089.2,375
2024,Property Damage Accident,5:30,2024-02-02,Friday,N,Dawn,ORANGETOWN,OTHER,ROCKLAND,Straight and Level,Cloudy,Unknown,Dry,,Not Applicable,"Animal, Collision With",1,354829,36087,259,0.3,7336134.0,9989.2,886
2024,Property Damage & Injury Accident,16:40,2024-02-02,Friday,Y,Daylight,CLARKSTOWN,RIGHT ANGLE,ROCKLAND,Straight and Level,Clear,Stop Sign,Dry,,Not Applicable,"Other Motor Vehicle, Collision With",2,354829,36087,259,0.3,7336134.0,9989.2,886
2024,Property Damage Accident,15:28,2024-02-02,Friday,Y,Daylight,SPRING VALLEY,RIGHT ANGLE,ROCKLAND,Straight and Grade,Clear,Stop Sign,Dry,,Not Applicable,"Other Motor Vehicle, Collision With",2,354829,36087,259,0.3,7336134.0,9989.2,886
2024,Injury Accident,5:55,2024-02-02,Friday,Y,Dark-Road Unlighted,CLARKSTOWN,OTHER,ROCKLAND,Straight and Level,Rain,Traffic Signal,Wet,303 85011095,"Crossing, No Signal, Marked Crosswalk","Pedestrian, Collision With",1,354829,36087,259,0.3,7336134.0,9989.2,886
2024,Property Damage Accident,17:30,2024-02-02,Friday,N,Daylight,HAVERSTRAW,REAR END,ROCKLAND,Curve and Level,Cloudy,Yield Sign,Dry,,Not Applicable,"Other Motor Vehicle, Collision With",2,354829,36087,259,0.3,7336134.0,9989.2,886
2024,Property Damage Accident,10:35,2024-02-02,Friday,Y,Daylight,RAMAPO,LEFT TURN (3),ROCKLAND,Straight and Level,Cloudy,Stop Sign,Dry,59 85011063,Not Applicable,"Other Motor Vehicle, Collision With",2,354829,36087,259,0.3,7336134.0,9989.2,886
2024,Property Damage & Injury Accident,10:45,2024-02-02,Friday,Y,Daylight,CLARKSTOWN,REAR END,ROCKLAND,Straight and Level,Rain,,Wet,987C85011097,Not Applicable,"Other Motor Vehicle, Collision With",2,354829,36087,259,0.3,7336134.0,9989.2,886
2024,Property Damage Accident,23:58,2024-02-02,Friday,Y,Dark-Road Lighted,SPRING VALLEY,RIGHT ANGLE,ROCKLAND,Straight and Level,Clear,Stop Sign,Dry,,Not Applicable,"Other Motor Vehicle, Collision With",2,354829,36087,259,0.3,7336134.0,9989.2,886
2024,Property Damage Accident,5:23,2024-02-02,Friday,Y,Dark-Road Unlighted,WAWARSING,OTHER,ULSTER,Straight and Level,Rain,,Wet,209 86031110,Not Applicable,Deer,1,183095,36111,3565,1.2,6410502.0,3939.4,999
2024,Property Damage Accident,18:03,2024-02-02,Friday,Y,Dark-Road Unlighted,NEW PALTZ,REAR END,ULSTER,Straight and Level,Cloudy,No Passing Zone,Dry,,Not Applicable,"Other Motor Vehicle, Collision With",2,183095,36111,3565,1.2,6410502.0,3939.4,999
2024,Property Damage Accident,15:00,2024-02-02,Friday,Y,Daylight,ULSTER,LEFT TURN (3),ULSTER,Straight and Level,Clear,,Dry,9W86035024,Not Applicable,"Other Motor Vehicle, Collision With",2,183095,36111,3565,1.2,6410502.0,3939.4,999
2024,Property Damage Accident,19:10,2024-02-02,Friday,N,Dark-Road Lighted,KINGSTON,RIGHT ANGLE,ULSTER,Straight and Level,Clear,Stop Sign,Dry,,Not Applicable,"Other Motor Vehicle, Collision With",2,183095,36111,3565,1.2,6410502.0,3939.4,999
2024,Property Damage & Injury Accident,12:31,2024-02-02,Friday,Y,Daylight,OLIVE,LEFT TURN (0),ULSTER,Straight and Grade,Cloudy,,Wet,,Not Applicable,"Other Motor Vehicle, Collision With",2,183095,36111,3565,1.2,6410502.0,3939.4,999
2024,Property Damage Accident,17:24,2024-02-02,Friday,Y,Dark-Road Lighted,YONKERS,REAR END,WESTCHESTER,Straight and Grade,Clear,,Dry,,Not Applicable,"Other Motor Vehicle, Collision With",2,1009165,36119,850,0.8,18110248.0,6143.2,3354
2024,Property Damage Accident,16:22,2024-02-02,Friday,Y,Daylight,YONKERS,SIDESWIPE,WESTCHESTER,Straight and Grade,Clear,,Dry,9 87031038,Not Applicable,"Other Motor Vehicle, Collision With",2,1009165,36119,850,0.8,18110248.0,6143.2,3354
2024,Property Damage Accident,17:37,2024-02-02,Friday,Y,Dusk,GREENBURGH,OTHER,WESTCHESTER,Straight and Level,Clear,,Dry,100 87012023,Not Applicable,"Light Support/Utility Pole, Collision With Fixed Object",1,1009165,36119,850,0.8,18110248.0,6143.2,3354
2024,Property Damage Accident,16:38,2024-02-02,Friday,Y,Daylight,YONKERS,OVERTAKING,WESTCHESTER,Straight and Level,Clear,,Dry,,Not Applicable,"Other Motor Vehicle, Collision With",2,1009165,36119,850,0.8,18110248.0,6143.2,3354
2024,Property Damage Accident,22:26,2024-02-02,Friday,Y,Dark-Road Lighted,PELHAM,OVERTAKING,WESTCHESTER,Curve and Level,Cloudy,Traffic Signal,Dry,,Not Applicable,"Other Motor Vehicle, Collision With",2,1009165,36119,850,0.8,18110248.0,6143.2,3354
2024,Property Damage & Injury Accident,8:50,2024-02-02,Friday,Y,Daylight,BEDFORD,OTHER,WESTCHESTER,Straight and Level,Rain,,Wet,172 87011007,Not Applicable,"Other Motor Vehicle, Collision With",3,1009165,36119,850,0.8,18110248.0,6143.2,3354
2024,Property Damage & Injury Accident,13:43,2024-02-02,Friday,Y,Daylight,YONKERS,OTHER,WESTCHESTER,Curve and Level,Rain,,Wet,987F87011015,Not Applicable,"Other Motor Vehicle, Collision With",3,1009165,36119,850,0.8,18110248.0,6143.2,3354
2024,Property Damage Accident,7:17,2024-02-02,Friday,Y,Dawn,IRVINGTON,OTHER,WESTCHESTER,Curve and Grade,Rain,,Wet,987D87012031,Not Applicable,"Animal, Collision With",1,1009165,36119,850,0.8,18110248.0,6143.2,3354
2024,Property Damage Accident,9:49,2024-02-02,Friday,Y,Daylight,YONKERS,LEFT TURN (3),WESTCHESTER,Curve and Level,Rain,,Wet,,Not Applicable,"Other Motor Vehicle, Collision With",2,1009165,36119,850,0.8,18110248.0,6143.2,3354
2024,Injury Accident,11:55,2024-02-02,Friday,Y,Daylight,NEW ROCHELLE,OTHER,WESTCHESTER,Straight and Level,Rain,,Wet,,Riding/Walking/Skating Along Highway With Traffic,"Bicyclist, Collision With",1,1009165,36119,850,0.8,18110248.0,6143.2,3354
2024,Property Damage Accident,7:13,2024-02-02,Friday,Y,Daylight,NEW ROCHELLE,LEFT TURN (3),WESTCHESTER,Straight and Level,Clear,Traffic Signal,Wet,,Not Applicable,"Other Motor Vehicle, Collision With",2,1009165,36119,850,0.8,18110248.0,6143.2,3354
2024,Property Damage & Injury Accident,11:48,2024-02-03,Saturday,Y,Daylight,POUGHKEEPSIE,RIGHT ANGLE,DUTCHESS,Straight and Level,Clear,Traffic Signal,Dry,115 82011001,Not Applicable,"Other Motor Vehicle, Collision With",2,299256,36027,1695,0.8,5987961.0,3975.0,1300
2024,Property Damage Accident,17:56,2024-02-03,Saturday,Y,Dark-Road Lighted,BEEKMAN,OTHER,DUTCHESS,Straight and Level,Clear,,Dry,55 82032137,Not Applicable,"Animal, Collision With",1,299256,36027,1695,0.8,5987961.0,3975.0,1300
2024,Property Damage Accident,4:04,2024-02-03,Saturday,Y,Dark-Road Lighted,WALLKILL,OTHER,ORANGE,Straight and Grade,Clear,,Dry,,Not Applicable,"Light Support/Utility Pole, Collision With Fixed Object",1,415088,36071,4753,2.6,13857119.0,5167.5,1527
2024,Property Damage Accident,18:00,2024-02-03,Saturday,Y,Dark-Road Unlighted,WALLKILL,OTHER,ORANGE,Straight and Level,Clear,,Dry,,Not Applicable,Deer,1,415088,36071,4753,2.6,13857119.0,5167.5,1527
2024,Property Damage Accident,16:25,2024-02-03,Saturday,Y,Daylight,NEW WINDSOR,OTHER,ORANGE,Curve and Level,Clear,,Dry,,Not Applicable,"Guide Rail - Not At End, Collision With Fixed Object",1,415088,36071,4753,2.6,13857119.0,5167.5,1527
2024,Property Damage Accident,16:00,2024-02-03,Saturday,Y,Daylight,CORNWALL,OTHER,ORANGE,Straight and Grade,Clear,No Passing Zone,Dry,,Not Applicable,Deer,1,415088,36071,4753,2.6,13857119.0,5167.5,1527
2024,Property Damage & Injury Accident,13:18,2024-02-03,Saturday,Y,Daylight,WOODBURY,Unknown,ORANGE,Straight and Level,Clear,Unknown,Dry,32 83011034,Not Applicable,"Other Motor Vehicle, Collision With",2,415088,36071,4753,2.6,13857119.0,5167.5,1527
2024,Property Damage Accident,23:05,2024-02-03,Saturday,Y,Dark-Road Lighted,MONTGOMERY,SIDESWIPE,ORANGE,Straight and Level,Clear,,Dry,17K83011104,Not Applicable,"Other Motor Vehicle, Collision With",2,415088,36071,4753,2.6,13857119.0,5167.5,1527
2024,Property Damage Accident,19:51,2024-02-03,Saturday,Y,Dark-Road Lighted,WARWICK,REAR END,ORANGE,Straight and Level,Clear,Traffic Signal,Dry,94 83011025,Not Applicable,"Other Motor Vehicle, Collision With",2,415088,36071,4753,2.6,13857119.0,5167.5,1527
2024,Property Damage & Injury Accident,19:28,2024-02-03,Saturday,Y,Dark-Road Unlighted,MONROE,SIDESWIPE,ORANGE,Straight and Level,Clear,Traffic Signal,Dry,,Not Applicable,"Other Motor Vehicle, Collision With",2,415088,36071,4753,2.6,13857119.0,5167.5,1527
2024,Property Damage Accident,13:19,2024-02-03,Saturday,Y,Daylight,PHILLIPSTOWN,REAR END,PUTNAM,Straight and Level,Clear,No Passing Zone,Dry,9D84021027,Not Applicable,"Other Motor Vehicle, Collision With",2,98842,36079,509,0.7,2746105.0,4089.2,375
2024,Property Damage Accident,16:57,2024-02-03,Saturday,Y,Dusk,KENT,REAR END,PUTNAM,Curve and Level,Clear,Stop Sign,Dry,987G84021107,Not Applicable,"Other Motor Vehicle, Collision With",2,98842,36079,509,0.7,2746105.0,4089.2,375
2024,Property Damage Accident,21:15,2024-02-03,Saturday,Y,Dark-Road Lighted,CLARKSTOWN,HEAD ON,ROCKLAND,Straight and Level,Clear,,Dry,,Not Applicable,"Earth Embankment/Rock Cut/Ditch, Collision With Fixed Object",2,354829,36087,259,0.3,7336134.0,9989.2,886
2024,Property Damage & Injury Accident,16:16,2024-02-03,Saturday,Y,Daylight,SUFFERN,Unknown,ROCKLAND,Curve and Level,Clear,,Dry,,Not Applicable,"Guide Rail - Not At End, Collision With Fixed Object",2,354829,36087,259,0.3,7336134.0,9989.2,886
2024,Property Damage Accident,0:11,2024-02-03,Saturday,Y,Dark-Road Unlighted,NEW PALTZ,OTHER,ULSTER,Straight and Level,Clear,,Dry,,Not Applicable,Deer,1,183095,36111,3565,1.2,6410502.0,3939.4,999
2024,Property Damage & Injury Accident,23:27,2024-02-03,Saturday,Y,Dark-Road Lighted,PORT CHESTER,HEAD ON,WESTCHESTER,Straight and Level,Clear,Traffic Signal,Dry,982B87011006,Not Applicable,"Other Motor Vehicle, Collision With",2,1009165,36119,850,0.8,18110248.0,6143.2,3354
2024,Property Damage Accident,20:35,2024-02-03,Saturday,Y,Dark-Road Lighted,HARRISON,OVERTAKING,WESTCHESTER,Straight and Grade,Clear,,Dry,,Not Applicable,"Other Motor Vehicle, Collision With",2,1009165,36119,850,0.8,18110248.0,6143.2,3354
2024,Property Damage Accident,20:43,2024-02-03,Saturday,Y,Dark-Road Lighted,YONKERS,OTHER,WESTCHESTER,Straight at Hill Crest,Clear,,Dry,,Not Applicable,"Building/Wall, Collision With Fixed Object",1,1009165,36119,850,0.8,18110248.0,6143.2,3354
2024,Property Damage Accident,17:39,2024-02-03,Saturday,Y,Dark-Road Lighted,WHITE PLAINS,RIGHT TURN (6),WESTCHESTER,Straight and Level,Clear,,Dry,,Not Applicable,"Other Motor Vehicle, Collision With",2,1009165,36119,850,0.8,18110248.0,6143.2,3354
2024,Property Damage & Injury Accident,20:55,2024-02-03,Saturday,Y,Dark-Road Lighted,OSSINING,SIDESWIPE,WESTCHESTER,Straight at Hill Crest,Clear,,Dry,,Not Applicable,"Other Motor Vehicle, Collision With",2,1009165,36119,850,0.8,18110248.0,6143.2,3354
2024,Property Damage Accident,14:11,2024-02-03,Saturday,Y,Daylight,MOUNT VERNON,REAR END,WESTCHESTER,Straight and Grade,Clear,,Dry,907K87013000,Not Applicable,"Other Motor Vehicle, Collision With",2,1009165,36119,850,0.8,18110248.0,6143.2,3354
2024,Property Damage Accident,15:45,2024-02-03,Saturday,Y,Daylight,PORT CHESTER,Unknown,WESTCHESTER,Straight and Level,Clear,,Dry,1 87035002,Not Applicable,"Other Motor Vehicle, Collision With",2,1009165,36119,850,0.8,18110248.0,6143.2,3354
2024,Property Damage Accident,1:52,2024-02-03,Saturday,Y,Dark-Road Lighted,DOBBS FERRY,OTHER,WESTCHESTER,Straight and Grade,Clear,Traffic Signal,Dry,,Not Applicable,"Bridge Structure, Collision With Fixed Object",1,1009165,36119,850,0.8,18110248.0,6143.2,3354
2024,Property Damage & Injury Accident,1:52,2024-02-03,Saturday,Y,Dark-Road Lighted,DOBBS FERRY,OTHER,WESTCHESTER,Straight and Grade,Clear,Traffic Signal,Dry,,Not Applicable,"Bridge Structure, Collision With Fixed Object",1,1009165,36119,850,0.8,18110248.0,6143.2,3354
2024,Property Damage Accident,14:59,2024-02-03,Saturday,Y,Daylight,GREENBURGH,OTHER,WESTCHESTER,Straight and Level,Clear,Traffic Signal,Dry,100A87011015,Not Applicable,"Curbing, Collision With Fixed Object",3,1009165,36119,850,0.8,18110248.0,6143.2,3354
2024,Property Damage Accident,16:50,2024-02-04,Sunday,Y,Dusk,DOVER,OTHER,DUTCHESS,Curve and Grade,Clear,No Passing Zone,Dry,,Not Applicable,"Ran Off Roadway Only, Non-Collision",1,299256,36027,1695,0.8,5987961.0,3975.0,1300
2024,Property Damage Accident,8:00,2024-02-04,Sunday,Y,Daylight,WAPPINGER,OVERTAKING,DUTCHESS,Straight and Level,Cloudy,Traffic Signal,Dry,9 82051083,Not Applicable,"Other Motor Vehicle, Collision With",2,299256,36027,1695,0.8,5987961.0,3975.0,1300
2024,Property Damage Accident,14:00,2024-02-04,Sunday,Y,Daylight,BEACON,OVERTAKING,DUTCHESS,Straight and Grade,Clear,,Dry,,Not Applicable,"Other Motor Vehicle, Collision With",2,299256,36027,1695,0.8,5987961.0,3975.0,1300
2024,Property Damage Accident,14:11,2024-02-04,Sunday,Y,Daylight,NEWBURGH,OVERTAKING,ORANGE,Straight and Level,Clear,Stop Sign,Dry,,Not Applicable,"Other Motor Vehicle, Collision With",2,415088,36071,4753,2.6,13857119.0,5167.5,1527
2024,Property Damage Accident,12:54,2024-02-04,Sunday,Y,Daylight,MONROE,OTHER,ORANGE,Straight and Level,Clear,No Passing Zone,Dry,,Not Applicable,Deer,1,415088,36071,4753,2.6,13857119.0,5167.5,1527
2024,Property Damage & Injury Accident,22:19,2024-02-04,Sunday,Y,Dark-Road Lighted,NEWBURGH,REAR END,ORANGE,Straight and Level,Clear,,Dry,84I83011371,Not Applicable,"Other Motor Vehicle, Collision With",2,415088,36071,4753,2.6,13857119.0,5167.5,1527
2024,Property Damage Accident,17:40,2024-02-04,Sunday,N,Unknown,KIRYAS JOEL,REAR END,ORANGE,Unknown,Unknown,Unknown,Unknown,,Not Applicable,"Other Motor Vehicle, Collision With",2,415088,36071,4753,2.6,13857119.0,5167.5,1527
2024,Property Damage Accident,19:30,2024-02-04,Sunday,Y,Dark-Road Unlighted,WAWAYANDA,REAR END,ORANGE,Straight and Level,Clear,Stop Sign,Dry,,Not Applicable,"Other Motor Vehicle, Collision With",2,415088,36071,4753,2.6,13857119.0,5167.5,1527
2024,Property Damage Accident,18:55,2024-02-04,Sunday,Y,Dark-Road Unlighted,DEERPARK,OTHER,ORANGE,Straight and Grade,Clear,,Dry,,Not Applicable,"Tree, Collision With Fixed Object",1,415088,36071,4753,2.6,13857119.0,5167.5,1527
2024,Property Damage Accident,6:50,2024-02-04,Sunday,Y,Daylight,WALLKILL,LEFT TURN (0),ORANGE,Straight and Level,Cloudy,,Dry,,Not Applicable,"Other Motor Vehicle, Collision With",2,415088,36071,4753,2.6,13857119.0,5167.5,1527
2024,Property Damage Accident,21:00,2024-02-04,Sunday,Y,Dark-Road Lighted,WALLKILL,REAR END,ORANGE,Straight and Level,Clear,Traffic Signal,Dry,,Not Applicable,"Other Motor Vehicle, Collision With",2,415088,36071,4753,2.6,13857119.0,5167.5,1527
2024,Property Damage & Injury Accident,16:17,2024-02-04,Sunday,Y,Daylight,NEW WINDSOR,LEFT TURN (0),ORANGE,Straight and Level,Clear,,Dry,94 83011294,Not Applicable,"Other Motor Vehicle, Collision With",2,415088,36071,4753,2.6,13857119.0,5167.5,1527
2024,Property Damage Accident,17:30,2024-02-04,Sunday,Y,Dusk,SOUTHEAST,REAR END,PUTNAM,Straight and Level,Clear,,Dry,84I84031106,Not Applicable,"Other Motor Vehicle, Collision With",2,98842,36079,509,0.7,2746105.0,4089.2,375
2024,Property Damage Accident,17:40,2024-02-04,Sunday,Y,Dark-Road Unlighted,HAVERSTRAW,REAR END,ROCKLAND,Straight and Level,Cloudy,,Dry,987C85011155,Not Applicable,"Other Motor Vehicle, Collision With",2,354829,36087,259,0.3,7336134.0,9989.2,886
2024,Property Damage Accident,15:24,2024-02-04,Sunday,Y,Daylight,SPRING VALLEY,REAR END,ROCKLAND,Straight and Level,Clear,,Dry,,Not Applicable,"Other Motor Vehicle, Collision With",2,354829,36087,259,0.3,7336134.0,9989.2,886
2024,Property Damage Accident,16:08,2024-02-04,Sunday,Y,Daylight,RAMAPO,OVERTAKING,ROCKLAND,Straight and Level,Clear,,Dry,,Not Applicable,"Other Motor Vehicle, Collision With",2,354829,36087,259,0.3,7336134.0,9989.2,886
2024,Property Damage Accident,15:20,2024-02-04,Sunday,Y,Daylight,NEW PALTZ,REAR END,ULSTER,Straight and Level,Clear,Traffic Signal,Dry,299 86011077,Not Applicable,"Other Motor Vehicle, Collision With",2,183095,36111,3565,1.2,6410502.0,3939.4,999
2024,Property Damage Accident,14:16,2024-02-04,Sunday,Y,Daylight,KINGSTON,REAR END,ULSTER,Straight and Level,Clear,,Dry,,Not Applicable,"Other Motor Vehicle, Collision With",2,183095,36111,3565,1.2,6410502.0,3939.4,999
2024,Property Damage Accident,10:52,2024-02-04,Sunday,Y,Daylight,YONKERS,OTHER,WESTCHESTER,Straight and Level,Cloudy,,Dry,,Not Applicable,"Guide Rail - Not At End, Collision With Fixed Object",1,1009165,36119,850,0.8,18110248.0,6143.2,3354
2024,Property Damage Accident,18:24,2024-02-04,Sunday,Y,Dark-Road Lighted,BEDFORD,LEFT TURN (0),WESTCHESTER,Straight and Grade,Clear,Stop Sign,Dry,,Not Applicable,"Other Motor Vehicle, Collision With",2,1009165,36119,850,0.8,18110248.0,6143.2,3354
2024,Property Damage Accident,13:00,2024-02-04,Sunday,Y,Daylight,YONKERS,OVERTAKING,WESTCHESTER,Straight and Level,Clear,,Dry,987F87011001,Not Applicable,"Other Motor Vehicle, Collision With",2,1009165,36119,850,0.8,18110248.0,6143.2,3354
2024,Property Damage Accident,17:48,2024-02-04,Sunday,Y,Dark-Road Lighted,GREENBURGH,RIGHT ANGLE,WESTCHESTER,Straight and Level,Clear,,Dry,100 87012027,Not Applicable,"Other Motor Vehicle, Collision With",2,1009165,36119,850,0.8,18110248.0,6143.2,3354
2024,Property Damage & Injury Accident,17:37,2024-02-04,Sunday,Y,Dark-Road Lighted,PEEKSKILL,REAR END,WESTCHESTER,Straight and Level,Clear,Traffic Signal,Dry,987H87011017,Not Applicable,"Other Motor Vehicle, Collision With",2,1009165,36119,850,0.8,18110248.0,6143.2,3354
2024,Property Damage & Injury Accident,15:04,2024-02-04,Sunday,Y,Daylight,YONKERS,Unknown,WESTCHESTER,Straight and Level,Clear,,Dry,984E87011014,Not Applicable,"Other Motor Vehicle, Collision With",2,1009165,36119,850,0.8,18110248.0,6143.2,3354
2024,Property Damage Accident,19:50,2024-02-04,Sunday,Y,Dark-Road Lighted,NEW ROCHELLE,REAR END,WESTCHESTER,Straight and Level,Clear,,Dry,,Not Applicable,"Other Motor Vehicle, Collision With",2,1009165,36119,850,0.8,18110248.0,6143.2,3354
2024,Property Damage Accident,20:59,2024-02-04,Sunday,Y,Dark-Road Unlighted,HARRISON,OTHER,WESTCHESTER,Straight and Level,Clear,,Dry,287I87011023,Not Applicable,"Other Object (Not Fixed)*, Collision With",1,1009165,36119,850,0.8,18110248.0,6143.2,3354
2024,Property Damage Accident,0:51,2024-02-04,Sunday,Y,Dark-Road Unlighted,MOUNT PLEASANT,OTHER,WESTCHESTER,Straight and Level,Clear,,Dry,987G87011040,Not Applicable,"Overturned, Non-Collision",1,1009165,36119,850,0.8,18110248.0,6143.2,3354
2024,Property Damage Accident,17:15,2024-02-04,Sunday,Y,Dusk,YONKERS,OVERTAKING,WESTCHESTER,Straight and Level,Clear,,Dry,,Not Applicable,"Other Motor Vehicle, Collision With",2,1009165,36119,850,0.8,18110248.0,6143.2,3354
2024,Property Damage Accident,0:00,2024-02-04,Sunday,N,Unknown,IRVINGTON,OTHER,WESTCHESTER,Unknown,Unknown,Unknown,Unknown,,Not Applicable,"Tree, Collision With Fixed Object",1,1009165,36119,850,0.8,18110248.0,6143.2,3354
2024,Property Damage Accident,17:30,2024-02-04,Sunday,Y,Dusk,GREENBURGH,OTHER,WESTCHESTER,Straight and Grade,Clear,,Dry,,Not Applicable,"Animal, Collision With",1,1009165,36119,850,0.8,18110248.0,6143.2,3354