year,accident_descriptor,time,date,day_of_week,police_report,lighting_conditions,municipality,collision_type_descriptor,county_name,road_descriptor,weather_conditions,traffic_control_device,road_surface_conditions,dot_reference_marker_location,pedestrian_bicyclist_action,event_descriptor,number_of_vehicles_involved,county_population_2024,county_fips,county_deer_take_2024,county_antlerless_deer_per_sqmi_2024,county_daily_vmt_2019,county_mean_aadt_2019,county_aadt_segments_2019
2024,Property Damage Accident,17:25,2024-02-04,Sunday,Y,Dusk,SCARSDALE,REAR END,WESTCHESTER,Straight and Level,Clear,,Dry,,Not Applicable,"Other Motor Vehicle, Collision With",2,1009165,36119,850,0.8,18110248.0,6143.2,3354
2024,Property Damage Accident,11:29,2024-02-04,Sunday,Y,Daylight,NEW ROCHELLE,SIDESWIPE,WESTCHESTER,Straight and Level,Clear,,Dry,,Not Applicable,"Other Motor Vehicle, Collision With",2,1009165,36119,850,0.8,18110248.0,6143.2,3354
2024,Property Damage Accident,8:00,2024-02-05,Monday,Y,Daylight,MILAN,OTHER,DUTCHESS,Straight and Level,Clear,,Dry,987G82031317,Not Applicable,Deer,1,299256,36027,1695,0.8,5987961.0,3975.0,1300
2024,Property Damage Accident,10:00,2024-02-05,Monday,Y,Daylight,DOVER,OVERTAKING,DUTCHESS,Curve and Level,Clear,,Dry,,Not Applicable,"Other Motor Vehicle, Collision With",2,299256,36027,1695,0.8,5987961.0,3975.0,1300
2024,Property Damage Accident,17:50,2024-02-05,Monday,Y,Dark-Road Unlighted,FISHKILL,LEFT TURN (3),DUTCHESS,Straight and Grade,Clear,,Dry,,Not Applicable,"Other Motor Vehicle, Collision With",2,299256,36027,1695,0.8,5987961.0,3975.0,1300
2024,Property Damage Accident,16:30,2024-02-05,Monday,Y,Daylight,HYDE PARK,REAR END,DUTCHESS,Straight and Level,Clear,Stop Sign,Dry,9G82013086,Not Applicable,"Other Motor Vehicle, Collision With",2,299256,36027,1695,0.8,5987961.0,3975.0,1300
2024,Property Damage Accident,10:57,2024-02-05,Monday,Y,Daylight,WALLKILL,OTHER,ORANGE,Straight and Level,Clear,,Dry,17 83101077,Not Applicable,"Guide Rail - Not At End, Collision With Fixed Object",1,415088,36071,4753,2.6,13857119.0,5167.5,1527
2024,Property Damage Accident,17:31,2024-02-05,Monday,Y,Dusk,WARWICK,LEFT TURN (3),ORANGE,Straight at Hill Crest,Clear,Stop Sign,Dry,17A83011187,Not Applicable,"Other Motor Vehicle, Collision With",2,415088,36071,4753,2.6,13857119.0,5167.5,1527
2024,Property Damage Accident,14:40,2024-02-05,Monday,Y,Daylight,NEWBURGH,OVERTAKING,ORANGE,Curve and Level,Clear,,Dry,84I83013009,Not Applicable,"Other Motor Vehicle, Collision With",2,415088,36071,4753,2.6,13857119.0,5167.5,1527
2024,Property Damage Accident,17:49,2024-02-05,Monday,Y,Dark-Road Lighted,WALLKILL,REAR END,ORANGE,Straight and Level,Clear,,Dry,,Not Applicable,"Other Motor Vehicle, Collision With",2,415088,36071,4753,2.6,13857119.0,5167.5,1527
2024,Property Damage Accident,17:05,2024-02-05,Monday,Y,Daylight,NEWBURGH,LEFT TURN (3),ORANGE,Straight and Level,Clear,,Dry,32 83013034,Not Applicable,"Other Motor Vehicle, Collision With",2,415088,36071,4753,2.6,13857119.0,5167.5,1527
2024,Property Damage Accident,6:10,2024-02-05,Monday,Y,Dawn,MIDDLETOWN,REAR END,ORANGE,Straight and Level,Clear,Traffic Signal,Dry,17M83012036,Not Applicable,"Other Motor Vehicle, Collision With",2,415088,36071,4753,2.6,13857119.0,5167.5,1527
2024,Property Damage & Injury Accident,5:35,2024-02-05,Monday,Y,Dark-Road Unlighted,SOUTH NYACK,REAR END,ROCKLAND,Straight and Level,Clear,Traffic Signal,Dry,,Not Applicable,"Other Motor Vehicle, Collision With",2,354829,36087,259,0.3,7336134.0,9989.2,886
2024,Property Damage Accident,11:59,2024-02-05,Monday,Y,Daylight,SLOATSBURG,REAR END,ROCKLAND,Straight and Level,Clear,,Dry,,Not Applicable,"Other Motor Vehicle, Collision With",2,354829,36087,259,0.3,7336134.0,9989.2,886
2024,Property Damage Accident,8:00,2024-02-05,Monday,Y,Daylight,WEST HAVERSTRAW,LEFT TURN (3),ROCKLAND,Straight and Level,Clear,,Dry,,Not Applicable,"Other Motor Vehicle, Collision With",2,354829,36087,259,0.3,7336134.0,9989.2,886
2024,Property Damage Accident,7:52,2024-02-05,Monday,Y,Daylight,HAVERSTRAW,REAR END,ROCKLAND,Straight and Level,Clear,,Dry,9W85011157,Not Applicable,"Other Motor Vehicle, Collision With",2,354829,36087,259,0.3,7336134.0,9989.2,886
2024,Property Damage Accident,16:22,2024-02-05,Monday,Y,Daylight,ULSTER,OVERTAKING,ULSTER,Curve and Level,Clear,,Dry,981K86012003,Not Applicable,"Other Motor Vehicle, Collision With",2,183095,36111,3565,1.2,6410502.0,3939.4,999
2024,Property Damage Accident,17:58,2024-02-05,Monday,Y,Dark-Road Lighted,YORKTOWN,OTHER,WESTCHESTER,Straight and Level,Clear,Traffic Signal,Dry,35 87012052,Not Applicable,Deer,1,1009165,36119,850,0.8,18110248.0,6143.2,3354
2024,Property Damage Accident,12:45,2024-02-05,Monday,Y,Daylight,MOUNT KISCO,LEFT TURN (0),WESTCHESTER,Straight and Level,Clear,,Dry,117 87011102,Not Applicable,"Other Motor Vehicle, Collision With",2,1009165,36119,850,0.8,18110248.0,6143.2,3354
2024,Property Damage Accident,18:22,2024-02-05,Monday,Y,Dark-Road Lighted,GREENBURGH,RIGHT ANGLE,WESTCHESTER,Straight and Level,Clear,Stop Sign,Dry,,Not Applicable,"Other Motor Vehicle, Collision With",2,1009165,36119,850,0.8,18110248.0,6143.2,3354
2024,Property Damage Accident,14:13,2024-02-05,Monday,Y,Daylight,YONKERS,REAR END,WESTCHESTER,Straight and Level,Cloudy,,Dry,,Not Applicable,"Other Motor Vehicle, Collision With",2,1009165,36119,850,0.8,18110248.0,6143.2,3354
2024,Property Damage Accident,9:43,2024-02-05,Monday,Y,Daylight,OSSINING,SIDESWIPE,WESTCHESTER,Straight and Level,Clear,Traffic Signal,Dry,,Not Applicable,"Other Motor Vehicle, Collision With",2,1009165,36119,850,0.8,18110248.0,6143.2,3354
2024,Property Damage Accident,6:29,2024-02-05,Monday,Y,Dark-Road Unlighted,MOUNT PLEASANT,REAR END,WESTCHESTER,Straight and Level,Clear,,Dry,987F87012083,Not Applicable,"Other Motor Vehicle, Collision With",2,1009165,36119,850,0.8,18110248.0,6143.2,3354
2024,Property Damage Accident,9:05,2024-02-05,Monday,Y,Daylight,CROTON ON HUDSON,REAR END,WESTCHESTER,Straight and Level,Clear,,Dry,,Not Applicable,"Other Motor Vehicle, Collision With",2,1009165,36119,850,0.8,18110248.0,6143.2,3354
2024,Property Damage Accident,8:26,2024-02-05,Monday,Y,Daylight,HASTINGS ON HUDSON,OTHER,WESTCHESTER,Straight and Level,Clear,Unknown,Dry,9 87032002,Not Applicable,Deer,1,1009165,36119,850,0.8,18110248.0,6143.2,3354
2024,Property Damage Accident,15:54,2024-02-06,Tuesday,Y,Daylight,POUGHKEEPSIE,RIGHT ANGLE,DUTCHESS,Straight and Grade,Clear,,Dry,,Not Applicable,"Other Motor Vehicle, Collision With",2,299256,36027,1695,0.8,5987961.0,3975.0,1300
2024,Injury Accident,17:55,2024-02-06,Tuesday,Y,Dark-Road Lighted,FISHKILL,OTHER,DUTCHESS,Straight and Level,Clear,,Dry,980J82011014,Riding/Walking/Skating Along Highway With Traffic,"Bicyclist, Collision With",1,299256,36027,1695,0.8,5987961.0,3975.0,1300
2024,Property Damage Accident,9:35,2024-02-06,Tuesday,Y,Daylight,POUGHKEEPSIE,REAR END,DUTCHESS,Straight and Grade,Clear,,Dry,44 82021011,Not Applicable,"Other Motor Vehicle, Collision With",2,299256,36027,1695,0.8,5987961.0,3975.0,1300
2024,Property Damage Accident,8:39,2024-02-06,Tuesday,Y,Daylight,NEWBURGH,OTHER,ORANGE,Straight and Level,Clear,,Dry,84I83013002,Not Applicable,"Other Motor Vehicle, Collision With",3,415088,36071,4753,2.6,13857119.0,5167.5,1527
2024,Property Damage Accident,8:48,2024-02-06,Tuesday,Y,Daylight,NEWBURGH,OVERTAKING,ORANGE,Straight and Level,Clear,,Dry,9W83023000,Not Applicable,"Other Motor Vehicle, Collision With",2,415088,36071,4753,2.6,13857119.0,5167.5,1527
2024,Property Damage Accident,11:40,2024-02-06,Tuesday,Y,Daylight,TUXEDO,OVERTAKING,ORANGE,Straight and Level,Clear,,Dry,,Not Applicable,"Other Motor Vehicle, Collision With",2,415088,36071,4753,2.6,13857119.0,5167.5,1527
2024,Property Damage Accident,17:45,2024-02-06,Tuesday,Y,Dark-Road Unlighted,MONROE,OTHER,ORANGE,Straight and Grade,Clear,No Passing Zone,Dry,,Not Applicable,"Animal, Collision With",1,415088,36071,4753,2.6,13857119.0,5167.5,1527
2024,Property Damage Accident,9:50,2024-02-06,Tuesday,Y,Daylight,WAWAYANDA,OTHER,ORANGE,Straight and Level,Clear,No Passing Zone,Dry,,Not Applicable,Deer,1,415088,36071,4753,2.6,13857119.0,5167.5,1527
2024,Property Damage Accident,0:33,2024-02-06,Tuesday,Y,Dawn,BREWSTER,Unknown,PUTNAM,Straight at Hill Crest,Clear,Stop Sign,Dry,6 84041128,Not Applicable,"Other Motor Vehicle, Collision With",2,98842,36079,509,0.7,2746105.0,4089.2,375
2024,Property Damage Accident,15:30,2024-02-06,Tuesday,Y,Daylight,KENT,OVERTAKING,PUTNAM,Straight and Level,Clear,,Dry,987G84021125,Not Applicable,"Other Motor Vehicle, Collision With",2,98842,36079,509,0.7,2746105.0,4089.2,375
2024,Property Damage Accident,22:32,2024-02-06,Tuesday,Y,Dark-Road Unlighted,ORANGETOWN,OTHER,ROCKLAND,Straight and Level,Clear,,Dry,987C85011041,Not Applicable,Deer,1,354829,36087,259,0.3,7336134.0,9989.2,886
2024,Property Damage Accident,17:01,2024-02-06,Tuesday,Y,Daylight,SPRING VALLEY,OVERTAKING,ROCKLAND,Straight and Level,Clear,Traffic Signal,Dry,45 85011029,Not Applicable,"Other Motor Vehicle, Collision With",2,354829,36087,259,0.3,7336134.0,9989.2,886
2024,Property Damage & Injury Accident,17:41,2024-02-06,Tuesday,Y,Dark-Road Unlighted,CLARKSTOWN,OTHER,ROCKLAND,Straight and Level,Clear,,Dry,,Not Applicable,"Other Motor Vehicle, Collision With",4,354829,36087,259,0.3,7336134.0,9989.2,886
2024,Property Damage Accident,11:23,2024-02-06,Tuesday,Y,Daylight,CLARKSTOWN,LEFT TURN (3),ROCKLAND,Straight and Level,Clear,Stop Sign,Dry,,Not Applicable,"Other Motor Vehicle, Collision With",2,354829,36087,259,0.3,7336134.0,9989.2,886
2024,Property Damage Accident,12:00,2024-02-06,Tuesday,Y,Daylight,NYACK,OVERTAKING,ROCKLAND,Straight and Grade,Clear,,Dry,,Not Applicable,"Other Motor Vehicle, Collision With",2,354829,36087,259,0.3,7336134.0,9989.2,886
2024,Property Damage Accident,6:25,2024-02-06,Tuesday,Y,Dark-Road Unlighted,SUFFERN,OVERTAKING,ROCKLAND,Straight and Level,Clear,,Dry,,Not Applicable,"Other Motor Vehicle, Collision With",2,354829,36087,259,0.3,7336134.0,9989.2,886
2024,Property Damage Accident,17:53,2024-02-06,Tuesday,Y,Dark-Road Lighted,RAMAPO,Unknown,ROCKLAND,Straight and Level,Clear,,Dry,,Not Applicable,"Other Motor Vehicle, Collision With",2,354829,36087,259,0.3,7336134.0,9989.2,886
2024,Property Damage Accident,9:13,2024-02-06,Tuesday,Y,Daylight,,RIGHT ANGLE,ROCKLAND,Straight and Level,Clear,,Dry,,Not Applicable,"Other Motor Vehicle, Collision With",2,354829,36087,259,0.3,7336134.0,9989.2,886
2024,Injury Accident,14:40,2024-02-06,Tuesday,Y,Daylight,ORANGETOWN,OTHER,ROCKLAND,Straight and Level,Clear,,Dry,,Not in Roadway (Indicate),"Pedestrian, Collision With",1,354829,36087,259,0.3,7336134.0,9989.2,886
2024,Property Damage Accident,8:32,2024-02-06,Tuesday,Y,Daylight,CLARKSTOWN,OVERTAKING,ROCKLAND,Straight and Level,Clear,,Dry,304 85011042,Not Applicable,"Other Motor Vehicle, Collision With",2,354829,36087,259,0.3,7336134.0,9989.2,886
2024,Property Damage Accident,7:50,2024-02-06,Tuesday,Y,Dawn,MONTEBELLO,OTHER,ROCKLAND,Straight and Grade,Clear,,Dry,,Not Applicable,"Other Motor Vehicle, Collision With",3,354829,36087,259,0.3,7336134.0,9989.2,886
2024,Property Damage Accident,15:23,2024-02-06,Tuesday,Y,Daylight,ROCHESTER,RIGHT TURN (5),ULSTER,Curve and Grade,Clear,,Dry,,Not Applicable,"Other Motor Vehicle, Collision With",2,183095,36111,3565,1.2,6410502.0,3939.4,999
2024,Property Damage Accident,9:26,2024-02-06,Tuesday,Y,Daylight,ULSTER,LEFT TURN (3),ULSTER,Straight and Level,Clear,Stop Sign,Dry,,Not Applicable,"Other Motor Vehicle, Collision With",2,183095,36111,3565,1.2,6410502.0,3939.4,999
2024,Property Damage & Injury Accident,11:14,2024-02-06,Tuesday,Y,Daylight,KINGSTON,RIGHT ANGLE,ULSTER,Straight and Level,Clear,Stop Sign,Dry,,Not Applicable,"Other Motor Vehicle, Collision With",2,183095,36111,3565,1.2,6410502.0,3939.4,999
2024,Property Damage Accident,18:35,2024-02-06,Tuesday,Y,Dark-Road Lighted,SAUGERTIES,LEFT TURN (0),ULSTER,Straight and Level,Clear,Traffic Signal,Dry,32 86023121,Not Applicable,"Other Motor Vehicle, Collision With",2,183095,36111,3565,1.2,6410502.0,3939.4,999
2024,Property Damage Accident,18:23,2024-02-06,Tuesday,Y,Dark-Road Lighted,WHITE PLAINS,REAR END,WESTCHESTER,Straight and Grade,Clear,Traffic Signal,Dry,,Not Applicable,"Other Motor Vehicle, Collision With",2,1009165,36119,850,0.8,18110248.0,6143.2,3354
2024,Property Damage Accident,17:31,2024-02-06,Tuesday,Y,Dusk,YONKERS,OVERTAKING,WESTCHESTER,Straight and Level,Clear,,Dry,,Not Applicable,"Other Motor Vehicle, Collision With",2,1009165,36119,850,0.8,18110248.0,6143.2,3354
2024,Property Damage & Injury Accident,8:27,2024-02-06,Tuesday,Y,Daylight,BEDFORD,REAR END,WESTCHESTER,Straight and Level,Clear,,Dry,684I87011149,Not Applicable,"Other Motor Vehicle, Collision With",2,1009165,36119,850,0.8,18110248.0,6143.2,3354
2024,Property Damage Accident,0:44,2024-02-06,Tuesday,Y,Dark-Road Unlighted,PORT CHESTER,OTHER,WESTCHESTER,Straight and Grade,Clear,,Dry,,Not Applicable,"Curbing, Collision With Fixed Object",1,1009165,36119,850,0.8,18110248.0,6143.2,3354
2024,Property Damage Accident,8:57,2024-02-06,Tuesday,Y,Daylight,NEW ROCHELLE,OTHER,WESTCHESTER,Straight and Level,Clear,,Dry,1 87032006,Not Applicable,"Other Motor Vehicle, Collision With",3,1009165,36119,850,0.8,18110248.0,6143.2,3354
2024,Property Damage Accident,13:40,2024-02-06,Tuesday,Y,Daylight,OSSINING,LEFT TURN (3),WESTCHESTER,Straight and Level,Clear,,Dry,,Not Applicable,"Other Motor Vehicle, Collision With",2,1009165,36119,850,0.8,18110248.0,6143.2,3354
2024,Property Damage Accident,13:21,2024-02-06,Tuesday,Y,Daylight,WHITE PLAINS,OVERTAKING,WESTCHESTER,Straight and Level,Clear,Traffic Signal,Dry,,Not Applicable,"Other Motor Vehicle, Collision With",2,1009165,36119,850,0.8,18110248.0,6143.2,3354
2024,Property Damage Accident,21:40,2024-02-06,Tuesday,Y,Dark-Road Lighted,MOUNT PLEASANT,REAR END,WESTCHESTER,Straight and Level,Clear,,Dry,117 87011026,Not Applicable,"Other Motor Vehicle, Collision With",2,1009165,36119,850,0.8,18110248.0,6143.2,3354
2024,Property Damage Accident,21:23,2024-02-06,Tuesday,Y,Dark-Road Lighted,NEW ROCHELLE,OVERTAKING,WESTCHESTER,Straight and Level,Clear,,Dry,981V87011007,Not Applicable,"Other Motor Vehicle, Collision With",2,1009165,36119,850,0.8,18110248.0,6143.2,3354
2024,Property Damage Accident,8:46,2024-02-06,Tuesday,Y,Daylight,PEEKSKILL,REAR END,WESTCHESTER,Straight and Grade,Clear,,Dry,987H87011001,Not Applicable,"Other Motor Vehicle, Collision With",2,1009165,36119,850,0.8,18110248.0,6143.2,3354
2024,Property Damage & Injury Accident,6:53,2024-02-07,Wednesday,Y,Daylight,EAST FISHKILL,RIGHT ANGLE,DUTCHESS,Straight and Level,Clear,Traffic Signal,Dry,82 82011035,Not Applicable,"Other Motor Vehicle, Collision With",2,299256,36027,1695,0.8,5987961.0,3975.0,1300
2024,Property Damage Accident,11:00,2024-02-07,Wednesday,Y,Daylight,POUGHKEEPSIE,REAR END,DUTCHESS,Straight and Level,Clear,,Dry,,Not Applicable,"Other Motor Vehicle, Collision With",2,299256,36027,1695,0.8,5987961.0,3975.0,1300
2024,Property Damage Accident,8:02,2024-02-07,Wednesday,Y,Daylight,LA GRANGE,REAR END,DUTCHESS,Straight and Level,Clear,,Dry,,Not Applicable,"Other Motor Vehicle, Collision With",2,299256,36027,1695,0.8,5987961.0,3975.0,1300
2024,Property Damage Accident,3:15,2024-02-07,Wednesday,Y,Dark-Road Unlighted,MILLBROOK,OTHER,DUTCHESS,Straight and Level,Cloudy,No Passing Zone,Dry,82 82011196,Not Applicable,"Guide Rail - Not At End, Collision With Fixed Object",1,299256,36027,1695,0.8,5987961.0,3975.0,1300
2024,Property Damage Accident,16:44,2024-02-07,Wednesday,Y,Daylight,NEWBURGH,LEFT TURN (3),ORANGE,Straight and Level,Clear,Traffic Signal,Dry,300 83021071,Not Applicable,"Other Motor Vehicle, Collision With",2,415088,36071,4753,2.6,13857119.0,5167.5,1527
2024,Property Damage Accident,13:00,2024-02-07,Wednesday,Y,Daylight,WALLKILL,REAR END,ORANGE,Straight and Level,Clear,Construction Work Area,Dry,,Not Applicable,"Other Motor Vehicle, Collision With",2,415088,36071,4753,2.6,13857119.0,5167.5,1527
2024,Property Damage Accident,15:35,2024-02-07,Wednesday,Y,Daylight,SOUTHEAST,RIGHT ANGLE,PUTNAM,Straight and Level,Cloudy,,Dry,22 84031079,Not Applicable,"Other Motor Vehicle, Collision With",2,98842,36079,509,0.7,2746105.0,4089.2,375
2024,Property Damage Accident,17:46,2024-02-07,Wednesday,Y,Dark-Road Unlighted,KENT,REAR END,PUTNAM,Straight and Level,Clear,,Dry,84I84031014,Not Applicable,"Other Motor Vehicle, Collision With",2,98842,36079,509,0.7,2746105.0,4089.2,375
2024,Property Damage Accident,15:16,2024-02-07,Wednesday,Y,Daylight,SPRING VALLEY,REAR END,ROCKLAND,Straight and Level,Clear,,Dry,59 85011069,Not Applicable,"Other Motor Vehicle, Collision With",2,354829,36087,259,0.3,7336134.0,9989.2,886
2024,Property Damage Accident,16:19,2024-02-07,Wednesday,Y,Daylight,SPRING VALLEY,OVERTAKING,ROCKLAND,Straight and Level,Clear,,Dry,,Not Applicable,"Other Motor Vehicle, Collision With",2,354829,36087,259,0.3,7336134.0,9989.2,886
2024,Property Damage Accident,11:15,2024-02-07,Wednesday,Y,Daylight,RAMAPO,OTHER,ROCKLAND,Straight and Level,Clear,Traffic Signal,Dry,59 85011061,Not Applicable,"Other Motor Vehicle, Collision With",3,354829,36087,259,0.3,7336134.0,9989.2,886
2024,Property Damage Accident,18:39,2024-02-07,Wednesday,Y,Dark-Road Lighted,CLARKSTOWN,OTHER,ROCKLAND,Straight and Level,Clear,,Dry,,Not Applicable,"Animal, Collision With",1,354829,36087,259,0.3,7336134.0,9989.2,886
2024,Property Damage Accident,8:34,2024-02-07,Wednesday,Y,Daylight,KINGSTON,OVERTAKING,ULSTER,Straight and Level,Clear,Traffic Signal,Dry,9W86032003,Not Applicable,"Other Motor Vehicle, Collision With",2,183095,36111,3565,1.2,6410502.0,3939.4,999
2024,Property Damage Accident,15:15,2024-02-07,Wednesday,Y,Daylight,KINGSTON,OVERTAKING,ULSTER,Straight and Level,Clear,Traffic Signal,Dry,,Not Applicable,"Other Motor Vehicle, Collision With",2,183095,36111,3565,1.2,6410502.0,3939.4,999
2024,Property Damage Accident,7:55,2024-02-07,Wednesday,Y,Daylight,ULSTER,RIGHT ANGLE,ULSTER,Straight and Grade,Clear,,Dry,,Not Applicable,"Other Motor Vehicle, Collision With",2,183095,36111,3565,1.2,6410502.0,3939.4,999
2024,Property Damage & Injury Accident,8:04,2024-02-07,Wednesday,Y,Daylight,KINGSTON,RIGHT ANGLE,ULSTER,Straight and Level,Clear,No Passing Zone,Dry,32 86022010,Not Applicable,"Other Motor Vehicle, Collision With",2,183095,36111,3565,1.2,6410502.0,3939.4,999
2024,Property Damage & Injury Accident,8:15,2024-02-07,Wednesday,N,Daylight,BEDFORD,REAR END,WESTCHESTER,Straight and Level,Clear,,Dry,,Not Applicable,"Other Motor Vehicle, Collision With",2,1009165,36119,850,0.8,18110248.0,6143.2,3354
2024,Property Damage Accident,17:04,2024-02-07,Wednesday,Y,Daylight,YORKTOWN,REAR END,WESTCHESTER,Straight and Level,Clear,,Dry,35 87012049,Not Applicable,"Other Motor Vehicle, Collision With",2,1009165,36119,850,0.8,18110248.0,6143.2,3354
2024,Property Damage Accident,8:30,2024-02-07,Wednesday,Y,Daylight,MOUNT PLEASANT,SIDESWIPE,WESTCHESTER,Straight and Level,Clear,,Dry,9A87032080,Not Applicable,"Other Motor Vehicle, Collision With",2,1009165,36119,850,0.8,18110248.0,6143.2,3354
2024,Property Damage Accident,20:10,2024-02-07,Wednesday,Y,Dark-Road Unlighted,SCARSDALE,OTHER,WESTCHESTER,Curve and Grade,Cloudy,,Dry,907W87023010,Not Applicable,"Bridge Structure, Collision With Fixed Object",1,1009165,36119,850,0.8,18110248.0,6143.2,3354
2024,Property Damage Accident,11:25,2024-02-07,Wednesday,N,Unknown,CORTLANDT,Unknown,WESTCHESTER,Unknown,Unknown,Unknown,Unknown,6 87033010,Not Applicable,"Other Motor Vehicle, Collision With",2,1009165,36119,850,0.8,18110248.0,6143.2,3354
2024,Property Damage Accident,15:20,2024-02-07,Wednesday,Y,Daylight,NEW ROCHELLE,RIGHT ANGLE,WESTCHESTER,Straight and Level,Cloudy,,Dry,,Not Applicable,"Other Motor Vehicle, Collision With",2,1009165,36119,850,0.8,18110248.0,6143.2,3354
2024,Property Damage Accident,9:19,2024-02-07,Wednesday,Y,Daylight,NEW ROCHELLE,REAR END,WESTCHESTER,Straight and Grade,Cloudy,,Dry,,Not Applicable,"Other Motor Vehicle, Collision With",2,1009165,36119,850,0.8,18110248.0,6143.2,3354
2024,Property Damage Accident,12:00,2024-02-07,Wednesday,Y,Daylight,DOBBS FERRY,REAR END,WESTCHESTER,Straight and Level,Clear,Traffic Signal,Dry,987D87012017,Not Applicable,"Other Motor Vehicle, Collision With",2,1009165,36119,850,0.8,18110248.0,6143.2,3354
2024,Property Damage & Injury Accident,8:42,2024-02-07,Wednesday,Y,Daylight,GREENBURGH,REAR END,WESTCHESTER,Curve and Level,Clear,,Dry,287I87011034,Not Applicable,"Other Motor Vehicle, Collision With",2,1009165,36119,850,0.8,18110248.0,6143.2,3354
2024,Property Damage & Injury Accident,7:40,2024-02-07,Wednesday,Y,Daylight,YONKERS,REAR END,WESTCHESTER,Straight and Grade,Clear,Unknown,Dry,984L87011003,Not Applicable,"Other Motor Vehicle, Collision With",2,1009165,36119,850,0.8,18110248.0,6143.2,3354
2024,Property Damage Accident,18:05,2024-02-07,Wednesday,Y,Dark-Road Unlighted,GREENBURGH,REAR END,WESTCHESTER,Straight and Level,Clear,,Dry,287I87011072,Not Applicable,"Other Motor Vehicle, Collision With",2,1009165,36119,850,0.8,18110248.0,6143.2,3354
2024,Property Damage & Injury Accident,13:00,2024-02-07,Wednesday,Y,Daylight,BEDFORD,OTHER,WESTCHESTER,Straight and Level,Clear,Stop Sign,Dry,,Not Applicable,"Building/Wall, Collision With Fixed Object",1,1009165,36119,850,0.8,18110248.0,6143.2,3354
2024,Property Damage & Injury Accident,6:32,2024-02-07,Wednesday,Y,Dawn,YONKERS,REAR END,WESTCHESTER,Straight and Level,Clear,Traffic Signal,Dry,987D87011047,Not Applicable,"Other Motor Vehicle, Collision With",2,1009165,36119,850,0.8,18110248.0,6143.2,3354
2024,Property Damage Accident,14:15,2024-02-07,Wednesday,Y,Daylight,NEW ROCHELLE,REAR END,WESTCHESTER,Straight and Level,Clear,,Dry,1 87032003,Not Applicable,"Other Motor Vehicle, Collision With",2,1009165,36119,850,0.8,18110248.0,6143.2,3354
2024,Property Damage Accident,8:34,2024-02-08,Thursday,Y,Daylight,PLEASANT VALLEY,OTHER,DUTCHESS,Straight and Level,Clear,Traffic Signal,Dry,44 82022058,Not Applicable,"Other Motor Vehicle, Collision With",4,299256,36027,1695,0.8,5987961.0,3975.0,1300
2024,Property Damage & Injury Accident,12:27,2024-02-08,Thursday,Y,Daylight,POUGHKEEPSIE,RIGHT ANGLE,DUTCHESS,Straight and Level,Clear,Stop Sign,Dry,,Not Applicable,"Other Motor Vehicle, Collision With",2,299256,36027,1695,0.8,5987961.0,3975.0,1300
2024,Property Damage Accident,6:38,2024-02-08,Thursday,Y,Dawn,EAST FISHKILL,OTHER,DUTCHESS,Straight and Level,Cloudy,,Dry,,Not Applicable,Deer,1,299256,36027,1695,0.8,5987961.0,3975.0,1300
2024,Property Damage Accident,11:43,2024-02-08,Thursday,Y,Daylight,MIDDLETOWN,RIGHT ANGLE,ORANGE,Straight and Level,Clear,Flashing Light,Dry,,Not Applicable,"Other Motor Vehicle, Collision With",2,415088,36071,4753,2.6,13857119.0,5167.5,1527
2024,Property Damage Accident,0:00,2024-02-08,Thursday,N,Unknown,NEWBURGH,Unknown,ORANGE,Straight and Level,Clear,,Dry,,Not Applicable,"Other Motor Vehicle, Collision With",2,415088,36071,4753,2.6,13857119.0,5167.5,1527
2024,Property Damage Accident,8:13,2024-02-08,Thursday,Y,Daylight,KIRYAS JOEL,SIDESWIPE,ORANGE,Straight and Level,Cloudy,Stop Sign,Dry,,Not Applicable,"Other Motor Vehicle, Collision With",2,415088,36071,4753,2.6,13857119.0,5167.5,1527
2024,Property Damage Accident,22:25,2024-02-08,Thursday,Y,Dark-Road Unlighted,WARWICK,OTHER,ORANGE,Curve and Grade,Clear,,Dry,17A83011157,Not Applicable,"Guide Rail - Not At End, Collision With Fixed Object",1,415088,36071,4753,2.6,13857119.0,5167.5,1527
2024,Property Damage & Injury Accident,17:52,2024-02-08,Thursday,Y,Dark-Road Unlighted,WARWICK,LEFT TURN (0),ORANGE,Curve at Hill Crest,Clear,,Dry,17A83011152,Not Applicable,"Other Motor Vehicle, Collision With",2,415088,36071,4753,2.6,13857119.0,5167.5,1527
2024,Property Damage Accident,20:13,2024-02-08,Thursday,Y,Dark-Road Lighted,HIGHLANDS,RIGHT TURN (6),ORANGE,Curve and Level,Clear,,Dry,6 83012435,Not Applicable,"Other Motor Vehicle, Collision With",2,415088,36071,4753,2.6,13857119.0,5167.5,1527
2024,Property Damage Accident,16:08,2024-02-08,Thursday,Y,Daylight,MIDDLETOWN,OVERTAKING,ORANGE,Straight and Level,Clear,,Dry,,Not Applicable,"Other Motor Vehicle, Collision With",2,415088,36071,4753,2.6,13857119.0,5167.5,1527
2024,Property Damage Accident,6:45,2024-02-08,Thursday,Y,Daylight,STONY POINT,OTHER,ROCKLAND,Curve and Grade,Clear,,Dry,,Not Applicable,Deer,1,354829,36087,259,0.3,7336134.0,9989.2,886
2024,Injury Accident,14:10,2024-02-08,Thursday,Y,Daylight,SPRING VALLEY,REAR END,ROCKLAND,Straight and Level,Clear,Traffic Signal,Dry,,Not Applicable,"Other Motor Vehicle, Collision With",2,354829,36087,259,0.3,7336134.0,9989.2,886