year,accident_descriptor,time,date,day_of_week,police_report,lighting_conditions,municipality,collision_type_descriptor,county_name,road_descriptor,weather_conditions,traffic_control_device,road_surface_conditions,dot_reference_marker_location,pedestrian_bicyclist_action,event_descriptor,number_of_vehicles_involved,county_population_2024,county_fips,county_deer_take_2024,county_antlerless_deer_per_sqmi_2024,county_daily_vmt_2019,county_mean_aadt_2019,county_aadt_segments_2019
2024,Property Damage Accident,18:30,2024-02-08,Thursday,Y,Dark-Road Lighted,SPRING VALLEY,SIDESWIPE,ROCKLAND,Straight and Grade,Clear,,Dry,,Not Applicable,"Other Motor Vehicle, Collision With",2,354829,36087,259,0.3,7336134.0,9989.2,886
2024,Property Damage Accident,8:12,2024-02-08,Thursday,Y,Daylight,CLARKSTOWN,RIGHT ANGLE,ROCKLAND,Straight and Level,Clear,Stop Sign,Dry,,Not Applicable,"Other Motor Vehicle, Collision With",2,354829,36087,259,0.3,7336134.0,9989.2,886
2024,Property Damage Accident,13:00,2024-02-08,Thursday,Y,Daylight,PIERMONT,SIDESWIPE,ROCKLAND,Curve and Grade,Clear,No Passing Zone,Dry,9W85011027,Not Applicable,"Other Motor Vehicle, Collision With",2,354829,36087,259,0.3,7336134.0,9989.2,886
2024,Property Damage Accident,17:18,2024-02-08,Thursday,Y,Daylight,ULSTER,OVERTAKING,ULSTER,Curve and Level,Clear,,Dry,981K86012003,Not Applicable,"Other Motor Vehicle, Collision With",2,183095,36111,3565,1.2,6410502.0,3939.4,999
2024,Property Damage & Injury Accident,7:59,2024-02-08,Thursday,Y,Daylight,ESOPUS,OTHER,ULSTER,Straight and Level,Clear,,Dry,,Not Applicable,"Light Support/Utility Pole, Collision With Fixed Object",1,183095,36111,3565,1.2,6410502.0,3939.4,999
2024,Property Damage Accident,8:04,2024-02-08,Thursday,Y,Daylight,YONKERS,RIGHT ANGLE,WESTCHESTER,Straight and Grade,Cloudy,,Dry,984E87011022,Not Applicable,"Other Motor Vehicle, Collision With",2,1009165,36119,850,0.8,18110248.0,6143.2,3354
2024,Property Damage & Injury Accident,6:32,2024-02-08,Thursday,Y,Daylight,ELMSFORD,OVERTAKING,WESTCHESTER,Straight and Level,Clear,,Dry,,Not Applicable,"Other Motor Vehicle, Collision With",2,1009165,36119,850,0.8,18110248.0,6143.2,3354
2024,Property Damage Accident,14:50,2024-02-08,Thursday,N,Daylight,BRONXVILLE,OVERTAKING,WESTCHESTER,Straight and Grade,Clear,,Dry,,Not Applicable,"Other Motor Vehicle, Collision With",2,1009165,36119,850,0.8,18110248.0,6143.2,3354
2024,Property Damage Accident,12:41,2024-02-08,Thursday,Y,Daylight,NEW ROCHELLE,OTHER,WESTCHESTER,Curve and Level,Clear,Construction Work Area,Dry,,Not Applicable,"Other Motor Vehicle, Collision With",4,1009165,36119,850,0.8,18110248.0,6143.2,3354
2024,Property Damage & Injury Accident,23:02,2024-02-08,Thursday,Y,Dark-Road Unlighted,HARRISON,OVERTAKING,WESTCHESTER,Straight and Level,Cloudy,,Dry,684I87011037,Not Applicable,"Other Motor Vehicle, Collision With",2,1009165,36119,850,0.8,18110248.0,6143.2,3354
2024,Property Damage Accident,12:49,2024-02-08,Thursday,Y,Daylight,NEW ROCHELLE,SIDESWIPE,WESTCHESTER,Straight and Level,Clear,Officer/Guard,Dry,,Not Applicable,"Other Motor Vehicle, Collision With",2,1009165,36119,850,0.8,18110248.0,6143.2,3354
2024,Injury Accident,16:22,2024-02-08,Thursday,Y,Daylight,NEW ROCHELLE,OTHER,WESTCHESTER,Straight and Level,Clear,Traffic Signal,Dry,,"Crossing, No Signal or Crosswalk","Pedestrian, Collision With",1,1009165,36119,850,0.8,18110248.0,6143.2,3354
2024,Property Damage & Injury Accident,10:00,2024-02-08,Thursday,Y,Daylight,HARRISON,RIGHT ANGLE,WESTCHESTER,Straight and Level,Clear,Traffic Signal,Dry,,Not Applicable,"Other Motor Vehicle, Collision With",2,1009165,36119,850,0.8,18110248.0,6143.2,3354
2024,Property Damage Accident,18:15,2024-02-09,Friday,Y,Dark-Road Lighted,POUGHKEEPSIE,RIGHT ANGLE,DUTCHESS,Straight and Level,Cloudy,Traffic Signal,Dry,,Not Applicable,"Other Motor Vehicle, Collision With",2,299256,36027,1695,0.8,5987961.0,3975.0,1300
2024,Property Damage Accident,16:10,2024-02-09,Friday,Y,Daylight,WAPPINGER,REAR END,DUTCHESS,Straight and Level,Clear,,Dry,,Not Applicable,"Other Motor Vehicle, Collision With",2,299256,36027,1695,0.8,5987961.0,3975.0,1300
2024,Property Damage Accident,16:44,2024-02-09,Friday,Y,Daylight,POUGHKEEPSIE,OTHER,DUTCHESS,Straight and Level,Cloudy,,Dry,,Not Applicable,"Other Motor Vehicle, Collision With",2,299256,36027,1695,0.8,5987961.0,3975.0,1300
2024,Fatal Accident,6:20,2024-02-09,Friday,Y,Dark-Road Unlighted,FISHKILL,OTHER,DUTCHESS,Straight and Level,Clear,Traffic Signal,Dry,9 82051030,"Crossing, No Signal or Crosswalk","Pedestrian, Collision With",1,299256,36027,1695,0.8,5987961.0,3975.0,1300
2024,Property Damage & Injury Accident,21:30,2024-02-09,Friday,N,Dark-Road Unlighted,CHESTER,OTHER,ORANGE,Straight and Level,Clear,Unknown,Dry,,Not Applicable,"Earth Embankment/Rock Cut/Ditch, Collision With Fixed Object",1,415088,36071,4753,2.6,13857119.0,5167.5,1527
2024,Property Damage Accident,18:02,2024-02-09,Friday,Y,Dark-Road Lighted,NEW WINDSOR,REAR END,ORANGE,Straight and Level,Cloudy,Traffic Signal,Dry,,Not Applicable,"Other Motor Vehicle, Collision With",2,415088,36071,4753,2.6,13857119.0,5167.5,1527
2024,Property Damage Accident,16:50,2024-02-09,Friday,Y,Daylight,NEWBURGH,RIGHT ANGLE,ORANGE,Straight and Level,Clear,Stop Sign,Dry,,Not Applicable,"Other Motor Vehicle, Collision With",2,415088,36071,4753,2.6,13857119.0,5167.5,1527
2024,Property Damage Accident,15:54,2024-02-09,Friday,Y,Daylight,PORT JERVIS,OVERTAKING,ORANGE,Straight and Level,Cloudy,,Dry,6 83011006,Not Applicable,"Other Motor Vehicle, Collision With",2,415088,36071,4753,2.6,13857119.0,5167.5,1527
2024,Property Damage Accident,9:52,2024-02-09,Friday,Y,Daylight,PUTNAM VALLEY,OVERTAKING,PUTNAM,Straight and Level,Clear,,Dry,,Not Applicable,"Other Motor Vehicle, Collision With",2,98842,36079,509,0.7,2746105.0,4089.2,375
2024,Property Damage Accident,1:00,2024-02-09,Friday,Y,Dark-Road Lighted,WEST HAVERSTRAW,OTHER,ROCKLAND,Straight at Hill Crest,Clear,,Dry,,Not Applicable,"Other Motor Vehicle, Collision With",3,354829,36087,259,0.3,7336134.0,9989.2,886
2024,Property Damage Accident,1:10,2024-02-09,Friday,Y,Dark-Road Lighted,,OTHER,ROCKLAND,Straight and Level,Clear,,Dry,,Not Applicable,Deer,1,354829,36087,259,0.3,7336134.0,9989.2,886
2024,Property Damage Accident,3:27,2024-02-09,Friday,Y,Dark-Road Unlighted,CLARKSTOWN,OTHER,ROCKLAND,Straight and Level,Clear,,Dry,303 85011059,Not Applicable,"Guide Rail - End, Collision With Fixed Object",1,354829,36087,259,0.3,7336134.0,9989.2,886
2024,Property Damage Accident,12:02,2024-02-09,Friday,Y,Daylight,LLOYD,SIDESWIPE,ULSTER,Curve and Grade,Clear,,Dry,,Not Applicable,"Other Motor Vehicle, Collision With",2,183095,36111,3565,1.2,6410502.0,3939.4,999
2024,Property Damage Accident,23:58,2024-02-09,Friday,Y,Dark-Road Unlighted,LLOYD,OTHER,ULSTER,Straight and Level,Clear,No Passing Zone,Dry,,Not Applicable,Deer,1,183095,36111,3565,1.2,6410502.0,3939.4,999
2024,Property Damage Accident,13:06,2024-02-09,Friday,Y,Daylight,KINGSTON,RIGHT ANGLE,ULSTER,Curve and Level,Clear,Yield Sign,Dry,983G86011002,Not Applicable,"Other Motor Vehicle, Collision With",2,183095,36111,3565,1.2,6410502.0,3939.4,999
2024,Property Damage Accident,17:43,2024-02-09,Friday,Y,Dark-Road Unlighted,SOMERS,OTHER,WESTCHESTER,Straight and Level,Cloudy,No Passing Zone,Dry,202 87043164,Not Applicable,Deer,1,1009165,36119,850,0.8,18110248.0,6143.2,3354
2024,Property Damage Accident,20:45,2024-02-09,Friday,Y,Dark-Road Lighted,YONKERS,OTHER,WESTCHESTER,Curve at Hill Crest,Clear,Other,Dry,,Not Applicable,"Guide Rail - Not At End, Collision With Fixed Object",1,1009165,36119,850,0.8,18110248.0,6143.2,3354
2024,Property Damage & Injury Accident,15:09,2024-02-09,Friday,Y,Daylight,PORT CHESTER,RIGHT ANGLE,WESTCHESTER,Straight and Level,Clear,Stop Sign,Dry,120A87011032,Not Applicable,"Other Motor Vehicle, Collision With",2,1009165,36119,850,0.8,18110248.0,6143.2,3354
2024,Property Damage Accident,11:09,2024-02-09,Friday,Y,Daylight,GREENBURGH,OVERTAKING,WESTCHESTER,Straight and Level,Clear,Traffic Signal,Dry,9A87032068,Not Applicable,"Other Motor Vehicle, Collision With",2,1009165,36119,850,0.8,18110248.0,6143.2,3354
2024,Property Damage Accident,7:50,2024-02-09,Friday,Y,Daylight,NEW CASTLE,OTHER,WESTCHESTER,Straight and Level,Clear,,Dry,128 87011027,Not Applicable,"Earth Embankment/Rock Cut/Ditch, Collision With Fixed Object",1,1009165,36119,850,0.8,18110248.0,6143.2,3354
2024,Property Damage & Injury Accident,15:39,2024-02-09,Friday,Y,Daylight,NEW ROCHELLE,RIGHT ANGLE,WESTCHESTER,Straight and Grade,Clear,Stop Sign,Dry,,Not Applicable,"Other Motor Vehicle, Collision With",2,1009165,36119,850,0.8,18110248.0,6143.2,3354
2024,Property Damage Accident,22:32,2024-02-09,Friday,Y,Dark-Road Lighted,YONKERS,REAR END,WESTCHESTER,Curve and Grade,Clear,Yield Sign,Dry,,Not Applicable,"Other Motor Vehicle, Collision With",2,1009165,36119,850,0.8,18110248.0,6143.2,3354
2024,Property Damage Accident,22:51,2024-02-09,Friday,Y,Dark-Road Lighted,NEW ROCHELLE,REAR END,WESTCHESTER,Straight and Level,Clear,Traffic Signal,Dry,,Not Applicable,"Other Motor Vehicle, Collision With",2,1009165,36119,850,0.8,18110248.0,6143.2,3354
2024,Property Damage Accident,5:04,2024-02-09,Friday,Y,Dark-Road Lighted,RYE,OVERTAKING,WESTCHESTER,Curve and Level,Clear,,Dry,287I87011110,Not Applicable,"Other Motor Vehicle, Collision With",2,1009165,36119,850,0.8,18110248.0,6143.2,3354
2024,Property Damage & Injury Accident,14:08,2024-02-10,Saturday,Y,Daylight,RHINEBECK,REAR END,DUTCHESS,Straight and Level,Clear,Traffic Signal,Dry,9 82053178,Not Applicable,"Other Motor Vehicle, Collision With",2,299256,36027,1695,0.8,5987961.0,3975.0,1300
2024,Property Damage & Injury Accident,5:25,2024-02-10,Saturday,Y,Dark-Road Lighted,FISHKILL,RIGHT ANGLE,DUTCHESS,Straight and Level,Clear,Traffic Signal,Dry,,Not Applicable,"Other Motor Vehicle, Collision With",2,299256,36027,1695,0.8,5987961.0,3975.0,1300
2024,Property Damage Accident,13:06,2024-02-10,Saturday,Y,Daylight,POUGHKEEPSIE,REAR END,DUTCHESS,Straight and Level,Clear,Traffic Signal,Dry,,Not Applicable,"Other Motor Vehicle, Collision With",2,299256,36027,1695,0.8,5987961.0,3975.0,1300
2024,Property Damage Accident,11:22,2024-02-10,Saturday,Y,Daylight,POUGHKEEPSIE,OTHER,DUTCHESS,Straight and Level,Clear,,Dry,,Not Applicable,"Other Motor Vehicle, Collision With",2,299256,36027,1695,0.8,5987961.0,3975.0,1300
2024,Property Damage Accident,12:39,2024-02-10,Saturday,Y,Daylight,FISHKILL,OVERTAKING,DUTCHESS,Straight and Level,Cloudy,Traffic Signal,Dry,9 82051034,Not Applicable,"Other Motor Vehicle, Collision With",2,299256,36027,1695,0.8,5987961.0,3975.0,1300
2024,Property Damage Accident,17:39,2024-02-10,Saturday,Y,Dark-Road Unlighted,BEEKMAN,OTHER,DUTCHESS,Straight and Level,Rain,,Wet,,Not Applicable,Deer,1,299256,36027,1695,0.8,5987961.0,3975.0,1300
2024,Property Damage & Injury Accident,20:19,2024-02-10,Saturday,Y,Dark-Road Lighted,HYDE PARK,OTHER,DUTCHESS,Straight and Level,Rain,,Wet,9G82013034,Not Applicable,"Earth Embankment/Rock Cut/Ditch, Collision With Fixed Object",1,299256,36027,1695,0.8,5987961.0,3975.0,1300
2024,Property Damage Accident,14:49,2024-02-10,Saturday,Y,Daylight,WARWICK,OTHER,ORANGE,Straight and Level,Clear,,Dry,94 83011027,Not Applicable,"Animal, Collision With",1,415088,36071,4753,2.6,13857119.0,5167.5,1527
2024,Property Damage Accident,6:30,2024-02-10,Saturday,Y,Dawn,MONTGOMERY,OTHER,ORANGE,Straight and Level,Clear,,Dry,,Not Applicable,Deer,1,415088,36071,4753,2.6,13857119.0,5167.5,1527
2024,Property Damage Accident,18:57,2024-02-10,Saturday,Y,Dark-Road Unlighted,WARWICK,OTHER,ORANGE,Straight and Level,Fog/Smog/Smoke,,Wet,,Not Applicable,"Earth Embankment/Rock Cut/Ditch, Collision With Fixed Object",1,415088,36071,4753,2.6,13857119.0,5167.5,1527
2024,Property Damage Accident,14:05,2024-02-10,Saturday,Y,Daylight,HIGHLANDS,SIDESWIPE,ORANGE,Curve and Grade,Clear,,Dry,,Not Applicable,"Other Motor Vehicle, Collision With",2,415088,36071,4753,2.6,13857119.0,5167.5,1527
2024,Property Damage Accident,18:53,2024-02-10,Saturday,Y,Dark-Road Unlighted,SOUTHEAST,OTHER,PUTNAM,Straight and Level,Rain,,Wet,84I84031046,Not Applicable,"Guide Rail - Not At End, Collision With Fixed Object",1,98842,36079,509,0.7,2746105.0,4089.2,375
2024,Property Damage Accident,13:00,2024-02-10,Saturday,Y,Daylight,HAVERSTRAW,OTHER,ROCKLAND,Curve and Level,Clear,,Dry,987C85011097,Not Applicable,"Tree, Collision With Fixed Object",1,354829,36087,259,0.3,7336134.0,9989.2,886
2024,Property Damage Accident,19:53,2024-02-10,Saturday,Y,Dark-Road Lighted,CLARKSTOWN,RIGHT ANGLE,ROCKLAND,Straight and Level,Rain,Traffic Signal,Wet,,Not Applicable,"Other Motor Vehicle, Collision With",2,354829,36087,259,0.3,7336134.0,9989.2,886
2024,Property Damage Accident,19:30,2024-02-10,Saturday,Y,Dark-Road Lighted,RAMAPO,REAR END,ROCKLAND,Straight and Level,Cloudy,,Dry,,Not Applicable,"Other Motor Vehicle, Collision With",2,354829,36087,259,0.3,7336134.0,9989.2,886
2024,Property Damage Accident,19:31,2024-02-10,Saturday,Y,Dark-Road Lighted,RAMAPO,OVERTAKING,ROCKLAND,Straight and Level,Clear,,Wet,,Not Applicable,"Other Motor Vehicle, Collision With",2,354829,36087,259,0.3,7336134.0,9989.2,886
2024,Property Damage Accident,13:30,2024-02-10,Saturday,Y,Daylight,ORANGETOWN,OTHER,ROCKLAND,Straight and Level,Cloudy,,Dry,987C85011019,Not Applicable,"Other Motor Vehicle, Collision With",2,354829,36087,259,0.3,7336134.0,9989.2,886
2024,Property Damage Accident,11:16,2024-02-10,Saturday,Y,Daylight,YONKERS,OVERTAKING,WESTCHESTER,Straight and Grade,Cloudy,Yield Sign,Dry,987D87011019,Not Applicable,"Other Motor Vehicle, Collision With",2,1009165,36119,850,0.8,18110248.0,6143.2,3354
2024,Property Damage Accident,15:27,2024-02-10,Saturday,Y,Daylight,PEEKSKILL,OVERTAKING,WESTCHESTER,Straight at Hill Crest,Clear,,Dry,,Not Applicable,"Other Motor Vehicle, Collision With",2,1009165,36119,850,0.8,18110248.0,6143.2,3354
2024,Property Damage & Injury Accident,16:45,2024-02-10,Saturday,Y,Daylight,YONKERS,Unknown,WESTCHESTER,Straight and Grade,Clear,,Dry,,Not Applicable,"Other Motor Vehicle, Collision With",2,1009165,36119,850,0.8,18110248.0,6143.2,3354
2024,Property Damage & Injury Accident,16:49,2024-02-10,Saturday,Y,Dusk,EASTCHESTER,OTHER,WESTCHESTER,Curve and Grade,Clear,,Dry,,Not Applicable,"Guide Rail - End, Collision With Fixed Object",1,1009165,36119,850,0.8,18110248.0,6143.2,3354
2024,Property Damage Accident,20:00,2024-02-10,Saturday,Y,Dark-Road Unlighted,BEDFORD,OTHER,WESTCHESTER,Straight and Grade,Cloudy,,Wet,987D87012217,Not Applicable,"Tree, Collision With Fixed Object",1,1009165,36119,850,0.8,18110248.0,6143.2,3354
2024,Property Damage Accident,18:02,2024-02-10,Saturday,N,Dark-Road Lighted,PELHAM,OVERTAKING,WESTCHESTER,Straight and Level,Clear,Unknown,Dry,,Not Applicable,"Other Motor Vehicle, Collision With",2,1009165,36119,850,0.8,18110248.0,6143.2,3354
2024,Property Damage Accident,6:00,2024-02-10,Saturday,Y,Dark-Road Lighted,YONKERS,REAR END,WESTCHESTER,Straight and Level,Clear,Traffic Signal,Dry,987D87011044,Not Applicable,"Other Motor Vehicle, Collision With",2,1009165,36119,850,0.8,18110248.0,6143.2,3354
2024,Property Damage Accident,15:38,2024-02-10,Saturday,Y,Unknown,YONKERS,SIDESWIPE,WESTCHESTER,Straight and Grade,Clear,,Dry,9 87031016,Not Applicable,"Other Motor Vehicle, Collision With",2,1009165,36119,850,0.8,18110248.0,6143.2,3354
2024,Property Damage Accident,11:37,2024-02-11,Sunday,Y,Daylight,WAPPINGER FALLS,OTHER,DUTCHESS,Straight and Level,Clear,,Dry,,Not Applicable,"Other Motor Vehicle, Collision With",3,299256,36027,1695,0.8,5987961.0,3975.0,1300
2024,Property Damage Accident,1:38,2024-02-11,Sunday,Y,Dark-Road Lighted,POUGHKEEPSIE,REAR END,DUTCHESS,Straight and Level,Cloudy,Police/Fire Emergency,Wet,983W82011000,Not Applicable,"Other Motor Vehicle, Collision With",2,299256,36027,1695,0.8,5987961.0,3975.0,1300
2024,Property Damage Accident,8:34,2024-02-11,Sunday,Y,Daylight,POUGHKEEPSIE,OTHER,DUTCHESS,Straight and Grade,Cloudy,,Wet,,Not Applicable,"Fire Hydrant, Collision With Fixed Object",1,299256,36027,1695,0.8,5987961.0,3975.0,1300
2024,Property Damage Accident,18:03,2024-02-11,Sunday,Y,Dusk,MINISINK,OTHER,ORANGE,Straight and Level,Clear,No Passing Zone,Dry,,Not Applicable,Deer,1,415088,36071,4753,2.6,13857119.0,5167.5,1527
2024,Property Damage & Injury Accident,18:39,2024-02-11,Sunday,Y,Dark-Road Lighted,MONTGOMERY,HEAD ON,ORANGE,Curve and Level,Clear,,Dry,208 83011213,Not Applicable,"Other Motor Vehicle, Collision With",2,415088,36071,4753,2.6,13857119.0,5167.5,1527
2024,Property Damage Accident,11:24,2024-02-11,Sunday,Y,Daylight,WARWICK,REAR END,ORANGE,Straight at Hill Crest,Cloudy,No Passing Zone,Dry,,Not Applicable,"Other Motor Vehicle, Collision With",2,415088,36071,4753,2.6,13857119.0,5167.5,1527
2024,Property Damage Accident,2:00,2024-02-11,Sunday,Y,Dark-Road Lighted,WALLKILL,SIDESWIPE,ORANGE,Straight and Level,Unknown,,Unknown,,Not Applicable,"Other Motor Vehicle, Collision With",2,415088,36071,4753,2.6,13857119.0,5167.5,1527
2024,Property Damage & Injury Accident,9:50,2024-02-11,Sunday,Y,Daylight,NEWBURGH,HEAD ON,ORANGE,Straight and Grade,Cloudy,,Dry,300 83021057,Not Applicable,"Other Motor Vehicle, Collision With",2,415088,36071,4753,2.6,13857119.0,5167.5,1527
2024,Property Damage & Injury Accident,17:40,2024-02-11,Sunday,Y,Dark-Road Lighted,MONTGOMERY,REAR END,ORANGE,Straight and Level,Clear,,Dry,,Not Applicable,"Other Motor Vehicle, Collision With",2,415088,36071,4753,2.6,13857119.0,5167.5,1527
2024,Property Damage Accident,5:30,2024-02-11,Sunday,Y,Dark-Road Unlighted,PATTERSON,OTHER,PUTNAM,Straight and Level,Clear,No Passing Zone,Dry,,Not Applicable,"Tree, Collision With Fixed Object",1,98842,36079,509,0.7,2746105.0,4089.2,375
2024,Property Damage Accident,14:21,2024-02-11,Sunday,Y,Daylight,PATTERSON,LEFT TURN (3),PUTNAM,Straight and Level,Clear,Stop Sign,Dry,,Not Applicable,"Other Motor Vehicle, Collision With",2,98842,36079,509,0.7,2746105.0,4089.2,375
2024,Property Damage Accident,1:38,2024-02-11,Sunday,Y,Dark-Road Unlighted,PUTNAM VALLEY,OTHER,PUTNAM,Curve and Grade,Fog/Smog/Smoke,,Wet,987G87011203,Not Applicable,"Guide Rail - Not At End, Collision With Fixed Object",1,98842,36079,509,0.7,2746105.0,4089.2,375
2024,Property Damage Accident,10:24,2024-02-11,Sunday,Y,Daylight,KENT,HEAD ON,PUTNAM,Straight and Grade,Cloudy,,Dry,,Not Applicable,"Other Motor Vehicle, Collision With",2,98842,36079,509,0.7,2746105.0,4089.2,375
2024,Property Damage Accident,15:00,2024-02-11,Sunday,Y,Daylight,CLARKSTOWN,REAR END,ROCKLAND,Straight and Level,Cloudy,,Dry,,Not Applicable,"Other Motor Vehicle, Collision With",2,354829,36087,259,0.3,7336134.0,9989.2,886
2024,Property Damage Accident,17:10,2024-02-11,Sunday,Y,Daylight,,RIGHT ANGLE,ROCKLAND,Straight and Level,Clear,Stop Sign,Dry,,Not Applicable,"Other Motor Vehicle, Collision With",2,354829,36087,259,0.3,7336134.0,9989.2,886
2024,Property Damage & Injury Accident,20:27,2024-02-11,Sunday,Y,Dark-Road Unlighted,CORTLANDT,OTHER,WESTCHESTER,Straight and Level,Cloudy,,Dry,9 87032202,Not Applicable,"Guide Rail - Not At End, Collision With Fixed Object",1,1009165,36119,850,0.8,18110248.0,6143.2,3354
2024,Property Damage & Injury Accident,2:25,2024-02-11,Sunday,Y,Dark-Road Lighted,PELHAM MANOR,OTHER,WESTCHESTER,Straight and Level,Cloudy,Traffic Signal,Dry,,Not Applicable,"Light Support/Utility Pole, Collision With Fixed Object",1,1009165,36119,850,0.8,18110248.0,6143.2,3354
2024,Property Damage Accident,12:04,2024-02-11,Sunday,Y,Daylight,PORT CHESTER,OTHER,WESTCHESTER,Straight and Level,Clear,,Dry,,Not Applicable,"Light Support/Utility Pole, Collision With Fixed Object",1,1009165,36119,850,0.8,18110248.0,6143.2,3354
2024,Property Damage & Injury Accident,16:25,2024-02-12,Monday,Y,Daylight,FISHKILL,RIGHT ANGLE,DUTCHESS,Straight and Level,Clear,Stop Sign,Dry,,Not Applicable,"Other Motor Vehicle, Collision With",2,299256,36027,1695,0.8,5987961.0,3975.0,1300
2024,Property Damage Accident,18:13,2024-02-12,Monday,Y,Dusk,EAST FISHKILL,LEFT TURN (3),DUTCHESS,Straight and Level,Clear,,Dry,376 82011021,Not Applicable,"Other Motor Vehicle, Collision With",2,299256,36027,1695,0.8,5987961.0,3975.0,1300
2024,Property Damage Accident,10:35,2024-02-12,Monday,Y,Daylight,POUGHKEEPSIE,REAR END,DUTCHESS,Straight and Level,Cloudy,Traffic Signal,Dry,44 82022020,Not Applicable,"Other Motor Vehicle, Collision With",2,299256,36027,1695,0.8,5987961.0,3975.0,1300
2024,Property Damage Accident,18:09,2024-02-12,Monday,Y,Dusk,WALLKILL,REAR END,ORANGE,Straight and Level,Clear,,Dry,,Not Applicable,"Other Motor Vehicle, Collision With",2,415088,36071,4753,2.6,13857119.0,5167.5,1527
2024,Property Damage Accident,17:30,2024-02-12,Monday,Y,Dusk,WALLKILL,OVERTAKING,ORANGE,Straight and Level,Clear,Traffic Signal,Dry,,Not Applicable,"Other Motor Vehicle, Collision With",2,415088,36071,4753,2.6,13857119.0,5167.5,1527
2024,Property Damage & Injury Accident,20:20,2024-02-12,Monday,Y,Dark-Road Unlighted,CRAWFORD,OTHER,ORANGE,Straight and Level,Clear,,Dry,52 83031027,Not Applicable,"Light Support/Utility Pole, Collision With Fixed Object",1,415088,36071,4753,2.6,13857119.0,5167.5,1527
2024,Property Damage & Injury Accident,1:56,2024-02-12,Monday,Y,Dark-Road Lighted,NEWBURGH,REAR END,ORANGE,Straight and Level,Clear,,Dry,17K83011201,Not Applicable,"Other Motor Vehicle, Collision With",2,415088,36071,4753,2.6,13857119.0,5167.5,1527
2024,Property Damage Accident,17:00,2024-02-12,Monday,Y,Dark-Road Unlighted,KENT,OTHER,PUTNAM,Curve and Level,Clear,,Dry,987G84021130,Not Applicable,"Guide Rail - Not At End, Collision With Fixed Object",1,98842,36079,509,0.7,2746105.0,4089.2,375
2024,Injury Accident,18:05,2024-02-12,Monday,Y,Dark-Road Unlighted,HAVERSTRAW,OTHER,ROCKLAND,Curve and Level,Clear,,Dry,,Riding/Walking/Skating Along Highway Against Traffic,"Pedestrian, Collision With",1,354829,36087,259,0.3,7336134.0,9989.2,886
2024,Property Damage Accident,18:15,2024-02-12,Monday,Y,Dark-Road Lighted,HAVERSTRAW,LEFT TURN (3),ROCKLAND,Straight and Level,Clear,,Dry,202 85011094,Not Applicable,"Other Motor Vehicle, Collision With",2,354829,36087,259,0.3,7336134.0,9989.2,886
2024,Property Damage Accident,16:17,2024-02-12,Monday,Y,Daylight,ORANGETOWN,OTHER,ROCKLAND,Straight and Grade,Clear,,Dry,340 85011023,Not Applicable,"Other Motor Vehicle, Collision With",2,354829,36087,259,0.3,7336134.0,9989.2,886
2024,Property Damage Accident,17:30,2024-02-12,Monday,Y,Dark-Road Lighted,CLARKSTOWN,OVERTAKING,ROCKLAND,Straight and Level,Clear,,Dry,,Not Applicable,"Other Motor Vehicle, Collision With",2,354829,36087,259,0.3,7336134.0,9989.2,886
2024,Property Damage Accident,17:00,2024-02-12,Monday,N,Unknown,CLARKSTOWN,Unknown,ROCKLAND,Unknown,Unknown,Unknown,Unknown,,Not Applicable,"Other Motor Vehicle, Collision With",2,354829,36087,259,0.3,7336134.0,9989.2,886
2024,Property Damage Accident,11:52,2024-02-12,Monday,Y,Daylight,SPRING VALLEY,OVERTAKING,ROCKLAND,Straight and Level,Clear,No Passing Zone,Dry,45 85011031,Not Applicable,"Other Motor Vehicle, Collision With",2,354829,36087,259,0.3,7336134.0,9989.2,886
2024,Property Damage Accident,20:42,2024-02-12,Monday,Y,Dark-Road Lighted,NEW ROCHELLE,LEFT TURN (3),WESTCHESTER,Straight and Level,Clear,Traffic Signal,Dry,,Not Applicable,"Other Motor Vehicle, Collision With",2,1009165,36119,850,0.8,18110248.0,6143.2,3354
2024,Property Damage Accident,14:46,2024-02-12,Monday,Y,Daylight,GREENBURGH,Unknown,WESTCHESTER,Curve and Level,Cloudy,,Dry,287I87011000,Not Applicable,"Other Motor Vehicle, Collision With",2,1009165,36119,850,0.8,18110248.0,6143.2,3354
2024,Property Damage Accident,10:37,2024-02-12,Monday,Y,Daylight,PELHAM MANOR,RIGHT ANGLE,WESTCHESTER,Straight and Level,Clear,Stop Sign,Dry,1 87031001,Not Applicable,"Other Motor Vehicle, Collision With",2,1009165,36119,850,0.8,18110248.0,6143.2,3354
2024,Property Damage Accident,15:23,2024-02-12,Monday,Y,Daylight,YONKERS,OVERTAKING,WESTCHESTER,Straight and Grade,Clear,Unknown,Dry,,Not Applicable,"Other Motor Vehicle, Collision With",2,1009165,36119,850,0.8,18110248.0,6143.2,3354
2024,Property Damage Accident,18:17,2024-02-12,Monday,Y,Dusk,ELMSFORD,LEFT TURN (3),WESTCHESTER,Straight and Level,Cloudy,Traffic Signal,Dry,119 87011024,Not Applicable,"Other Motor Vehicle, Collision With",2,1009165,36119,850,0.8,18110248.0,6143.2,3354
2024,Property Damage Accident,16:45,2024-02-12,Monday,Y,Dusk,MOUNT VERNON,OVERTAKING,WESTCHESTER,Straight and Level,Clear,,Dry,907K87012000,Not Applicable,"Other Motor Vehicle, Collision With",2,1009165,36119,850,0.8,18110248.0,6143.2,3354