year,accident_descriptor,time,date,day_of_week,police_report,lighting_conditions,municipality,collision_type_descriptor,county_name,road_descriptor,weather_conditions,traffic_control_device,road_surface_conditions,dot_reference_marker_location,pedestrian_bicyclist_action,event_descriptor,number_of_vehicles_involved,county_population_2024,county_fips,county_deer_take_2024,county_antlerless_deer_per_sqmi_2024,county_daily_vmt_2019,county_mean_aadt_2019,county_aadt_segments_2019
2024,Property Damage & Injury Accident,0:19,2024-02-12,Monday,Y,Dark-Road Lighted,TARRYTOWN,OTHER,WESTCHESTER,Curve and Level,Cloudy,Unknown,Dry,,Not Applicable,"Fence, Collision With Fixed Object",1,1009165,36119,850,0.8,18110248.0,6143.2,3354
2024,Property Damage Accident,14:48,2024-02-12,Monday,Y,Daylight,PEEKSKILL,OVERTAKING,WESTCHESTER,Straight and Level,Clear,,Dry,,Not Applicable,"Other Motor Vehicle, Collision With",2,1009165,36119,850,0.8,18110248.0,6143.2,3354
2024,Property Damage Accident,12:21,2024-02-13,Tuesday,Y,Daylight,WAPPINGER FALLS,OVERTAKING,DUTCHESS,Straight and Level,Snow,,Snow/Ice,,Not Applicable,"Other Motor Vehicle, Collision With",2,299256,36027,1695,0.8,5987961.0,3975.0,1300
2024,Property Damage Accident,6:15,2024-02-13,Tuesday,Y,Dark-Road Unlighted,LA GRANGE,OTHER,DUTCHESS,Straight and Level,Snow,,Snow/Ice,987G82031127,Not Applicable,"Guide Rail - Not At End, Collision With Fixed Object",2,299256,36027,1695,0.8,5987961.0,3975.0,1300
2024,Property Damage Accident,9:14,2024-02-13,Tuesday,Y,Daylight,FISHKILL,OVERTAKING,DUTCHESS,Straight and Level,Snow,,Snow/Ice,84I82021068,Not Applicable,"Other Motor Vehicle, Collision With",2,299256,36027,1695,0.8,5987961.0,3975.0,1300
2024,Property Damage Accident,7:40,2024-02-13,Tuesday,Y,Daylight,EAST FISHKILL,OTHER,DUTCHESS,Straight and Grade,Snow,No Passing Zone,Snow/Ice,,Not Applicable,"Guide Rail - Not At End, Collision With Fixed Object",1,299256,36027,1695,0.8,5987961.0,3975.0,1300
2024,Property Damage Accident,6:40,2024-02-13,Tuesday,Y,Daylight,DOVER,HEAD ON,DUTCHESS,Straight and Grade,Snow,No Passing Zone,Snow/Ice,,Not Applicable,"Other Motor Vehicle, Collision With",2,299256,36027,1695,0.8,5987961.0,3975.0,1300
2024,Property Damage Accident,8:22,2024-02-13,Tuesday,Y,Daylight,FISHKILL,OTHER,DUTCHESS,Straight and Level,Snow,,Snow/Ice,84I82021037,Not Applicable,"Earth Embankment/Rock Cut/Ditch, Collision With Fixed Object",1,299256,36027,1695,0.8,5987961.0,3975.0,1300
2024,Property Damage Accident,7:15,2024-02-13,Tuesday,Y,Dawn,MONROE,OTHER,ORANGE,Straight and Level,Snow,,Snow/Ice,17 83101237,Not Applicable,"Guide Rail - Not At End, Collision With Fixed Object",1,415088,36071,4753,2.6,13857119.0,5167.5,1527
2024,Property Damage Accident,5:04,2024-02-13,Tuesday,Y,Dark-Road Unlighted,NEWBURGH,OTHER,ORANGE,Straight and Level,Snow,,Snow/Ice,,Not Applicable,"Earth Embankment/Rock Cut/Ditch, Collision With Fixed Object",1,415088,36071,4753,2.6,13857119.0,5167.5,1527
2024,Property Damage Accident,8:33,2024-02-13,Tuesday,Y,Daylight,WALLKILL,RIGHT TURN (6),ORANGE,Straight and Level,Snow,Traffic Signal,Snow/Ice,17M83011031,Not Applicable,"Other Motor Vehicle, Collision With",2,415088,36071,4753,2.6,13857119.0,5167.5,1527
2024,Property Damage Accident,6:37,2024-02-13,Tuesday,Y,Dawn,GOSHEN,OTHER,ORANGE,Straight and Grade,Snow,Stop Sign,Snow/Ice,17A83011035,Not Applicable,"Tree, Collision With Fixed Object",1,415088,36071,4753,2.6,13857119.0,5167.5,1527
2024,Property Damage Accident,19:30,2024-02-13,Tuesday,Y,Dark-Road Unlighted,WAWAYANDA,OTHER,ORANGE,Straight and Level,Cloudy,No Passing Zone,Dry,,Not Applicable,Deer,1,415088,36071,4753,2.6,13857119.0,5167.5,1527
2024,Property Damage Accident,10:20,2024-02-13,Tuesday,Y,Dusk,MONROE,HEAD ON,ORANGE,Curve and Grade,Snow,No Passing Zone,Snow/Ice,,Not Applicable,"Other Motor Vehicle, Collision With",2,415088,36071,4753,2.6,13857119.0,5167.5,1527
2024,Property Damage Accident,18:05,2024-02-13,Tuesday,N,Dark-Road Lighted,,Unknown,ORANGE,Straight and Level,Clear,,Dry,,Not Applicable,"Other Motor Vehicle, Collision With",2,415088,36071,4753,2.6,13857119.0,5167.5,1527
2024,Property Damage Accident,4:45,2024-02-13,Tuesday,Y,Dark-Road Unlighted,BLOOMING GROVE,OTHER,ORANGE,Straight at Hill Crest,Snow,No Passing Zone,Snow/Ice,208 83011053,Not Applicable,"Earth Embankment/Rock Cut/Ditch, Collision With Fixed Object",1,415088,36071,4753,2.6,13857119.0,5167.5,1527
2024,Property Damage Accident,16:40,2024-02-13,Tuesday,Y,Daylight,BLOOMING GROVE,REAR END,ORANGE,Straight at Hill Crest,Cloudy,No Passing Zone,Wet,94 83011257,Not Applicable,"Other Motor Vehicle, Collision With",2,415088,36071,4753,2.6,13857119.0,5167.5,1527
2024,Property Damage Accident,8:00,2024-02-13,Tuesday,Y,Daylight,CRAWFORD,OTHER,ORANGE,Straight and Level,Snow,,Snow/Ice,52 83031015,Not Applicable,"Other Fixed Object*, Collision With Fixed Object",1,415088,36071,4753,2.6,13857119.0,5167.5,1527
2024,Property Damage Accident,12:52,2024-02-13,Tuesday,Y,Daylight,NEWBURGH,OTHER,ORANGE,Straight and Level,Cloudy,,Wet,300 83021038,Not Applicable,"Other Object (Not Fixed)*, Collision With",1,415088,36071,4753,2.6,13857119.0,5167.5,1527
2024,Property Damage & Injury Accident,3:23,2024-02-13,Tuesday,Y,Dark-Road Unlighted,WALLKILL,OTHER,ORANGE,Curve at Hill Crest,Snow,Stop Sign,Snow/Ice,,Not Applicable,"Tree, Collision With Fixed Object",1,415088,36071,4753,2.6,13857119.0,5167.5,1527
2024,Property Damage Accident,9:10,2024-02-13,Tuesday,Y,Daylight,HARRIMAN,RIGHT ANGLE,ORANGE,Straight and Grade,Snow,Stop Sign,Wet,17M83013189,Not Applicable,"Other Motor Vehicle, Collision With",2,415088,36071,4753,2.6,13857119.0,5167.5,1527
2024,Property Damage Accident,9:44,2024-02-13,Tuesday,Y,Daylight,CARMEL,OTHER,PUTNAM,Straight and Level,Snow,No Passing Zone,Snow/Ice,52 84051056,Not Applicable,"Light Support/Utility Pole, Collision With Fixed Object",1,98842,36079,509,0.7,2746105.0,4089.2,375
2024,Property Damage Accident,19:43,2024-02-13,Tuesday,Y,Dark-Road Lighted,SPRING VALLEY,SIDESWIPE,ROCKLAND,Curve at Hill Crest,Cloudy,,Snow/Ice,,Not Applicable,"Other Motor Vehicle, Collision With",2,354829,36087,259,0.3,7336134.0,9989.2,886
2024,Property Damage Accident,9:02,2024-02-13,Tuesday,Y,Daylight,CLARKSTOWN,OTHER,ROCKLAND,Straight and Level,Snow,,Snow/Ice,,Not Applicable,"Guide Rail - Not At End, Collision With Fixed Object",1,354829,36087,259,0.3,7336134.0,9989.2,886
2024,Property Damage Accident,10:25,2024-02-13,Tuesday,Y,Daylight,STONY POINT,SIDESWIPE,ROCKLAND,Straight and Grade,Snow,Traffic Signal,Snow/Ice,,Not Applicable,"Other Motor Vehicle, Collision With",2,354829,36087,259,0.3,7336134.0,9989.2,886
2024,Property Damage Accident,10:10,2024-02-13,Tuesday,Y,Daylight,NEW HEMPSTEAD,REAR END,ROCKLAND,Straight and Grade,Snow,Police/Fire Emergency,Snow/Ice,,Not Applicable,"Other Motor Vehicle, Collision With",2,354829,36087,259,0.3,7336134.0,9989.2,886
2024,Property Damage Accident,14:30,2024-02-13,Tuesday,Y,Daylight,SLOATSBURG,OTHER,ROCKLAND,Straight and Level,Cloudy,,Snow/Ice,,Not Applicable,"Guide Rail - Not At End, Collision With Fixed Object",1,354829,36087,259,0.3,7336134.0,9989.2,886
2024,Property Damage Accident,11:57,2024-02-13,Tuesday,Y,Daylight,CLARKSTOWN,RIGHT ANGLE,ROCKLAND,Straight and Level,Snow,Traffic Signal,Slush,304 85011074,Not Applicable,"Other Motor Vehicle, Collision With",2,354829,36087,259,0.3,7336134.0,9989.2,886
2024,Property Damage Accident,8:30,2024-02-13,Tuesday,Y,Daylight,CLARKSTOWN,RIGHT ANGLE,ROCKLAND,Straight and Grade,Snow,Traffic Signal,Snow/Ice,,Not Applicable,"Other Motor Vehicle, Collision With",2,354829,36087,259,0.3,7336134.0,9989.2,886
2024,Property Damage Accident,10:00,2024-02-13,Tuesday,Y,Daylight,NEW SQUARE,REAR END,ROCKLAND,Straight and Level,Snow,,Snow/Ice,,Not Applicable,"Other Motor Vehicle, Collision With",2,354829,36087,259,0.3,7336134.0,9989.2,886
2024,Property Damage Accident,22:46,2024-02-13,Tuesday,Y,Dark-Road Unlighted,WESLEY HILLS,OTHER,ROCKLAND,Curve and Level,Cloudy,,Snow/Ice,,Not Applicable,"Light Support/Utility Pole, Collision With Fixed Object",1,354829,36087,259,0.3,7336134.0,9989.2,886
2024,Property Damage Accident,12:48,2024-02-13,Tuesday,Y,Daylight,SPRING VALLEY,REAR END,ROCKLAND,Straight and Level,Snow,Traffic Signal,Snow/Ice,,Not Applicable,"Other Motor Vehicle, Collision With",2,354829,36087,259,0.3,7336134.0,9989.2,886
2024,Property Damage Accident,10:12,2024-02-13,Tuesday,Y,Daylight,WEST HAVERSTRAW,SIDESWIPE,ROCKLAND,Curve and Grade,Snow,,Snow/Ice,,Not Applicable,"Other Motor Vehicle, Collision With",2,354829,36087,259,0.3,7336134.0,9989.2,886
2024,Property Damage & Injury Accident,19:46,2024-02-13,Tuesday,Y,Dark-Road Unlighted,CHESTNUT RIDGE,REAR END,ROCKLAND,Straight and Level,Clear,,Wet,982L85011021,Not Applicable,"Other Motor Vehicle, Collision With",2,354829,36087,259,0.3,7336134.0,9989.2,886
2024,Property Damage Accident,12:40,2024-02-13,Tuesday,Y,Daylight,CHESTNUT RIDGE,OTHER,ROCKLAND,Straight and Level,Cloudy,,Snow/Ice,,Not Applicable,"Guide Rail - Not At End, Collision With Fixed Object",1,354829,36087,259,0.3,7336134.0,9989.2,886
2024,Property Damage Accident,3:00,2024-02-13,Tuesday,N,Unknown,CLARKSTOWN,Unknown,ROCKLAND,Unknown,Unknown,Unknown,Unknown,,Not Applicable,"Other Motor Vehicle, Collision With",2,354829,36087,259,0.3,7336134.0,9989.2,886
2024,Property Damage Accident,12:40,2024-02-13,Tuesday,Y,Daylight,RAMAPO,SIDESWIPE,ROCKLAND,Straight and Level,Cloudy,,Snow/Ice,,Not Applicable,"Other Motor Vehicle, Collision With",2,354829,36087,259,0.3,7336134.0,9989.2,886
2024,Property Damage Accident,8:25,2024-02-13,Tuesday,Y,Daylight,CLARKSTOWN,RIGHT ANGLE,ROCKLAND,Straight and Level,Snow,Traffic Signal,Snow/Ice,,Not Applicable,"Other Motor Vehicle, Collision With",2,354829,36087,259,0.3,7336134.0,9989.2,886
2024,Property Damage & Injury Accident,8:55,2024-02-13,Tuesday,Y,Daylight,SPRING VALLEY,REAR END,ROCKLAND,Straight and Grade,Snow,Traffic Signal,Snow/Ice,59 85011077,Not Applicable,"Other Motor Vehicle, Collision With",2,354829,36087,259,0.3,7336134.0,9989.2,886
2024,Property Damage Accident,16:35,2024-02-13,Tuesday,Y,Daylight,SAUGERTIES,REAR END,ULSTER,Straight and Level,Clear,No Passing Zone,Dry,9W86035098,Not Applicable,"Other Motor Vehicle, Collision With",2,183095,36111,3565,1.2,6410502.0,3939.4,999
2024,Property Damage Accident,18:15,2024-02-13,Tuesday,Y,Dark-Road Lighted,MARBLETOWN,OTHER,ULSTER,Straight and Level,Clear,,Dry,209 86031270,Not Applicable,Deer,1,183095,36111,3565,1.2,6410502.0,3939.4,999
2024,Property Damage & Injury Accident,8:58,2024-02-13,Tuesday,Y,Daylight,DOBBS FERRY,RIGHT ANGLE,WESTCHESTER,Straight and Level,Snow,,Snow/Ice,,Not Applicable,"Other Motor Vehicle, Collision With",2,1009165,36119,850,0.8,18110248.0,6143.2,3354
2024,Property Damage Accident,12:20,2024-02-13,Tuesday,Y,Daylight,MOUNT VERNON,OTHER,WESTCHESTER,Curve and Level,Snow,,Wet,907K87013001,Not Applicable,"Building/Wall, Collision With Fixed Object",1,1009165,36119,850,0.8,18110248.0,6143.2,3354
2024,Property Damage & Injury Accident,11:29,2024-02-13,Tuesday,Y,Daylight,NEW ROCHELLE,REAR END,WESTCHESTER,Straight and Level,Snow,,Snow/Ice,,Not Applicable,"Other Motor Vehicle, Collision With",2,1009165,36119,850,0.8,18110248.0,6143.2,3354
2024,Property Damage Accident,8:09,2024-02-13,Tuesday,Y,Daylight,OSSINING,RIGHT ANGLE,WESTCHESTER,Straight and Grade,Snow,Stop Sign,Snow/Ice,9 87032126,Not Applicable,"Other Motor Vehicle, Collision With",2,1009165,36119,850,0.8,18110248.0,6143.2,3354
2024,Property Damage & Injury Accident,9:15,2024-02-13,Tuesday,Y,Daylight,WHITE PLAINS,REAR END,WESTCHESTER,Straight at Hill Crest,Snow,Traffic Signal,Snow/Ice,,Not Applicable,"Other Motor Vehicle, Collision With",2,1009165,36119,850,0.8,18110248.0,6143.2,3354
2024,Property Damage & Injury Accident,5:45,2024-02-13,Tuesday,Y,Dark-Road Lighted,WHITE PLAINS,OTHER,WESTCHESTER,Straight and Level,Snow,,Snow/Ice,,Not Applicable,"Light Support/Utility Pole, Collision With Fixed Object",1,1009165,36119,850,0.8,18110248.0,6143.2,3354
2024,Property Damage Accident,7:30,2024-02-13,Tuesday,Y,Daylight,BEDFORD,OTHER,WESTCHESTER,Curve and Level,Snow,,Snow/Ice,,Not Applicable,"Sign Post, Collision With Fixed Object",1,1009165,36119,850,0.8,18110248.0,6143.2,3354
2024,Property Damage Accident,10:20,2024-02-13,Tuesday,Y,Daylight,OSSINING,REAR END,WESTCHESTER,Straight and Level,Snow,Traffic Signal,Snow/Ice,,Not Applicable,"Other Motor Vehicle, Collision With",2,1009165,36119,850,0.8,18110248.0,6143.2,3354
2024,Property Damage Accident,16:21,2024-02-13,Tuesday,Y,Daylight,YORKTOWN,OTHER,WESTCHESTER,Straight and Level,Cloudy,,Snow/Ice,987G87011089,Not Applicable,"Guide Rail - Not At End, Collision With Fixed Object",1,1009165,36119,850,0.8,18110248.0,6143.2,3354
2024,Property Damage Accident,13:36,2024-02-13,Tuesday,Y,Daylight,PLEASANTVILLE,REAR END,WESTCHESTER,Straight and Level,Snow,,Wet,,Not Applicable,"Other Motor Vehicle, Collision With",2,1009165,36119,850,0.8,18110248.0,6143.2,3354
2024,Property Damage & Injury Accident,8:16,2024-02-13,Tuesday,Y,Daylight,YONKERS,RIGHT ANGLE,WESTCHESTER,Straight and Level,Snow,Stop Sign,Snow/Ice,,Not Applicable,"Other Motor Vehicle, Collision With",2,1009165,36119,850,0.8,18110248.0,6143.2,3354
2024,Property Damage Accident,11:30,2024-02-13,Tuesday,Y,Daylight,NEW CASTLE,OTHER,WESTCHESTER,Curve and Level,Snow,Yield Sign,Snow/Ice,987D87012171,Not Applicable,"Sign Post, Collision With Fixed Object",1,1009165,36119,850,0.8,18110248.0,6143.2,3354
2024,Property Damage Accident,17:04,2024-02-13,Tuesday,Y,Daylight,OSSINING,REAR END,WESTCHESTER,Straight and Level,Cloudy,,Wet,,Not Applicable,"Other Motor Vehicle, Collision With",2,1009165,36119,850,0.8,18110248.0,6143.2,3354
2024,Property Damage Accident,9:05,2024-02-13,Tuesday,Y,Daylight,PORT CHESTER,REAR END,WESTCHESTER,Straight and Level,Snow,,Snow/Ice,,Not Applicable,"Other Motor Vehicle, Collision With",2,1009165,36119,850,0.8,18110248.0,6143.2,3354
2024,Property Damage Accident,6:20,2024-02-13,Tuesday,Y,Dark-Road Unlighted,BEDFORD,OVERTAKING,WESTCHESTER,Straight and Level,Snow,,Snow/Ice,684I87011153,Not Applicable,"Other Motor Vehicle, Collision With",2,1009165,36119,850,0.8,18110248.0,6143.2,3354
2024,Property Damage Accident,8:55,2024-02-13,Tuesday,Y,Daylight,DOBBS FERRY,REAR END,WESTCHESTER,Curve and Grade,Snow,,Snow/Ice,,Not Applicable,"Other Motor Vehicle, Collision With",2,1009165,36119,850,0.8,18110248.0,6143.2,3354
2024,Property Damage Accident,6:48,2024-02-13,Tuesday,Y,Daylight,CORTLANDT,OTHER,WESTCHESTER,Straight at Hill Crest,Snow,,Snow/Ice,,Not Applicable,"Other Fixed Object*, Collision With Fixed Object",1,1009165,36119,850,0.8,18110248.0,6143.2,3354
2024,Property Damage Accident,9:31,2024-02-13,Tuesday,Y,Daylight,GREENBURGH,OTHER,WESTCHESTER,Straight and Level,Snow,,Snow/Ice,287I87011031,Not Applicable,"Guide Rail - Not At End, Collision With Fixed Object",1,1009165,36119,850,0.8,18110248.0,6143.2,3354
2024,Property Damage Accident,12:42,2024-02-13,Tuesday,Y,Daylight,TARRYTOWN,OTHER,WESTCHESTER,Straight and Level,Clear,,Wet,,Not Applicable,"Guide Rail - Not At End, Collision With Fixed Object",1,1009165,36119,850,0.8,18110248.0,6143.2,3354
2024,Property Damage Accident,10:48,2024-02-13,Tuesday,Y,Daylight,MOUNT PLEASANT,HEAD ON,WESTCHESTER,Curve and Grade,Snow,,Snow/Ice,,Not Applicable,"Other Motor Vehicle, Collision With",2,1009165,36119,850,0.8,18110248.0,6143.2,3354
2024,Property Damage Accident,5:10,2024-02-13,Tuesday,Y,Dark-Road Unlighted,ELMSFORD,OTHER,WESTCHESTER,Straight and Level,Snow,,Snow/Ice,287I87011017,Not Applicable,"Median - Not At End, Collision With Fixed Object",1,1009165,36119,850,0.8,18110248.0,6143.2,3354
2024,Property Damage Accident,10:15,2024-02-13,Tuesday,Y,Daylight,NORTH SALEM,OTHER,WESTCHESTER,Straight and Level,Snow,,Snow/Ice,684I87011239,Not Applicable,"Guide Rail - Not At End, Collision With Fixed Object",1,1009165,36119,850,0.8,18110248.0,6143.2,3354
2024,Property Damage Accident,11:17,2024-02-13,Tuesday,Y,Daylight,SCARSDALE,OTHER,WESTCHESTER,Curve and Grade,Snow,,Snow/Ice,125 87011047,Not Applicable,"Sign Post, Collision With Fixed Object",1,1009165,36119,850,0.8,18110248.0,6143.2,3354
2024,Property Damage & Injury Accident,23:37,2024-02-13,Tuesday,Y,Dark-Road Lighted,MOUNT VERNON,OTHER,WESTCHESTER,Straight and Level,Cloudy,,Wet,,Not Applicable,"Median - Not At End, Collision With Fixed Object",1,1009165,36119,850,0.8,18110248.0,6143.2,3354
2024,Property Damage Accident,12:15,2024-02-13,Tuesday,Y,Daylight,NORTH CASTLE,OVERTAKING,WESTCHESTER,Straight and Level,Snow,,Snow/Ice,684I87011152,Not Applicable,"Other Motor Vehicle, Collision With",2,1009165,36119,850,0.8,18110248.0,6143.2,3354
2024,Property Damage Accident,7:58,2024-02-14,Wednesday,Y,Daylight,POUGHKEEPSIE,OTHER,DUTCHESS,Straight and Level,Clear,,Dry,,Not Applicable,"Other Motor Vehicle, Collision With",2,299256,36027,1695,0.8,5987961.0,3975.0,1300
2024,Property Damage Accident,17:03,2024-02-14,Wednesday,Y,Daylight,FISHKILL,REAR END,DUTCHESS,Straight and Level,Clear,Yield Sign,Dry,82 82011000,Not Applicable,"Other Motor Vehicle, Collision With",2,299256,36027,1695,0.8,5987961.0,3975.0,1300
2024,Property Damage Accident,21:05,2024-02-14,Wednesday,Y,Dark-Road Lighted,POUGHKEEPSIE,RIGHT ANGLE,DUTCHESS,Straight and Grade,Cloudy,Stop Sign,Dry,,Not Applicable,"Other Motor Vehicle, Collision With",2,299256,36027,1695,0.8,5987961.0,3975.0,1300
2024,Property Damage Accident,17:21,2024-02-14,Wednesday,Y,Daylight,WAPPINGER FALLS,OVERTAKING,DUTCHESS,Straight and Level,Clear,,Snow/Ice,9 82051077,Not Applicable,"Other Motor Vehicle, Collision With",2,299256,36027,1695,0.8,5987961.0,3975.0,1300
2024,Property Damage & Injury Accident,20:18,2024-02-14,Wednesday,Y,Dark-Road Unlighted,WOODBURY,OTHER,ORANGE,Straight and Level,Clear,,Snow/Ice,,Not Applicable,"Guide Rail - Not At End, Collision With Fixed Object",1,415088,36071,4753,2.6,13857119.0,5167.5,1527
2024,Property Damage Accident,6:02,2024-02-14,Wednesday,Y,Dawn,HIGHLANDS,SIDESWIPE,ORANGE,Curve and Grade,Clear,Yield Sign,Wet,9W83021002,Not Applicable,"Other Motor Vehicle, Collision With",2,415088,36071,4753,2.6,13857119.0,5167.5,1527
2024,Property Damage Accident,7:22,2024-02-14,Wednesday,Y,Daylight,NEW WINDSOR,RIGHT ANGLE,ORANGE,Curve and Grade,Clear,,Dry,,Not Applicable,"Other Motor Vehicle, Collision With",2,415088,36071,4753,2.6,13857119.0,5167.5,1527
2024,Property Damage Accident,11:35,2024-02-14,Wednesday,Y,Daylight,WOODBURY,Unknown,ORANGE,Straight and Level,Clear,Traffic Signal,Dry,,Not Applicable,"Other Motor Vehicle, Collision With",2,415088,36071,4753,2.6,13857119.0,5167.5,1527
2024,Property Damage Accident,18:15,2024-02-14,Wednesday,Y,Dark-Road Lighted,SOUTH BLOOMING GROVE,REAR END,ORANGE,Straight and Level,Clear,No Passing Zone,Dry,208 83011018,Not Applicable,"Other Motor Vehicle, Collision With",2,415088,36071,4753,2.6,13857119.0,5167.5,1527
2024,Property Damage Accident,11:50,2024-02-14,Wednesday,Y,Daylight,CHESTER,LEFT TURN (3),ORANGE,Straight and Level,Clear,Traffic Signal,Dry,17M83013104,Not Applicable,"Other Motor Vehicle, Collision With",2,415088,36071,4753,2.6,13857119.0,5167.5,1527
2024,Property Damage & Injury Accident,18:24,2024-02-14,Wednesday,Y,Dark-Road Lighted,FLORIDA,REAR END,ORANGE,Straight and Level,Cloudy,No Passing Zone,Dry,17A83011047,Not Applicable,"Other Motor Vehicle, Collision With",2,415088,36071,4753,2.6,13857119.0,5167.5,1527
2024,Property Damage Accident,7:30,2024-02-14,Wednesday,Y,Daylight,NEWBURGH,OTHER,ORANGE,Straight and Grade,Snow,,Snow/Ice,,Not Applicable,"Other Motor Vehicle, Collision With",3,415088,36071,4753,2.6,13857119.0,5167.5,1527
2024,Property Damage Accident,10:20,2024-02-14,Wednesday,Y,Daylight,NEWBURGH,REAR END,ORANGE,Straight and Level,Clear,Traffic Signal,Snow/Ice,980T83012023,Not Applicable,"Other Motor Vehicle, Collision With",2,415088,36071,4753,2.6,13857119.0,5167.5,1527
2024,Property Damage Accident,16:59,2024-02-14,Wednesday,Y,Daylight,PHILLIPSTOWN,OTHER,PUTNAM,Curve and Grade,Clear,No Passing Zone,Dry,9D84021077,Not Applicable,"Earth Embankment/Rock Cut/Ditch, Collision With Fixed Object",1,98842,36079,509,0.7,2746105.0,4089.2,375
2024,Property Damage Accident,17:43,2024-02-14,Wednesday,Y,Dark-Road Lighted,SPRING VALLEY,RIGHT ANGLE,ROCKLAND,Straight and Level,Clear,,Dry,,Not Applicable,"Other Motor Vehicle, Collision With",2,354829,36087,259,0.3,7336134.0,9989.2,886
2024,Property Damage Accident,0:39,2024-02-14,Wednesday,Y,Dark-Road Unlighted,NEW PALTZ,OTHER,ULSTER,Straight and Grade,Clear,,Dry,,Not Applicable,"Guide Rail - Not At End, Collision With Fixed Object",1,183095,36111,3565,1.2,6410502.0,3939.4,999
2024,Property Damage Accident,15:12,2024-02-14,Wednesday,Y,Daylight,KINGSTON,RIGHT ANGLE,ULSTER,Straight and Level,Clear,Yield Sign,Dry,32 86022020,Not Applicable,"Other Motor Vehicle, Collision With",2,183095,36111,3565,1.2,6410502.0,3939.4,999
2024,Property Damage Accident,12:31,2024-02-14,Wednesday,Y,Daylight,ULSTER,REAR END,ULSTER,Straight and Level,Other*,,Dry,981M86011012,Not Applicable,"Other Motor Vehicle, Collision With",2,183095,36111,3565,1.2,6410502.0,3939.4,999
2024,Property Damage Accident,14:45,2024-02-14,Wednesday,Y,Daylight,WAWARSING,OTHER,ULSTER,Straight and Level,Clear,,Dry,,Not Applicable,"Other Motor Vehicle, Collision With",2,183095,36111,3565,1.2,6410502.0,3939.4,999
2024,Property Damage & Injury Accident,23:21,2024-02-14,Wednesday,Y,Dark-Road Unlighted,KINGSTON,OTHER,ULSTER,Straight and Grade,Clear,No Passing Zone,Dry,,Not Applicable,"Tree, Collision With Fixed Object",1,183095,36111,3565,1.2,6410502.0,3939.4,999
2024,Property Damage Accident,7:25,2024-02-14,Wednesday,Y,Daylight,BRIARCLIFF MANOR,OVERTAKING,WESTCHESTER,Straight and Level,Clear,,Dry,9A87032122,Not Applicable,"Other Motor Vehicle, Collision With",2,1009165,36119,850,0.8,18110248.0,6143.2,3354
2024,Property Damage Accident,15:05,2024-02-14,Wednesday,Y,Daylight,NEW CASTLE,SIDESWIPE,WESTCHESTER,Curve and Level,Clear,,Dry,,Not Applicable,"Other Motor Vehicle, Collision With",2,1009165,36119,850,0.8,18110248.0,6143.2,3354
2024,Property Damage Accident,14:52,2024-02-14,Wednesday,Y,Daylight,ELMSFORD,RIGHT ANGLE,WESTCHESTER,Straight and Grade,Clear,,Dry,119 87011025,Not Applicable,"Other Motor Vehicle, Collision With",2,1009165,36119,850,0.8,18110248.0,6143.2,3354
2024,Property Damage & Injury Accident,5:30,2024-02-14,Wednesday,Y,Dark-Road Lighted,YORKTOWN,OTHER,WESTCHESTER,Straight at Hill Crest,Clear,Traffic Signal,Dry,35 87012040,Not Applicable,"Other Motor Vehicle, Collision With",2,1009165,36119,850,0.8,18110248.0,6143.2,3354
2024,Property Damage Accident,17:38,2024-02-14,Wednesday,Y,Dusk,RYE,REAR END,WESTCHESTER,Straight and Level,Clear,,Dry,,Not Applicable,"Other Motor Vehicle, Collision With",2,1009165,36119,850,0.8,18110248.0,6143.2,3354
2024,Property Damage & Injury Accident,15:17,2024-02-14,Wednesday,Y,Daylight,YONKERS,OVERTAKING,WESTCHESTER,Straight and Level,Clear,Traffic Signal,Dry,983B87011004,Not Applicable,"Other Motor Vehicle, Collision With",2,1009165,36119,850,0.8,18110248.0,6143.2,3354
2024,Property Damage Accident,10:35,2024-02-14,Wednesday,Y,Daylight,YONKERS,Unknown,WESTCHESTER,Curve and Grade,Clear,,Wet,,Not Applicable,"Other Motor Vehicle, Collision With",2,1009165,36119,850,0.8,18110248.0,6143.2,3354
2024,Property Damage Accident,13:45,2024-02-14,Wednesday,Y,Daylight,YONKERS,OTHER,WESTCHESTER,Curve and Grade,Clear,,Dry,,Not Applicable,"Other Motor Vehicle, Collision With",3,1009165,36119,850,0.8,18110248.0,6143.2,3354
2024,Property Damage Accident,14:29,2024-02-14,Wednesday,Y,Daylight,BEDFORD,HEAD ON,WESTCHESTER,Straight and Level,Clear,Traffic Signal,Dry,22 87024192,Not Applicable,"Other Motor Vehicle, Collision With",2,1009165,36119,850,0.8,18110248.0,6143.2,3354
2024,Property Damage Accident,0:00,2024-02-14,Wednesday,N,Unknown,HASTINGS ON HUDSON,OTHER,WESTCHESTER,Unknown,Unknown,Unknown,Unknown,,Not Applicable,"Light Support/Utility Pole, Collision With Fixed Object",1,1009165,36119,850,0.8,18110248.0,6143.2,3354
2024,Property Damage Accident,18:34,2024-02-14,Wednesday,Y,Dusk,GREENBURGH,REAR END,WESTCHESTER,Straight and Level,Clear,,Dry,287I87011034,Not Applicable,"Other Motor Vehicle, Collision With",2,1009165,36119,850,0.8,18110248.0,6143.2,3354
2024,Property Damage Accident,17:20,2024-02-14,Wednesday,Y,Daylight,OSSINING,REAR END,WESTCHESTER,Straight and Level,Clear,Traffic Signal,Dry,9 87032122,Not Applicable,"Other Motor Vehicle, Collision With",2,1009165,36119,850,0.8,18110248.0,6143.2,3354