year,accident_descriptor,time,date,day_of_week,police_report,lighting_conditions,municipality,collision_type_descriptor,county_name,road_descriptor,weather_conditions,traffic_control_device,road_surface_conditions,dot_reference_marker_location,pedestrian_bicyclist_action,event_descriptor,number_of_vehicles_involved,county_population_2024,county_fips,county_deer_take_2024,county_antlerless_deer_per_sqmi_2024,county_daily_vmt_2019,county_mean_aadt_2019,county_aadt_segments_2019
2024,Property Damage Accident,8:15,2024-02-14,Wednesday,Y,Daylight,YORKTOWN,Unknown,WESTCHESTER,Straight and Grade,Clear,Stop Sign,Dry,,Not Applicable,"Other Motor Vehicle, Collision With",2,1009165,36119,850,0.8,18110248.0,6143.2,3354
2024,Property Damage Accident,17:11,2024-02-14,Wednesday,Y,Dusk,PEEKSKILL,RIGHT ANGLE,WESTCHESTER,Straight and Level,Clear,,Dry,,Not Applicable,"Other Motor Vehicle, Collision With",2,1009165,36119,850,0.8,18110248.0,6143.2,3354
2024,Property Damage Accident,9:30,2024-02-14,Wednesday,Y,Daylight,IRVINGTON,OVERTAKING,WESTCHESTER,Curve and Grade,Clear,,Dry,987D87012032,Not Applicable,"Other Motor Vehicle, Collision With",2,1009165,36119,850,0.8,18110248.0,6143.2,3354
2024,Property Damage Accident,22:37,2024-02-14,Wednesday,Y,Dark-Road Lighted,YONKERS,Unknown,WESTCHESTER,Straight and Level,Clear,Stop Sign,Dry,,Not Applicable,"Other Motor Vehicle, Collision With",2,1009165,36119,850,0.8,18110248.0,6143.2,3354
2024,Property Damage & Injury Accident,13:50,2024-02-14,Wednesday,Y,Daylight,BRIARCLIFF MANOR,REAR END,WESTCHESTER,Straight and Level,Clear,Stop Sign,Dry,,Not Applicable,"Other Motor Vehicle, Collision With",2,1009165,36119,850,0.8,18110248.0,6143.2,3354
2024,Property Damage Accident,18:08,2024-02-15,Thursday,Y,Unknown,BEEKMAN,REAR END,DUTCHESS,Straight and Level,Unknown,,Unknown,,Not Applicable,"Other Motor Vehicle, Collision With",2,299256,36027,1695,0.8,5987961.0,3975.0,1300
2024,Property Damage Accident,13:38,2024-02-15,Thursday,Y,Daylight,POUGHKEEPSIE,OTHER,DUTCHESS,Straight and Grade,Clear,,Dry,,Not Applicable,"Other Motor Vehicle, Collision With",3,299256,36027,1695,0.8,5987961.0,3975.0,1300
2024,Property Damage Accident,21:18,2024-02-15,Thursday,Y,Dark-Road Unlighted,AMENIA,OTHER,DUTCHESS,Straight and Level,Snow,,Wet,22 82041209,Not Applicable,"Earth Embankment/Rock Cut/Ditch, Collision With Fixed Object",1,299256,36027,1695,0.8,5987961.0,3975.0,1300
2024,Property Damage Accident,11:00,2024-02-15,Thursday,Y,Daylight,RED HOOK,LEFT TURN (3),DUTCHESS,Straight and Level,Clear,Traffic Signal,Dry,9G82013220,Not Applicable,"Other Motor Vehicle, Collision With",2,299256,36027,1695,0.8,5987961.0,3975.0,1300
2024,Property Damage Accident,15:58,2024-02-15,Thursday,Y,Daylight,POUGHKEEPSIE,REAR END,DUTCHESS,Straight and Grade,Cloudy,Traffic Signal,Dry,,Not Applicable,"Other Motor Vehicle, Collision With",2,299256,36027,1695,0.8,5987961.0,3975.0,1300
2024,Property Damage Accident,20:30,2024-02-15,Thursday,Y,Dark-Road Unlighted,HIGHLANDS,OTHER,ORANGE,Curve at Hill Crest,Cloudy,,Wet,9W83021016,Not Applicable,"Other*, Non-Collision",1,415088,36071,4753,2.6,13857119.0,5167.5,1527
2024,Property Damage Accident,18:17,2024-02-15,Thursday,Y,Dark-Road Unlighted,GOSHEN,OTHER,ORANGE,Straight and Level,Clear,,Dry,17A83011037,Not Applicable,"Animal, Collision With",1,415088,36071,4753,2.6,13857119.0,5167.5,1527
2024,Property Damage Accident,17:40,2024-02-15,Thursday,Y,Dusk,WALLKILL,OVERTAKING,ORANGE,Straight and Level,Cloudy,,Dry,17 83101059,Not Applicable,"Other Motor Vehicle, Collision With",2,415088,36071,4753,2.6,13857119.0,5167.5,1527
2024,Property Damage Accident,7:42,2024-02-15,Thursday,Y,Daylight,NEW WINDSOR,RIGHT ANGLE,ORANGE,Straight and Level,Clear,Traffic Signal,Dry,,Not Applicable,"Other Motor Vehicle, Collision With",2,415088,36071,4753,2.6,13857119.0,5167.5,1527
2024,Property Damage Accident,18:18,2024-02-15,Thursday,Y,Dark-Road Lighted,CORNWALL,REAR END,ORANGE,Straight and Level,Clear,Traffic Signal,Dry,,Not Applicable,"Other Motor Vehicle, Collision With",2,415088,36071,4753,2.6,13857119.0,5167.5,1527
2024,Property Damage Accident,16:01,2024-02-15,Thursday,Y,Daylight,WAWAYANDA,REAR END,ORANGE,Straight and Level,Clear,Stop Sign,Dry,,Not Applicable,"Other Motor Vehicle, Collision With",2,415088,36071,4753,2.6,13857119.0,5167.5,1527
2024,Property Damage Accident,14:41,2024-02-15,Thursday,Y,Daylight,CARMEL,OVERTAKING,PUTNAM,Curve and Grade,Cloudy,No Passing Zone,Dry,6N84021030,Not Applicable,"Other Motor Vehicle, Collision With",2,98842,36079,509,0.7,2746105.0,4089.2,375
2024,Property Damage & Injury Accident,11:50,2024-02-15,Thursday,Y,Daylight,PATTERSON,RIGHT ANGLE,PUTNAM,Straight and Level,Clear,,Dry,,Not Applicable,"Other Motor Vehicle, Collision With",2,98842,36079,509,0.7,2746105.0,4089.2,375
2024,Property Damage Accident,23:59,2024-02-15,Thursday,Y,Dark-Road Lighted,CARMEL,OTHER,PUTNAM,Straight and Level,Clear,No Passing Zone,Dry,6 84041078,Not Applicable,"Animal, Collision With",1,98842,36079,509,0.7,2746105.0,4089.2,375
2024,Property Damage Accident,9:00,2024-02-15,Thursday,Y,Daylight,COLD SPRING,REAR END,PUTNAM,Straight and Grade,Clear,,Dry,,Not Applicable,"Other Motor Vehicle, Collision With",2,98842,36079,509,0.7,2746105.0,4089.2,375
2024,Property Damage Accident,8:26,2024-02-15,Thursday,Y,Daylight,SPRING VALLEY,REAR END,ROCKLAND,Straight and Level,Clear,Traffic Signal,Dry,45 85011039,Not Applicable,"Other Motor Vehicle, Collision With",2,354829,36087,259,0.3,7336134.0,9989.2,886
2024,Property Damage & Injury Accident,18:42,2024-02-15,Thursday,Y,Dark-Road Lighted,HAVERSTRAW,REAR END,ROCKLAND,Straight and Grade,Clear,Traffic Signal,Dry,,Not Applicable,"Other Motor Vehicle, Collision With",2,354829,36087,259,0.3,7336134.0,9989.2,886
2024,Property Damage Accident,18:10,2024-02-15,Thursday,Y,Dark-Road Unlighted,GARDINER,OTHER,ULSTER,Straight and Level,Cloudy,,Dry,208 86021053,Not Applicable,Deer,1,183095,36111,3565,1.2,6410502.0,3939.4,999
2024,Property Damage Accident,20:33,2024-02-15,Thursday,Y,Dark-Road Unlighted,SAUGERTIES,OVERTAKING,ULSTER,Straight and Level,Snow,,Snow/Ice,,Not Applicable,"Other Motor Vehicle, Collision With",2,183095,36111,3565,1.2,6410502.0,3939.4,999
2024,Property Damage Accident,1:08,2024-02-15,Thursday,Y,Dark-Road Lighted,YONKERS,OTHER,WESTCHESTER,Straight at Hill Crest,Clear,,Dry,,Not Applicable,"Other Motor Vehicle, Collision With",3,1009165,36119,850,0.8,18110248.0,6143.2,3354
2024,Property Damage Accident,14:06,2024-02-15,Thursday,Y,Daylight,WHITE PLAINS,RIGHT ANGLE,WESTCHESTER,Straight and Level,Clear,Stop Sign,Dry,,Not Applicable,"Other Motor Vehicle, Collision With",2,1009165,36119,850,0.8,18110248.0,6143.2,3354
2024,Property Damage Accident,14:33,2024-02-15,Thursday,Y,Daylight,PELHAM MANOR,RIGHT TURN (6),WESTCHESTER,Straight and Level,Cloudy,Traffic Signal,Dry,1 87031001,Not Applicable,"Other Motor Vehicle, Collision With",2,1009165,36119,850,0.8,18110248.0,6143.2,3354
2024,Property Damage Accident,17:30,2024-02-15,Thursday,Y,Dawn,WHITE PLAINS,REAR END,WESTCHESTER,Straight and Level,Clear,Traffic Signal,Dry,,Not Applicable,"Other Motor Vehicle, Collision With",2,1009165,36119,850,0.8,18110248.0,6143.2,3354
2024,Injury Accident,12:20,2024-02-15,Thursday,N,Unknown,YONKERS,RIGHT ANGLE,WESTCHESTER,Unknown,Unknown,Unknown,Unknown,,Not Applicable,"Other Motor Vehicle, Collision With",2,1009165,36119,850,0.8,18110248.0,6143.2,3354
2024,Property Damage Accident,19:00,2024-02-15,Thursday,N,Unknown,,OVERTAKING,WESTCHESTER,Unknown,Unknown,Unknown,Unknown,,Not Applicable,"Other Motor Vehicle, Collision With",2,1009165,36119,850,0.8,18110248.0,6143.2,3354
2024,Property Damage Accident,18:54,2024-02-15,Thursday,Y,Dark-Road Unlighted,NEW ROCHELLE,SIDESWIPE,WESTCHESTER,Straight and Level,Clear,Stop Sign,Dry,,Not Applicable,"Other Motor Vehicle, Collision With",2,1009165,36119,850,0.8,18110248.0,6143.2,3354
2024,Property Damage Accident,17:50,2024-02-15,Thursday,N,Dusk,YONKERS,REAR END,WESTCHESTER,Unknown,Unknown,Unknown,Unknown,,Not Applicable,"Other Motor Vehicle, Collision With",2,1009165,36119,850,0.8,18110248.0,6143.2,3354
2024,Property Damage Accident,15:24,2024-02-15,Thursday,Y,Daylight,MOUNT PLEASANT,OTHER,WESTCHESTER,Straight and Level,Cloudy,,Dry,987G87011076,Not Applicable,Deer,1,1009165,36119,850,0.8,18110248.0,6143.2,3354
2024,Property Damage & Injury Accident,11:58,2024-02-15,Thursday,Y,Daylight,MOUNT PLEASANT,OTHER,WESTCHESTER,Straight and Level,Clear,,Dry,117 87011016,Not Applicable,"Snow Embankment, Collision With Fixed Object",1,1009165,36119,850,0.8,18110248.0,6143.2,3354
2024,Property Damage & Injury Accident,15:11,2024-02-15,Thursday,Y,Daylight,PEEKSKILL,HEAD ON,WESTCHESTER,Straight and Level,Clear,,Dry,35 87011008,Not Applicable,"Other Motor Vehicle, Collision With",2,1009165,36119,850,0.8,18110248.0,6143.2,3354
2024,Property Damage Accident,15:35,2024-02-15,Thursday,N,Daylight,MOUNT VERNON,Unknown,WESTCHESTER,Curve and Grade,Cloudy,Unknown,Dry,907W87021009,Not Applicable,"Other Motor Vehicle, Collision With",2,1009165,36119,850,0.8,18110248.0,6143.2,3354
2024,Property Damage Accident,14:00,2024-02-15,Thursday,Y,Daylight,WHITE PLAINS,OTHER,WESTCHESTER,Straight and Level,Clear,Traffic Signal,Dry,,Not Applicable,"Bridge Structure, Collision With Fixed Object",1,1009165,36119,850,0.8,18110248.0,6143.2,3354
2024,Property Damage Accident,11:25,2024-02-15,Thursday,Y,Daylight,MOUNT VERNON,OVERTAKING,WESTCHESTER,Straight and Level,Clear,,Dry,,Not Applicable,"Other Motor Vehicle, Collision With",2,1009165,36119,850,0.8,18110248.0,6143.2,3354
2024,Property Damage Accident,13:47,2024-02-16,Friday,Y,Daylight,POUGHKEEPSIE,RIGHT ANGLE,DUTCHESS,Straight and Level,Clear,,Dry,,Not Applicable,"Other Motor Vehicle, Collision With",2,299256,36027,1695,0.8,5987961.0,3975.0,1300
2024,Property Damage Accident,14:17,2024-02-16,Friday,Y,Daylight,POUGHKEEPSIE,OTHER,DUTCHESS,Straight and Level,Clear,,Dry,,Not Applicable,"Other Motor Vehicle, Collision With",2,299256,36027,1695,0.8,5987961.0,3975.0,1300
2024,Property Damage Accident,15:06,2024-02-16,Friday,Y,Daylight,EAST FISHKILL,OVERTAKING,DUTCHESS,Straight and Level,Clear,,Dry,,Not Applicable,"Other Motor Vehicle, Collision With",2,299256,36027,1695,0.8,5987961.0,3975.0,1300
2024,Property Damage Accident,17:22,2024-02-16,Friday,Y,Daylight,FISHKILL,REAR END,DUTCHESS,Straight and Level,Clear,,Dry,84I82021031,Not Applicable,"Other Motor Vehicle, Collision With",2,299256,36027,1695,0.8,5987961.0,3975.0,1300
2024,Property Damage Accident,7:37,2024-02-16,Friday,Y,Daylight,FISHKILL,OTHER,DUTCHESS,Straight and Level,Clear,No Passing Zone,Dry,9D82033013,Not Applicable,"Other Fixed Object*, Collision With Fixed Object",1,299256,36027,1695,0.8,5987961.0,3975.0,1300
2024,Property Damage Accident,8:04,2024-02-16,Friday,Y,Daylight,POUGHKEEPSIE,OVERTAKING,DUTCHESS,Curve and Level,Clear,,Dry,9 82052010,Not Applicable,"Other Motor Vehicle, Collision With",2,299256,36027,1695,0.8,5987961.0,3975.0,1300
2024,Property Damage Accident,21:40,2024-02-16,Friday,Y,Dark-Road Unlighted,WAPPINGER,OTHER,DUTCHESS,Straight and Grade,Cloudy,No Passing Zone,Dry,,Not Applicable,Deer,1,299256,36027,1695,0.8,5987961.0,3975.0,1300
2024,Property Damage Accident,15:59,2024-02-16,Friday,Y,Daylight,RED HOOK,OVERTAKING,DUTCHESS,Straight and Level,Clear,,Dry,9 82053209,Not Applicable,"Other Motor Vehicle, Collision With",2,299256,36027,1695,0.8,5987961.0,3975.0,1300
2024,Property Damage Accident,19:45,2024-02-16,Friday,N,Dark-Road Unlighted,MONROE,OTHER,ORANGE,Straight and Grade,Clear,,Dry,,Not Applicable,Deer,1,415088,36071,4753,2.6,13857119.0,5167.5,1527
2024,Property Damage Accident,7:50,2024-02-16,Friday,Y,Daylight,HAMPTONBURGH,RIGHT ANGLE,ORANGE,Straight and Level,Cloudy,Stop Sign,Wet,,Not Applicable,"Other Motor Vehicle, Collision With",2,415088,36071,4753,2.6,13857119.0,5167.5,1527
2024,Property Damage Accident,15:01,2024-02-16,Friday,Y,Daylight,WALLKILL,OVERTAKING,ORANGE,Straight and Level,Cloudy,,Dry,84I83011236,Not Applicable,"Other Motor Vehicle, Collision With",2,415088,36071,4753,2.6,13857119.0,5167.5,1527
2024,Property Damage Accident,15:10,2024-02-16,Friday,Y,Daylight,WAWAYANDA,REAR END,ORANGE,Straight and Level,Clear,Stop Sign,Dry,,Not Applicable,"Other Motor Vehicle, Collision With",2,415088,36071,4753,2.6,13857119.0,5167.5,1527
2024,Property Damage Accident,7:57,2024-02-16,Friday,Y,Daylight,NEWBURGH,REAR END,ORANGE,Straight and Level,Clear,,Dry,,Not Applicable,"Other Motor Vehicle, Collision With",2,415088,36071,4753,2.6,13857119.0,5167.5,1527
2024,Property Damage & Injury Accident,7:53,2024-02-16,Friday,Y,Daylight,WALLKILL,OTHER,ORANGE,Straight and Level,Clear,,Snow/Ice,211 83011015,Not Applicable,"Other Motor Vehicle, Collision With",3,415088,36071,4753,2.6,13857119.0,5167.5,1527
2024,Property Damage & Injury Accident,14:53,2024-02-16,Friday,Y,Daylight,NEW WINDSOR,RIGHT ANGLE,ORANGE,Straight and Grade,Clear,,Dry,,Not Applicable,"Other Motor Vehicle, Collision With",2,415088,36071,4753,2.6,13857119.0,5167.5,1527
2024,Property Damage Accident,6:25,2024-02-16,Friday,N,Dawn,SOUTHEAST,OTHER,PUTNAM,Straight and Level,Clear,,Dry,,Not Applicable,Deer,1,98842,36079,509,0.7,2746105.0,4089.2,375
2024,Property Damage Accident,14:38,2024-02-16,Friday,Y,Daylight,PHILLIPSTOWN,OVERTAKING,PUTNAM,Straight and Level,Clear,Traffic Signal,Dry,9 84041099,Not Applicable,"Other Motor Vehicle, Collision With",2,98842,36079,509,0.7,2746105.0,4089.2,375
2024,Property Damage & Injury Accident,9:55,2024-02-16,Friday,Y,Daylight,PHILLIPSTOWN,OTHER,PUTNAM,Straight and Level,Clear,No Passing Zone,Dry,9 84041081,Not Applicable,"Light Support/Utility Pole, Collision With Fixed Object",1,98842,36079,509,0.7,2746105.0,4089.2,375
2024,Property Damage Accident,8:56,2024-02-16,Friday,Y,Daylight,CLARKSTOWN,OTHER,ROCKLAND,Curve and Level,Clear,,Dry,987C85011092,Not Applicable,"Guide Rail - Not At End, Collision With Fixed Object",1,354829,36087,259,0.3,7336134.0,9989.2,886
2024,Property Damage Accident,15:25,2024-02-16,Friday,Y,Daylight,SLOATSBURG,REAR END,ROCKLAND,Straight and Level,Clear,,Dry,,Not Applicable,"Other Motor Vehicle, Collision With",2,354829,36087,259,0.3,7336134.0,9989.2,886
2024,Property Damage Accident,7:08,2024-02-16,Friday,Y,Daylight,CLARKSTOWN,REAR END,ROCKLAND,Curve and Grade,Clear,Stopped School Bus-Red Lights Flashing,Dry,,Not Applicable,"Other Motor Vehicle, Collision With",2,354829,36087,259,0.3,7336134.0,9989.2,886
2024,Property Damage & Injury Accident,11:55,2024-02-16,Friday,Y,Daylight,RAMAPO,REAR END,ROCKLAND,Straight and Level,Clear,,Dry,,Not Applicable,"Other Motor Vehicle, Collision With",2,354829,36087,259,0.3,7336134.0,9989.2,886
2024,Property Damage Accident,9:09,2024-02-16,Friday,Y,Daylight,HAVERSTRAW,OVERTAKING,ROCKLAND,Straight and Level,Clear,,Dry,,Not Applicable,"Other Motor Vehicle, Collision With",2,354829,36087,259,0.3,7336134.0,9989.2,886
2024,Property Damage Accident,12:15,2024-02-16,Friday,Y,Daylight,KINGSTON,OTHER,ULSTER,Straight and Level,Clear,Stop Sign,Dry,,Not Applicable,"Other Fixed Object*, Collision With Fixed Object",1,183095,36111,3565,1.2,6410502.0,3939.4,999
2024,Property Damage Accident,4:34,2024-02-16,Friday,Y,Dark-Road Unlighted,ULSTER,OTHER,ULSTER,Straight and Level,Clear,No Passing Zone,Dry,9W86035054,Not Applicable,"Tree, Collision With Fixed Object",1,183095,36111,3565,1.2,6410502.0,3939.4,999
2024,Property Damage Accident,18:02,2024-02-16,Friday,Y,Dark-Road Unlighted,ROSENDALE,OVERTAKING,ULSTER,Straight and Level,Clear,No Passing Zone,Dry,32 86021208,Not Applicable,"Other Motor Vehicle, Collision With",2,183095,36111,3565,1.2,6410502.0,3939.4,999
2024,Property Damage Accident,9:30,2024-02-16,Friday,Y,Daylight,MOUNT KISCO,REAR END,WESTCHESTER,Curve and Grade,Clear,Stop Sign,Dry,133 87011081,Not Applicable,"Other Motor Vehicle, Collision With",2,1009165,36119,850,0.8,18110248.0,6143.2,3354
2024,Property Damage Accident,8:57,2024-02-16,Friday,Y,Daylight,MAMARONECK,OTHER,WESTCHESTER,Straight and Level,Clear,Other,Dry,1 87031031,Not Applicable,"Bridge Structure, Collision With Fixed Object",1,1009165,36119,850,0.8,18110248.0,6143.2,3354
2024,Property Damage & Injury Accident,23:55,2024-02-16,Friday,Y,Dark-Road Lighted,YONKERS,OTHER,WESTCHESTER,Straight and Level,Cloudy,Traffic Signal,Dry,983B87011023,Not Applicable,"Bridge Structure, Collision With Fixed Object",1,1009165,36119,850,0.8,18110248.0,6143.2,3354
2024,Property Damage Accident,11:37,2024-02-16,Friday,Y,Daylight,MOUNT PLEASANT,REAR END,WESTCHESTER,Curve and Grade,Clear,Stop Sign,Dry,100 87014025,Not Applicable,"Other Motor Vehicle, Collision With",2,1009165,36119,850,0.8,18110248.0,6143.2,3354
2024,Property Damage Accident,2:31,2024-02-16,Friday,Y,Dark-Road Unlighted,ARDSLEY,OTHER,WESTCHESTER,Curve and Level,Clear,,Dry,9A87032022,Not Applicable,"Guide Rail - Not At End, Collision With Fixed Object",1,1009165,36119,850,0.8,18110248.0,6143.2,3354
2024,Property Damage Accident,6:53,2024-02-16,Friday,Y,Unknown,PORT CHESTER,OTHER,WESTCHESTER,Straight and Level,Clear,,Dry,,Not Applicable,"Other Motor Vehicle, Collision With",3,1009165,36119,850,0.8,18110248.0,6143.2,3354
2024,Property Damage Accident,19:15,2024-02-16,Friday,Y,Dark-Road Lighted,YONKERS,Unknown,WESTCHESTER,Curve at Hill Crest,Clear,Traffic Signal,Dry,,Not Applicable,"Other Motor Vehicle, Collision With",2,1009165,36119,850,0.8,18110248.0,6143.2,3354
2024,Property Damage Accident,18:15,2024-02-16,Friday,Y,Dark-Road Lighted,GREENBURGH,RIGHT ANGLE,WESTCHESTER,Straight and Grade,Cloudy,Traffic Signal,Dry,,Not Applicable,"Other Motor Vehicle, Collision With",2,1009165,36119,850,0.8,18110248.0,6143.2,3354
2024,Property Damage & Injury Accident,10:05,2024-02-16,Friday,Y,Daylight,EASTCHESTER,HEAD ON,WESTCHESTER,Straight and Level,Cloudy,Traffic Signal,Dry,,Not Applicable,"Other Motor Vehicle, Collision With",2,1009165,36119,850,0.8,18110248.0,6143.2,3354
2024,Property Damage Accident,15:37,2024-02-16,Friday,Y,Daylight,HARRISON,OVERTAKING,WESTCHESTER,Straight and Level,Clear,,Dry,684I87011175,Not Applicable,"Other Motor Vehicle, Collision With",2,1009165,36119,850,0.8,18110248.0,6143.2,3354
2024,Injury Accident,12:19,2024-02-16,Friday,Y,Daylight,YONKERS,OTHER,WESTCHESTER,Straight and Level,Clear,Traffic Signal,Dry,,"Crossing, With Signal","Pedestrian, Collision With",1,1009165,36119,850,0.8,18110248.0,6143.2,3354
2024,Property Damage Accident,14:20,2024-02-16,Friday,Y,Daylight,SOMERS,REAR END,WESTCHESTER,Curve and Level,Clear,Stop Sign,Dry,,Not Applicable,"Other Motor Vehicle, Collision With",2,1009165,36119,850,0.8,18110248.0,6143.2,3354
2024,Property Damage & Injury Accident,18:24,2024-02-17,Saturday,Y,Dark-Road Lighted,PAWLING,OTHER,DUTCHESS,Straight and Level,Cloudy,No Passing Zone,Dry,22 82041035,Not Applicable,"Culver/Head Wall, Collision With Fixed Object",1,299256,36027,1695,0.8,5987961.0,3975.0,1300
2024,Property Damage & Injury Accident,12:57,2024-02-17,Saturday,Y,Daylight,POUGHKEEPSIE,OTHER,DUTCHESS,Straight and Level,Snow,,Snow/Ice,55 82032023,Not Applicable,"Earth Embankment/Rock Cut/Ditch, Collision With Fixed Object",1,299256,36027,1695,0.8,5987961.0,3975.0,1300
2024,Property Damage Accident,13:00,2024-02-17,Saturday,Y,Daylight,LA GRANGE,OTHER,DUTCHESS,Straight and Level,Cloudy,,Wet,987G82031125,Not Applicable,"Guide Rail - Not At End, Collision With Fixed Object",1,299256,36027,1695,0.8,5987961.0,3975.0,1300
2024,Property Damage Accident,21:31,2024-02-17,Saturday,Y,Dark-Road Unlighted,WOODBURY,Unknown,ORANGE,Straight and Level,Cloudy,Unknown,Dry,,Not Applicable,"Other Motor Vehicle, Collision With",2,415088,36071,4753,2.6,13857119.0,5167.5,1527
2024,Property Damage Accident,17:13,2024-02-17,Saturday,Y,Dusk,TUXEDO,HEAD ON,ORANGE,Curve and Grade,Cloudy,,Dry,17A83011210,Not Applicable,"Other Motor Vehicle, Collision With",2,415088,36071,4753,2.6,13857119.0,5167.5,1527
2024,Property Damage Accident,9:35,2024-02-17,Saturday,Y,Daylight,WOODBURY,Unknown,ORANGE,Straight and Level,Clear,Traffic Signal,Dry,32 83011002,Not Applicable,"Other Motor Vehicle, Collision With",2,415088,36071,4753,2.6,13857119.0,5167.5,1527
2024,Property Damage & Injury Accident,9:40,2024-02-17,Saturday,Y,Daylight,NEWBURGH,OTHER,ORANGE,Curve and Level,Cloudy,,Wet,,Not Applicable,"Earth Embankment/Rock Cut/Ditch, Collision With Fixed Object",1,415088,36071,4753,2.6,13857119.0,5167.5,1527
2024,Property Damage Accident,0:00,2024-02-17,Saturday,Y,Dark-Road Unlighted,WAWAYANDA,OTHER,ORANGE,Straight and Grade,Snow,,Wet,,Not Applicable,"Other Object (Not Fixed)*, Collision With",1,415088,36071,4753,2.6,13857119.0,5167.5,1527
2024,Property Damage & Injury Accident,12:50,2024-02-17,Saturday,Y,Daylight,GOSHEN,RIGHT TURN (6),ORANGE,Straight at Hill Crest,Cloudy,Stop Sign,Dry,,Not Applicable,"Other Motor Vehicle, Collision With",2,415088,36071,4753,2.6,13857119.0,5167.5,1527
2024,Property Damage Accident,7:09,2024-02-17,Saturday,Y,Dawn,NEWBURGH,REAR END,ORANGE,Straight and Level,Snow,,Snow/Ice,,Not Applicable,"Other Motor Vehicle, Collision With",2,415088,36071,4753,2.6,13857119.0,5167.5,1527
2024,Property Damage Accident,2:25,2024-02-17,Saturday,Y,Dark-Road Unlighted,WARWICK,OTHER,ORANGE,Straight and Level,Snow,,Snow/Ice,,Not Applicable,"Earth Embankment/Rock Cut/Ditch, Collision With Fixed Object",1,415088,36071,4753,2.6,13857119.0,5167.5,1527
2024,Property Damage Accident,17:20,2024-02-17,Saturday,Y,Dusk,PATTERSON,OTHER,PUTNAM,Straight and Grade,Cloudy,No Passing Zone,Wet,,Not Applicable,"Fence, Collision With Fixed Object",1,98842,36079,509,0.7,2746105.0,4089.2,375
2024,Property Damage Accident,8:30,2024-02-17,Saturday,Y,Daylight,NEW SQUARE,OVERTAKING,ROCKLAND,Straight and Level,Cloudy,,Snow/Ice,,Not Applicable,"Other Motor Vehicle, Collision With",2,354829,36087,259,0.3,7336134.0,9989.2,886
2024,Property Damage Accident,7:41,2024-02-17,Saturday,Y,Dawn,RAMAPO,OTHER,ROCKLAND,Straight and Level,Snow,,Wet,,Not Applicable,"Guide Rail - Not At End, Collision With Fixed Object",1,354829,36087,259,0.3,7336134.0,9989.2,886
2024,Property Damage Accident,17:55,2024-02-17,Saturday,Y,Dark-Road Lighted,HAVERSTRAW,OTHER,ROCKLAND,Straight and Grade,Clear,Traffic Signal,Dry,202 85011109,Not Applicable,"Other Motor Vehicle, Collision With",3,354829,36087,259,0.3,7336134.0,9989.2,886
2024,Property Damage Accident,6:36,2024-02-17,Saturday,Y,Dusk,CHESTNUT RIDGE,OTHER,ROCKLAND,Straight and Level,Clear,,Snow/Ice,,Not Applicable,"Guide Rail - Not At End, Collision With Fixed Object",1,354829,36087,259,0.3,7336134.0,9989.2,886
2024,Property Damage Accident,23:26,2024-02-17,Saturday,Y,Dark-Road Lighted,STONY POINT,REAR END,ROCKLAND,Straight and Level,Clear,Traffic Signal,Dry,9W85011184,Not Applicable,"Other Motor Vehicle, Collision With",2,354829,36087,259,0.3,7336134.0,9989.2,886
2024,Property Damage Accident,5:57,2024-02-17,Saturday,Y,Dark-Road Unlighted,RAMAPO,OTHER,ROCKLAND,Straight and Level,Snow,,Snow/Ice,,Not Applicable,"Barrier, Collision With Fixed Object",1,354829,36087,259,0.3,7336134.0,9989.2,886
2024,Property Damage Accident,19:10,2024-02-17,Saturday,Y,Dark-Road Unlighted,CLARKSTOWN,RIGHT TURN (6),ROCKLAND,Straight and Level,Cloudy,Traffic Signal,Dry,304 85011065,Not Applicable,"Other Motor Vehicle, Collision With",2,354829,36087,259,0.3,7336134.0,9989.2,886
2024,Property Damage Accident,3:29,2024-02-17,Saturday,Y,Dark-Road Lighted,RAMAPO,OTHER,ROCKLAND,Curve and Grade,Snow,,Snow/Ice,,Not Applicable,"Other Fixed Object*, Collision With Fixed Object",1,354829,36087,259,0.3,7336134.0,9989.2,886
2024,Property Damage Accident,7:30,2024-02-17,Saturday,Y,Daylight,RAMAPO,OTHER,ROCKLAND,Straight and Level,Snow,Stop Sign,Snow/Ice,,Not Applicable,"Light Support/Utility Pole, Collision With Fixed Object",1,354829,36087,259,0.3,7336134.0,9989.2,886
2024,Property Damage Accident,8:30,2024-02-17,Saturday,Y,Daylight,ROCHESTER,OTHER,ULSTER,Curve and Level,Cloudy,No Passing Zone,Slush,209 86031159,Not Applicable,"Guide Rail - Not At End, Collision With Fixed Object",1,183095,36111,3565,1.2,6410502.0,3939.4,999
2024,Property Damage Accident,7:34,2024-02-17,Saturday,Y,Daylight,KINGSTON,RIGHT ANGLE,ULSTER,Straight and Grade,Snow,Stop Sign,Snow/Ice,,Not Applicable,"Other Motor Vehicle, Collision With",2,183095,36111,3565,1.2,6410502.0,3939.4,999
2024,Property Damage Accident,8:44,2024-02-17,Saturday,Y,Daylight,SHANDAKEN,REAR END,ULSTER,Straight and Level,Clear,,Wet,28 86012239,Not Applicable,"Other Motor Vehicle, Collision With",2,183095,36111,3565,1.2,6410502.0,3939.4,999