year,accident_descriptor,time,date,day_of_week,police_report,lighting_conditions,municipality,collision_type_descriptor,county_name,road_descriptor,weather_conditions,traffic_control_device,road_surface_conditions,dot_reference_marker_location,pedestrian_bicyclist_action,event_descriptor,number_of_vehicles_involved,county_population_2024,county_fips,county_deer_take_2024,county_antlerless_deer_per_sqmi_2024,county_daily_vmt_2019,county_mean_aadt_2019,county_aadt_segments_2019
2024,Property Damage Accident,4:08,2024-02-17,Saturday,Y,Dark-Road Lighted,SAUGERTIES,OTHER,ULSTER,Curve at Hill Crest,Snow,No Passing Zone,Snow/Ice,,Not Applicable,"Curbing, Collision With Fixed Object",1,183095,36111,3565,1.2,6410502.0,3939.4,999
2024,Property Damage & Injury Accident,10:11,2024-02-17,Saturday,Y,Daylight,GREENBURGH,REAR END,WESTCHESTER,Straight and Level,Clear,Traffic Signal,Wet,,Not Applicable,"Other Motor Vehicle, Collision With",2,1009165,36119,850,0.8,18110248.0,6143.2,3354
2024,Property Damage & Injury Accident,15:47,2024-02-17,Saturday,Y,Daylight,YONKERS,REAR END,WESTCHESTER,Straight and Level,Clear,,Dry,,Not Applicable,"Other Motor Vehicle, Collision With",2,1009165,36119,850,0.8,18110248.0,6143.2,3354
2024,Property Damage Accident,0:39,2024-02-17,Saturday,Y,Dark-Road Lighted,YONKERS,OTHER,WESTCHESTER,Straight and Grade,Snow,,Wet,984E87011014,Not Applicable,"Other Motor Vehicle, Collision With",3,1009165,36119,850,0.8,18110248.0,6143.2,3354
2024,Property Damage Accident,3:23,2024-02-17,Saturday,Y,Dark-Road Unlighted,YORKTOWN,OTHER,WESTCHESTER,Curve and Grade,Snow,,Snow/Ice,,Not Applicable,"Earth Embankment/Rock Cut/Ditch, Collision With Fixed Object",1,1009165,36119,850,0.8,18110248.0,6143.2,3354
2024,Property Damage Accident,22:54,2024-02-17,Saturday,Y,Dusk,YONKERS,OVERTAKING,WESTCHESTER,Straight and Grade,Cloudy,No Passing Zone,Dry,,Not Applicable,"Other Motor Vehicle, Collision With",2,1009165,36119,850,0.8,18110248.0,6143.2,3354
2024,Property Damage Accident,3:40,2024-02-17,Saturday,Y,Dark-Road Lighted,PEEKSKILL,SIDESWIPE,WESTCHESTER,Straight and Level,Snow,No Passing Zone,Snow/Ice,,Not Applicable,"Other Motor Vehicle, Collision With",2,1009165,36119,850,0.8,18110248.0,6143.2,3354
2024,Property Damage Accident,3:16,2024-02-17,Saturday,Y,Dark-Road Lighted,MAMARONECK,OTHER,WESTCHESTER,Straight and Level,Snow,,Snow/Ice,125 87011004,Not Applicable,"Guide Rail - Not At End, Collision With Fixed Object",1,1009165,36119,850,0.8,18110248.0,6143.2,3354
2024,Property Damage Accident,10:00,2024-02-17,Saturday,Y,Daylight,PEEKSKILL,OTHER,WESTCHESTER,Straight and Grade,Snow,,Slush,,Not Applicable,"Light Support/Utility Pole, Collision With Fixed Object",1,1009165,36119,850,0.8,18110248.0,6143.2,3354
2024,Property Damage & Injury Accident,13:50,2024-02-17,Saturday,Y,Daylight,MAMARONECK,REAR END,WESTCHESTER,Straight and Level,Clear,Traffic Signal,Dry,1 87033022,Not Applicable,"Other Motor Vehicle, Collision With",2,1009165,36119,850,0.8,18110248.0,6143.2,3354
2024,Property Damage Accident,6:30,2024-02-17,Saturday,Y,Dawn,POUND RIDGE,Unknown,WESTCHESTER,Curve at Hill Crest,Snow,Traffic Signal,Snow/Ice,,Not Applicable,"Other Motor Vehicle, Collision With",2,1009165,36119,850,0.8,18110248.0,6143.2,3354
2024,Property Damage & Injury Accident,12:05,2024-02-17,Saturday,Y,Daylight,HARRISON,RIGHT ANGLE,WESTCHESTER,Straight at Hill Crest,Clear,Stop Sign,Wet,,Not Applicable,"Other Motor Vehicle, Collision With",2,1009165,36119,850,0.8,18110248.0,6143.2,3354
2024,Property Damage Accident,6:48,2024-02-17,Saturday,Y,Dawn,PLEASANTVILLE,OTHER,WESTCHESTER,Straight and Level,Snow,Traffic Signal,Snow/Ice,,Not Applicable,"Other Motor Vehicle, Collision With",2,1009165,36119,850,0.8,18110248.0,6143.2,3354
2024,Property Damage Accident,8:00,2024-02-17,Saturday,Y,Unknown,PORT CHESTER,REAR END,WESTCHESTER,Straight and Grade,Snow,,Snow/Ice,,Not Applicable,"Other Motor Vehicle, Collision With",2,1009165,36119,850,0.8,18110248.0,6143.2,3354
2024,Property Damage & Injury Accident,14:46,2024-02-17,Saturday,Y,Daylight,PORT CHESTER,RIGHT ANGLE,WESTCHESTER,Straight and Grade,Cloudy,Stop Sign,Wet,120A87011032,Not Applicable,"Other Motor Vehicle, Collision With",2,1009165,36119,850,0.8,18110248.0,6143.2,3354
2024,Property Damage Accident,16:18,2024-02-17,Saturday,Y,Daylight,HARRISON,OVERTAKING,WESTCHESTER,Straight and Level,Clear,,Dry,287I87011089,Not Applicable,"Other Motor Vehicle, Collision With",2,1009165,36119,850,0.8,18110248.0,6143.2,3354
2024,Property Damage Accident,4:56,2024-02-17,Saturday,Y,Dark-Road Lighted,PEEKSKILL,OTHER,WESTCHESTER,Straight and Grade,Snow,,Snow/Ice,6 87032024,Not Applicable,"Curbing, Collision With Fixed Object",1,1009165,36119,850,0.8,18110248.0,6143.2,3354
2024,Property Damage Accident,6:17,2024-02-17,Saturday,Y,Dawn,GREENBURGH,OTHER,WESTCHESTER,Straight and Grade,Snow,,Snow/Ice,9A87032046,Not Applicable,"Barrier, Collision With Fixed Object",1,1009165,36119,850,0.8,18110248.0,6143.2,3354
2024,Property Damage Accident,4:45,2024-02-17,Saturday,Y,Dark-Road Unlighted,NORTH CASTLE,OTHER,WESTCHESTER,Straight and Level,Snow,,Snow/Ice,684I87011129,Not Applicable,"Guide Rail - Not At End, Collision With Fixed Object",1,1009165,36119,850,0.8,18110248.0,6143.2,3354
2024,Property Damage Accident,18:18,2024-02-17,Saturday,Y,Dark-Road Unlighted,YORKTOWN,REAR END,WESTCHESTER,Straight and Grade,Clear,,Dry,987G87011157,Not Applicable,"Other Motor Vehicle, Collision With",2,1009165,36119,850,0.8,18110248.0,6143.2,3354
2024,Property Damage Accident,8:25,2024-02-18,Sunday,Y,Daylight,FISHKILL,OTHER,DUTCHESS,Straight and Level,Clear,,Dry,,Not Applicable,"Other Fixed Object*, Collision With Fixed Object",1,299256,36027,1695,0.8,5987961.0,3975.0,1300
2024,Property Damage Accident,21:27,2024-02-18,Sunday,Y,Dark-Road Unlighted,BEEKMAN,OTHER,DUTCHESS,Straight and Level,Clear,,Dry,,Not Applicable,"Sign Post, Collision With Fixed Object",1,299256,36027,1695,0.8,5987961.0,3975.0,1300
2024,Property Damage Accident,5:31,2024-02-18,Sunday,Y,Dark-Road Unlighted,NEWBURGH,OTHER,ORANGE,Straight and Level,Clear,,Dry,32 83013018,Not Applicable,Deer,1,415088,36071,4753,2.6,13857119.0,5167.5,1527
2024,Property Damage & Injury Accident,9:35,2024-02-18,Sunday,Y,Daylight,NEWBURGH,OVERTAKING,ORANGE,Straight and Level,Clear,,Dry,9W83023000,Not Applicable,"Other Motor Vehicle, Collision With",2,415088,36071,4753,2.6,13857119.0,5167.5,1527
2024,Property Damage & Injury Accident,7:31,2024-02-18,Sunday,Y,Daylight,MONTGOMERY,OTHER,ORANGE,Curve and Level,Clear,,Dry,,Not Applicable,"Tree, Collision With Fixed Object",1,415088,36071,4753,2.6,13857119.0,5167.5,1527
2024,Property Damage & Injury Accident,12:42,2024-02-18,Sunday,Y,Daylight,NEWBURGH,RIGHT ANGLE,ORANGE,Straight and Level,Clear,Stop Sign,Dry,,Not Applicable,"Other Motor Vehicle, Collision With",2,415088,36071,4753,2.6,13857119.0,5167.5,1527
2024,Property Damage Accident,17:04,2024-02-18,Sunday,Y,Daylight,NEWBURGH,OTHER,ORANGE,Straight and Level,Clear,,Dry,17K83011201,Not Applicable,"Other Motor Vehicle, Collision With",2,415088,36071,4753,2.6,13857119.0,5167.5,1527
2024,Property Damage & Injury Accident,9:48,2024-02-18,Sunday,Y,Daylight,NEWBURGH,OTHER,ORANGE,Curve and Level,Clear,,Dry,,Not Applicable,"Tree, Collision With Fixed Object",1,415088,36071,4753,2.6,13857119.0,5167.5,1527
2024,Property Damage Accident,23:32,2024-02-18,Sunday,Y,Dark-Road Unlighted,WALLKILL,OTHER,ORANGE,Straight and Level,Clear,No Passing Zone,Dry,,Not Applicable,Deer,1,415088,36071,4753,2.6,13857119.0,5167.5,1527
2024,Property Damage & Injury Accident,14:53,2024-02-18,Sunday,Y,Daylight,RAMAPO,REAR END,ROCKLAND,Straight and Level,Clear,,Dry,306 85011019,Not Applicable,"Other Motor Vehicle, Collision With",2,354829,36087,259,0.3,7336134.0,9989.2,886
2024,Property Damage Accident,14:33,2024-02-18,Sunday,Y,Daylight,SPRING VALLEY,RIGHT ANGLE,ROCKLAND,Straight and Level,Clear,Traffic Signal,Dry,,Not Applicable,"Other Motor Vehicle, Collision With",2,354829,36087,259,0.3,7336134.0,9989.2,886
2024,Property Damage Accident,19:25,2024-02-18,Sunday,Y,Dark-Road Unlighted,STONY POINT,REAR END,ROCKLAND,Straight and Grade,Clear,,Dry,987C85011201,Not Applicable,"Other Motor Vehicle, Collision With",2,354829,36087,259,0.3,7336134.0,9989.2,886
2024,Property Damage Accident,11:56,2024-02-18,Sunday,Y,Daylight,NEW HEMPSTEAD,OTHER,ROCKLAND,Straight and Level,Clear,,Snow/Ice,45 85011066,Not Applicable,"Other Fixed Object*, Collision With Fixed Object",1,354829,36087,259,0.3,7336134.0,9989.2,886
2024,Property Damage & Injury Accident,2:35,2024-02-18,Sunday,Y,Dark-Road Unlighted,CLARKSTOWN,OTHER,ROCKLAND,Straight and Level,Clear,,Dry,987C85011094,Not Applicable,"Guide Rail - Not At End, Collision With Fixed Object",1,354829,36087,259,0.3,7336134.0,9989.2,886
2024,Injury Accident,14:25,2024-02-18,Sunday,Y,Daylight,ULSTER,OTHER,ULSTER,Straight and Level,Cloudy,Traffic Signal,Dry,9W86035027,"Crossing, No Signal, Marked Crosswalk","Pedestrian, Collision With",1,183095,36111,3565,1.2,6410502.0,3939.4,999
2024,Property Damage Accident,9:50,2024-02-18,Sunday,Y,Daylight,NEW PALTZ,RIGHT ANGLE,ULSTER,Straight and Level,Clear,,Dry,32 86021124,Not Applicable,"Other Motor Vehicle, Collision With",2,183095,36111,3565,1.2,6410502.0,3939.4,999
2024,Property Damage Accident,22:16,2024-02-18,Sunday,Y,Dark-Road Unlighted,MARBLETOWN,OTHER,ULSTER,Straight and Level,Clear,,Dry,209 86031197,Not Applicable,Deer,1,183095,36111,3565,1.2,6410502.0,3939.4,999
2024,Property Damage Accident,13:54,2024-02-18,Sunday,Y,Dark-Road Lighted,YONKERS,Unknown,WESTCHESTER,Straight and Level,Clear,,Snow/Ice,,Not Applicable,"Other Motor Vehicle, Collision With",2,1009165,36119,850,0.8,18110248.0,6143.2,3354
2024,Property Damage Accident,11:07,2024-02-18,Sunday,Y,Daylight,NEW ROCHELLE,OTHER,WESTCHESTER,Straight and Level,Clear,,Dry,,Not Applicable,"Other Motor Vehicle, Collision With",2,1009165,36119,850,0.8,18110248.0,6143.2,3354
2024,Property Damage & Injury Accident,16:20,2024-02-19,Monday,Y,Daylight,POUGHKEEPSIE,RIGHT ANGLE,DUTCHESS,Straight and Level,Clear,Traffic Signal,Dry,,Not Applicable,"Other Motor Vehicle, Collision With",2,299256,36027,1695,0.8,5987961.0,3975.0,1300
2024,Property Damage Accident,4:47,2024-02-19,Monday,Y,Dark-Road Lighted,STANFORD,OTHER,DUTCHESS,Straight and Level,Clear,,Dry,82 82011287,Not Applicable,"Tree, Collision With Fixed Object",1,299256,36027,1695,0.8,5987961.0,3975.0,1300
2024,Property Damage Accident,1:30,2024-02-19,Monday,Y,Dark-Road Lighted,POUGHKEEPSIE,OVERTAKING,DUTCHESS,Curve and Grade,Clear,,Dry,,Not Applicable,"Other Motor Vehicle, Collision With",2,299256,36027,1695,0.8,5987961.0,3975.0,1300
2024,Property Damage Accident,13:20,2024-02-19,Monday,Y,Daylight,GOSHEN,RIGHT ANGLE,ORANGE,Straight and Level,Clear,,Dry,6 83012175,Not Applicable,"Other Motor Vehicle, Collision With",2,415088,36071,4753,2.6,13857119.0,5167.5,1527
2024,Property Damage Accident,17:10,2024-02-19,Monday,Y,Daylight,NEW WINDSOR,OTHER,ORANGE,Curve and Level,Clear,,Dry,980T83011009,Not Applicable,Deer,1,415088,36071,4753,2.6,13857119.0,5167.5,1527
2024,Property Damage Accident,15:30,2024-02-19,Monday,Y,Daylight,NEWBURGH,REAR END,ORANGE,Straight and Level,Cloudy,,Snow/Ice,,Not Applicable,"Other Motor Vehicle, Collision With",2,415088,36071,4753,2.6,13857119.0,5167.5,1527
2024,Property Damage Accident,15:15,2024-02-19,Monday,Y,Daylight,CLARKSTOWN,LEFT TURN (0),ROCKLAND,Straight and Level,Clear,,Dry,,Not Applicable,"Other Motor Vehicle, Collision With",2,354829,36087,259,0.3,7336134.0,9989.2,886
2024,Property Damage Accident,18:12,2024-02-19,Monday,Y,Dark-Road Lighted,,OTHER,ROCKLAND,Straight and Grade,Clear,,Dry,,Not Applicable,Deer,1,354829,36087,259,0.3,7336134.0,9989.2,886
2024,Property Damage Accident,18:11,2024-02-19,Monday,Y,Dark-Road Unlighted,CHESTNUT RIDGE,OVERTAKING,ROCKLAND,Straight and Level,Clear,No Passing Zone,Dry,,Not Applicable,"Other Motor Vehicle, Collision With",2,354829,36087,259,0.3,7336134.0,9989.2,886
2024,Injury Accident,9:45,2024-02-19,Monday,Y,Daylight,RAMAPO,OTHER,ROCKLAND,Straight at Hill Crest,Clear,Traffic Signal,Dry,306 85011010,"Crossing, No Signal or Crosswalk","Pedestrian, Collision With",1,354829,36087,259,0.3,7336134.0,9989.2,886
2024,Property Damage Accident,14:15,2024-02-19,Monday,Y,Daylight,ULSTER,OVERTAKING,ULSTER,Straight and Level,Clear,Traffic Signal,Dry,9W86035021,Not Applicable,"Other Motor Vehicle, Collision With",2,183095,36111,3565,1.2,6410502.0,3939.4,999
2024,Property Damage Accident,10:32,2024-02-19,Monday,Y,Daylight,YONKERS,REAR END,WESTCHESTER,Curve and Grade,Clear,,Dry,,Not Applicable,"Other Motor Vehicle, Collision With",2,1009165,36119,850,0.8,18110248.0,6143.2,3354
2024,Property Damage Accident,14:13,2024-02-19,Monday,Y,Daylight,MOUNT PLEASANT,OVERTAKING,WESTCHESTER,Curve and Level,Clear,,Dry,987G87011031,Not Applicable,"Other Motor Vehicle, Collision With",2,1009165,36119,850,0.8,18110248.0,6143.2,3354
2024,Injury Accident,14:35,2024-02-19,Monday,Y,Daylight,EASTCHESTER,OTHER,WESTCHESTER,Straight and Level,Clear,,Dry,22 87022013,Other Actions in Roadway,"Pedestrian, Collision With",1,1009165,36119,850,0.8,18110248.0,6143.2,3354
2024,Property Damage Accident,21:06,2024-02-20,Tuesday,Y,Dark-Road Unlighted,PLEASANT VALLEY,OTHER,DUTCHESS,Straight and Level,Clear,,Dry,115 82012073,Not Applicable,"Earth Embankment/Rock Cut/Ditch, Collision With Fixed Object",1,299256,36027,1695,0.8,5987961.0,3975.0,1300
2024,Property Damage & Injury Accident,13:25,2024-02-20,Tuesday,Y,Daylight,POUGHKEEPSIE,RIGHT ANGLE,DUTCHESS,Straight and Level,Clear,Traffic Signal,Dry,44 82022005,Not Applicable,"Other Motor Vehicle, Collision With",2,299256,36027,1695,0.8,5987961.0,3975.0,1300
2024,Property Damage Accident,8:34,2024-02-20,Tuesday,Y,Daylight,MONROE,REAR END,ORANGE,Straight and Level,Clear,No Passing Zone,Dry,208 83011006,Not Applicable,"Other Motor Vehicle, Collision With",2,415088,36071,4753,2.6,13857119.0,5167.5,1527
2024,Property Damage Accident,18:21,2024-02-20,Tuesday,Y,Dark-Road Unlighted,BLOOMING GROVE,OTHER,ORANGE,Straight and Level,Clear,,Dry,94 83011193,Not Applicable,Deer,1,415088,36071,4753,2.6,13857119.0,5167.5,1527
2024,Property Damage Accident,21:50,2024-02-20,Tuesday,Y,Dark-Road Unlighted,GREENVILLE,OTHER,ORANGE,Straight and Level,Clear,No Passing Zone,Dry,,Not Applicable,Deer,1,415088,36071,4753,2.6,13857119.0,5167.5,1527
2024,Property Damage Accident,19:08,2024-02-20,Tuesday,Y,Dark-Road Lighted,WALLKILL,RIGHT TURN (5),ORANGE,Straight and Level,Clear,Traffic Signal,Dry,211 83013005,Not Applicable,"Other Motor Vehicle, Collision With",2,415088,36071,4753,2.6,13857119.0,5167.5,1527
2024,Property Damage Accident,7:35,2024-02-20,Tuesday,Y,Daylight,WOODBURY,OTHER,ORANGE,Straight and Level,Clear,,Dry,17 83101251,Not Applicable,"Other Motor Vehicle, Collision With",3,415088,36071,4753,2.6,13857119.0,5167.5,1527
2024,Property Damage & Injury Accident,16:32,2024-02-20,Tuesday,Y,Daylight,MONTGOMERY,REAR END,ORANGE,Straight and Grade,Cloudy,,Dry,52 83031036,Not Applicable,"Other Motor Vehicle, Collision With",2,415088,36071,4753,2.6,13857119.0,5167.5,1527
2024,Property Damage Accident,12:22,2024-02-20,Tuesday,Y,Daylight,WALDEN,LEFT TURN (3),ORANGE,Straight and Level,Clear,Stop Sign,Dry,208 83011205,Not Applicable,"Other Motor Vehicle, Collision With",2,415088,36071,4753,2.6,13857119.0,5167.5,1527
2024,Property Damage Accident,16:48,2024-02-20,Tuesday,Y,Daylight,KENT,LEFT TURN (3),PUTNAM,Straight at Hill Crest,Clear,Stop Sign,Dry,,Not Applicable,"Other Motor Vehicle, Collision With",2,98842,36079,509,0.7,2746105.0,4089.2,375
2024,Property Damage & Injury Accident,10:34,2024-02-20,Tuesday,Y,Daylight,PUTNAM VALLEY,RIGHT ANGLE,PUTNAM,Curve and Level,Clear,No Passing Zone,Dry,,Not Applicable,"Other Motor Vehicle, Collision With",2,98842,36079,509,0.7,2746105.0,4089.2,375
2024,Property Damage Accident,16:53,2024-02-20,Tuesday,Y,Daylight,CLARKSTOWN,OTHER,ROCKLAND,Straight and Level,Cloudy,Traffic Signal,Dry,303 85011094,Not Applicable,"Other Motor Vehicle, Collision With",3,354829,36087,259,0.3,7336134.0,9989.2,886
2024,Property Damage & Injury Accident,13:05,2024-02-20,Tuesday,Y,Daylight,HAVERSTRAW,LEFT TURN (3),ROCKLAND,Straight and Level,Clear,,Dry,,Not Applicable,"Other Motor Vehicle, Collision With",2,354829,36087,259,0.3,7336134.0,9989.2,886
2024,Property Damage Accident,20:09,2024-02-20,Tuesday,Y,Dark-Road Lighted,SPRING VALLEY,OVERTAKING,ROCKLAND,Straight and Level,Clear,,Dry,,Not Applicable,"Other Motor Vehicle, Collision With",2,354829,36087,259,0.3,7336134.0,9989.2,886
2024,Property Damage Accident,13:30,2024-02-20,Tuesday,Y,Daylight,WESLEY HILLS,REAR END,ROCKLAND,Straight and Level,Clear,,Dry,,Not Applicable,"Other Motor Vehicle, Collision With",2,354829,36087,259,0.3,7336134.0,9989.2,886
2024,Property Damage Accident,7:26,2024-02-20,Tuesday,Y,Daylight,SHAWANGUNK,REAR END,ULSTER,Straight and Grade,Clear,,Dry,,Not Applicable,"Other Motor Vehicle, Collision With",2,183095,36111,3565,1.2,6410502.0,3939.4,999
2024,Property Damage Accident,15:29,2024-02-20,Tuesday,Y,Daylight,WOODSTOCK,SIDESWIPE,ULSTER,Straight and Level,Clear,,Dry,,Not Applicable,"Other Motor Vehicle, Collision With",2,183095,36111,3565,1.2,6410502.0,3939.4,999
2024,Injury Accident,13:50,2024-02-20,Tuesday,Y,Daylight,WOODSTOCK,OTHER,ULSTER,Straight and Level,Clear,Stop Sign,Dry,212 86011116,"Crossing, No Signal, Marked Crosswalk","Pedestrian, Collision With",1,183095,36111,3565,1.2,6410502.0,3939.4,999
2024,Property Damage & Injury Accident,18:17,2024-02-20,Tuesday,Y,Dark-Road Lighted,ULSTER,LEFT TURN (3),ULSTER,Straight at Hill Crest,Clear,Traffic Signal,Dry,,Not Applicable,"Other Motor Vehicle, Collision With",2,183095,36111,3565,1.2,6410502.0,3939.4,999
2024,Property Damage & Injury Accident,13:13,2024-02-20,Tuesday,Y,Daylight,ULSTER,RIGHT ANGLE,ULSTER,Straight and Level,Clear,,Dry,9W86035031,Not Applicable,"Other Motor Vehicle, Collision With",2,183095,36111,3565,1.2,6410502.0,3939.4,999
2024,Property Damage & Injury Accident,12:25,2024-02-20,Tuesday,Y,Daylight,SAUGERTIES,RIGHT ANGLE,ULSTER,Straight and Level,Clear,No Passing Zone,Dry,9W86035073,Not Applicable,"Other Motor Vehicle, Collision With",2,183095,36111,3565,1.2,6410502.0,3939.4,999
2024,Property Damage Accident,16:15,2024-02-20,Tuesday,Y,Daylight,WOODSTOCK,OTHER,ULSTER,Straight and Grade,Clear,,Dry,,Not Applicable,"Earth Embankment/Rock Cut/Ditch, Collision With Fixed Object",1,183095,36111,3565,1.2,6410502.0,3939.4,999
2024,Property Damage & Injury Accident,12:30,2024-02-20,Tuesday,Y,Daylight,KINGSTON,REAR END,ULSTER,Straight and Level,Clear,,Dry,983F86011005,Not Applicable,"Other Motor Vehicle, Collision With",2,183095,36111,3565,1.2,6410502.0,3939.4,999
2024,Property Damage Accident,14:14,2024-02-20,Tuesday,Y,Daylight,TUCKAHOE,OVERTAKING,WESTCHESTER,Straight and Level,Clear,Traffic Signal,Dry,,Not Applicable,"Other Motor Vehicle, Collision With",2,1009165,36119,850,0.8,18110248.0,6143.2,3354
2024,Property Damage & Injury Accident,10:06,2024-02-20,Tuesday,Y,Daylight,YONKERS,OTHER,WESTCHESTER,Straight and Level,Clear,,Dry,,Not Applicable,"Other Motor Vehicle, Collision With",3,1009165,36119,850,0.8,18110248.0,6143.2,3354
2024,Property Damage Accident,20:18,2024-02-20,Tuesday,Y,Dark-Road Lighted,ELMSFORD,REAR END,WESTCHESTER,Straight and Grade,Clear,Traffic Signal,Dry,119 87011024,Not Applicable,"Other Motor Vehicle, Collision With",2,1009165,36119,850,0.8,18110248.0,6143.2,3354
2024,Property Damage Accident,10:19,2024-02-20,Tuesday,Y,Daylight,NEW ROCHELLE,SIDESWIPE,WESTCHESTER,Straight and Level,Clear,,Dry,1 87032005,Not Applicable,"Other Motor Vehicle, Collision With",2,1009165,36119,850,0.8,18110248.0,6143.2,3354
2024,Property Damage Accident,13:21,2024-02-20,Tuesday,Y,Daylight,CORTLANDT,LEFT TURN (0),WESTCHESTER,Straight and Level,Clear,Stop Sign,Dry,,Not Applicable,"Other Motor Vehicle, Collision With",2,1009165,36119,850,0.8,18110248.0,6143.2,3354
2024,Property Damage & Injury Accident,22:10,2024-02-20,Tuesday,Y,Dark-Road Lighted,NEW ROCHELLE,OTHER,WESTCHESTER,Curve and Level,Clear,,Dry,,Not Applicable,"Other Motor Vehicle, Collision With",2,1009165,36119,850,0.8,18110248.0,6143.2,3354
2024,Property Damage & Injury Accident,16:18,2024-02-20,Tuesday,Y,Daylight,PEEKSKILL,OTHER,WESTCHESTER,Straight and Level,Clear,,Dry,,Not in Roadway (Indicate),"Other Motor Vehicle, Collision With",2,1009165,36119,850,0.8,18110248.0,6143.2,3354
2024,Property Damage Accident,12:57,2024-02-21,Wednesday,Y,Daylight,POUGHKEEPSIE,REAR END,DUTCHESS,Straight and Level,Cloudy,,Dry,9 82051095,Not Applicable,"Other Motor Vehicle, Collision With",2,299256,36027,1695,0.8,5987961.0,3975.0,1300
2024,Property Damage Accident,23:51,2024-02-21,Wednesday,Y,Dark-Road Unlighted,WAPPINGER,OTHER,DUTCHESS,Curve and Grade,Clear,No Passing Zone,Dry,,Not Applicable,Deer,1,299256,36027,1695,0.8,5987961.0,3975.0,1300
2024,Property Damage Accident,15:29,2024-02-21,Wednesday,Y,Daylight,WALLKILL,RIGHT TURN (5),ORANGE,Straight and Level,Clear,,Dry,211 83013023,Not Applicable,"Other Motor Vehicle, Collision With",2,415088,36071,4753,2.6,13857119.0,5167.5,1527
2024,Property Damage Accident,14:54,2024-02-21,Wednesday,Y,Daylight,WALDEN,OTHER,ORANGE,Straight and Level,Clear,,Dry,52 83031083,Not Applicable,"Light Support/Utility Pole, Collision With Fixed Object",1,415088,36071,4753,2.6,13857119.0,5167.5,1527
2024,Property Damage Accident,19:42,2024-02-21,Wednesday,Y,Dark-Road Unlighted,HIGHLANDS,REAR END,ORANGE,Straight and Level,Clear,Yield Sign,Dry,,Not Applicable,"Other Motor Vehicle, Collision With",2,415088,36071,4753,2.6,13857119.0,5167.5,1527
2024,Property Damage Accident,17:20,2024-02-21,Wednesday,Y,Daylight,KENT,OVERTAKING,PUTNAM,Straight and Level,Clear,,Dry,,Not Applicable,"Other Motor Vehicle, Collision With",2,98842,36079,509,0.7,2746105.0,4089.2,375
2024,Property Damage & Injury Accident,22:16,2024-02-21,Wednesday,Y,Dark-Road Lighted,CARMEL,LEFT TURN (3),PUTNAM,Straight and Level,Clear,Traffic Signal,Dry,6N84021019,Not Applicable,"Other Motor Vehicle, Collision With",2,98842,36079,509,0.7,2746105.0,4089.2,375
2024,Property Damage Accident,18:19,2024-02-21,Wednesday,Y,Dark-Road Unlighted,PATTERSON,OVERTAKING,PUTNAM,Straight and Level,Clear,,Dry,22 84031101,Not Applicable,"Other Motor Vehicle, Collision With",2,98842,36079,509,0.7,2746105.0,4089.2,375
2024,Property Damage Accident,19:49,2024-02-21,Wednesday,Y,Dark-Road Unlighted,CLARKSTOWN,LEFT TURN (3),ROCKLAND,Straight and Level,Clear,Traffic Signal,Dry,303 85011059,Not Applicable,"Other Motor Vehicle, Collision With",2,354829,36087,259,0.3,7336134.0,9989.2,886
2024,Property Damage Accident,16:21,2024-02-21,Wednesday,Y,Daylight,CLARKSTOWN,OTHER,ROCKLAND,Straight and Grade,Clear,,Snow/Ice,,Not Applicable,"Other Object (Not Fixed)*, Collision With",1,354829,36087,259,0.3,7336134.0,9989.2,886
2024,Property Damage & Injury Accident,14:54,2024-02-21,Wednesday,Y,Daylight,PLATTEKILL,SIDESWIPE,ULSTER,Straight and Level,Clear,Stop Sign,Dry,32 86021009,Not Applicable,"Other Motor Vehicle, Collision With",2,183095,36111,3565,1.2,6410502.0,3939.4,999
2024,Property Damage Accident,5:47,2024-02-21,Wednesday,Y,Dawn,SHAWANGUNK,OTHER,ULSTER,Straight and Level,Clear,No Passing Zone,Dry,52 86021201,Not Applicable,Deer,1,183095,36111,3565,1.2,6410502.0,3939.4,999
2024,Property Damage & Injury Accident,11:26,2024-02-21,Wednesday,Y,Daylight,YONKERS,REAR END,WESTCHESTER,Straight and Level,Cloudy,,Dry,,Not Applicable,"Other Motor Vehicle, Collision With",2,1009165,36119,850,0.8,18110248.0,6143.2,3354
2024,Property Damage Accident,6:36,2024-02-21,Wednesday,Y,Daylight,PEEKSKILL,LEFT TURN (3),WESTCHESTER,Straight and Level,Clear,,Dry,35 87011008,Not Applicable,"Other Motor Vehicle, Collision With",2,1009165,36119,850,0.8,18110248.0,6143.2,3354
2024,Property Damage Accident,10:40,2024-02-21,Wednesday,Y,Daylight,GREENBURGH,REAR END,WESTCHESTER,Curve and Level,Cloudy,,Dry,,Not Applicable,"Other Motor Vehicle, Collision With",2,1009165,36119,850,0.8,18110248.0,6143.2,3354
2024,Property Damage Accident,17:30,2024-02-21,Wednesday,Y,Daylight,YONKERS,REAR END,WESTCHESTER,Straight and Grade,Cloudy,Traffic Signal,Dry,,Not Applicable,"Other Motor Vehicle, Collision With",2,1009165,36119,850,0.8,18110248.0,6143.2,3354
2024,Property Damage & Injury Accident,9:25,2024-02-21,Wednesday,Y,Daylight,WHITE PLAINS,OVERTAKING,WESTCHESTER,Straight and Level,Cloudy,Traffic Signal,Dry,119 87012009,Not Applicable,"Other Motor Vehicle, Collision With",2,1009165,36119,850,0.8,18110248.0,6143.2,3354