year,accident_descriptor,time,date,day_of_week,police_report,lighting_conditions,municipality,collision_type_descriptor,county_name,road_descriptor,weather_conditions,traffic_control_device,road_surface_conditions,dot_reference_marker_location,pedestrian_bicyclist_action,event_descriptor,number_of_vehicles_involved,county_population_2024,county_fips,county_deer_take_2024,county_antlerless_deer_per_sqmi_2024,county_daily_vmt_2019,county_mean_aadt_2019,county_aadt_segments_2019
2024,Property Damage Accident,9:38,2024-02-21,Wednesday,Y,Daylight,DOBBS FERRY,OVERTAKING,WESTCHESTER,Straight and Level,Cloudy,,Dry,,Not Applicable,"Other Motor Vehicle, Collision With",2,1009165,36119,850,0.8,18110248.0,6143.2,3354
2024,Property Damage Accident,19:00,2024-02-21,Wednesday,Y,Dusk,PORT CHESTER,HEAD ON,WESTCHESTER,Straight and Level,Clear,,Dry,,Not Applicable,"Other Motor Vehicle, Collision With",2,1009165,36119,850,0.8,18110248.0,6143.2,3354
2024,Property Damage Accident,23:56,2024-02-21,Wednesday,Y,Dark-Road Unlighted,NORTH CASTLE,RIGHT ANGLE,WESTCHESTER,Straight and Level,Cloudy,,Dry,120 87012107,Not Applicable,"Other Motor Vehicle, Collision With",2,1009165,36119,850,0.8,18110248.0,6143.2,3354
2024,Property Damage Accident,16:30,2024-02-21,Wednesday,Y,Daylight,SOMERS,OVERTAKING,WESTCHESTER,Straight and Level,Clear,,Dry,100 87014210,Not Applicable,"Other Motor Vehicle, Collision With",2,1009165,36119,850,0.8,18110248.0,6143.2,3354
2024,Property Damage & Injury Accident,18:58,2024-02-21,Wednesday,Y,Dark-Road Lighted,TARRYTOWN,REAR END,WESTCHESTER,Straight and Level,Clear,,Dry,9 87032069,Not Applicable,"Other Motor Vehicle, Collision With",2,1009165,36119,850,0.8,18110248.0,6143.2,3354
2024,Property Damage Accident,17:52,2024-02-21,Wednesday,Y,Dark-Road Lighted,YONKERS,REAR END,WESTCHESTER,Straight and Level,Cloudy,,Dry,907K87011003,Not Applicable,"Other Motor Vehicle, Collision With",2,1009165,36119,850,0.8,18110248.0,6143.2,3354
2024,Property Damage Accident,12:16,2024-02-21,Wednesday,Y,Daylight,YONKERS,REAR END,WESTCHESTER,Straight and Level,Cloudy,Traffic Signal,Dry,,Not Applicable,"Other Motor Vehicle, Collision With",2,1009165,36119,850,0.8,18110248.0,6143.2,3354
2024,Property Damage Accident,9:50,2024-02-22,Thursday,Y,Daylight,WAPPINGER,REAR END,DUTCHESS,Straight and Level,Clear,No Passing Zone,Dry,,Not Applicable,"Other Motor Vehicle, Collision With",2,299256,36027,1695,0.8,5987961.0,3975.0,1300
2024,Injury Accident,23:11,2024-02-22,Thursday,Y,Dark-Road Lighted,POUGHKEEPSIE,OTHER,DUTCHESS,Straight and Level,Unknown,Traffic Signal,Dry,,"Crossing, No Signal or Crosswalk","Pedestrian, Collision With",1,299256,36027,1695,0.8,5987961.0,3975.0,1300
2024,Property Damage Accident,16:47,2024-02-22,Thursday,Y,Daylight,LA GRANGE,REAR END,DUTCHESS,Straight and Grade,Cloudy,No Passing Zone,Dry,,Not Applicable,"Other Motor Vehicle, Collision With",2,299256,36027,1695,0.8,5987961.0,3975.0,1300
2024,Property Damage Accident,8:05,2024-02-22,Thursday,Y,Daylight,POUGHKEEPSIE,RIGHT ANGLE,DUTCHESS,Straight and Level,Cloudy,Stop Sign,Dry,,Not Applicable,"Other Motor Vehicle, Collision With",2,299256,36027,1695,0.8,5987961.0,3975.0,1300
2024,Property Damage Accident,23:35,2024-02-22,Thursday,Y,Dark-Road Lighted,POUGHKEEPSIE,RIGHT ANGLE,DUTCHESS,Straight and Level,Rain,,Wet,,Not Applicable,"Other Motor Vehicle, Collision With",2,299256,36027,1695,0.8,5987961.0,3975.0,1300
2024,Property Damage Accident,12:47,2024-02-22,Thursday,Y,Daylight,NEWBURGH,REAR END,ORANGE,Straight and Grade,Clear,,Dry,,Not Applicable,"Other Motor Vehicle, Collision With",2,415088,36071,4753,2.6,13857119.0,5167.5,1527
2024,Property Damage Accident,23:19,2024-02-22,Thursday,Y,Dark-Road Lighted,WALLKILL,OTHER,ORANGE,Curve and Level,Rain,Stop Sign,Wet,,Not Applicable,"Tree, Collision With Fixed Object",1,415088,36071,4753,2.6,13857119.0,5167.5,1527
2024,Property Damage Accident,14:40,2024-02-22,Thursday,Y,Daylight,NEWBURGH,Unknown,ORANGE,Straight and Level,Clear,Traffic Signal,Dry,300 83021070,Not Applicable,"Other Motor Vehicle, Collision With",2,415088,36071,4753,2.6,13857119.0,5167.5,1527
2024,Property Damage Accident,23:21,2024-02-22,Thursday,Y,Dark-Road Unlighted,WARWICK,OTHER,ORANGE,Curve and Level,Clear,No Passing Zone,Dry,,Not Applicable,"Light Support/Utility Pole, Collision With Fixed Object",1,415088,36071,4753,2.6,13857119.0,5167.5,1527
2024,Property Damage Accident,16:56,2024-02-22,Thursday,Y,Daylight,WALDEN,OVERTAKING,ORANGE,Straight and Level,Cloudy,,Dry,,Not Applicable,"Other Motor Vehicle, Collision With",2,415088,36071,4753,2.6,13857119.0,5167.5,1527
2024,Property Damage Accident,22:36,2024-02-22,Thursday,Y,Dark-Road Unlighted,MOUNT HOPE,OTHER,ORANGE,Curve and Level,Fog/Smog/Smoke,,Wet,,Not Applicable,"Animal, Collision With",1,415088,36071,4753,2.6,13857119.0,5167.5,1527
2024,Property Damage Accident,11:30,2024-02-22,Thursday,Y,Daylight,WALDEN,OVERTAKING,ORANGE,Straight and Grade,Cloudy,,Dry,,Not Applicable,"Other Motor Vehicle, Collision With",2,415088,36071,4753,2.6,13857119.0,5167.5,1527
2024,Property Damage Accident,13:59,2024-02-22,Thursday,Y,Daylight,WALLKILL,LEFT TURN (3),ORANGE,Straight and Level,Cloudy,,Dry,,Not Applicable,"Other Motor Vehicle, Collision With",2,415088,36071,4753,2.6,13857119.0,5167.5,1527
2024,Property Damage & Injury Accident,15:50,2024-02-22,Thursday,Y,Daylight,SOUTHEAST,HEAD ON,PUTNAM,Curve and Level,Clear,No Passing Zone,Dry,,Not Applicable,"Other Motor Vehicle, Collision With",2,98842,36079,509,0.7,2746105.0,4089.2,375
2024,Property Damage Accident,9:21,2024-02-22,Thursday,Y,Daylight,SPRING VALLEY,LEFT TURN (3),ROCKLAND,Straight and Level,Clear,Stop Sign,Dry,,Not Applicable,"Other Motor Vehicle, Collision With",2,354829,36087,259,0.3,7336134.0,9989.2,886
2024,Property Damage Accident,14:30,2024-02-22,Thursday,Y,Daylight,WEST HAVERSTRAW,OVERTAKING,ROCKLAND,Straight and Level,Clear,Traffic Signal,Dry,202 85011112,Not Applicable,"Other Motor Vehicle, Collision With",2,354829,36087,259,0.3,7336134.0,9989.2,886
2024,Property Damage Accident,12:05,2024-02-22,Thursday,Y,Daylight,CLARKSTOWN,OVERTAKING,ROCKLAND,Straight and Level,Clear,,Dry,59 85011124,Not Applicable,"Other Motor Vehicle, Collision With",2,354829,36087,259,0.3,7336134.0,9989.2,886
2024,Injury Accident,8:24,2024-02-22,Thursday,Y,Daylight,RAMAPO,REAR END,ROCKLAND,Straight and Level,Clear,Stop Sign,Dry,,Not Applicable,"Other Motor Vehicle, Collision With",2,354829,36087,259,0.3,7336134.0,9989.2,886
2024,Property Damage Accident,9:15,2024-02-22,Thursday,N,Daylight,CLARKSTOWN,Unknown,ROCKLAND,Straight and Level,Clear,,Dry,,Not Applicable,"Other Motor Vehicle, Collision With",2,354829,36087,259,0.3,7336134.0,9989.2,886
2024,Property Damage Accident,17:55,2024-02-22,Thursday,Y,Dark-Road Lighted,CLARKSTOWN,OTHER,ROCKLAND,Straight and Grade,Rain,,Wet,,Not Applicable,Deer,1,354829,36087,259,0.3,7336134.0,9989.2,886
2024,Property Damage & Injury Accident,14:46,2024-02-22,Thursday,Y,Daylight,NEW HEMPSTEAD,REAR END,ROCKLAND,Straight and Level,Clear,,Dry,45 85011072,Not Applicable,"Other Motor Vehicle, Collision With",2,354829,36087,259,0.3,7336134.0,9989.2,886
2024,Property Damage Accident,7:32,2024-02-22,Thursday,Y,Dawn,LLOYD,OVERTAKING,ULSTER,Straight and Level,Cloudy,Stop Sign,Dry,299 86011098,Not Applicable,"Other Motor Vehicle, Collision With",2,183095,36111,3565,1.2,6410502.0,3939.4,999
2024,Property Damage & Injury Accident,17:10,2024-02-22,Thursday,Y,Dark-Road Unlighted,YONKERS,REAR END,WESTCHESTER,Straight and Level,Rain,,Wet,987F87011010,Not Applicable,"Other Motor Vehicle, Collision With",2,1009165,36119,850,0.8,18110248.0,6143.2,3354
2024,Property Damage & Injury Accident,19:06,2024-02-22,Thursday,Y,Dark-Road Lighted,YONKERS,OTHER,WESTCHESTER,Curve and Level,Rain,,Wet,,Not Applicable,"Ran Off Roadway Only, Non-Collision",1,1009165,36119,850,0.8,18110248.0,6143.2,3354
2024,Property Damage Accident,19:17,2024-02-22,Thursday,Y,Dusk,GREENBURGH,OTHER,WESTCHESTER,Straight and Level,Rain,,Wet,,Not Applicable,"Other Motor Vehicle, Collision With",4,1009165,36119,850,0.8,18110248.0,6143.2,3354
2024,Property Damage Accident,11:05,2024-02-22,Thursday,Y,Daylight,YONKERS,OTHER,WESTCHESTER,Curve and Grade,Cloudy,,Dry,907K87011003,Not Applicable,"Curbing, Collision With Fixed Object",1,1009165,36119,850,0.8,18110248.0,6143.2,3354
2024,Property Damage & Injury Accident,0:36,2024-02-22,Thursday,Y,Dark-Road Lighted,SLEEPY HOLLOW,OVERTAKING,WESTCHESTER,Straight and Level,Clear,Unknown,Dry,,Not Applicable,"Other Motor Vehicle, Collision With",2,1009165,36119,850,0.8,18110248.0,6143.2,3354
2024,Property Damage Accident,6:46,2024-02-22,Thursday,Y,Daylight,WHITE PLAINS,OTHER,WESTCHESTER,Curve and Grade,Clear,,Dry,,Not Applicable,"Guide Rail - Not At End, Collision With Fixed Object",1,1009165,36119,850,0.8,18110248.0,6143.2,3354
2024,Property Damage Accident,14:15,2024-02-22,Thursday,Y,Daylight,RYE,OVERTAKING,WESTCHESTER,Straight and Level,Cloudy,,Dry,,Not Applicable,"Other Motor Vehicle, Collision With",2,1009165,36119,850,0.8,18110248.0,6143.2,3354
2024,Property Damage Accident,9:17,2024-02-22,Thursday,Y,Daylight,YONKERS,OVERTAKING,WESTCHESTER,Straight at Hill Crest,Clear,Traffic Signal,Dry,,Not Applicable,"Other Motor Vehicle, Collision With",2,1009165,36119,850,0.8,18110248.0,6143.2,3354
2024,Property Damage Accident,16:51,2024-02-22,Thursday,Y,Daylight,NEW ROCHELLE,REAR END,WESTCHESTER,Straight and Level,Cloudy,,Dry,981U87011003,Not Applicable,"Other Motor Vehicle, Collision With",2,1009165,36119,850,0.8,18110248.0,6143.2,3354
2024,Property Damage Accident,16:00,2024-02-23,Friday,Y,Daylight,RHINEBECK,REAR END,DUTCHESS,Straight and Level,Clear,Traffic Signal,Dry,9 82053178,Not Applicable,"Other Motor Vehicle, Collision With",2,299256,36027,1695,0.8,5987961.0,3975.0,1300
2024,Property Damage Accident,5:41,2024-02-23,Friday,Y,Dark-Road Unlighted,NORTHEAST,OTHER,DUTCHESS,Straight and Grade,Sleet/Hail/Freezing Rain,,Snow/Ice,,Not Applicable,"Earth Embankment/Rock Cut/Ditch, Collision With Fixed Object",1,299256,36027,1695,0.8,5987961.0,3975.0,1300
2024,Property Damage & Injury Accident,14:18,2024-02-23,Friday,Y,Daylight,POUGHKEEPSIE,REAR END,DUTCHESS,Straight and Level,Clear,Stopped School Bus-Red Lights Flashing,Dry,,Not Applicable,"Other Motor Vehicle, Collision With",2,299256,36027,1695,0.8,5987961.0,3975.0,1300
2024,Property Damage & Injury Accident,8:26,2024-02-23,Friday,Y,Daylight,EAST FISHKILL,OTHER,DUTCHESS,Straight and Level,Cloudy,,Wet,,Not Applicable,"Light Support/Utility Pole, Collision With Fixed Object",1,299256,36027,1695,0.8,5987961.0,3975.0,1300
2024,Property Damage Accident,17:55,2024-02-23,Friday,Y,Dark-Road Lighted,NEWBURGH,REAR END,ORANGE,Straight and Level,Clear,,Dry,,Not Applicable,"Other Motor Vehicle, Collision With",2,415088,36071,4753,2.6,13857119.0,5167.5,1527
2024,Property Damage & Injury Accident,3:38,2024-02-23,Friday,Y,Dark-Road Lighted,NEWBURGH,REAR END,ORANGE,Straight and Level,Rain,Traffic Signal,Wet,,Not Applicable,"Other Motor Vehicle, Collision With",2,415088,36071,4753,2.6,13857119.0,5167.5,1527
2024,Property Damage Accident,19:37,2024-02-23,Friday,Y,Dark-Road Unlighted,WARWICK,OTHER,ORANGE,Straight and Level,Cloudy,,Dry,,Not Applicable,"Other*, Non-Collision",1,415088,36071,4753,2.6,13857119.0,5167.5,1527
2024,Property Damage Accident,18:00,2024-02-23,Friday,Y,Dark-Road Unlighted,WALLKILL,REAR END,ORANGE,Straight and Grade,Cloudy,,Dry,17 83101077,Not Applicable,"Other Motor Vehicle, Collision With",2,415088,36071,4753,2.6,13857119.0,5167.5,1527
2024,Property Damage Accident,11:15,2024-02-23,Friday,Y,Daylight,WOODBURY,OTHER,ORANGE,Straight at Hill Crest,Clear,Unknown,Dry,6 83012373,Not Applicable,"Guide Rail - Not At End, Collision With Fixed Object",1,415088,36071,4753,2.6,13857119.0,5167.5,1527
2024,Property Damage Accident,18:00,2024-02-23,Friday,Y,Dark-Road Lighted,WALLKILL,REAR END,ORANGE,Straight and Level,Clear,,Dry,17 83101077,Not Applicable,"Other Motor Vehicle, Collision With",2,415088,36071,4753,2.6,13857119.0,5167.5,1527
2024,Property Damage Accident,19:52,2024-02-23,Friday,Y,Dark-Road Unlighted,CARMEL,HEAD ON,PUTNAM,Curve and Grade,Clear,No Passing Zone,Dry,,Not Applicable,"Other Motor Vehicle, Collision With",2,98842,36079,509,0.7,2746105.0,4089.2,375
2024,Property Damage Accident,13:44,2024-02-23,Friday,Y,Daylight,CLARKSTOWN,REAR END,ROCKLAND,Straight and Level,Clear,Traffic Signal,Dry,59 85011083,Not Applicable,"Other Motor Vehicle, Collision With",2,354829,36087,259,0.3,7336134.0,9989.2,886
2024,Property Damage Accident,10:29,2024-02-23,Friday,Y,Daylight,CLARKSTOWN,OTHER,ROCKLAND,Curve and Level,Cloudy,,Wet,304 85011026,Not Applicable,"Other Object (Not Fixed)*, Collision With",1,354829,36087,259,0.3,7336134.0,9989.2,886
2024,Property Damage Accident,15:46,2024-02-23,Friday,Y,Daylight,NYACK,OTHER,ROCKLAND,Straight and Level,Clear,,Dry,9W85011070,Not Applicable,"Other Motor Vehicle, Collision With",3,354829,36087,259,0.3,7336134.0,9989.2,886
2024,Property Damage Accident,15:10,2024-02-23,Friday,Y,Daylight,RAMAPO,OVERTAKING,ROCKLAND,Straight and Level,Cloudy,Traffic Signal,Dry,,Not Applicable,"Other Motor Vehicle, Collision With",2,354829,36087,259,0.3,7336134.0,9989.2,886
2024,Property Damage & Injury Accident,12:55,2024-02-23,Friday,Y,Daylight,HAVERSTRAW,HEAD ON,ROCKLAND,Curve and Level,Cloudy,,Wet,,Not Applicable,"Other Motor Vehicle, Collision With",2,354829,36087,259,0.3,7336134.0,9989.2,886
2024,Property Damage Accident,12:30,2024-02-23,Friday,Y,Daylight,NEW HEMPSTEAD,REAR END,ROCKLAND,Straight and Level,Cloudy,,Wet,,Not Applicable,"Other Motor Vehicle, Collision With",2,354829,36087,259,0.3,7336134.0,9989.2,886
2024,Injury Accident,19:16,2024-02-23,Friday,Y,Daylight,ORANGETOWN,OTHER,ROCKLAND,Straight and Level,Clear,,Dry,340 85011026,Playing in Roadway,"Pedestrian, Collision With",1,354829,36087,259,0.3,7336134.0,9989.2,886
2024,Property Damage Accident,18:50,2024-02-23,Friday,Y,Dark-Road Lighted,WEST HAVERSTRAW,OTHER,ROCKLAND,Straight and Level,Clear,,Dry,9W85011170,Not Applicable,"Animal, Collision With",1,354829,36087,259,0.3,7336134.0,9989.2,886
2024,Property Damage Accident,2:14,2024-02-23,Friday,Y,Dark-Road Unlighted,MARBLETOWN,OTHER,ULSTER,Curve at Hill Crest,Sleet/Hail/Freezing Rain,No Passing Zone,Snow/Ice,,Not Applicable,"Earth Embankment/Rock Cut/Ditch, Collision With Fixed Object",1,183095,36111,3565,1.2,6410502.0,3939.4,999
2024,Property Damage Accident,13:25,2024-02-23,Friday,Y,Daylight,ULSTER,OVERTAKING,ULSTER,Straight and Level,Cloudy,,Dry,,Not Applicable,"Other Motor Vehicle, Collision With",2,183095,36111,3565,1.2,6410502.0,3939.4,999
2024,Property Damage Accident,20:30,2024-02-23,Friday,Y,Dark-Road Unlighted,SAUGERTIES,OVERTAKING,ULSTER,Straight and Level,Cloudy,No Passing Zone,Dry,212 86011187,Not Applicable,"Other Motor Vehicle, Collision With",2,183095,36111,3565,1.2,6410502.0,3939.4,999
2024,Property Damage Accident,11:54,2024-02-23,Friday,Y,Daylight,MOUNT PLEASANT,OVERTAKING,WESTCHESTER,Straight and Level,Cloudy,,Dry,987G87011031,Not Applicable,"Other Motor Vehicle, Collision With",2,1009165,36119,850,0.8,18110248.0,6143.2,3354
2024,Property Damage & Injury Accident,18:44,2024-02-23,Friday,Y,Dusk,YONKERS,LEFT TURN (3),WESTCHESTER,Straight and Grade,Clear,,Dry,9 87031007,Not Applicable,"Other Motor Vehicle, Collision With",2,1009165,36119,850,0.8,18110248.0,6143.2,3354
2024,Injury Accident,14:48,2024-02-23,Friday,Y,Daylight,MOUNT PLEASANT,OTHER,WESTCHESTER,Straight and Level,Clear,,Dry,,Other Actions in Roadway,"Bicyclist, Collision With",1,1009165,36119,850,0.8,18110248.0,6143.2,3354
2024,Property Damage & Injury Accident,23:31,2024-02-23,Friday,Y,Dark-Road Unlighted,NEW CASTLE,REAR END,WESTCHESTER,Straight and Level,Cloudy,Traffic Signal,Dry,987D87012171,Not Applicable,"Other Motor Vehicle, Collision With",2,1009165,36119,850,0.8,18110248.0,6143.2,3354
2024,Property Damage Accident,15:04,2024-02-23,Friday,Y,Daylight,NEW ROCHELLE,OVERTAKING,WESTCHESTER,Curve and Level,Cloudy,,Dry,,Not Applicable,"Other Motor Vehicle, Collision With",2,1009165,36119,850,0.8,18110248.0,6143.2,3354
2024,Property Damage Accident,1:38,2024-02-23,Friday,Y,Dark-Road Unlighted,YONKERS,OTHER,WESTCHESTER,Straight and Level,Rain,,Wet,,Not Applicable,"Guide Rail - End, Collision With Fixed Object",1,1009165,36119,850,0.8,18110248.0,6143.2,3354
2024,Property Damage Accident,12:15,2024-02-23,Friday,Y,Daylight,MOUNT PLEASANT,REAR END,WESTCHESTER,Straight and Level,Cloudy,,Dry,,Not Applicable,"Other Motor Vehicle, Collision With",2,1009165,36119,850,0.8,18110248.0,6143.2,3354
2024,Property Damage Accident,2:18,2024-02-23,Friday,Y,Dark-Road Lighted,HARRISON,SIDESWIPE,WESTCHESTER,Straight and Level,Rain,,Wet,,Not Applicable,"Other Motor Vehicle, Collision With",2,1009165,36119,850,0.8,18110248.0,6143.2,3354
2024,Property Damage & Injury Accident,13:18,2024-02-23,Friday,Y,Daylight,PORT CHESTER,REAR END,WESTCHESTER,Straight and Level,Clear,Traffic Signal,Dry,1 87035006,Not Applicable,"Other Motor Vehicle, Collision With",2,1009165,36119,850,0.8,18110248.0,6143.2,3354
2024,Property Damage Accident,8:50,2024-02-23,Friday,Y,Daylight,YONKERS,REAR END,WESTCHESTER,Straight and Level,Rain,Traffic Signal,Wet,,Not Applicable,"Other Motor Vehicle, Collision With",2,1009165,36119,850,0.8,18110248.0,6143.2,3354
2024,Property Damage & Injury Accident,19:55,2024-02-23,Friday,Y,Dark-Road Unlighted,CORTLANDT,RIGHT ANGLE,WESTCHESTER,Straight at Hill Crest,Clear,Stop Sign,Dry,,Not Applicable,"Other Motor Vehicle, Collision With",2,1009165,36119,850,0.8,18110248.0,6143.2,3354
2024,Property Damage & Injury Accident,12:36,2024-02-23,Friday,Y,Daylight,GREENBURGH,OVERTAKING,WESTCHESTER,Straight and Level,Cloudy,,Wet,987F87012062,Not Applicable,"Other Motor Vehicle, Collision With",2,1009165,36119,850,0.8,18110248.0,6143.2,3354
2024,Property Damage Accident,22:11,2024-02-24,Saturday,Y,Dark-Road Lighted,POUGHKEEPSIE,OVERTAKING,DUTCHESS,Straight and Level,Clear,,Dry,115 82011002,Not Applicable,"Other Motor Vehicle, Collision With",2,299256,36027,1695,0.8,5987961.0,3975.0,1300
2024,Property Damage Accident,7:43,2024-02-24,Saturday,Y,Daylight,BEEKMAN,OTHER,DUTCHESS,Straight and Level,Cloudy,No Passing Zone,Dry,55 82032108,Not Applicable,Deer,1,299256,36027,1695,0.8,5987961.0,3975.0,1300
2024,Property Damage Accident,15:45,2024-02-24,Saturday,Y,Daylight,HYDE PARK,REAR END,DUTCHESS,Straight and Level,Clear,Traffic Signal,Dry,9 82053032,Not Applicable,"Other Motor Vehicle, Collision With",2,299256,36027,1695,0.8,5987961.0,3975.0,1300
2024,Property Damage Accident,18:56,2024-02-24,Saturday,Y,Dark-Road Lighted,PAWLING,REAR END,DUTCHESS,Straight and Grade,Clear,,Dry,,Not Applicable,"Other Motor Vehicle, Collision With",2,299256,36027,1695,0.8,5987961.0,3975.0,1300
2024,Property Damage Accident,20:45,2024-02-24,Saturday,Y,Dark-Road Unlighted,BLOOMING GROVE,OTHER,ORANGE,Curve and Level,Clear,No Passing Zone,Dry,,Not Applicable,"Light Support/Utility Pole, Collision With Fixed Object",1,415088,36071,4753,2.6,13857119.0,5167.5,1527
2024,Property Damage Accident,18:20,2024-02-24,Saturday,Y,Dark-Road Unlighted,MINISINK,OTHER,ORANGE,Straight and Level,Cloudy,No Passing Zone,Dry,,Not Applicable,Deer,1,415088,36071,4753,2.6,13857119.0,5167.5,1527
2024,Property Damage Accident,8:05,2024-02-24,Saturday,Y,Daylight,WOODBURY,OTHER,ORANGE,Straight and Level,Clear,,Dry,17 83101250,Not Applicable,"Other Motor Vehicle, Collision With",3,415088,36071,4753,2.6,13857119.0,5167.5,1527
2024,Property Damage Accident,19:35,2024-02-24,Saturday,Y,Dark-Road Lighted,NEWBURGH,OVERTAKING,ORANGE,Straight and Level,Snow,,Snow/Ice,,Not Applicable,"Other Motor Vehicle, Collision With",2,415088,36071,4753,2.6,13857119.0,5167.5,1527
2024,Property Damage & Injury Accident,4:41,2024-02-24,Saturday,Y,Dark-Road Unlighted,PUTNAM VALLEY,OTHER,PUTNAM,Curve and Level,Clear,,Dry,987G84021099,Not Applicable,"Earth Embankment/Rock Cut/Ditch, Collision With Fixed Object",1,98842,36079,509,0.7,2746105.0,4089.2,375
2024,Property Damage & Injury Accident,17:16,2024-02-24,Saturday,Y,Dusk,HAVERSTRAW,OTHER,ROCKLAND,Straight and Grade,Clear,Traffic Signal,Dry,202 85011103,Not Applicable,"Other Motor Vehicle, Collision With",3,354829,36087,259,0.3,7336134.0,9989.2,886
2024,Property Damage Accident,17:40,2024-02-24,Saturday,Y,Daylight,HAVERSTRAW,OVERTAKING,ROCKLAND,Straight and Level,Clear,,Dry,,Not Applicable,"Other Motor Vehicle, Collision With",2,354829,36087,259,0.3,7336134.0,9989.2,886
2024,Property Damage Accident,12:33,2024-02-24,Saturday,Y,Daylight,RAMAPO,REAR END,ROCKLAND,Straight and Level,Clear,Traffic Signal,Dry,,Not Applicable,"Other Motor Vehicle, Collision With",2,354829,36087,259,0.3,7336134.0,9989.2,886
2024,Property Damage & Injury Accident,21:44,2024-02-24,Saturday,Y,Dark-Road Lighted,ORANGETOWN,OVERTAKING,ROCKLAND,Straight and Level,Clear,,Dry,,Not Applicable,"Other Motor Vehicle, Collision With",2,354829,36087,259,0.3,7336134.0,9989.2,886
2024,Property Damage Accident,20:27,2024-02-24,Saturday,Y,Dark-Road Unlighted,WAWARSING,OTHER,ULSTER,Curve and Level,Cloudy,,Dry,,Not Applicable,"Earth Embankment/Rock Cut/Ditch, Collision With Fixed Object",1,183095,36111,3565,1.2,6410502.0,3939.4,999
2024,Property Damage & Injury Accident,9:30,2024-02-24,Saturday,Y,Daylight,KINGSTON,RIGHT ANGLE,ULSTER,Curve and Level,Clear,,Dry,32 86022034,Not Applicable,"Other Motor Vehicle, Collision With",2,183095,36111,3565,1.2,6410502.0,3939.4,999
2024,Property Damage & Injury Accident,3:54,2024-02-24,Saturday,Y,Dark-Road Lighted,RYE,REAR END,WESTCHESTER,Straight and Level,Clear,,Dry,,Not Applicable,"Other Motor Vehicle, Collision With",2,1009165,36119,850,0.8,18110248.0,6143.2,3354
2024,Property Damage & Injury Accident,5:36,2024-02-24,Saturday,Y,Dark-Road Unlighted,YONKERS,HEAD ON,WESTCHESTER,Curve and Grade,Cloudy,,Dry,,Not Applicable,"Other Motor Vehicle, Collision With",2,1009165,36119,850,0.8,18110248.0,6143.2,3354
2024,Property Damage Accident,12:50,2024-02-24,Saturday,Y,Daylight,MOUNT PLEASANT,OVERTAKING,WESTCHESTER,Straight and Level,Clear,,Dry,,Not Applicable,"Other Motor Vehicle, Collision With",2,1009165,36119,850,0.8,18110248.0,6143.2,3354
2024,Property Damage Accident,2:45,2024-02-24,Saturday,Y,Dark-Road Unlighted,POUND RIDGE,OTHER,WESTCHESTER,Curve and Grade,Fog/Smog/Smoke,,Snow/Ice,,Not Applicable,"Other Motor Vehicle, Collision With",2,1009165,36119,850,0.8,18110248.0,6143.2,3354
2024,Property Damage Accident,12:17,2024-02-24,Saturday,Y,Daylight,RYE BROOKE,OVERTAKING,WESTCHESTER,Straight and Grade,Clear,,Dry,,Not Applicable,"Other Motor Vehicle, Collision With",2,1009165,36119,850,0.8,18110248.0,6143.2,3354
2024,Property Damage Accident,11:36,2024-02-24,Saturday,Y,Daylight,PELHAM MANOR,RIGHT ANGLE,WESTCHESTER,Straight and Level,Clear,,Dry,1 87031001,Not Applicable,"Other Motor Vehicle, Collision With",2,1009165,36119,850,0.8,18110248.0,6143.2,3354
2024,Property Damage Accident,13:50,2024-02-24,Saturday,Y,Daylight,MOUNT PLEASANT,HEAD ON,WESTCHESTER,Straight and Level,Clear,Traffic Signal,Dry,,Not Applicable,"Other Motor Vehicle, Collision With",2,1009165,36119,850,0.8,18110248.0,6143.2,3354
2024,Property Damage Accident,19:10,2024-02-24,Saturday,Y,Daylight,YONKERS,OVERTAKING,WESTCHESTER,Straight and Grade,Clear,,Dry,,Not Applicable,"Other Motor Vehicle, Collision With",2,1009165,36119,850,0.8,18110248.0,6143.2,3354
2024,Property Damage Accident,14:35,2024-02-25,Sunday,Y,Daylight,NEWBURGH,LEFT TURN (3),ORANGE,Straight and Grade,Clear,Stop Sign,Dry,,Not Applicable,"Other Motor Vehicle, Collision With",2,415088,36071,4753,2.6,13857119.0,5167.5,1527
2024,Property Damage & Injury Accident,21:39,2024-02-25,Sunday,Y,Dark-Road Lighted,NEWBURGH,HEAD ON,ORANGE,Curve and Level,Clear,,Dry,,Not Applicable,"Other Motor Vehicle, Collision With",2,415088,36071,4753,2.6,13857119.0,5167.5,1527
2024,Property Damage Accident,18:59,2024-02-25,Sunday,Y,Dark-Road Lighted,NEWBURGH,OTHER,ORANGE,Straight and Level,Clear,Traffic Signal,Dry,9W83023000,Not Applicable,"Other Motor Vehicle, Collision With",3,415088,36071,4753,2.6,13857119.0,5167.5,1527
2024,Property Damage & Injury Accident,19:38,2024-02-25,Sunday,Y,Dark-Road Unlighted,WOODBURY,OTHER,ORANGE,Curve and Level,Clear,,Dry,987E83021072,Not Applicable,"Other Motor Vehicle, Collision With",2,415088,36071,4753,2.6,13857119.0,5167.5,1527
2024,Property Damage Accident,12:35,2024-02-25,Sunday,Y,Daylight,PORT JERVIS,REAR END,ORANGE,Straight and Level,Cloudy,,Dry,6 83011003,Not Applicable,"Other Motor Vehicle, Collision With",2,415088,36071,4753,2.6,13857119.0,5167.5,1527