year,accident_descriptor,time,date,day_of_week,police_report,lighting_conditions,municipality,collision_type_descriptor,county_name,road_descriptor,weather_conditions,traffic_control_device,road_surface_conditions,dot_reference_marker_location,pedestrian_bicyclist_action,event_descriptor,number_of_vehicles_involved,county_population_2024,county_fips,county_deer_take_2024,county_antlerless_deer_per_sqmi_2024,county_daily_vmt_2019,county_mean_aadt_2019,county_aadt_segments_2019
2024,Property Damage Accident,20:40,2024-02-25,Sunday,Y,Dark-Road Unlighted,WOODBURY,OTHER,ORANGE,Curve and Level,Clear,,Dry,,Not Applicable,"Overturned, Non-Collision",1,415088,36071,4753,2.6,13857119.0,5167.5,1527
2024,Property Damage Accident,22:35,2024-02-25,Sunday,Y,Dark-Road Unlighted,SOUTH BLOOMING GROVE,OTHER,ORANGE,Curve and Grade,Clear,No Passing Zone,Snow/Ice,,Not Applicable,"Tree, Collision With Fixed Object",1,415088,36071,4753,2.6,13857119.0,5167.5,1527
2024,Property Damage Accident,18:40,2024-02-25,Sunday,Y,Dusk,SOUTHEAST,OTHER,PUTNAM,Straight and Level,Clear,No Passing Zone,Dry,,Not Applicable,Deer,1,98842,36079,509,0.7,2746105.0,4089.2,375
2024,Property Damage Accident,15:04,2024-02-25,Sunday,Y,Daylight,CLARKSTOWN,REAR END,ROCKLAND,Straight and Level,Clear,,Dry,,Not Applicable,"Other Motor Vehicle, Collision With",2,354829,36087,259,0.3,7336134.0,9989.2,886
2024,Property Damage Accident,19:55,2024-02-25,Sunday,Y,Dark-Road Lighted,,LEFT TURN (3),ROCKLAND,Straight and Level,Clear,Stop Sign,Dry,,Not Applicable,"Other Motor Vehicle, Collision With",2,354829,36087,259,0.3,7336134.0,9989.2,886
2024,Property Damage & Injury Accident,13:06,2024-02-25,Sunday,Y,Daylight,NEW PALTZ,REAR END,ULSTER,Straight and Level,Clear,No Passing Zone,Dry,299 86011068,Not Applicable,"Other Motor Vehicle, Collision With",2,183095,36111,3565,1.2,6410502.0,3939.4,999
2024,Property Damage Accident,9:01,2024-02-25,Sunday,Y,Daylight,ESOPUS,REAR END,ULSTER,Straight and Level,Clear,,Dry,,Not Applicable,"Other Motor Vehicle, Collision With",2,183095,36111,3565,1.2,6410502.0,3939.4,999
2024,Property Damage Accident,15:46,2024-02-25,Sunday,Y,Daylight,BEDFORD,OTHER,WESTCHESTER,Straight and Level,Clear,,Dry,,Not Applicable,"Ran Off Roadway Only, Non-Collision",1,1009165,36119,850,0.8,18110248.0,6143.2,3354
2024,Property Damage Accident,10:46,2024-02-25,Sunday,Y,Daylight,PORT CHESTER,REAR END,WESTCHESTER,Straight and Level,Clear,,Dry,120A87011017,Not Applicable,"Other Motor Vehicle, Collision With",2,1009165,36119,850,0.8,18110248.0,6143.2,3354
2024,Property Damage & Injury Accident,1:15,2024-02-25,Sunday,Y,Dark-Road Lighted,PEEKSKILL,OTHER,WESTCHESTER,Straight and Level,Clear,,Dry,,Not Applicable,"Other Motor Vehicle, Collision With",4,1009165,36119,850,0.8,18110248.0,6143.2,3354
2024,Property Damage Accident,14:50,2024-02-25,Sunday,Y,Daylight,YONKERS,OTHER,WESTCHESTER,Straight and Level,Clear,,Dry,907K87011003,Not Applicable,"Other Motor Vehicle, Collision With",3,1009165,36119,850,0.8,18110248.0,6143.2,3354
2024,Property Damage Accident,17:47,2024-02-25,Sunday,Y,Dark-Road Lighted,BRIARCLIFF MANOR,SIDESWIPE,WESTCHESTER,Straight and Grade,Clear,,Dry,,Not Applicable,"Other Motor Vehicle, Collision With",2,1009165,36119,850,0.8,18110248.0,6143.2,3354
2024,Property Damage Accident,5:12,2024-02-26,Monday,Y,Dark-Road Unlighted,UNION VALE,OTHER,DUTCHESS,Curve and Level,Clear,,Dry,82 82011156,Not Applicable,Deer,1,299256,36027,1695,0.8,5987961.0,3975.0,1300
2024,Property Damage Accident,8:41,2024-02-26,Monday,Y,Daylight,PAWLING,OTHER,DUTCHESS,Straight and Grade,Clear,,Snow/Ice,,Not Applicable,"Overturned, Non-Collision",1,299256,36027,1695,0.8,5987961.0,3975.0,1300
2024,Property Damage Accident,8:00,2024-02-26,Monday,N,Daylight,NEW WINDSOR,OTHER,ORANGE,Curve at Hill Crest,Cloudy,,Snow/Ice,,Not Applicable,"Other Object (Not Fixed)*, Collision With",1,415088,36071,4753,2.6,13857119.0,5167.5,1527
2024,Property Damage Accident,11:48,2024-02-26,Monday,Y,Daylight,WALLKILL,OVERTAKING,ORANGE,Straight and Level,Clear,,Dry,84I83011238,Not Applicable,"Other Motor Vehicle, Collision With",2,415088,36071,4753,2.6,13857119.0,5167.5,1527
2024,Property Damage & Injury Accident,12:45,2024-02-26,Monday,Y,Daylight,NEWBURGH,OTHER,ORANGE,Straight and Level,Clear,,Dry,84I83011340,Not Applicable,"Other Object (Not Fixed)*, Collision With",1,415088,36071,4753,2.6,13857119.0,5167.5,1527
2024,Injury Accident,15:45,2024-02-26,Monday,Y,Daylight,PORT JERVIS,OTHER,ORANGE,Straight and Level,Cloudy,,Dry,,"Crossing, No Signal, Marked Crosswalk","Pedestrian, Collision With",1,415088,36071,4753,2.6,13857119.0,5167.5,1527
2024,Property Damage Accident,8:00,2024-02-26,Monday,Y,Daylight,HAVERSTRAW,REAR END,ROCKLAND,Straight and Level,Rain,Yield Sign,Wet,,Not Applicable,"Other Motor Vehicle, Collision With",2,354829,36087,259,0.3,7336134.0,9989.2,886
2024,Property Damage & Injury Accident,16:36,2024-02-26,Monday,Y,Daylight,STONY POINT,OTHER,ROCKLAND,Curve and Grade,Clear,Stopped School Bus-Red Lights Flashing,Dry,,Not Applicable,"Building/Wall, Collision With Fixed Object",1,354829,36087,259,0.3,7336134.0,9989.2,886
2024,Property Damage Accident,14:00,2024-02-26,Monday,Y,Daylight,CLARKSTOWN,REAR END,ROCKLAND,Straight and Level,Clear,,Dry,987C85011106,Not Applicable,"Other Motor Vehicle, Collision With",2,354829,36087,259,0.3,7336134.0,9989.2,886
2024,Property Damage Accident,8:16,2024-02-26,Monday,Y,Daylight,SPRING VALLEY,OTHER,ROCKLAND,Straight and Level,Clear,,Dry,,Not Applicable,"Other Motor Vehicle, Collision With",2,354829,36087,259,0.3,7336134.0,9989.2,886
2024,Property Damage & Injury Accident,8:02,2024-02-26,Monday,Y,Daylight,WEST HAVERSTRAW,RIGHT ANGLE,ROCKLAND,Straight and Grade,Rain,,Wet,202 85011119,Not Applicable,"Other Motor Vehicle, Collision With",2,354829,36087,259,0.3,7336134.0,9989.2,886
2024,Property Damage Accident,11:43,2024-02-26,Monday,Y,Daylight,RAMAPO,OTHER,ROCKLAND,Straight and Grade,Clear,,Dry,,Not Applicable,"Guide Rail - Not At End, Collision With Fixed Object",1,354829,36087,259,0.3,7336134.0,9989.2,886
2024,Property Damage Accident,5:20,2024-02-26,Monday,Y,Dark-Road Unlighted,NEW PALTZ,OTHER,ULSTER,Straight and Grade,Cloudy,,Dry,,Not Applicable,"Sign Post, Collision With Fixed Object",1,183095,36111,3565,1.2,6410502.0,3939.4,999
2024,Property Damage & Injury Accident,21:12,2024-02-26,Monday,Y,Dark-Road Lighted,LLOYD,SIDESWIPE,ULSTER,Curve and Level,Clear,,Dry,44 86011297,Not Applicable,"Barrier, Collision With Fixed Object",2,183095,36111,3565,1.2,6410502.0,3939.4,999
2024,Property Damage Accident,17:00,2024-02-26,Monday,Y,Daylight,HARRISON,REAR END,WESTCHESTER,Straight and Level,Clear,Traffic Signal,Dry,,Not Applicable,"Other Motor Vehicle, Collision With",2,1009165,36119,850,0.8,18110248.0,6143.2,3354
2024,Property Damage Accident,16:30,2024-02-26,Monday,Y,Daylight,NEW ROCHELLE,OVERTAKING,WESTCHESTER,Curve and Level,Clear,Yield Sign,Dry,981V87011005,Not Applicable,"Other Motor Vehicle, Collision With",2,1009165,36119,850,0.8,18110248.0,6143.2,3354
2024,Property Damage Accident,8:49,2024-02-26,Monday,Y,Daylight,RYE,RIGHT TURN (6),WESTCHESTER,Straight and Level,Cloudy,Stop Sign,Dry,,Not Applicable,"Other Motor Vehicle, Collision With",2,1009165,36119,850,0.8,18110248.0,6143.2,3354
2024,Injury Accident,19:06,2024-02-26,Monday,Y,Dark-Road Lighted,YONKERS,OTHER,WESTCHESTER,Straight and Grade,Clear,,Dry,,"Crossing, No Signal or Crosswalk","Pedestrian, Collision With",1,1009165,36119,850,0.8,18110248.0,6143.2,3354
2024,Property Damage Accident,22:15,2024-02-26,Monday,Y,Dark-Road Unlighted,PORT CHESTER,SIDESWIPE,WESTCHESTER,Straight and Level,Clear,Traffic Signal,Dry,1 87035008,Not Applicable,"Other Motor Vehicle, Collision With",2,1009165,36119,850,0.8,18110248.0,6143.2,3354
2024,Property Damage Accident,14:45,2024-02-26,Monday,Y,Daylight,HARRISON,RIGHT ANGLE,WESTCHESTER,Straight and Level,Clear,Traffic Signal,Dry,,Not Applicable,"Other Motor Vehicle, Collision With",2,1009165,36119,850,0.8,18110248.0,6143.2,3354
2024,Property Damage & Injury Accident,18:10,2024-02-26,Monday,Y,Dark-Road Unlighted,HARRISON,REAR END,WESTCHESTER,Straight and Level,Clear,,Dry,,Not Applicable,"Other Motor Vehicle, Collision With",2,1009165,36119,850,0.8,18110248.0,6143.2,3354
2024,Property Damage Accident,6:32,2024-02-26,Monday,Y,Daylight,NORTH SALEM,OVERTAKING,WESTCHESTER,Straight and Level,Clear,,Dry,684I87011220,Not Applicable,"Other Motor Vehicle, Collision With",2,1009165,36119,850,0.8,18110248.0,6143.2,3354
2024,Property Damage Accident,8:17,2024-02-26,Monday,Y,Daylight,GREENBURGH,LEFT TURN (0),WESTCHESTER,Straight and Level,Rain,Stop Sign,Wet,100B87011018,Not Applicable,"Other Motor Vehicle, Collision With",2,1009165,36119,850,0.8,18110248.0,6143.2,3354
2024,Property Damage Accident,21:16,2024-02-26,Monday,Y,Dark-Road Lighted,MOUNT PLEASANT,RIGHT ANGLE,WESTCHESTER,Straight and Level,Clear,,Dry,,Not Applicable,"Other Motor Vehicle, Collision With",2,1009165,36119,850,0.8,18110248.0,6143.2,3354
2024,Property Damage Accident,16:40,2024-02-26,Monday,Y,Daylight,HARRISON,OTHER,WESTCHESTER,Straight and Level,Clear,,Dry,287I87011069,Not Applicable,"Other Motor Vehicle, Collision With",3,1009165,36119,850,0.8,18110248.0,6143.2,3354
2024,Property Damage Accident,14:00,2024-02-26,Monday,Y,Daylight,YONKERS,REAR END,WESTCHESTER,Straight and Grade,Clear,Traffic Signal,Dry,987D87011047,Not Applicable,"Other Motor Vehicle, Collision With",2,1009165,36119,850,0.8,18110248.0,6143.2,3354
2024,Injury Accident,12:38,2024-02-26,Monday,Y,Daylight,GREENBURGH,OTHER,WESTCHESTER,Straight and Level,Clear,,Dry,119 87011039,Not Applicable,"Other Motor Vehicle, Collision With",3,1009165,36119,850,0.8,18110248.0,6143.2,3354
2024,Property Damage Accident,16:50,2024-02-26,Monday,Y,Daylight,HARRISON,OTHER,WESTCHESTER,Straight and Grade,Clear,,Dry,,Not Applicable,"Other Motor Vehicle, Collision With",3,1009165,36119,850,0.8,18110248.0,6143.2,3354
2024,Property Damage Accident,14:48,2024-02-27,Tuesday,Y,Daylight,POUGHKEEPSIE,OTHER,DUTCHESS,Straight and Level,Cloudy,,Dry,,Not Applicable,"Other Motor Vehicle, Collision With",3,299256,36027,1695,0.8,5987961.0,3975.0,1300
2024,Property Damage Accident,20:10,2024-02-27,Tuesday,Y,Dark-Road Lighted,FISHKILL,LEFT TURN (0),DUTCHESS,Straight and Level,Rain,,Wet,52 82042038,Not Applicable,"Other Motor Vehicle, Collision With",2,299256,36027,1695,0.8,5987961.0,3975.0,1300
2024,Property Damage Accident,15:53,2024-02-27,Tuesday,Y,Daylight,POUGHKEEPSIE,RIGHT TURN (6),DUTCHESS,Straight and Level,Clear,,Dry,,Not Applicable,"Other Motor Vehicle, Collision With",2,299256,36027,1695,0.8,5987961.0,3975.0,1300
2024,Property Damage Accident,15:21,2024-02-27,Tuesday,Y,Daylight,POUGHKEEPSIE,OVERTAKING,DUTCHESS,Straight and Level,Clear,,Dry,,Not Applicable,"Other Motor Vehicle, Collision With",2,299256,36027,1695,0.8,5987961.0,3975.0,1300
2024,Property Damage & Injury Accident,0:11,2024-02-27,Tuesday,Y,Dark-Road Unlighted,RED HOOK,OTHER,DUTCHESS,Straight and Level,Clear,No Passing Zone,Dry,9G82013236,Not Applicable,"Other Object (Not Fixed)*, Collision With",1,299256,36027,1695,0.8,5987961.0,3975.0,1300
2024,Property Damage Accident,18:24,2024-02-27,Tuesday,Y,Dark-Road Lighted,LA GRANGE,LEFT TURN (3),DUTCHESS,Straight and Grade,Rain,No Passing Zone,Wet,55 82032080,Not Applicable,"Other Motor Vehicle, Collision With",2,299256,36027,1695,0.8,5987961.0,3975.0,1300
2024,Property Damage Accident,20:38,2024-02-27,Tuesday,Y,Dark-Road Lighted,FISHKILL,LEFT TURN (0),DUTCHESS,Straight and Level,Rain,Traffic Signal,Wet,,Not Applicable,"Other Motor Vehicle, Collision With",2,299256,36027,1695,0.8,5987961.0,3975.0,1300
2024,Property Damage Accident,17:55,2024-02-27,Tuesday,Y,Dusk,MILLBROOK,OTHER,DUTCHESS,Straight and Level,Clear,,Dry,82 82011195,Not Applicable,Deer,1,299256,36027,1695,0.8,5987961.0,3975.0,1300
2024,Property Damage & Injury Accident,18:00,2024-02-27,Tuesday,Y,Dark-Road Lighted,MIDDLETOWN,RIGHT ANGLE,ORANGE,Straight at Hill Crest,Rain,Stop Sign,Wet,17M83012010,Not Applicable,"Other Motor Vehicle, Collision With",2,415088,36071,4753,2.6,13857119.0,5167.5,1527
2024,Property Damage & Injury Accident,13:45,2024-02-27,Tuesday,Y,Daylight,NEWBURGH,LEFT TURN (3),ORANGE,Straight and Level,Clear,Traffic Signal,Dry,17K83012007,Not Applicable,"Other Motor Vehicle, Collision With",2,415088,36071,4753,2.6,13857119.0,5167.5,1527
2024,Property Damage & Injury Accident,12:27,2024-02-27,Tuesday,Y,Daylight,NEWBURGH,REAR END,ORANGE,Straight and Level,Clear,,Dry,32 83013009,Not Applicable,"Other Motor Vehicle, Collision With",2,415088,36071,4753,2.6,13857119.0,5167.5,1527
2024,Property Damage Accident,11:54,2024-02-27,Tuesday,Y,Daylight,PORT JERVIS,LEFT TURN (3),ORANGE,Straight and Level,Clear,Stop Sign,Dry,,Not Applicable,"Other Motor Vehicle, Collision With",2,415088,36071,4753,2.6,13857119.0,5167.5,1527
2024,Property Damage Accident,21:40,2024-02-27,Tuesday,Y,Dark-Road Unlighted,CRAWFORD,OTHER,ORANGE,Straight and Level,Rain,,Wet,302 83011064,Not Applicable,"Animal, Collision With",1,415088,36071,4753,2.6,13857119.0,5167.5,1527
2024,Property Damage Accident,14:00,2024-02-27,Tuesday,Y,Daylight,BLOOMING GROVE,LEFT TURN (3),ORANGE,Straight and Grade,Cloudy,Stop Sign,Dry,17M83013152,Not Applicable,"Other Motor Vehicle, Collision With",2,415088,36071,4753,2.6,13857119.0,5167.5,1527
2024,Property Damage Accident,20:15,2024-02-27,Tuesday,Y,Dark-Road Unlighted,PUTNAM VALLEY,OTHER,PUTNAM,Straight and Level,Rain,,Wet,987G84021003,Not Applicable,"Guide Rail - Not At End, Collision With Fixed Object",1,98842,36079,509,0.7,2746105.0,4089.2,375
2024,Property Damage Accident,7:51,2024-02-27,Tuesday,Y,Daylight,CARMEL,OTHER,PUTNAM,Curve and Level,Clear,No Passing Zone,Dry,6 84041007,Not Applicable,"Other Motor Vehicle, Collision With",3,98842,36079,509,0.7,2746105.0,4089.2,375
2024,Property Damage Accident,18:01,2024-02-27,Tuesday,Y,Dark-Road Lighted,NEW HEMPSTEAD,LEFT TURN (0),ROCKLAND,Straight at Hill Crest,Rain,Stop Sign,Wet,,Not Applicable,"Other Motor Vehicle, Collision With",2,354829,36087,259,0.3,7336134.0,9989.2,886
2024,Property Damage Accident,14:21,2024-02-27,Tuesday,Y,Daylight,SPRING VALLEY,LEFT TURN (3),ROCKLAND,Straight and Level,Clear,Stop Sign,Dry,,Not Applicable,"Other Motor Vehicle, Collision With",2,354829,36087,259,0.3,7336134.0,9989.2,886
2024,Injury Accident,18:22,2024-02-27,Tuesday,Y,Dark-Road Lighted,CLARKSTOWN,HEAD ON,ROCKLAND,Straight and Level,Rain,Traffic Signal,Wet,,Not Applicable,"Other Motor Vehicle, Collision With",2,354829,36087,259,0.3,7336134.0,9989.2,886
2024,Property Damage & Injury Accident,12:44,2024-02-27,Tuesday,Y,Daylight,RAMAPO,OTHER,ROCKLAND,Straight and Level,Clear,,Dry,17 85111040,Not Applicable,"Other Motor Vehicle, Collision With",4,354829,36087,259,0.3,7336134.0,9989.2,886
2024,Property Damage Accident,9:16,2024-02-27,Tuesday,Y,Daylight,RAMAPO,REAR END,ROCKLAND,Straight and Level,Clear,,Dry,306 85011011,Not Applicable,"Other Motor Vehicle, Collision With",2,354829,36087,259,0.3,7336134.0,9989.2,886
2024,Property Damage Accident,8:48,2024-02-27,Tuesday,Y,Daylight,ULSTER,OTHER,ULSTER,Straight and Level,Clear,,Dry,,Not Applicable,"Guide Rail - End, Collision With Fixed Object",1,183095,36111,3565,1.2,6410502.0,3939.4,999
2024,Property Damage Accident,9:30,2024-02-27,Tuesday,Y,Daylight,KINGSTON,RIGHT ANGLE,ULSTER,Straight and Level,Clear,Stop Sign,Dry,,Not Applicable,"Other Motor Vehicle, Collision With",2,183095,36111,3565,1.2,6410502.0,3939.4,999
2024,Property Damage Accident,11:12,2024-02-27,Tuesday,Y,Daylight,NEW PALTZ,REAR END,ULSTER,Straight and Grade,Clear,,Dry,,Not Applicable,"Other Motor Vehicle, Collision With",2,183095,36111,3565,1.2,6410502.0,3939.4,999
2024,Property Damage Accident,13:56,2024-02-27,Tuesday,Y,Daylight,ULSTER,RIGHT TURN (5),ULSTER,Curve and Level,Clear,,Dry,981K86012003,Not Applicable,"Other Motor Vehicle, Collision With",2,183095,36111,3565,1.2,6410502.0,3939.4,999
2024,Property Damage Accident,13:57,2024-02-27,Tuesday,Y,Daylight,ULSTER,OVERTAKING,ULSTER,Curve and Level,Cloudy,Other,Dry,28 86012006,Not Applicable,"Other Motor Vehicle, Collision With",2,183095,36111,3565,1.2,6410502.0,3939.4,999
2024,Property Damage Accident,12:51,2024-02-27,Tuesday,Y,Daylight,SAUGERTIES,OTHER,ULSTER,Straight and Level,Clear,,Dry,,Not Applicable,"Building/Wall, Collision With Fixed Object",1,183095,36111,3565,1.2,6410502.0,3939.4,999
2024,Property Damage Accident,20:14,2024-02-27,Tuesday,N,Daylight,DOBBS FERRY,Unknown,WESTCHESTER,Straight and Grade,Clear,,Dry,,Not Applicable,"Other Motor Vehicle, Collision With",2,1009165,36119,850,0.8,18110248.0,6143.2,3354
2024,Property Damage Accident,8:45,2024-02-27,Tuesday,Y,Daylight,WHITE PLAINS,OVERTAKING,WESTCHESTER,Straight and Level,Cloudy,Traffic Signal,Dry,22 87023013,Not Applicable,"Other Motor Vehicle, Collision With",2,1009165,36119,850,0.8,18110248.0,6143.2,3354
2024,Property Damage Accident,14:56,2024-02-27,Tuesday,Y,Daylight,WHITE PLAINS,REAR END,WESTCHESTER,Straight and Grade,Clear,Traffic Signal,Dry,,Not Applicable,"Other Motor Vehicle, Collision With",2,1009165,36119,850,0.8,18110248.0,6143.2,3354
2024,Property Damage Accident,3:00,2024-02-27,Tuesday,Y,Dark-Road Lighted,YONKERS,OTHER,WESTCHESTER,Curve at Hill Crest,Cloudy,,Dry,,Not Applicable,"Tree, Collision With Fixed Object",1,1009165,36119,850,0.8,18110248.0,6143.2,3354
2024,Property Damage Accident,20:42,2024-02-27,Tuesday,Y,Dark-Road Unlighted,HARRISON,OTHER,WESTCHESTER,Straight and Level,Rain,,Wet,,Not Applicable,"Guide Rail - Not At End, Collision With Fixed Object",1,1009165,36119,850,0.8,18110248.0,6143.2,3354
2024,Property Damage Accident,12:35,2024-02-27,Tuesday,Y,Daylight,GREENBURGH,RIGHT ANGLE,WESTCHESTER,Straight and Level,Clear,,Dry,,Not Applicable,"Other Motor Vehicle, Collision With",2,1009165,36119,850,0.8,18110248.0,6143.2,3354
2024,Property Damage Accident,22:58,2024-02-27,Tuesday,Y,Dark-Road Unlighted,NEW ROCHELLE,OTHER,WESTCHESTER,Straight and Level,Rain,,Wet,,Not Applicable,"Bridge Structure, Collision With Fixed Object",1,1009165,36119,850,0.8,18110248.0,6143.2,3354
2024,Property Damage Accident,16:40,2024-02-27,Tuesday,Y,Daylight,PORT CHESTER,RIGHT ANGLE,WESTCHESTER,Straight and Level,Clear,Stop Sign,Dry,120A87011029,Not Applicable,"Other Motor Vehicle, Collision With",2,1009165,36119,850,0.8,18110248.0,6143.2,3354
2024,Property Damage & Injury Accident,20:52,2024-02-28,Wednesday,Y,Dark-Road Unlighted,FISHKILL,OTHER,DUTCHESS,Straight and Level,Rain,,Wet,84I82021056,Not Applicable,"Guide Rail - Not At End, Collision With Fixed Object",1,299256,36027,1695,0.8,5987961.0,3975.0,1300
2024,Property Damage & Injury Accident,23:27,2024-02-28,Wednesday,Y,Dark-Road Lighted,WAPPINGER FALLS,REAR END,DUTCHESS,Straight and Level,Rain,Traffic Signal,Wet,9 82051079,Not Applicable,"Other Motor Vehicle, Collision With",2,299256,36027,1695,0.8,5987961.0,3975.0,1300
2024,Property Damage & Injury Accident,11:51,2024-02-28,Wednesday,Y,Daylight,CLINTON,OTHER,DUTCHESS,Straight and Level,Cloudy,,Wet,987G82031240,Not Applicable,"Guide Rail - End, Collision With Fixed Object",1,299256,36027,1695,0.8,5987961.0,3975.0,1300
2024,Property Damage & Injury Accident,18:05,2024-02-28,Wednesday,Y,Dark-Road Lighted,POUGHKEEPSIE,RIGHT ANGLE,DUTCHESS,Straight and Level,Clear,Stop Sign,Wet,984A82011003,Not Applicable,"Other Motor Vehicle, Collision With",2,299256,36027,1695,0.8,5987961.0,3975.0,1300
2024,Property Damage Accident,17:10,2024-02-28,Wednesday,Y,Daylight,HYDE PARK,LEFT TURN (3),DUTCHESS,Straight and Level,Cloudy,Yield Sign,Wet,115 82012043,Not Applicable,"Other Motor Vehicle, Collision With",2,299256,36027,1695,0.8,5987961.0,3975.0,1300
2024,Injury Accident,16:55,2024-02-28,Wednesday,Y,Daylight,FISHKILL,REAR END,DUTCHESS,Curve and Grade,Rain,Traffic Signal,Wet,,Not Applicable,"Other Motor Vehicle, Collision With",2,299256,36027,1695,0.8,5987961.0,3975.0,1300
2024,Property Damage Accident,21:30,2024-02-28,Wednesday,Y,Dark-Road Unlighted,WARWICK,OTHER,ORANGE,Straight and Level,Cloudy,No Passing Zone,Wet,,Not Applicable,"Tree, Collision With Fixed Object",1,415088,36071,4753,2.6,13857119.0,5167.5,1527
2024,Property Damage Accident,11:37,2024-02-28,Wednesday,Y,Daylight,NEWBURGH,RIGHT ANGLE,ORANGE,Straight and Grade,Clear,Stop Sign,Dry,,Not Applicable,"Other Motor Vehicle, Collision With",2,415088,36071,4753,2.6,13857119.0,5167.5,1527
2024,Property Damage Accident,15:54,2024-02-28,Wednesday,Y,Daylight,WOODBURY,Unknown,ORANGE,Straight and Level,Rain,Traffic Signal,Wet,32 83011002,Not Applicable,"Other Motor Vehicle, Collision With",2,415088,36071,4753,2.6,13857119.0,5167.5,1527
2024,Property Damage Accident,14:45,2024-02-28,Wednesday,Y,Daylight,MONROE,LEFT TURN (3),ORANGE,Curve and Grade,Rain,Traffic Signal,Wet,,Not Applicable,"Other Motor Vehicle, Collision With",2,415088,36071,4753,2.6,13857119.0,5167.5,1527
2024,Property Damage Accident,16:49,2024-02-28,Wednesday,Y,Daylight,MONTGOMERY,REAR END,ORANGE,Straight and Level,Cloudy,,Dry,747 83011034,Not Applicable,"Other Motor Vehicle, Collision With",2,415088,36071,4753,2.6,13857119.0,5167.5,1527
2024,Property Damage & Injury Accident,6:30,2024-02-28,Wednesday,Y,Dawn,MIDDLETOWN,OTHER,ORANGE,Straight and Level,Clear,,Dry,17M83012016,Not Applicable,"Other Fixed Object*, Collision With Fixed Object",1,415088,36071,4753,2.6,13857119.0,5167.5,1527
2024,Property Damage & Injury Accident,21:30,2024-02-28,Wednesday,Y,Dark-Road Lighted,WAWAYANDA,OTHER,ORANGE,Straight and Level,Rain,,Wet,6 83012106,Not Applicable,"Earth Embankment/Rock Cut/Ditch, Collision With Fixed Object",1,415088,36071,4753,2.6,13857119.0,5167.5,1527
2024,Property Damage Accident,9:00,2024-02-28,Wednesday,Y,Daylight,WEST HAVERSTRAW,REAR END,ROCKLAND,Straight and Level,Rain,Traffic Signal,Wet,,Not Applicable,"Other Motor Vehicle, Collision With",2,354829,36087,259,0.3,7336134.0,9989.2,886
2024,Property Damage Accident,9:45,2024-02-28,Wednesday,N,Dark-Road Unlighted,,OTHER,ROCKLAND,Straight and Level,Rain,,Wet,,Not Applicable,"Other Object (Not Fixed)*, Collision With",1,354829,36087,259,0.3,7336134.0,9989.2,886
2024,Property Damage & Injury Accident,17:00,2024-02-28,Wednesday,Y,Dark-Road Lighted,,RIGHT ANGLE,ROCKLAND,Straight and Level,Rain,Traffic Signal,Wet,,Not Applicable,"Other Motor Vehicle, Collision With",2,354829,36087,259,0.3,7336134.0,9989.2,886
2024,Property Damage Accident,8:21,2024-02-28,Wednesday,Y,Daylight,MONTEBELLO,REAR END,ROCKLAND,Straight and Level,Rain,Traffic Signal,Wet,,Not Applicable,"Other Motor Vehicle, Collision With",2,354829,36087,259,0.3,7336134.0,9989.2,886
2024,Property Damage Accident,17:07,2024-02-28,Wednesday,Y,Daylight,KINGSTON,REAR END,ULSTER,Straight at Hill Crest,Rain,No Passing Zone,Wet,,Not Applicable,"Other Motor Vehicle, Collision With",2,183095,36111,3565,1.2,6410502.0,3939.4,999
2024,Property Damage Accident,8:46,2024-02-28,Wednesday,Y,Daylight,SHAWANGUNK,RIGHT ANGLE,ULSTER,Straight and Level,Rain,Stop Sign,Wet,52 86021178,Not Applicable,"Other Motor Vehicle, Collision With",2,183095,36111,3565,1.2,6410502.0,3939.4,999
2024,Property Damage Accident,20:20,2024-02-28,Wednesday,Y,Dark-Road Unlighted,WOODSTOCK,OTHER,ULSTER,Curve and Grade,Rain,,Wet,,Not Applicable,"Earth Embankment/Rock Cut/Ditch, Collision With Fixed Object",1,183095,36111,3565,1.2,6410502.0,3939.4,999
2024,Property Damage Accident,8:02,2024-02-28,Wednesday,Y,Daylight,NEW ROCHELLE,HEAD ON,WESTCHESTER,Straight and Level,Rain,Stop Sign,Wet,,Not Applicable,"Other Motor Vehicle, Collision With",2,1009165,36119,850,0.8,18110248.0,6143.2,3354
2024,Property Damage & Injury Accident,7:06,2024-02-28,Wednesday,Y,Daylight,YONKERS,OVERTAKING,WESTCHESTER,Straight and Grade,Cloudy,,Wet,,Not Applicable,"Other Motor Vehicle, Collision With",2,1009165,36119,850,0.8,18110248.0,6143.2,3354
2024,Property Damage Accident,12:14,2024-02-28,Wednesday,Y,Daylight,MOUNT PLEASANT,OTHER,WESTCHESTER,Curve and Level,Rain,,Wet,987F87012084,Not Applicable,"Guide Rail - Not At End, Collision With Fixed Object",1,1009165,36119,850,0.8,18110248.0,6143.2,3354
2024,Property Damage Accident,7:40,2024-02-28,Wednesday,Y,Daylight,NEW ROCHELLE,LEFT TURN (3),WESTCHESTER,Straight and Level,Cloudy,Traffic Signal,Wet,,Not Applicable,"Other Motor Vehicle, Collision With",2,1009165,36119,850,0.8,18110248.0,6143.2,3354
2024,Property Damage & Injury Accident,6:35,2024-02-28,Wednesday,Y,Daylight,YONKERS,OTHER,WESTCHESTER,Straight and Level,Cloudy,Traffic Signal,Wet,100 87011011,Not Applicable,"Other Motor Vehicle, Collision With",3,1009165,36119,850,0.8,18110248.0,6143.2,3354