year,accident_descriptor,time,date,day_of_week,police_report,lighting_conditions,municipality,collision_type_descriptor,county_name,road_descriptor,weather_conditions,traffic_control_device,road_surface_conditions,dot_reference_marker_location,pedestrian_bicyclist_action,event_descriptor,number_of_vehicles_involved,county_population_2024,county_fips,county_deer_take_2024,county_antlerless_deer_per_sqmi_2024,county_daily_vmt_2019,county_mean_aadt_2019,county_aadt_segments_2019
2024,Property Damage Accident,15:13,2024-02-28,Wednesday,Y,Daylight,NEW ROCHELLE,OTHER,WESTCHESTER,Straight and Level,Rain,,Wet,,Not Applicable,"Other Motor Vehicle, Collision With",2,1009165,36119,850,0.8,18110248.0,6143.2,3354
2024,Property Damage Accident,17:50,2024-02-28,Wednesday,Y,Dark-Road Unlighted,YORKTOWN,REAR END,WESTCHESTER,Straight and Level,Rain,Traffic Signal,Wet,100 87014162,Not Applicable,"Other Motor Vehicle, Collision With",2,1009165,36119,850,0.8,18110248.0,6143.2,3354
2024,Property Damage & Injury Accident,15:46,2024-02-28,Wednesday,Y,Daylight,YORKTOWN,Unknown,WESTCHESTER,Straight and Level,Clear,,Dry,35 87012023,Not Applicable,"Other Motor Vehicle, Collision With",2,1009165,36119,850,0.8,18110248.0,6143.2,3354
2024,Property Damage Accident,15:34,2024-02-28,Wednesday,Y,Daylight,NEW ROCHELLE,REAR END,WESTCHESTER,Straight and Level,Rain,,Wet,,Not Applicable,"Other Motor Vehicle, Collision With",2,1009165,36119,850,0.8,18110248.0,6143.2,3354
2024,Property Damage & Injury Accident,17:26,2024-02-28,Wednesday,Y,Daylight,NEW ROCHELLE,OTHER,WESTCHESTER,Straight and Level,Rain,,Wet,,Not Applicable,"Other Motor Vehicle, Collision With",3,1009165,36119,850,0.8,18110248.0,6143.2,3354
2024,Injury Accident,19:09,2024-02-28,Wednesday,Y,Dusk,RYE,OTHER,WESTCHESTER,Straight and Grade,Clear,,Dry,,"Crossing, No Signal or Crosswalk","Pedestrian, Collision With",1,1009165,36119,850,0.8,18110248.0,6143.2,3354
2024,Property Damage & Injury Accident,20:42,2024-02-28,Wednesday,Y,Dark-Road Lighted,GREENBURGH,RIGHT ANGLE,WESTCHESTER,Straight and Level,Rain,Traffic Signal,Wet,,Not Applicable,"Other Motor Vehicle, Collision With",2,1009165,36119,850,0.8,18110248.0,6143.2,3354
2024,Property Damage Accident,10:30,2024-02-28,Wednesday,N,Daylight,GREENBURGH,Unknown,WESTCHESTER,Straight and Level,Rain,,Wet,,Not Applicable,"Other Motor Vehicle, Collision With",2,1009165,36119,850,0.8,18110248.0,6143.2,3354
2024,Property Damage Accident,8:24,2024-02-28,Wednesday,Y,Daylight,GREENBURGH,REAR END,WESTCHESTER,Straight and Level,Rain,Traffic Signal,Wet,9A87032069,Not Applicable,"Other Motor Vehicle, Collision With",2,1009165,36119,850,0.8,18110248.0,6143.2,3354
2024,Property Damage Accident,8:35,2024-02-28,Wednesday,Y,Daylight,BEDFORD,SIDESWIPE,WESTCHESTER,Straight and Level,Rain,Stop Sign,Wet,117 87011147,Not Applicable,"Other Motor Vehicle, Collision With",2,1009165,36119,850,0.8,18110248.0,6143.2,3354
2024,Property Damage Accident,15:01,2024-02-28,Wednesday,Y,Daylight,SLEEPY HOLLOW,SIDESWIPE,WESTCHESTER,Curve at Hill Crest,Rain,Unknown,Wet,9 87032080,Not Applicable,"Other Motor Vehicle, Collision With",2,1009165,36119,850,0.8,18110248.0,6143.2,3354
2024,Property Damage Accident,16:25,2024-02-29,Thursday,Y,Daylight,POUGHKEEPSIE,REAR END,DUTCHESS,Straight and Level,Clear,Traffic Signal,Dry,9 82051131,Not Applicable,"Other Motor Vehicle, Collision With",2,299256,36027,1695,0.8,5987961.0,3975.0,1300
2024,Property Damage Accident,12:59,2024-02-29,Thursday,Y,Daylight,POUGHKEEPSIE,OVERTAKING,DUTCHESS,Straight and Level,Clear,Traffic Signal,Dry,44 82021009,Not Applicable,"Other Motor Vehicle, Collision With",2,299256,36027,1695,0.8,5987961.0,3975.0,1300
2024,Property Damage Accident,7:37,2024-02-29,Thursday,Y,Daylight,EAST FISHKILL,REAR END,DUTCHESS,Straight and Level,Clear,,Dry,84I82021152,Not Applicable,"Other Motor Vehicle, Collision With",2,299256,36027,1695,0.8,5987961.0,3975.0,1300
2024,Property Damage Accident,10:54,2024-02-29,Thursday,Y,Daylight,POUGHKEEPSIE,RIGHT ANGLE,DUTCHESS,Straight and Level,Clear,,Dry,,Not Applicable,"Other Motor Vehicle, Collision With",2,299256,36027,1695,0.8,5987961.0,3975.0,1300
2024,Property Damage & Injury Accident,10:27,2024-02-29,Thursday,Y,Daylight,EAST FISHKILL,RIGHT ANGLE,DUTCHESS,Straight and Level,Clear,Stop Sign,Dry,,Not Applicable,"Other Motor Vehicle, Collision With",2,299256,36027,1695,0.8,5987961.0,3975.0,1300
2024,Property Damage Accident,7:50,2024-02-29,Thursday,Y,Daylight,MONTGOMERY,REAR END,ORANGE,Straight and Level,Clear,,Dry,84I83011296,Not Applicable,"Other Motor Vehicle, Collision With",2,415088,36071,4753,2.6,13857119.0,5167.5,1527
2024,Property Damage & Injury Accident,16:29,2024-02-29,Thursday,Y,Daylight,NEWBURGH,OTHER,ORANGE,Straight and Level,Clear,,Dry,300 83021074,Not Applicable,"Other Motor Vehicle, Collision With",2,415088,36071,4753,2.6,13857119.0,5167.5,1527
2024,Property Damage Accident,21:40,2024-02-29,Thursday,Y,Dark-Road Unlighted,WALLKILL,OTHER,ORANGE,Straight and Level,Clear,,Dry,17K83011018,Not Applicable,"Tree, Collision With Fixed Object",1,415088,36071,4753,2.6,13857119.0,5167.5,1527
2024,Property Damage Accident,17:20,2024-02-29,Thursday,Y,Daylight,WAWAYANDA,OTHER,ORANGE,Straight and Level,Cloudy,,Dry,6 83012149,Not Applicable,"Tree, Collision With Fixed Object",1,415088,36071,4753,2.6,13857119.0,5167.5,1527
2024,Property Damage Accident,16:55,2024-02-29,Thursday,Y,Daylight,WOODBURY,REAR END,ORANGE,Straight and Level,Clear,Yield Sign,Dry,6 83012402,Not Applicable,"Other Motor Vehicle, Collision With",2,415088,36071,4753,2.6,13857119.0,5167.5,1527
2024,Property Damage Accident,15:20,2024-02-29,Thursday,Y,Daylight,NEW WINDSOR,RIGHT ANGLE,ORANGE,Straight and Grade,Clear,,Dry,32 83011132,Not Applicable,"Other Motor Vehicle, Collision With",2,415088,36071,4753,2.6,13857119.0,5167.5,1527
2024,Property Damage Accident,13:20,2024-02-29,Thursday,Y,Daylight,PORT JERVIS,OTHER,ORANGE,Straight and Level,Cloudy,,Dry,,Not Applicable,"Other Fixed Object*, Collision With Fixed Object",1,415088,36071,4753,2.6,13857119.0,5167.5,1527
2024,Property Damage Accident,0:20,2024-02-29,Thursday,Y,Dark-Road Unlighted,RAMAPO,OTHER,ROCKLAND,Straight and Level,Clear,,Wet,987C85011139,Not Applicable,"Tree, Collision With Fixed Object",1,354829,36087,259,0.3,7336134.0,9989.2,886
2024,Property Damage Accident,8:21,2024-02-29,Thursday,Y,Daylight,CLARKSTOWN,SIDESWIPE,ROCKLAND,Straight and Level,Cloudy,,Dry,,Not Applicable,"Other Motor Vehicle, Collision With",2,354829,36087,259,0.3,7336134.0,9989.2,886
2024,Property Damage Accident,14:18,2024-02-29,Thursday,Y,Daylight,CLARKSTOWN,OTHER,ROCKLAND,Straight and Level,Clear,,Dry,,Not Applicable,"Light Support/Utility Pole, Collision With Fixed Object",1,354829,36087,259,0.3,7336134.0,9989.2,886
2024,Property Damage Accident,9:48,2024-02-29,Thursday,Y,Daylight,RAMAPO,RIGHT ANGLE,ROCKLAND,Straight and Level,Clear,Stop Sign,Dry,,Not Applicable,"Other Motor Vehicle, Collision With",2,354829,36087,259,0.3,7336134.0,9989.2,886
2024,Property Damage Accident,13:52,2024-02-29,Thursday,Y,Daylight,RAMAPO,OVERTAKING,ROCKLAND,Straight and Level,Cloudy,,Dry,17 85111038,Not Applicable,"Other Motor Vehicle, Collision With",2,354829,36087,259,0.3,7336134.0,9989.2,886
2024,Property Damage Accident,9:37,2024-02-29,Thursday,Y,Daylight,SLOATSBURG,SIDESWIPE,ROCKLAND,Straight and Level,Clear,,Dry,,Not Applicable,"Other Motor Vehicle, Collision With",2,354829,36087,259,0.3,7336134.0,9989.2,886
2024,Property Damage Accident,21:25,2024-02-29,Thursday,Y,Dark-Road Unlighted,CLARKSTOWN,OTHER,ROCKLAND,Straight and Grade,Clear,,Dry,,Not Applicable,Deer,1,354829,36087,259,0.3,7336134.0,9989.2,886
2024,Property Damage Accident,14:35,2024-02-29,Thursday,Y,Daylight,,LEFT TURN (3),ROCKLAND,Straight and Level,Clear,Stop Sign,Dry,,Not Applicable,"Other Motor Vehicle, Collision With",2,354829,36087,259,0.3,7336134.0,9989.2,886
2024,Property Damage Accident,8:10,2024-02-29,Thursday,Y,Daylight,KINGSTON,HEAD ON,ULSTER,Straight and Level,Clear,Stop Sign,Dry,,Not Applicable,"Other Motor Vehicle, Collision With",2,183095,36111,3565,1.2,6410502.0,3939.4,999
2024,Property Damage Accident,16:48,2024-02-29,Thursday,Y,Daylight,ULSTER,OVERTAKING,ULSTER,Straight and Level,Cloudy,,Dry,,Not Applicable,"Other Motor Vehicle, Collision With",2,183095,36111,3565,1.2,6410502.0,3939.4,999
2024,Property Damage Accident,18:30,2024-02-29,Thursday,Y,Dark-Road Lighted,OSSINING,LEFT TURN (3),WESTCHESTER,Straight and Level,Clear,Stop Sign,Dry,,Not Applicable,"Other Motor Vehicle, Collision With",2,1009165,36119,850,0.8,18110248.0,6143.2,3354
2024,Property Damage Accident,23:00,2024-02-29,Thursday,Y,Dark-Road Lighted,GREENBURGH,OTHER,WESTCHESTER,Straight and Level,Clear,Other,Dry,100A87011041,Not Applicable,"Fence, Collision With Fixed Object",1,1009165,36119,850,0.8,18110248.0,6143.2,3354
2024,Property Damage Accident,19:33,2024-02-29,Thursday,Y,Dark-Road Unlighted,CORTLANDT,REAR END,WESTCHESTER,Straight and Level,Clear,,Dry,6 87033020,Not Applicable,"Other Motor Vehicle, Collision With",2,1009165,36119,850,0.8,18110248.0,6143.2,3354
2024,Injury Accident,19:07,2024-02-29,Thursday,Y,Dark-Road Lighted,WHITE PLAINS,OTHER,WESTCHESTER,Straight and Level,Clear,Traffic Signal,Dry,,"Crossing, With Signal","Pedestrian, Collision With",1,1009165,36119,850,0.8,18110248.0,6143.2,3354
2024,Property Damage Accident,8:34,2024-02-29,Thursday,Y,Daylight,PELHAM,REAR END,WESTCHESTER,Straight and Level,Clear,,Dry,,Not Applicable,"Other Motor Vehicle, Collision With",2,1009165,36119,850,0.8,18110248.0,6143.2,3354
2024,Property Damage & Injury Accident,15:38,2024-02-29,Thursday,Y,Daylight,TARRYTOWN,OVERTAKING,WESTCHESTER,Straight and Level,Clear,,Dry,9 87032065,Not Applicable,"Other Motor Vehicle, Collision With",2,1009165,36119,850,0.8,18110248.0,6143.2,3354
2024,Property Damage Accident,4:36,2024-02-29,Thursday,Y,Dark-Road Lighted,NEW ROCHELLE,OTHER,WESTCHESTER,Straight and Level,Clear,,Dry,,Not Applicable,"Light Support/Utility Pole, Collision With Fixed Object",1,1009165,36119,850,0.8,18110248.0,6143.2,3354
2024,Property Damage Accident,16:43,2024-02-29,Thursday,Y,Daylight,OSSINING,OTHER,WESTCHESTER,Straight and Level,Clear,Traffic Signal,Dry,,Not Applicable,"Other Motor Vehicle, Collision With",3,1009165,36119,850,0.8,18110248.0,6143.2,3354
2024,Property Damage & Injury Accident,18:35,2024-02-29,Thursday,Y,Dark-Road Unlighted,HARRISON,REAR END,WESTCHESTER,Straight and Level,Clear,Yield Sign,Dry,,Not Applicable,"Other Motor Vehicle, Collision With",2,1009165,36119,850,0.8,18110248.0,6143.2,3354
2024,Property Damage Accident,16:05,2024-02-29,Thursday,Y,Daylight,MOUNT PLEASANT,REAR END,WESTCHESTER,Straight and Level,Clear,,Dry,100 87014065,Not Applicable,"Other Motor Vehicle, Collision With",2,1009165,36119,850,0.8,18110248.0,6143.2,3354
2024,Property Damage Accident,14:18,2024-02-29,Thursday,Y,Daylight,MOUNT KISCO,OVERTAKING,WESTCHESTER,Straight and Level,Cloudy,,Dry,,Not Applicable,"Other Motor Vehicle, Collision With",2,1009165,36119,850,0.8,18110248.0,6143.2,3354
2024,Property Damage Accident,1:06,2024-02-29,Thursday,Y,Dark-Road Unlighted,CORTLANDT,OTHER,WESTCHESTER,Straight and Level,Cloudy,,Wet,9 87032200,Not Applicable,"Tree, Collision With Fixed Object",1,1009165,36119,850,0.8,18110248.0,6143.2,3354
2024,Property Damage Accident,13:21,2024-02-29,Thursday,Y,Daylight,MOUNT KISCO,REAR END,WESTCHESTER,Straight and Level,Clear,,Dry,,Not Applicable,"Other Motor Vehicle, Collision With",2,1009165,36119,850,0.8,18110248.0,6143.2,3354
2024,Property Damage Accident,22:42,2024-02-29,Thursday,Y,Dark-Road Unlighted,WHITE PLAINS,OTHER,WESTCHESTER,Straight and Level,Clear,,Dry,287I87011046,Not Applicable,"Other Object (Not Fixed)*, Collision With",1,1009165,36119,850,0.8,18110248.0,6143.2,3354
2024,Property Damage & Injury Accident,14:30,2024-02-29,Thursday,Y,Daylight,MOUNT KISCO,OTHER,WESTCHESTER,Straight and Level,Clear,Traffic Signal,Dry,117 87011102,Not Applicable,"Other Motor Vehicle, Collision With",3,1009165,36119,850,0.8,18110248.0,6143.2,3354
2024,Property Damage Accident,7:30,2024-02-29,Thursday,N,Daylight,,REAR END,WESTCHESTER,Straight and Level,Clear,,Dry,,Not Applicable,"Other Motor Vehicle, Collision With",2,1009165,36119,850,0.8,18110248.0,6143.2,3354
2024,Property Damage Accident,7:28,2024-03-01,Friday,Y,Dawn,LA GRANGE,OTHER,DUTCHESS,Straight and Level,Clear,No Passing Zone,Dry,,Not Applicable,"Curbing, Collision With Fixed Object",1,299256,36027,1695,0.8,5987961.0,3975.0,1300
2024,Property Damage Accident,22:26,2024-03-01,Friday,Y,Dark-Road Unlighted,EAST FISHKILL,OTHER,DUTCHESS,Straight and Level,Cloudy,,Dry,84I82021179,Not Applicable,"Earth Embankment/Rock Cut/Ditch, Collision With Fixed Object",1,299256,36027,1695,0.8,5987961.0,3975.0,1300
2024,Property Damage Accident,14:44,2024-03-01,Friday,Y,Daylight,FISHKILL,REAR END,DUTCHESS,Straight and Level,Clear,Traffic Signal,Dry,,Not Applicable,"Other Motor Vehicle, Collision With",2,299256,36027,1695,0.8,5987961.0,3975.0,1300
2024,Property Damage Accident,8:13,2024-03-01,Friday,Y,Dark-Road Lighted,POUGHKEEPSIE,OTHER,DUTCHESS,Straight and Grade,Clear,Other,Dry,,Not Applicable,"Other Motor Vehicle, Collision With",2,299256,36027,1695,0.8,5987961.0,3975.0,1300
2024,Property Damage Accident,16:10,2024-03-01,Friday,Y,Daylight,POUGHKEEPSIE,OVERTAKING,DUTCHESS,Straight and Level,Clear,,Dry,9 82052009,Not Applicable,"Other Motor Vehicle, Collision With",2,299256,36027,1695,0.8,5987961.0,3975.0,1300
2024,Property Damage Accident,12:48,2024-03-01,Friday,Y,Daylight,PAWLING,REAR END,DUTCHESS,Straight and Grade,Clear,,Dry,55 82032193,Not Applicable,"Other Motor Vehicle, Collision With",2,299256,36027,1695,0.8,5987961.0,3975.0,1300
2024,Property Damage Accident,15:06,2024-03-01,Friday,Y,Daylight,WALLKILL,REAR END,ORANGE,Straight and Level,Clear,,Dry,17 83101076,Not Applicable,"Other Motor Vehicle, Collision With",2,415088,36071,4753,2.6,13857119.0,5167.5,1527
2024,Property Damage Accident,11:20,2024-03-01,Friday,Y,Daylight,NEWBURGH,RIGHT ANGLE,ORANGE,Straight and Level,Clear,Stop Sign,Dry,,Not Applicable,"Other Motor Vehicle, Collision With",2,415088,36071,4753,2.6,13857119.0,5167.5,1527
2024,Property Damage Accident,15:46,2024-03-01,Friday,Y,Daylight,NEWBURGH,RIGHT ANGLE,ORANGE,Straight and Level,Clear,,Dry,,Not Applicable,"Other Motor Vehicle, Collision With",2,415088,36071,4753,2.6,13857119.0,5167.5,1527
2024,Property Damage Accident,21:15,2024-03-01,Friday,Y,Dark-Road Unlighted,PATTERSON,OTHER,PUTNAM,Curve and Level,Clear,No Passing Zone,Dry,,Not Applicable,"Light Support/Utility Pole, Collision With Fixed Object",1,98842,36079,509,0.7,2746105.0,4089.2,375
2024,Property Damage & Injury Accident,7:15,2024-03-01,Friday,Y,Daylight,RAMAPO,REAR END,ROCKLAND,Straight and Level,Clear,,Dry,17 85111033,Not Applicable,"Other Motor Vehicle, Collision With",2,354829,36087,259,0.3,7336134.0,9989.2,886
2024,Property Damage Accident,15:12,2024-03-01,Friday,Y,Daylight,CLARKSTOWN,LEFT TURN (0),ROCKLAND,Straight and Level,Clear,,Dry,304 85011073,Not Applicable,"Other Motor Vehicle, Collision With",2,354829,36087,259,0.3,7336134.0,9989.2,886
2024,Property Damage Accident,6:40,2024-03-01,Friday,Y,Dawn,HAVERSTRAW,OTHER,ROCKLAND,Curve and Grade,Clear,,Dry,202 85011103,Not Applicable,"Animal, Collision With",1,354829,36087,259,0.3,7336134.0,9989.2,886
2024,Property Damage Accident,19:00,2024-03-01,Friday,Y,Dark-Road Lighted,HAVERSTRAW,REAR END,ROCKLAND,Straight and Level,Clear,,Dry,,Not Applicable,"Other Motor Vehicle, Collision With",2,354829,36087,259,0.3,7336134.0,9989.2,886
2024,Property Damage Accident,20:33,2024-03-01,Friday,Y,Dark-Road Lighted,SHAWANGUNK,OTHER,ULSTER,Straight and Level,Clear,,Dry,,Not Applicable,"Ran Off Roadway Only, Non-Collision",1,183095,36111,3565,1.2,6410502.0,3939.4,999
2024,Fatal Accident,21:23,2024-03-01,Friday,Y,Dark-Road Lighted,MARLBOROUGH,OTHER,ULSTER,Straight and Grade,Cloudy,No Passing Zone,Dry,9W86031015,"Crossing, No Signal or Crosswalk","Pedestrian, Collision With",2,183095,36111,3565,1.2,6410502.0,3939.4,999
2024,Property Damage Accident,1:31,2024-03-01,Friday,Y,Dark-Road Unlighted,PLATTEKILL,OTHER,ULSTER,Straight and Level,Clear,,Dry,,Not Applicable,"Guide Rail - Not At End, Collision With Fixed Object",1,183095,36111,3565,1.2,6410502.0,3939.4,999
2024,Property Damage Accident,7:21,2024-03-01,Friday,Y,Daylight,CORTLANDT,REAR END,WESTCHESTER,Straight and Level,Clear,,Dry,9 84041000,Not Applicable,"Other Motor Vehicle, Collision With",2,1009165,36119,850,0.8,18110248.0,6143.2,3354
2024,Property Damage & Injury Accident,18:41,2024-03-01,Friday,Y,Dark-Road Lighted,SCARSDALE,OTHER,WESTCHESTER,Straight and Level,Clear,Stop Sign,Dry,,Not Applicable,"Building/Wall, Collision With Fixed Object",1,1009165,36119,850,0.8,18110248.0,6143.2,3354
2024,Property Damage Accident,16:21,2024-03-01,Friday,Y,Daylight,YONKERS,OVERTAKING,WESTCHESTER,Straight and Level,Clear,,Dry,,Not Applicable,"Other Motor Vehicle, Collision With",2,1009165,36119,850,0.8,18110248.0,6143.2,3354
2024,Property Damage Accident,2:48,2024-03-01,Friday,Y,Dark-Road Lighted,NEW ROCHELLE,OTHER,WESTCHESTER,Straight at Hill Crest,Clear,Traffic Signal,Dry,,Not Applicable,"Light Support/Utility Pole, Collision With Fixed Object",1,1009165,36119,850,0.8,18110248.0,6143.2,3354
2024,Property Damage & Injury Accident,15:38,2024-03-01,Friday,Y,Daylight,YONKERS,OTHER,WESTCHESTER,Straight and Level,Clear,Traffic Signal,Dry,,Not Applicable,"Curbing, Collision With Fixed Object",1,1009165,36119,850,0.8,18110248.0,6143.2,3354
2024,Property Damage Accident,16:56,2024-03-01,Friday,Y,Daylight,EASTCHESTER,OVERTAKING,WESTCHESTER,Straight and Level,Cloudy,Traffic Signal,Dry,22 87022018,Not Applicable,"Other Motor Vehicle, Collision With",2,1009165,36119,850,0.8,18110248.0,6143.2,3354
2024,Property Damage & Injury Accident,18:34,2024-03-01,Friday,Y,Dawn,GREENBURGH,OTHER,WESTCHESTER,Straight and Level,Clear,,Dry,287I87011034,Not Applicable,"Other Motor Vehicle, Collision With",3,1009165,36119,850,0.8,18110248.0,6143.2,3354
2024,Property Damage Accident,18:32,2024-03-01,Friday,Y,Dark-Road Lighted,MAMARONECK,REAR END,WESTCHESTER,Straight and Level,Clear,,Dry,,Not Applicable,"Other Motor Vehicle, Collision With",2,1009165,36119,850,0.8,18110248.0,6143.2,3354
2024,Property Damage Accident,17:07,2024-03-01,Friday,Y,Daylight,MAMARONECK,LEFT TURN (3),WESTCHESTER,Straight and Level,Clear,,Dry,,Not Applicable,"Other Motor Vehicle, Collision With",2,1009165,36119,850,0.8,18110248.0,6143.2,3354
2024,Property Damage Accident,0:19,2024-03-01,Friday,Y,Dark-Road Unlighted,YORKTOWN,OTHER,WESTCHESTER,Straight and Level,Cloudy,,Dry,987G87011148,Not Applicable,"Guide Rail - Not At End, Collision With Fixed Object",1,1009165,36119,850,0.8,18110248.0,6143.2,3354
2024,Property Damage & Injury Accident,19:40,2024-03-01,Friday,Y,Dark-Road Lighted,SOMERS,HEAD ON,WESTCHESTER,Straight and Level,Clear,Traffic Signal,Dry,6 84041000,Not Applicable,"Other Motor Vehicle, Collision With",2,1009165,36119,850,0.8,18110248.0,6143.2,3354
2024,Property Damage Accident,14:28,2024-03-01,Friday,Y,Daylight,PLEASANTVILLE,RIGHT TURN (5),WESTCHESTER,Straight and Level,Clear,,Dry,141 87011032,Not Applicable,"Other Motor Vehicle, Collision With",2,1009165,36119,850,0.8,18110248.0,6143.2,3354
2024,Property Damage & Injury Accident,11:08,2024-03-01,Friday,Y,Daylight,MAMARONECK,RIGHT TURN (5),WESTCHESTER,Straight and Level,Clear,Traffic Signal,Dry,,Not Applicable,"Other Motor Vehicle, Collision With",2,1009165,36119,850,0.8,18110248.0,6143.2,3354
2024,Property Damage Accident,16:11,2024-03-01,Friday,Y,Daylight,SLEEPY HOLLOW,SIDESWIPE,WESTCHESTER,Straight at Hill Crest,Clear,Unknown,Dry,,Not Applicable,"Other Motor Vehicle, Collision With",2,1009165,36119,850,0.8,18110248.0,6143.2,3354
2024,Property Damage & Injury Accident,14:17,2024-03-01,Friday,Y,Daylight,PEEKSKILL,OVERTAKING,WESTCHESTER,Straight and Level,Clear,,Dry,,Not Applicable,"Other Motor Vehicle, Collision With",2,1009165,36119,850,0.8,18110248.0,6143.2,3354
2024,Property Damage Accident,10:48,2024-03-02,Saturday,Y,Daylight,POUGHKEEPSIE,REAR END,DUTCHESS,Straight and Level,Rain,Traffic Signal,Wet,,Not Applicable,"Other Motor Vehicle, Collision With",2,299256,36027,1695,0.8,5987961.0,3975.0,1300
2024,Property Damage Accident,3:35,2024-03-02,Saturday,Y,Dark-Road Unlighted,BLOOMING GROVE,OTHER,ORANGE,Straight and Level,Rain,,Wet,,Not Applicable,"Earth Embankment/Rock Cut/Ditch, Collision With Fixed Object",1,415088,36071,4753,2.6,13857119.0,5167.5,1527
2024,Property Damage & Injury Accident,22:24,2024-03-02,Saturday,Y,Dark-Road Unlighted,BLOOMING GROVE,OTHER,ORANGE,Curve and Level,Rain,,Wet,,Not Applicable,"Tree, Collision With Fixed Object",1,415088,36071,4753,2.6,13857119.0,5167.5,1527
2024,Property Damage Accident,20:39,2024-03-02,Saturday,Y,Dark-Road Lighted,WALLKILL,REAR END,ORANGE,Curve and Level,Rain,,Wet,,Not Applicable,"Other Motor Vehicle, Collision With",2,415088,36071,4753,2.6,13857119.0,5167.5,1527
2024,Property Damage Accident,21:45,2024-03-02,Saturday,Y,Dark-Road Lighted,TUXEDO,REAR END,ORANGE,Straight and Grade,Clear,,Dry,17 83101312,Not Applicable,"Other Motor Vehicle, Collision With",2,415088,36071,4753,2.6,13857119.0,5167.5,1527
2024,Property Damage Accident,17:35,2024-03-02,Saturday,Y,Daylight,GOSHEN,OVERTAKING,ORANGE,Straight and Level,Rain,,Wet,6 83012196,Not Applicable,"Other Motor Vehicle, Collision With",2,415088,36071,4753,2.6,13857119.0,5167.5,1527
2024,Property Damage Accident,20:11,2024-03-02,Saturday,Y,Dark-Road Lighted,WOODBURY,Unknown,ORANGE,Straight and Level,Rain,,Wet,,Not Applicable,"Other Motor Vehicle, Collision With",2,415088,36071,4753,2.6,13857119.0,5167.5,1527
2024,Property Damage Accident,12:48,2024-03-02,Saturday,Y,Daylight,NEWBURGH,RIGHT ANGLE,ORANGE,Straight and Level,Rain,Stop Sign,Wet,,Not Applicable,"Other Motor Vehicle, Collision With",2,415088,36071,4753,2.6,13857119.0,5167.5,1527
2024,Property Damage Accident,4:49,2024-03-02,Saturday,Y,Dark-Road Unlighted,PUTNAM VALLEY,OTHER,PUTNAM,Curve and Grade,Rain,,Wet,987G84021041,Not Applicable,"Guide Rail - Not At End, Collision With Fixed Object",1,98842,36079,509,0.7,2746105.0,4089.2,375
2024,Property Damage Accident,14:58,2024-03-02,Saturday,Y,Daylight,PUTNAM VALLEY,OTHER,PUTNAM,Curve and Grade,Rain,,Wet,987G84021098,Not Applicable,"Guide Rail - Not At End, Collision With Fixed Object",1,98842,36079,509,0.7,2746105.0,4089.2,375
2024,Property Damage Accident,14:49,2024-03-02,Saturday,Y,Daylight,CARMEL,SIDESWIPE,PUTNAM,Straight and Level,Rain,,Wet,,Not Applicable,"Other Motor Vehicle, Collision With",2,98842,36079,509,0.7,2746105.0,4089.2,375
2024,Property Damage Accident,15:38,2024-03-02,Saturday,Y,Daylight,STONY POINT,OTHER,ROCKLAND,Curve and Level,Rain,,Wet,987C85011180,Not Applicable,"Earth Embankment/Rock Cut/Ditch, Collision With Fixed Object",1,354829,36087,259,0.3,7336134.0,9989.2,886
2024,Property Damage Accident,21:41,2024-03-02,Saturday,Y,Dark-Road Unlighted,CHESTNUT RIDGE,OVERTAKING,ROCKLAND,Straight and Level,Rain,,Wet,,Not Applicable,"Other Motor Vehicle, Collision With",2,354829,36087,259,0.3,7336134.0,9989.2,886
2024,Property Damage & Injury Accident,6:53,2024-03-02,Saturday,Y,Dawn,ORANGETOWN,HEAD ON,ROCKLAND,Straight and Level,Rain,,Wet,987C85011001,Not Applicable,"Other Motor Vehicle, Collision With",2,354829,36087,259,0.3,7336134.0,9989.2,886
2024,Property Damage & Injury Accident,10:50,2024-03-02,Saturday,Y,Daylight,SPRING VALLEY,RIGHT ANGLE,ROCKLAND,Straight and Grade,Clear,Stop Sign,Dry,,Not Applicable,"Other Motor Vehicle, Collision With",2,354829,36087,259,0.3,7336134.0,9989.2,886
2024,Property Damage Accident,15:14,2024-03-02,Saturday,Y,Daylight,RAMAPO,REAR END,ROCKLAND,Straight and Level,Rain,,Wet,59 85011003,Not Applicable,"Other Motor Vehicle, Collision With",2,354829,36087,259,0.3,7336134.0,9989.2,886
2024,Property Damage Accident,19:40,2024-03-02,Saturday,Y,Dark-Road Unlighted,RAMAPO,REAR END,ROCKLAND,Straight and Level,Rain,,Wet,987C85011116,Not Applicable,"Other Motor Vehicle, Collision With",2,354829,36087,259,0.3,7336134.0,9989.2,886
2024,Property Damage Accident,17:04,2024-03-02,Saturday,Y,Daylight,SHAWANGUNK,OTHER,ULSTER,Straight and Level,Rain,,Wet,300 86011005,Not Applicable,"Animal, Collision With",1,183095,36111,3565,1.2,6410502.0,3939.4,999
2024,Property Damage Accident,18:38,2024-03-02,Saturday,Y,Dark-Road Lighted,ROSENDALE,Unknown,ULSTER,Curve and Level,Rain,,Wet,213 86011146,Not Applicable,"Other Motor Vehicle, Collision With",2,183095,36111,3565,1.2,6410502.0,3939.4,999