year,accident_descriptor,time,date,day_of_week,police_report,lighting_conditions,municipality,collision_type_descriptor,county_name,road_descriptor,weather_conditions,traffic_control_device,road_surface_conditions,dot_reference_marker_location,pedestrian_bicyclist_action,event_descriptor,number_of_vehicles_involved,county_population_2024,county_fips,county_deer_take_2024,county_antlerless_deer_per_sqmi_2024,county_daily_vmt_2019,county_mean_aadt_2019,county_aadt_segments_2019
2024,Property Damage Accident,14:00,2024-03-02,Saturday,Y,Daylight,OSSINING,RIGHT ANGLE,WESTCHESTER,Straight and Grade,Rain,,Wet,,Not Applicable,"Other Motor Vehicle, Collision With",2,1009165,36119,850,0.8,18110248.0,6143.2,3354
2024,Property Damage Accident,14:21,2024-03-02,Saturday,Y,Daylight,NEW ROCHELLE,OTHER,WESTCHESTER,Straight and Level,Rain,,Wet,,Not Applicable,"Median - Not At End, Collision With Fixed Object",1,1009165,36119,850,0.8,18110248.0,6143.2,3354
2024,Property Damage Accident,19:33,2024-03-02,Saturday,Y,Dark-Road Lighted,IRVINGTON,LEFT TURN (3),WESTCHESTER,Straight and Grade,Rain,,Wet,9 87032046,Not Applicable,"Other Motor Vehicle, Collision With",2,1009165,36119,850,0.8,18110248.0,6143.2,3354
2024,Injury Accident,7:54,2024-03-02,Saturday,Y,Daylight,NEW ROCHELLE,OTHER,WESTCHESTER,Straight and Level,Rain,Traffic Signal,Wet,,Riding/Walking/Skating Along Highway With Traffic,"Bicyclist, Collision With",1,1009165,36119,850,0.8,18110248.0,6143.2,3354
2024,Property Damage Accident,9:02,2024-03-02,Saturday,Y,Daylight,WHITE PLAINS,OVERTAKING,WESTCHESTER,Straight and Level,Rain,,Wet,100 87013004,Not Applicable,"Other Motor Vehicle, Collision With",2,1009165,36119,850,0.8,18110248.0,6143.2,3354
2024,Property Damage Accident,18:11,2024-03-02,Saturday,Y,Dark-Road Lighted,YONKERS,OVERTAKING,WESTCHESTER,Curve at Hill Crest,Rain,,Wet,907K87011013,Not Applicable,"Other Motor Vehicle, Collision With",2,1009165,36119,850,0.8,18110248.0,6143.2,3354
2024,Property Damage Accident,14:50,2024-03-02,Saturday,N,Daylight,ARDSLEY,Unknown,WESTCHESTER,Straight and Level,Rain,,Wet,,Not Applicable,"Other Motor Vehicle, Collision With",2,1009165,36119,850,0.8,18110248.0,6143.2,3354
2024,Property Damage Accident,9:45,2024-03-03,Sunday,Y,Daylight,WAPPINGER,REAR END,DUTCHESS,Curve and Level,Clear,Yield Sign,Dry,376 82011081,Not Applicable,"Other Motor Vehicle, Collision With",2,299256,36027,1695,0.8,5987961.0,3975.0,1300
2024,Property Damage Accident,20:18,2024-03-03,Sunday,Y,Dark-Road Unlighted,HIGHLAND FALLS,RIGHT TURN (6),ORANGE,Curve and Level,Clear,,Dry,987C83021035,Not Applicable,"Other Motor Vehicle, Collision With",2,415088,36071,4753,2.6,13857119.0,5167.5,1527
2024,Property Damage Accident,11:08,2024-03-03,Sunday,Y,Daylight,CORNWALL,Unknown,ORANGE,Straight and Level,Clear,,Dry,,Not Applicable,"Other Motor Vehicle, Collision With",2,415088,36071,4753,2.6,13857119.0,5167.5,1527
2024,Property Damage Accident,1:53,2024-03-03,Sunday,Y,Dark-Road Unlighted,CHESTER,OTHER,ORANGE,Curve and Level,Cloudy,,Wet,17 83101185,Not Applicable,"Guide Rail - Not At End, Collision With Fixed Object",1,415088,36071,4753,2.6,13857119.0,5167.5,1527
2024,Property Damage Accident,18:47,2024-03-03,Sunday,Y,Dark-Road Lighted,NEWBURGH,RIGHT ANGLE,ORANGE,Straight and Level,Clear,Traffic Signal,Dry,,Not Applicable,"Other Motor Vehicle, Collision With",2,415088,36071,4753,2.6,13857119.0,5167.5,1527
2024,Property Damage Accident,18:44,2024-03-03,Sunday,Y,Dark-Road Unlighted,CORNWALL,OTHER,ORANGE,Straight and Level,Clear,No Passing Zone,Dry,32 83011079,Not Applicable,"Tree, Collision With Fixed Object",1,415088,36071,4753,2.6,13857119.0,5167.5,1527
2024,Property Damage Accident,17:11,2024-03-03,Sunday,Y,Daylight,CARMEL,RIGHT ANGLE,PUTNAM,Straight and Level,Clear,No Passing Zone,Dry,6N84021044,Not Applicable,"Other Motor Vehicle, Collision With",2,98842,36079,509,0.7,2746105.0,4089.2,375
2024,Property Damage Accident,12:01,2024-03-03,Sunday,Y,Daylight,CLARKSTOWN,LEFT TURN (0),ROCKLAND,Straight and Grade,Cloudy,Stop Sign,Wet,,Not Applicable,"Other Motor Vehicle, Collision With",2,354829,36087,259,0.3,7336134.0,9989.2,886
2024,Property Damage Accident,23:57,2024-03-03,Sunday,Y,Dark-Road Unlighted,HAVERSTRAW,REAR END,ROCKLAND,Straight and Level,Clear,,Wet,,Not Applicable,"Other Motor Vehicle, Collision With",2,354829,36087,259,0.3,7336134.0,9989.2,886
2024,Property Damage Accident,21:03,2024-03-03,Sunday,Y,Dark-Road Unlighted,ROSENDALE,SIDESWIPE,ULSTER,Straight and Level,Clear,,Dry,,Not Applicable,"Other Motor Vehicle, Collision With",2,183095,36111,3565,1.2,6410502.0,3939.4,999
2024,Property Damage Accident,19:01,2024-03-03,Sunday,Y,Dark-Road Lighted,SHAWANGUNK,HEAD ON,ULSTER,Straight and Grade,Clear,Traffic Signal,Dry,,Not Applicable,"Other Motor Vehicle, Collision With",2,183095,36111,3565,1.2,6410502.0,3939.4,999
2024,Property Damage Accident,21:08,2024-03-03,Sunday,Y,Dark-Road Unlighted,SHAWANGUNK,OTHER,ULSTER,Straight and Level,Clear,,Dry,,Not Applicable,"Earth Embankment/Rock Cut/Ditch, Collision With Fixed Object",1,183095,36111,3565,1.2,6410502.0,3939.4,999
2024,Property Damage Accident,20:00,2024-03-03,Sunday,N,Unknown,ROCHESTER,OTHER,ULSTER,Unknown,Unknown,Unknown,Unknown,,Not Applicable,"Guide Rail - Not At End, Collision With Fixed Object",1,183095,36111,3565,1.2,6410502.0,3939.4,999
2024,Property Damage Accident,23:09,2024-03-03,Sunday,Y,Dark-Road Unlighted,NEW PALTZ,OTHER,ULSTER,Straight and Level,Cloudy,,Dry,,Not Applicable,Deer,1,183095,36111,3565,1.2,6410502.0,3939.4,999
2024,Property Damage Accident,9:59,2024-03-03,Sunday,Y,Daylight,GREENBURGH,RIGHT ANGLE,WESTCHESTER,Straight and Level,Clear,Stop Sign,Dry,,Not Applicable,"Other Motor Vehicle, Collision With",2,1009165,36119,850,0.8,18110248.0,6143.2,3354
2024,Property Damage & Injury Accident,16:55,2024-03-03,Sunday,Y,Daylight,CORTLANDT,REAR END,WESTCHESTER,Straight at Hill Crest,Clear,,Dry,6 87033018,Not Applicable,"Other Motor Vehicle, Collision With",2,1009165,36119,850,0.8,18110248.0,6143.2,3354
2024,Property Damage Accident,13:45,2024-03-03,Sunday,Y,Daylight,MAMARONECK,LEFT TURN (3),WESTCHESTER,Straight at Hill Crest,Clear,Stop Sign,Dry,,Not Applicable,"Other Motor Vehicle, Collision With",2,1009165,36119,850,0.8,18110248.0,6143.2,3354
2024,Property Damage & Injury Accident,9:06,2024-03-03,Sunday,Y,Daylight,YONKERS,OTHER,WESTCHESTER,Straight and Level,Clear,,Dry,,Not Applicable,"Other Motor Vehicle, Collision With",2,1009165,36119,850,0.8,18110248.0,6143.2,3354
2024,Property Damage Accident,17:50,2024-03-03,Sunday,Y,Dusk,MOUNT PLEASANT,OVERTAKING,WESTCHESTER,Straight and Level,Clear,,Dry,987G87011047,Not Applicable,"Other Motor Vehicle, Collision With",2,1009165,36119,850,0.8,18110248.0,6143.2,3354
2024,Property Damage & Injury Accident,1:23,2024-03-03,Sunday,Y,Dark-Road Unlighted,NORTH CASTLE,OTHER,WESTCHESTER,Straight and Level,Rain,,Wet,22 87024088,Not Applicable,"Tree, Collision With Fixed Object",1,1009165,36119,850,0.8,18110248.0,6143.2,3354
2024,Property Damage Accident,6:30,2024-03-03,Sunday,Y,Daylight,MOUNT VERNON,OTHER,WESTCHESTER,Curve and Level,Clear,,Wet,,Not Applicable,"Sign Post, Collision With Fixed Object",1,1009165,36119,850,0.8,18110248.0,6143.2,3354
2024,Property Damage Accident,16:35,2024-03-03,Sunday,Y,Daylight,NEW ROCHELLE,HEAD ON,WESTCHESTER,Straight at Hill Crest,Clear,Traffic Signal,Dry,,Not Applicable,"Other Motor Vehicle, Collision With",2,1009165,36119,850,0.8,18110248.0,6143.2,3354
2024,Property Damage Accident,13:28,2024-03-03,Sunday,Y,Daylight,PELHAM MANOR,HEAD ON,WESTCHESTER,Straight and Level,Clear,Traffic Signal,Dry,1 87031001,Not Applicable,"Other Motor Vehicle, Collision With",2,1009165,36119,850,0.8,18110248.0,6143.2,3354
2024,Property Damage Accident,18:45,2024-03-03,Sunday,Y,Dark-Road Lighted,CORTLANDT,REAR END,WESTCHESTER,Straight and Level,Clear,,Dry,,Not Applicable,"Other Motor Vehicle, Collision With",2,1009165,36119,850,0.8,18110248.0,6143.2,3354
2024,Property Damage Accident,8:35,2024-03-03,Sunday,Y,Daylight,BEDFORD,REAR END,WESTCHESTER,Straight and Level,Clear,,Dry,,Not Applicable,"Other Motor Vehicle, Collision With",2,1009165,36119,850,0.8,18110248.0,6143.2,3354
2024,Property Damage Accident,0:00,2024-03-04,Monday,N,Dusk,STANFORD,OTHER,DUTCHESS,Straight and Level,Cloudy,,Dry,,Not Applicable,Deer,1,299256,36027,1695,0.8,5987961.0,3975.0,1300
2024,Property Damage Accident,0:00,2024-03-04,Monday,N,Dark-Road Lighted,HYDE PARK,OTHER,DUTCHESS,Straight and Level,Cloudy,,Dry,,Not Applicable,Deer,1,299256,36027,1695,0.8,5987961.0,3975.0,1300
2024,Property Damage Accident,10:29,2024-03-04,Monday,Y,Daylight,POUGHKEEPSIE,OVERTAKING,DUTCHESS,Straight and Level,Cloudy,Traffic Signal,Dry,,Not Applicable,"Other Motor Vehicle, Collision With",2,299256,36027,1695,0.8,5987961.0,3975.0,1300
2024,Property Damage Accident,9:16,2024-03-04,Monday,Y,Daylight,NEWBURGH,LEFT TURN (3),ORANGE,Straight and Level,Cloudy,Traffic Signal,Dry,17K83011171,Not Applicable,"Other Motor Vehicle, Collision With",2,415088,36071,4753,2.6,13857119.0,5167.5,1527
2024,Property Damage Accident,14:30,2024-03-04,Monday,Y,Daylight,NEWBURGH,REAR END,ORANGE,Straight and Level,Clear,Traffic Signal,Dry,17K83012008,Not Applicable,"Other Motor Vehicle, Collision With",2,415088,36071,4753,2.6,13857119.0,5167.5,1527
2024,Property Damage & Injury Accident,0:34,2024-03-04,Monday,Y,Dark-Road Unlighted,CLARKSTOWN,OTHER,ROCKLAND,Straight and Grade,Clear,,Dry,,Not Applicable,"Barrier, Collision With Fixed Object",4,354829,36087,259,0.3,7336134.0,9989.2,886
2024,Property Damage Accident,17:50,2024-03-04,Monday,Y,Daylight,,OTHER,ROCKLAND,Curve and Level,Clear,,Dry,,Not Applicable,"Other Motor Vehicle, Collision With",2,354829,36087,259,0.3,7336134.0,9989.2,886
2024,Property Damage Accident,10:01,2024-03-04,Monday,Y,Daylight,SPRING VALLEY,LEFT TURN (3),ROCKLAND,Straight and Level,Clear,Stop Sign,Dry,,Not Applicable,"Other Motor Vehicle, Collision With",2,354829,36087,259,0.3,7336134.0,9989.2,886
2024,Property Damage Accident,18:00,2024-03-04,Monday,Y,Dark-Road Lighted,RAMAPO,SIDESWIPE,ROCKLAND,Straight and Level,Clear,,Dry,59 85011063,Not Applicable,"Other Motor Vehicle, Collision With",2,354829,36087,259,0.3,7336134.0,9989.2,886
2024,Property Damage & Injury Accident,15:13,2024-03-04,Monday,Y,Daylight,CHESTNUT RIDGE,OVERTAKING,ROCKLAND,Straight and Level,Cloudy,Traffic Signal,Dry,45 85011011,Not Applicable,"Other Motor Vehicle, Collision With",2,354829,36087,259,0.3,7336134.0,9989.2,886
2024,Property Damage & Injury Accident,14:34,2024-03-04,Monday,Y,Daylight,SPRING VALLEY,OTHER,ROCKLAND,Straight and Grade,Cloudy,Traffic Signal,Dry,59 85011075,Riding/Walking/Skating Along Highway With Traffic,"Bicyclist, Collision With",1,354829,36087,259,0.3,7336134.0,9989.2,886
2024,Property Damage Accident,14:32,2024-03-04,Monday,Y,Daylight,ULSTER,REAR END,ULSTER,Straight and Level,Clear,,Dry,,Not Applicable,"Other Motor Vehicle, Collision With",2,183095,36111,3565,1.2,6410502.0,3939.4,999
2024,Property Damage Accident,17:21,2024-03-04,Monday,Y,Daylight,ULSTER,OTHER,ULSTER,Straight and Level,Cloudy,,Dry,,Not Applicable,"Building/Wall, Collision With Fixed Object",1,183095,36111,3565,1.2,6410502.0,3939.4,999
2024,Property Damage Accident,11:46,2024-03-04,Monday,Y,Daylight,MOUNT PLEASANT,OVERTAKING,WESTCHESTER,Straight and Level,Clear,,Dry,141 87011020,Not Applicable,"Other Motor Vehicle, Collision With",2,1009165,36119,850,0.8,18110248.0,6143.2,3354
2024,Property Damage Accident,0:00,2024-03-04,Monday,N,Dark-Road Lighted,MOUNT KISCO,Unknown,WESTCHESTER,Straight and Grade,Clear,Traffic Signal,Dry,,Not Applicable,"Other Motor Vehicle, Collision With",2,1009165,36119,850,0.8,18110248.0,6143.2,3354
2024,Property Damage Accident,1:18,2024-03-04,Monday,Y,Dark-Road Unlighted,BRIARCLIFF MANOR,OTHER,WESTCHESTER,Straight and Level,Cloudy,,Dry,9A87032142,Not Applicable,"Guide Rail - Not At End, Collision With Fixed Object",1,1009165,36119,850,0.8,18110248.0,6143.2,3354
2024,Property Damage Accident,7:09,2024-03-04,Monday,Y,Dark-Road Lighted,HASTINGS ON HUDSON,OVERTAKING,WESTCHESTER,Straight and Level,Clear,Unknown,Dry,,Not Applicable,"Other Motor Vehicle, Collision With",2,1009165,36119,850,0.8,18110248.0,6143.2,3354
2024,Property Damage Accident,19:04,2024-03-04,Monday,Y,Dark-Road Lighted,YONKERS,OVERTAKING,WESTCHESTER,Straight and Level,Clear,,Dry,,Not Applicable,"Other Motor Vehicle, Collision With",2,1009165,36119,850,0.8,18110248.0,6143.2,3354
2024,Property Damage & Injury Accident,12:49,2024-03-04,Monday,Y,Daylight,RYE,REAR END,WESTCHESTER,Straight and Level,Cloudy,,Dry,,Not Applicable,"Other Motor Vehicle, Collision With",2,1009165,36119,850,0.8,18110248.0,6143.2,3354
2024,Property Damage Accident,16:11,2024-03-05,Tuesday,Y,Daylight,FISHKILL,REAR END,DUTCHESS,Straight and Level,Rain,Traffic Signal,Wet,,Not Applicable,"Other Motor Vehicle, Collision With",2,299256,36027,1695,0.8,5987961.0,3975.0,1300
2024,Fatal Accident,14:10,2024-03-05,Tuesday,Y,Daylight,WASHINGTON,OTHER,DUTCHESS,Straight and Grade,Rain,No Passing Zone,Wet,,Not Applicable,"Tree, Collision With Fixed Object",1,299256,36027,1695,0.8,5987961.0,3975.0,1300
2024,Property Damage Accident,14:50,2024-03-05,Tuesday,Y,Daylight,RED HOOK,RIGHT ANGLE,DUTCHESS,Straight and Level,Rain,,Wet,,Not Applicable,"Other Motor Vehicle, Collision With",2,299256,36027,1695,0.8,5987961.0,3975.0,1300
2024,Property Damage Accident,14:25,2024-03-05,Tuesday,Y,Daylight,CHESTER,OTHER,ORANGE,Curve and Level,Rain,Stop Sign,Wet,,Not Applicable,"Sign Post, Collision With Fixed Object",1,415088,36071,4753,2.6,13857119.0,5167.5,1527
2024,Property Damage Accident,6:16,2024-03-05,Tuesday,Y,Daylight,NEWBURGH,OTHER,ORANGE,Straight and Level,Cloudy,,Wet,9W83023036,Not Applicable,Deer,1,415088,36071,4753,2.6,13857119.0,5167.5,1527
2024,Property Damage Accident,9:34,2024-03-05,Tuesday,Y,Daylight,NEWBURGH,OTHER,ORANGE,Straight and Level,Rain,,Wet,300 83021058,Not Applicable,"Other Fixed Object*, Collision With Fixed Object",1,415088,36071,4753,2.6,13857119.0,5167.5,1527
2024,Property Damage Accident,11:59,2024-03-05,Tuesday,Y,Daylight,GOSHEN,SIDESWIPE,ORANGE,Straight and Level,Rain,Traffic Signal,Wet,17M83013072,Not Applicable,"Other Motor Vehicle, Collision With",2,415088,36071,4753,2.6,13857119.0,5167.5,1527
2024,Property Damage Accident,18:00,2024-03-05,Tuesday,Y,Dusk,MIDDLETOWN,REAR END,ORANGE,Straight and Level,Rain,,Wet,17M83012028,Not Applicable,"Other Motor Vehicle, Collision With",2,415088,36071,4753,2.6,13857119.0,5167.5,1527
2024,Property Damage Accident,17:40,2024-03-05,Tuesday,Y,Dusk,WALLKILL,LEFT TURN (3),ORANGE,Straight and Grade,Rain,Traffic Signal,Wet,,Not Applicable,"Other Motor Vehicle, Collision With",2,415088,36071,4753,2.6,13857119.0,5167.5,1527
2024,Property Damage Accident,16:45,2024-03-05,Tuesday,Y,Daylight,KENT,OTHER,PUTNAM,Curve at Hill Crest,Rain,,Wet,987G84021108,Not Applicable,"Guide Rail - End, Collision With Fixed Object",1,98842,36079,509,0.7,2746105.0,4089.2,375
2024,Property Damage & Injury Accident,9:40,2024-03-05,Tuesday,Y,Daylight,CLARKSTOWN,OTHER,ROCKLAND,Straight and Level,Rain,,Wet,987C85011080,Not Applicable,"Tree, Collision With Fixed Object",1,354829,36087,259,0.3,7336134.0,9989.2,886
2024,Property Damage Accident,8:18,2024-03-05,Tuesday,Y,Daylight,PIERMONT,OTHER,ROCKLAND,Straight and Level,Rain,,Wet,9W85011031,Not Applicable,"Other Motor Vehicle, Collision With",3,354829,36087,259,0.3,7336134.0,9989.2,886
2024,Property Damage Accident,16:42,2024-03-05,Tuesday,Y,Daylight,CLARKSTOWN,REAR END,ROCKLAND,Straight and Level,Rain,Traffic Signal,Wet,303 85011082,Not Applicable,"Other Motor Vehicle, Collision With",2,354829,36087,259,0.3,7336134.0,9989.2,886
2024,Property Damage Accident,8:01,2024-03-05,Tuesday,Y,Daylight,SUFFERN,OTHER,ROCKLAND,Straight and Level,Rain,,Wet,202 85011014,Not Applicable,"Other Motor Vehicle, Collision With",3,354829,36087,259,0.3,7336134.0,9989.2,886
2024,Property Damage & Injury Accident,7:51,2024-03-05,Tuesday,Y,Daylight,SPRING VALLEY,REAR END,ROCKLAND,Straight and Level,Rain,,Wet,,Not Applicable,"Other Motor Vehicle, Collision With",2,354829,36087,259,0.3,7336134.0,9989.2,886
2024,Property Damage Accident,10:40,2024-03-05,Tuesday,Y,Daylight,RAMAPO,OTHER,ROCKLAND,Straight and Level,Rain,,Wet,987C85011127,Not Applicable,"Tree, Collision With Fixed Object",1,354829,36087,259,0.3,7336134.0,9989.2,886
2024,Property Damage Accident,8:02,2024-03-05,Tuesday,Y,Daylight,ROSENDALE,OTHER,ULSTER,Straight and Level,Rain,No Passing Zone,Wet,213 86011124,Not Applicable,Deer,1,183095,36111,3565,1.2,6410502.0,3939.4,999
2024,Property Damage Accident,23:54,2024-03-05,Tuesday,Y,Dark-Road Unlighted,GARDINER,OTHER,ULSTER,Straight and Grade,Clear,,Dry,208 86021051,Not Applicable,Deer,1,183095,36111,3565,1.2,6410502.0,3939.4,999
2024,Property Damage Accident,7:23,2024-03-05,Tuesday,Y,Daylight,CORTLANDT,SIDESWIPE,WESTCHESTER,Curve and Level,Rain,,Wet,,Not Applicable,"Other Motor Vehicle, Collision With",2,1009165,36119,850,0.8,18110248.0,6143.2,3354
2024,Property Damage Accident,14:36,2024-03-05,Tuesday,Y,Daylight,HASTINGS ON HUDSON,OTHER,WESTCHESTER,Straight and Grade,Rain,Unknown,Wet,,Not Applicable,"Other Motor Vehicle, Collision With",3,1009165,36119,850,0.8,18110248.0,6143.2,3354
2024,Property Damage Accident,9:22,2024-03-05,Tuesday,Y,Daylight,MOUNT PLEASANT,LEFT TURN (3),WESTCHESTER,Straight and Level,Rain,,Wet,,Not Applicable,"Other Motor Vehicle, Collision With",2,1009165,36119,850,0.8,18110248.0,6143.2,3354
2024,Property Damage Accident,18:24,2024-03-05,Tuesday,Y,Dark-Road Lighted,SCARSDALE,OTHER,WESTCHESTER,Straight and Level,Rain,,Wet,907W87023010,Not Applicable,"Bridge Structure, Collision With Fixed Object",1,1009165,36119,850,0.8,18110248.0,6143.2,3354
2024,Property Damage Accident,13:20,2024-03-05,Tuesday,N,Unknown,YONKERS,Unknown,WESTCHESTER,Unknown,Unknown,Unknown,Unknown,,Not Applicable,"Other Motor Vehicle, Collision With",2,1009165,36119,850,0.8,18110248.0,6143.2,3354
2024,Injury Accident,12:52,2024-03-05,Tuesday,Y,Daylight,YONKERS,SIDESWIPE,WESTCHESTER,Straight and Level,Rain,Traffic Signal,Wet,,Not Applicable,"Other Motor Vehicle, Collision With",2,1009165,36119,850,0.8,18110248.0,6143.2,3354
2024,Property Damage Accident,19:26,2024-03-05,Tuesday,Y,Dark-Road Unlighted,CROTON ON HUDSON,OVERTAKING,WESTCHESTER,Straight and Level,Cloudy,,Wet,9A87031219,Not Applicable,"Other Motor Vehicle, Collision With",2,1009165,36119,850,0.8,18110248.0,6143.2,3354
2024,Property Damage & Injury Accident,16:35,2024-03-05,Tuesday,Y,Daylight,YONKERS,OTHER,WESTCHESTER,Straight and Level,Rain,,Wet,,Not Applicable,"Light Support/Utility Pole, Collision With Fixed Object",1,1009165,36119,850,0.8,18110248.0,6143.2,3354
2024,Property Damage Accident,8:17,2024-03-05,Tuesday,Y,Daylight,MAMARONECK,REAR END,WESTCHESTER,Straight and Level,Rain,Stop Sign,Wet,,Not Applicable,"Other Motor Vehicle, Collision With",2,1009165,36119,850,0.8,18110248.0,6143.2,3354
2024,Property Damage & Injury Accident,15:43,2024-03-05,Tuesday,Y,Daylight,PELHAM MANOR,OVERTAKING,WESTCHESTER,Straight and Level,Rain,,Wet,,Not Applicable,"Other Motor Vehicle, Collision With",2,1009165,36119,850,0.8,18110248.0,6143.2,3354
2024,Property Damage & Injury Accident,16:02,2024-03-05,Tuesday,Y,Daylight,YONKERS,OVERTAKING,WESTCHESTER,Straight and Level,Rain,,Wet,,Not Applicable,"Other Motor Vehicle, Collision With",2,1009165,36119,850,0.8,18110248.0,6143.2,3354
2024,Property Damage Accident,10:20,2024-03-05,Tuesday,Y,Daylight,NEW CASTLE,OTHER,WESTCHESTER,Curve and Grade,Rain,,Wet,987D87012165,Not Applicable,"Tree, Collision With Fixed Object",1,1009165,36119,850,0.8,18110248.0,6143.2,3354
2024,Injury Accident,15:46,2024-03-05,Tuesday,Y,Daylight,MOUNT PLEASANT,SIDESWIPE,WESTCHESTER,Straight and Level,Rain,Stop Sign,Wet,,Not Applicable,"Other Motor Vehicle, Collision With",2,1009165,36119,850,0.8,18110248.0,6143.2,3354
2024,Property Damage Accident,17:22,2024-03-06,Wednesday,Y,Daylight,POUGHKEEPSIE,RIGHT ANGLE,DUTCHESS,Curve and Level,Rain,Yield Sign,Wet,376 82011133,Not Applicable,"Other Motor Vehicle, Collision With",2,299256,36027,1695,0.8,5987961.0,3975.0,1300
2024,Fatal Accident,10:24,2024-03-06,Wednesday,Y,Daylight,DOVER,OTHER,DUTCHESS,Curve and Grade,Cloudy,No Passing Zone,Wet,,Not Applicable,"Tree, Collision With Fixed Object",1,299256,36027,1695,0.8,5987961.0,3975.0,1300
2024,Property Damage Accident,8:20,2024-03-06,Wednesday,Y,Daylight,WAPPINGER,OTHER,DUTCHESS,Straight and Level,Cloudy,,Wet,,Not Applicable,"Other Object (Not Fixed)*, Collision With",1,299256,36027,1695,0.8,5987961.0,3975.0,1300
2024,Property Damage Accident,8:21,2024-03-06,Wednesday,Y,Daylight,NEWBURGH,RIGHT ANGLE,ORANGE,Straight and Level,Clear,,Dry,,Not Applicable,"Other Motor Vehicle, Collision With",2,415088,36071,4753,2.6,13857119.0,5167.5,1527
2024,Property Damage Accident,6:57,2024-03-06,Wednesday,Y,Daylight,NEW WINDSOR,RIGHT TURN (5),ORANGE,Straight and Level,Cloudy,Stop Sign,Wet,32 83011133,Not Applicable,"Other Motor Vehicle, Collision With",2,415088,36071,4753,2.6,13857119.0,5167.5,1527
2024,Property Damage Accident,4:41,2024-03-06,Wednesday,Y,Dark-Road Unlighted,NEW WINDSOR,OTHER,ORANGE,Curve and Level,Cloudy,,Wet,,Not Applicable,"Earth Embankment/Rock Cut/Ditch, Collision With Fixed Object",1,415088,36071,4753,2.6,13857119.0,5167.5,1527
2024,Property Damage Accident,19:20,2024-03-06,Wednesday,Y,Dark-Road Lighted,KIRYAS JOEL,OVERTAKING,ORANGE,Straight and Level,Rain,No Passing Zone,Wet,,Not Applicable,"Other Motor Vehicle, Collision With",2,415088,36071,4753,2.6,13857119.0,5167.5,1527
2024,Property Damage Accident,18:51,2024-03-06,Wednesday,Y,Dark-Road Lighted,SOUTHEAST,OVERTAKING,PUTNAM,Straight and Level,Rain,Traffic Signal,Wet,,Not Applicable,"Other Motor Vehicle, Collision With",2,98842,36079,509,0.7,2746105.0,4089.2,375
2024,Property Damage Accident,14:59,2024-03-06,Wednesday,Y,Daylight,SPRING VALLEY,REAR END,ROCKLAND,Straight and Level,Rain,,Wet,,Not Applicable,"Other Motor Vehicle, Collision With",2,354829,36087,259,0.3,7336134.0,9989.2,886
2024,Property Damage Accident,16:49,2024-03-06,Wednesday,Y,Daylight,RAMAPO,Unknown,ROCKLAND,Straight and Level,Rain,Stop Sign,Wet,,Not Applicable,"Other Motor Vehicle, Collision With",2,354829,36087,259,0.3,7336134.0,9989.2,886
2024,Property Damage Accident,23:22,2024-03-06,Wednesday,Y,Dark-Road Unlighted,ORANGETOWN,OTHER,ROCKLAND,Straight and Grade,Rain,,Flooded Water,987C85011011,Not Applicable,"Ran Off Roadway Only, Non-Collision",1,354829,36087,259,0.3,7336134.0,9989.2,886
2024,Property Damage Accident,17:20,2024-03-06,Wednesday,Y,Daylight,RAMAPO,RIGHT TURN (5),ROCKLAND,Straight and Level,Rain,Stop Sign,Wet,,Not Applicable,"Other Motor Vehicle, Collision With",2,354829,36087,259,0.3,7336134.0,9989.2,886
2024,Property Damage Accident,7:15,2024-03-06,Wednesday,Y,Daylight,CLARKSTOWN,RIGHT ANGLE,ROCKLAND,Straight at Hill Crest,Clear,Traffic Signal,Wet,,Not Applicable,"Other Motor Vehicle, Collision With",2,354829,36087,259,0.3,7336134.0,9989.2,886
2024,Property Damage Accident,16:54,2024-03-06,Wednesday,Y,Daylight,CLARKSTOWN,REAR END,ROCKLAND,Straight and Level,Rain,,Wet,,Not Applicable,"Other Motor Vehicle, Collision With",2,354829,36087,259,0.3,7336134.0,9989.2,886
2024,Property Damage Accident,19:30,2024-03-06,Wednesday,Y,Dark-Road Unlighted,ORANGETOWN,HEAD ON,ROCKLAND,Straight and Grade,Rain,,Wet,9W85011058,Not Applicable,"Other Motor Vehicle, Collision With",2,354829,36087,259,0.3,7336134.0,9989.2,886
2024,Property Damage Accident,23:10,2024-03-06,Wednesday,Y,Dark-Road Unlighted,CLARKSTOWN,OTHER,ROCKLAND,Straight and Level,Rain,,Wet,304 85011045,Not Applicable,"Tree, Collision With Fixed Object",1,354829,36087,259,0.3,7336134.0,9989.2,886
2024,Property Damage Accident,18:25,2024-03-06,Wednesday,Y,Dark-Road Unlighted,SAUGERTIES,SIDESWIPE,ULSTER,Straight and Grade,Rain,,Wet,,Not Applicable,"Other Motor Vehicle, Collision With",2,183095,36111,3565,1.2,6410502.0,3939.4,999
2024,Property Damage Accident,18:05,2024-03-06,Wednesday,Y,Dark-Road Lighted,SCARSDALE,OTHER,WESTCHESTER,Straight and Level,Rain,,Wet,22 87022054,Not Applicable,"Other Motor Vehicle, Collision With",2,1009165,36119,850,0.8,18110248.0,6143.2,3354
2024,Property Damage Accident,14:30,2024-03-06,Wednesday,Y,Daylight,HARRISON,LEFT TURN (3),WESTCHESTER,Straight and Level,Rain,Traffic Signal,Wet,,Not Applicable,"Other Motor Vehicle, Collision With",2,1009165,36119,850,0.8,18110248.0,6143.2,3354