year,accident_descriptor,time,date,day_of_week,police_report,lighting_conditions,municipality,collision_type_descriptor,county_name,road_descriptor,weather_conditions,traffic_control_device,road_surface_conditions,dot_reference_marker_location,pedestrian_bicyclist_action,event_descriptor,number_of_vehicles_involved,county_population_2024,county_fips,county_deer_take_2024,county_antlerless_deer_per_sqmi_2024,county_daily_vmt_2019,county_mean_aadt_2019,county_aadt_segments_2019
2024,Property Damage Accident,15:00,2024-03-06,Wednesday,Y,Daylight,LEWISBORO,LEFT TURN (0),WESTCHESTER,Straight and Level,Rain,Stop Sign,Wet,121 87011046,Not Applicable,"Other Motor Vehicle, Collision With",2,1009165,36119,850,0.8,18110248.0,6143.2,3354
2024,Property Damage Accident,11:15,2024-03-06,Wednesday,Y,Daylight,LARCHMONT,OTHER,WESTCHESTER,Straight and Level,Cloudy,,Wet,,Not Applicable,"Other Object (Not Fixed)*, Collision With",1,1009165,36119,850,0.8,18110248.0,6143.2,3354
2024,Property Damage Accident,13:58,2024-03-06,Wednesday,Y,Daylight,WHITE PLAINS,OVERTAKING,WESTCHESTER,Straight and Level,Rain,Traffic Signal,Wet,,Not Applicable,"Other Motor Vehicle, Collision With",2,1009165,36119,850,0.8,18110248.0,6143.2,3354
2024,Property Damage Accident,12:13,2024-03-06,Wednesday,Y,Daylight,WHITE PLAINS,HEAD ON,WESTCHESTER,Curve at Hill Crest,Cloudy,,Dry,,Not Applicable,"Other Motor Vehicle, Collision With",2,1009165,36119,850,0.8,18110248.0,6143.2,3354
2024,Property Damage Accident,12:06,2024-03-06,Wednesday,Y,Daylight,GREENBURGH,OVERTAKING,WESTCHESTER,Straight and Level,Rain,,Wet,,Not Applicable,"Other Motor Vehicle, Collision With",2,1009165,36119,850,0.8,18110248.0,6143.2,3354
2024,Property Damage Accident,4:25,2024-03-06,Wednesday,Y,Dark-Road Lighted,YONKERS,OTHER,WESTCHESTER,Curve at Hill Crest,Rain,,Wet,983C87011001,Not Applicable,"Other Motor Vehicle, Collision With",4,1009165,36119,850,0.8,18110248.0,6143.2,3354
2024,Property Damage Accident,11:14,2024-03-06,Wednesday,Y,Daylight,MOUNT KISCO,OTHER,WESTCHESTER,Straight and Level,Cloudy,,Wet,,Not Applicable,"Building/Wall, Collision With Fixed Object",1,1009165,36119,850,0.8,18110248.0,6143.2,3354
2024,Property Damage Accident,0:00,2024-03-06,Wednesday,N,Unknown,MOUNT VERNON,REAR END,WESTCHESTER,Straight and Level,Clear,,Wet,,Not Applicable,"Other Motor Vehicle, Collision With",2,1009165,36119,850,0.8,18110248.0,6143.2,3354
2024,Property Damage Accident,21:44,2024-03-06,Wednesday,Y,Dark-Road Unlighted,WHITE PLAINS,OVERTAKING,WESTCHESTER,Straight and Level,Rain,,Wet,287I87011021,Not Applicable,"Other Motor Vehicle, Collision With",2,1009165,36119,850,0.8,18110248.0,6143.2,3354
2024,Injury Accident,18:06,2024-03-06,Wednesday,Y,Dark-Road Lighted,NEW ROCHELLE,OTHER,WESTCHESTER,Straight and Level,Rain,Traffic Signal,Wet,1 87032022,"Crossing, With Signal","Pedestrian, Collision With",1,1009165,36119,850,0.8,18110248.0,6143.2,3354
2024,Property Damage Accident,10:15,2024-03-06,Wednesday,N,Unknown,SCARSDALE,Unknown,WESTCHESTER,Unknown,Unknown,Unknown,Unknown,,Not Applicable,"Other Motor Vehicle, Collision With",2,1009165,36119,850,0.8,18110248.0,6143.2,3354
2024,Property Damage Accident,20:01,2024-03-06,Wednesday,Y,Dark-Road Lighted,EASTCHESTER,OTHER,WESTCHESTER,Straight and Grade,Rain,Traffic Signal,Wet,22 87022032,Not Applicable,"Curbing, Collision With Fixed Object",1,1009165,36119,850,0.8,18110248.0,6143.2,3354
2024,Property Damage Accident,0:48,2024-03-07,Thursday,Y,Dark-Road Lighted,PAWLING,OTHER,DUTCHESS,Curve and Level,Rain,No Passing Zone,Wet,292 82021009,Not Applicable,"Sign Post, Collision With Fixed Object",1,299256,36027,1695,0.8,5987961.0,3975.0,1300
2024,Property Damage Accident,20:24,2024-03-07,Thursday,Y,Dark-Road Unlighted,CLINTON,Unknown,DUTCHESS,Straight and Level,Clear,,Dry,,Not Applicable,"Other Motor Vehicle, Collision With",2,299256,36027,1695,0.8,5987961.0,3975.0,1300
2024,Property Damage Accident,10:57,2024-03-07,Thursday,Y,Daylight,POUGHKEEPSIE,REAR END,DUTCHESS,Straight and Grade,Clear,Yield Sign,Dry,9 82052016,Not Applicable,"Other Motor Vehicle, Collision With",2,299256,36027,1695,0.8,5987961.0,3975.0,1300
2024,Property Damage Accident,7:44,2024-03-07,Thursday,Y,Daylight,WAPPINGER,REAR END,DUTCHESS,Straight and Level,Rain,Traffic Signal,Wet,9 82051073,Not Applicable,"Other Motor Vehicle, Collision With",2,299256,36027,1695,0.8,5987961.0,3975.0,1300
2024,Property Damage & Injury Accident,11:49,2024-03-07,Thursday,Y,Daylight,CORNWALL,OTHER,ORANGE,Curve and Grade,Cloudy,No Passing Zone,Dry,94 83011285,Not Applicable,"Light Support/Utility Pole, Collision With Fixed Object",1,415088,36071,4753,2.6,13857119.0,5167.5,1527
2024,Property Damage Accident,17:37,2024-03-07,Thursday,Y,Daylight,MONROE,OTHER,ORANGE,Straight and Level,Clear,,Dry,,Not Applicable,"Other Motor Vehicle, Collision With",3,415088,36071,4753,2.6,13857119.0,5167.5,1527
2024,Property Damage Accident,9:15,2024-03-07,Thursday,Y,Daylight,GOSHEN,OTHER,ORANGE,Straight and Level,Rain,No Passing Zone,Wet,,Not Applicable,"Sign Post, Collision With Fixed Object",1,415088,36071,4753,2.6,13857119.0,5167.5,1527
2024,Property Damage & Injury Accident,10:30,2024-03-07,Thursday,Y,Daylight,WARWICK,OTHER,ORANGE,Curve and Level,Cloudy,,Dry,17A83011078,Not Applicable,"Overturned, Non-Collision",1,415088,36071,4753,2.6,13857119.0,5167.5,1527
2024,Property Damage Accident,12:13,2024-03-07,Thursday,Y,Daylight,HAMPTONBURGH,OVERTAKING,ORANGE,Curve and Grade,Clear,Stop Sign,Dry,207 83011051,Not Applicable,"Other Motor Vehicle, Collision With",2,415088,36071,4753,2.6,13857119.0,5167.5,1527
2024,Property Damage Accident,13:43,2024-03-07,Thursday,Y,Daylight,WALDEN,HEAD ON,ORANGE,Straight and Level,Clear,,Dry,,Not Applicable,"Other Motor Vehicle, Collision With",2,415088,36071,4753,2.6,13857119.0,5167.5,1527
2024,Property Damage Accident,13:00,2024-03-07,Thursday,N,Daylight,CHESTER,RIGHT TURN (6),ORANGE,Curve and Level,Clear,Unknown,Dry,,Not Applicable,"Other Motor Vehicle, Collision With",2,415088,36071,4753,2.6,13857119.0,5167.5,1527
2024,Property Damage & Injury Accident,11:46,2024-03-07,Thursday,Y,Daylight,TUXEDO,LEFT TURN (3),ORANGE,Straight and Level,Cloudy,,Dry,17 83101353,Not Applicable,"Other Motor Vehicle, Collision With",2,415088,36071,4753,2.6,13857119.0,5167.5,1527
2024,Property Damage & Injury Accident,6:27,2024-03-07,Thursday,Y,Dawn,SOUTHEAST,REAR END,PUTNAM,Straight and Level,Rain,,Wet,84I84031113,Not Applicable,"Other Motor Vehicle, Collision With",2,98842,36079,509,0.7,2746105.0,4089.2,375
2024,Property Damage Accident,9:30,2024-03-07,Thursday,Y,Daylight,HAVERSTRAW,REAR END,ROCKLAND,Straight and Level,Clear,Traffic Signal,Dry,,Not Applicable,"Other Motor Vehicle, Collision With",2,354829,36087,259,0.3,7336134.0,9989.2,886
2024,Property Damage Accident,10:00,2024-03-07,Thursday,Y,Daylight,RAMAPO,REAR END,ROCKLAND,Straight and Level,Clear,Stop Sign,Dry,,Not Applicable,"Other Motor Vehicle, Collision With",2,354829,36087,259,0.3,7336134.0,9989.2,886
2024,Property Damage Accident,12:29,2024-03-07,Thursday,Y,Daylight,RAMAPO,REAR END,ROCKLAND,Straight and Level,Cloudy,Traffic Signal,Dry,,Not Applicable,"Other Motor Vehicle, Collision With",2,354829,36087,259,0.3,7336134.0,9989.2,886
2024,Property Damage Accident,18:08,2024-03-07,Thursday,Y,Dark-Road Lighted,OLIVE,OTHER,ULSTER,Straight and Level,Clear,No Passing Zone,Dry,28 86012148,Not Applicable,Deer,1,183095,36111,3565,1.2,6410502.0,3939.4,999
2024,Property Damage Accident,18:14,2024-03-07,Thursday,Y,Dark-Road Unlighted,GARDINER,OTHER,ULSTER,Straight and Level,Cloudy,No Passing Zone,Dry,44 86011122,Not Applicable,Deer,1,183095,36111,3565,1.2,6410502.0,3939.4,999
2024,Property Damage Accident,18:10,2024-03-07,Thursday,Y,Dusk,PELHAM MANOR,REAR END,WESTCHESTER,Straight and Level,Cloudy,,Dry,1 87031002,Not Applicable,"Other Motor Vehicle, Collision With",2,1009165,36119,850,0.8,18110248.0,6143.2,3354
2024,Property Damage & Injury Accident,8:16,2024-03-07,Thursday,Y,Daylight,MOUNT PLEASANT,OTHER,WESTCHESTER,Straight and Level,Rain,,Wet,987G87011033,Not Applicable,"Other Motor Vehicle, Collision With",4,1009165,36119,850,0.8,18110248.0,6143.2,3354
2024,Property Damage Accident,12:40,2024-03-07,Thursday,N,Daylight,EASTCHESTER,Unknown,WESTCHESTER,Straight and Level,Clear,Unknown,Dry,22 87022019,Not Applicable,"Other Motor Vehicle, Collision With",2,1009165,36119,850,0.8,18110248.0,6143.2,3354
2024,Property Damage Accident,16:30,2024-03-07,Thursday,Y,Daylight,MOUNT VERNON,REAR END,WESTCHESTER,Straight and Level,Clear,,Dry,,Not Applicable,"Other Motor Vehicle, Collision With",2,1009165,36119,850,0.8,18110248.0,6143.2,3354
2024,Property Damage Accident,6:30,2024-03-07,Thursday,Y,Dawn,YORKTOWN,OTHER,WESTCHESTER,Straight and Grade,Clear,,Wet,,Not Applicable,"Tree, Collision With Fixed Object",1,1009165,36119,850,0.8,18110248.0,6143.2,3354
2024,Property Damage Accident,10:57,2024-03-07,Thursday,Y,Daylight,HARRISON,REAR END,WESTCHESTER,Curve and Level,Cloudy,,Dry,287I87011065,Not Applicable,"Other Motor Vehicle, Collision With",2,1009165,36119,850,0.8,18110248.0,6143.2,3354
2024,Property Damage Accident,11:58,2024-03-07,Thursday,Y,Daylight,MOUNT PLEASANT,OTHER,WESTCHESTER,Straight and Level,Cloudy,Stop Sign,Dry,,Riding/Walking/Skating Along Highway With Traffic,"Bicyclist, Collision With",1,1009165,36119,850,0.8,18110248.0,6143.2,3354
2024,Property Damage Accident,17:00,2024-03-07,Thursday,Y,Daylight,YONKERS,OTHER,WESTCHESTER,Straight and Level,Cloudy,Traffic Signal,Dry,987D87011047,Not Applicable,"Other Motor Vehicle, Collision With",3,1009165,36119,850,0.8,18110248.0,6143.2,3354
2024,Property Damage Accident,7:07,2024-03-07,Thursday,Y,Daylight,OSSINING,OVERTAKING,WESTCHESTER,Straight and Level,Rain,,Wet,,Not Applicable,"Other Motor Vehicle, Collision With",2,1009165,36119,850,0.8,18110248.0,6143.2,3354
2024,Property Damage & Injury Accident,14:36,2024-03-07,Thursday,Y,Daylight,YONKERS,REAR END,WESTCHESTER,Straight and Level,Clear,,Dry,,Not Applicable,"Other Motor Vehicle, Collision With",2,1009165,36119,850,0.8,18110248.0,6143.2,3354
2024,Property Damage & Injury Accident,14:44,2024-03-07,Thursday,Y,Daylight,NEW ROCHELLE,OTHER,WESTCHESTER,Straight and Level,Clear,Traffic Signal,Wet,,Riding/Walking/Skating Along Highway With Traffic,"Bicyclist, Collision With",1,1009165,36119,850,0.8,18110248.0,6143.2,3354
2024,Property Damage Accident,13:37,2024-03-07,Thursday,Y,Daylight,MOUNT PLEASANT,RIGHT ANGLE,WESTCHESTER,Straight and Grade,Clear,Stop Sign,Dry,,Not Applicable,"Other Motor Vehicle, Collision With",2,1009165,36119,850,0.8,18110248.0,6143.2,3354
2024,Property Damage Accident,14:30,2024-03-07,Thursday,Y,Daylight,YONKERS,OTHER,WESTCHESTER,Straight and Grade,Cloudy,Traffic Signal,Dry,,Not Applicable,"Other Motor Vehicle, Collision With",3,1009165,36119,850,0.8,18110248.0,6143.2,3354
2024,Property Damage Accident,17:27,2024-03-08,Friday,Y,Daylight,HYDE PARK,OVERTAKING,DUTCHESS,Straight and Level,Clear,,Dry,,Not Applicable,"Other Motor Vehicle, Collision With",2,299256,36027,1695,0.8,5987961.0,3975.0,1300
2024,Property Damage Accident,16:13,2024-03-08,Friday,Y,Daylight,WAPPINGER,REAR END,DUTCHESS,Straight and Level,Clear,,Dry,9 82051066,Not Applicable,"Other Motor Vehicle, Collision With",2,299256,36027,1695,0.8,5987961.0,3975.0,1300
2024,Property Damage Accident,11:17,2024-03-08,Friday,Y,Daylight,POUGHKEEPSIE,LEFT TURN (3),DUTCHESS,Straight and Level,Cloudy,Stop Sign,Dry,,Not Applicable,"Other Motor Vehicle, Collision With",2,299256,36027,1695,0.8,5987961.0,3975.0,1300
2024,Property Damage Accident,5:00,2024-03-08,Friday,Y,Dark-Road Lighted,EAST FISHKILL,OTHER,DUTCHESS,Straight and Level,Clear,,Dry,82 82011021,Not Applicable,"Other Motor Vehicle, Collision With",2,299256,36027,1695,0.8,5987961.0,3975.0,1300
2024,Property Damage Accident,18:18,2024-03-08,Friday,Y,Dawn,POUGHKEEPSIE,REAR END,DUTCHESS,Straight and Level,Clear,,Dry,44 82021001,Not Applicable,"Other Motor Vehicle, Collision With",2,299256,36027,1695,0.8,5987961.0,3975.0,1300
2024,Property Damage & Injury Accident,13:41,2024-03-08,Friday,Y,Daylight,GOSHEN,REAR END,ORANGE,Straight and Level,Clear,Traffic Signal,Dry,6 83012196,Not Applicable,"Other Motor Vehicle, Collision With",2,415088,36071,4753,2.6,13857119.0,5167.5,1527
2024,Property Damage Accident,9:07,2024-03-08,Friday,Y,Daylight,NEWBURGH,OVERTAKING,ORANGE,Straight and Level,Clear,Traffic Signal,Dry,9W83023012,Not Applicable,"Other Motor Vehicle, Collision With",2,415088,36071,4753,2.6,13857119.0,5167.5,1527
2024,Property Damage Accident,18:44,2024-03-08,Friday,Y,Dark-Road Lighted,WARWICK,REAR END,ORANGE,Straight and Level,Clear,,Dry,17A83011104,Not Applicable,"Other Motor Vehicle, Collision With",2,415088,36071,4753,2.6,13857119.0,5167.5,1527
2024,Property Damage Accident,6:50,2024-03-08,Friday,Y,Daylight,GOSHEN,OTHER,ORANGE,Straight and Level,Clear,Traffic Signal,Dry,6 83012186,Not Applicable,"Other Motor Vehicle, Collision With",3,415088,36071,4753,2.6,13857119.0,5167.5,1527
2024,Property Damage & Injury Accident,16:36,2024-03-08,Friday,Y,Daylight,NEWBURGH,OTHER,ORANGE,Straight and Level,Clear,,Dry,300 83021077,Not Applicable,"Light Support/Utility Pole, Collision With Fixed Object",1,415088,36071,4753,2.6,13857119.0,5167.5,1527
2024,Property Damage Accident,18:29,2024-03-08,Friday,Y,Dusk,NEWBURGH,SIDESWIPE,ORANGE,Straight and Level,Clear,,Dry,,Not Applicable,"Other Motor Vehicle, Collision With",2,415088,36071,4753,2.6,13857119.0,5167.5,1527
2024,Property Damage Accident,13:42,2024-03-08,Friday,Y,Daylight,MONROE,SIDESWIPE,ORANGE,Straight and Grade,Clear,Stop Sign,Dry,,Not Applicable,"Other Motor Vehicle, Collision With",2,415088,36071,4753,2.6,13857119.0,5167.5,1527
2024,Property Damage Accident,18:50,2024-03-08,Friday,Y,Dark-Road Unlighted,CORNWALL,OTHER,ORANGE,Straight and Grade,Clear,,Dry,9W83021133,Not Applicable,"Other*, Non-Collision",1,415088,36071,4753,2.6,13857119.0,5167.5,1527
2024,Property Damage Accident,12:56,2024-03-08,Friday,Y,Daylight,MONROE,LEFT TURN (0),ORANGE,Straight and Level,Clear,Traffic Signal,Dry,,Not Applicable,"Other Motor Vehicle, Collision With",2,415088,36071,4753,2.6,13857119.0,5167.5,1527
2024,Property Damage Accident,19:00,2024-03-08,Friday,Y,Dark-Road Unlighted,HIGHLANDS,RIGHT TURN (5),ORANGE,Curve and Level,Clear,Yield Sign,Dry,6 83012408,Not Applicable,"Other Motor Vehicle, Collision With",2,415088,36071,4753,2.6,13857119.0,5167.5,1527
2024,Property Damage Accident,13:35,2024-03-08,Friday,Y,Daylight,KENT,REAR END,PUTNAM,Straight and Level,Clear,,Dry,84I84031027,Not Applicable,"Other Motor Vehicle, Collision With",2,98842,36079,509,0.7,2746105.0,4089.2,375
2024,Property Damage Accident,16:00,2024-03-08,Friday,Y,Daylight,SUFFERN,OVERTAKING,ROCKLAND,Straight and Level,Clear,,Dry,59 85011018,Not Applicable,"Other Motor Vehicle, Collision With",2,354829,36087,259,0.3,7336134.0,9989.2,886
2024,Property Damage Accident,19:19,2024-03-08,Friday,Y,Dawn,SPRING VALLEY,REAR END,ROCKLAND,Straight at Hill Crest,Clear,Stop Sign,Dry,59 85011073,Not Applicable,"Other Motor Vehicle, Collision With",2,354829,36087,259,0.3,7336134.0,9989.2,886
2024,Property Damage Accident,14:30,2024-03-08,Friday,N,Unknown,SPRING VALLEY,OVERTAKING,ROCKLAND,Unknown,Unknown,Unknown,Unknown,,Not Applicable,"Other Motor Vehicle, Collision With",2,354829,36087,259,0.3,7336134.0,9989.2,886
2024,Property Damage Accident,13:57,2024-03-08,Friday,Y,Daylight,RAMAPO,OTHER,ROCKLAND,Straight and Level,Clear,,Dry,59 85011063,Not Applicable,"Other Motor Vehicle, Collision With",2,354829,36087,259,0.3,7336134.0,9989.2,886
2024,Property Damage Accident,5:59,2024-03-08,Friday,Y,Dawn,PLATTEKILL,OTHER,ULSTER,Straight and Level,Clear,No Passing Zone,Dry,32 86021014,Not Applicable,Deer,1,183095,36111,3565,1.2,6410502.0,3939.4,999
2024,Property Damage & Injury Accident,19:30,2024-03-08,Friday,Y,Dark-Road Unlighted,ROCHESTER,OTHER,ULSTER,Straight and Level,Clear,No Passing Zone,Dry,,Not Applicable,"Tree, Collision With Fixed Object",1,183095,36111,3565,1.2,6410502.0,3939.4,999
2024,Property Damage & Injury Accident,3:45,2024-03-08,Friday,Y,Dark-Road Unlighted,YORKTOWN,OTHER,WESTCHESTER,Straight and Level,Clear,,Dry,987G87011190,Not Applicable,"Guide Rail - Not At End, Collision With Fixed Object",1,1009165,36119,850,0.8,18110248.0,6143.2,3354
2024,Injury Accident,15:11,2024-03-08,Friday,Y,Daylight,YONKERS,OTHER,WESTCHESTER,Curve at Hill Crest,Clear,Traffic Signal,Dry,,"Crossing, No Signal or Crosswalk","Pedestrian, Collision With",1,1009165,36119,850,0.8,18110248.0,6143.2,3354
2024,Property Damage Accident,16:30,2024-03-08,Friday,Y,Daylight,YORKTOWN,OTHER,WESTCHESTER,Straight and Level,Clear,,Dry,35 87012031,Not Applicable,"Other Motor Vehicle, Collision With",3,1009165,36119,850,0.8,18110248.0,6143.2,3354
2024,Property Damage Accident,6:21,2024-03-08,Friday,Y,Daylight,PORT CHESTER,OVERTAKING,WESTCHESTER,Straight and Level,Clear,Traffic Signal,Dry,1 87035003,Not Applicable,"Other Motor Vehicle, Collision With",2,1009165,36119,850,0.8,18110248.0,6143.2,3354
2024,Property Damage Accident,13:30,2024-03-08,Friday,Y,Daylight,NEW ROCHELLE,SIDESWIPE,WESTCHESTER,Straight and Level,Clear,,Dry,982J87011005,Not Applicable,"Other Motor Vehicle, Collision With",2,1009165,36119,850,0.8,18110248.0,6143.2,3354
2024,Property Damage Accident,14:30,2024-03-08,Friday,Y,Daylight,WHITE PLAINS,Unknown,WESTCHESTER,Straight and Level,Clear,,Dry,,Not Applicable,"Other Motor Vehicle, Collision With",2,1009165,36119,850,0.8,18110248.0,6143.2,3354
2024,Property Damage Accident,21:45,2024-03-08,Friday,Y,Dark-Road Unlighted,YORKTOWN,RIGHT ANGLE,WESTCHESTER,Straight and Level,Clear,,Dry,6 87033046,Not Applicable,"Other Motor Vehicle, Collision With",2,1009165,36119,850,0.8,18110248.0,6143.2,3354
2024,Property Damage Accident,22:17,2024-03-08,Friday,Y,Dark-Road Lighted,YONKERS,Unknown,WESTCHESTER,Straight and Level,Clear,,Dry,,Not Applicable,"Other Motor Vehicle, Collision With",2,1009165,36119,850,0.8,18110248.0,6143.2,3354
2024,Property Damage & Injury Accident,23:23,2024-03-08,Friday,Y,Dark-Road Lighted,YONKERS,HEAD ON,WESTCHESTER,Straight and Level,Clear,,Dry,,Not Applicable,"Other Motor Vehicle, Collision With",2,1009165,36119,850,0.8,18110248.0,6143.2,3354
2024,Property Damage & Injury Accident,13:00,2024-03-08,Friday,Y,Daylight,OSSINING,OVERTAKING,WESTCHESTER,Straight and Grade,Clear,,Dry,9 87032125,Not Applicable,"Other Motor Vehicle, Collision With",2,1009165,36119,850,0.8,18110248.0,6143.2,3354
2024,Property Damage Accident,12:57,2024-03-08,Friday,Y,Daylight,MOUNT PLEASANT,REAR END,WESTCHESTER,Straight and Level,Clear,,Dry,987F87012084,Not Applicable,"Other Motor Vehicle, Collision With",2,1009165,36119,850,0.8,18110248.0,6143.2,3354
2024,Property Damage Accident,11:20,2024-03-08,Friday,Y,Daylight,RYE,OVERTAKING,WESTCHESTER,Straight and Level,Clear,,Dry,,Not Applicable,"Other Motor Vehicle, Collision With",2,1009165,36119,850,0.8,18110248.0,6143.2,3354
2024,Property Damage Accident,22:10,2024-03-08,Friday,Y,Dark-Road Lighted,NEW ROCHELLE,OVERTAKING,WESTCHESTER,Curve and Level,Clear,,Dry,981V87011006,Not Applicable,"Other Motor Vehicle, Collision With",2,1009165,36119,850,0.8,18110248.0,6143.2,3354
2024,Property Damage & Injury Accident,22:09,2024-03-08,Friday,Y,Dark-Road Unlighted,SCARSDALE,REAR END,WESTCHESTER,Straight and Grade,Clear,,Dry,,Not Applicable,"Other Motor Vehicle, Collision With",2,1009165,36119,850,0.8,18110248.0,6143.2,3354
2024,Property Damage & Injury Accident,23:02,2024-03-08,Friday,Y,Dark-Road Lighted,YONKERS,OTHER,WESTCHESTER,Straight and Level,Clear,,Dry,,Not Applicable,"Other Motor Vehicle, Collision With",2,1009165,36119,850,0.8,18110248.0,6143.2,3354
2024,Property Damage & Injury Accident,17:24,2024-03-08,Friday,Y,Daylight,GREENBURGH,REAR END,WESTCHESTER,Straight and Level,Cloudy,,Dry,,Not Applicable,"Other Motor Vehicle, Collision With",2,1009165,36119,850,0.8,18110248.0,6143.2,3354
2024,Injury Accident,0:00,2024-03-08,Friday,N,Unknown,MOUNT VERNON,Unknown,WESTCHESTER,Unknown,Unknown,Unknown,Unknown,,Not Applicable,"Other Motor Vehicle, Collision With",2,1009165,36119,850,0.8,18110248.0,6143.2,3354
2024,Property Damage Accident,12:50,2024-03-08,Friday,Y,Daylight,YONKERS,REAR END,WESTCHESTER,Straight and Level,Clear,,Dry,907K87012000,Not Applicable,"Other Motor Vehicle, Collision With",2,1009165,36119,850,0.8,18110248.0,6143.2,3354
2024,Property Damage & Injury Accident,12:49,2024-03-08,Friday,Y,Daylight,LEWISBORO,OVERTAKING,WESTCHESTER,Straight and Level,Clear,,Dry,684I87011144,Not Applicable,"Guide Rail - Not At End, Collision With Fixed Object",2,1009165,36119,850,0.8,18110248.0,6143.2,3354
2024,Property Damage & Injury Accident,13:21,2024-03-08,Friday,Y,Daylight,RYE,OVERTAKING,WESTCHESTER,Straight and Level,Clear,,Dry,287I87011062,Not Applicable,"Other Motor Vehicle, Collision With",2,1009165,36119,850,0.8,18110248.0,6143.2,3354
2024,Property Damage Accident,2:10,2024-03-08,Friday,Y,Dark-Road Lighted,MOUNT KISCO,SIDESWIPE,WESTCHESTER,Curve and Level,Clear,,Dry,,Not Applicable,"Other Motor Vehicle, Collision With",2,1009165,36119,850,0.8,18110248.0,6143.2,3354
2024,Property Damage Accident,17:02,2024-03-08,Friday,Y,Daylight,GREENBURGH,REAR END,WESTCHESTER,Straight and Level,Clear,,Dry,287I87011043,Not Applicable,"Other Motor Vehicle, Collision With",2,1009165,36119,850,0.8,18110248.0,6143.2,3354
2024,Property Damage Accident,17:00,2024-03-08,Friday,Y,Daylight,YORKTOWN,OTHER,WESTCHESTER,Straight and Level,Clear,,Dry,,Not Applicable,"Other Fixed Object*, Collision With Fixed Object",1,1009165,36119,850,0.8,18110248.0,6143.2,3354
2024,Property Damage Accident,6:50,2024-03-08,Friday,Y,Daylight,YONKERS,SIDESWIPE,WESTCHESTER,Straight and Grade,Clear,,Dry,,Not Applicable,"Other Motor Vehicle, Collision With",2,1009165,36119,850,0.8,18110248.0,6143.2,3354
2024,Injury Accident,17:54,2024-03-09,Saturday,Y,Dark-Road Lighted,EAST FISHKILL,OTHER,DUTCHESS,Straight and Level,Rain,,Wet,,Not Applicable,"Other Motor Vehicle, Collision With",2,299256,36027,1695,0.8,5987961.0,3975.0,1300
2024,Property Damage Accident,23:03,2024-03-09,Saturday,Y,Dark-Road Lighted,KIRYAS JOEL,RIGHT ANGLE,ORANGE,Straight and Level,Rain,Stop Sign,Wet,,Not Applicable,"Other Motor Vehicle, Collision With",2,415088,36071,4753,2.6,13857119.0,5167.5,1527
2024,Property Damage Accident,19:47,2024-03-09,Saturday,Y,Dark-Road Lighted,NEW WINDSOR,OTHER,ORANGE,Straight and Level,Rain,,Wet,32 83011121,Not Applicable,"Other Motor Vehicle, Collision With",3,415088,36071,4753,2.6,13857119.0,5167.5,1527
2024,Property Damage Accident,11:15,2024-03-09,Saturday,Y,Daylight,GOSHEN,OTHER,ORANGE,Straight and Grade,Cloudy,,Dry,,Not Applicable,"Other Motor Vehicle, Collision With",2,415088,36071,4753,2.6,13857119.0,5167.5,1527
2024,Property Damage Accident,20:30,2024-03-09,Saturday,Y,Dark-Road Unlighted,WALLKILL,REAR END,ORANGE,Straight and Level,Rain,,Wet,17 83101013,Not Applicable,"Other Motor Vehicle, Collision With",2,415088,36071,4753,2.6,13857119.0,5167.5,1527
2024,Property Damage & Injury Accident,14:10,2024-03-09,Saturday,Y,Daylight,SOUTHEAST,REAR END,PUTNAM,Straight and Level,Rain,,Wet,84I84031113,Not Applicable,"Other Motor Vehicle, Collision With",2,98842,36079,509,0.7,2746105.0,4089.2,375
2024,Property Damage Accident,7:40,2024-03-09,Saturday,Y,Daylight,PUTNAM VALLEY,OTHER,PUTNAM,Straight and Level,Cloudy,,Dry,987G84021107,Not Applicable,"Curbing, Collision With Fixed Object",1,98842,36079,509,0.7,2746105.0,4089.2,375
2024,Property Damage Accident,23:20,2024-03-09,Saturday,Y,Dark-Road Unlighted,ORANGETOWN,OTHER,ROCKLAND,Straight and Level,Rain,,Wet,987C85011031,Not Applicable,"Tree, Collision With Fixed Object",1,354829,36087,259,0.3,7336134.0,9989.2,886
2024,Property Damage Accident,20:30,2024-03-09,Saturday,Y,Dark-Road Unlighted,CHESTNUT RIDGE,Unknown,ROCKLAND,Straight and Level,Rain,,Wet,,Not Applicable,"Other Motor Vehicle, Collision With",2,354829,36087,259,0.3,7336134.0,9989.2,886
2024,Property Damage Accident,19:09,2024-03-09,Saturday,Y,Dark-Road Lighted,SUFFERN,REAR END,ROCKLAND,Straight and Level,Rain,Traffic Signal,Wet,202 85011007,Not Applicable,"Other Motor Vehicle, Collision With",2,354829,36087,259,0.3,7336134.0,9989.2,886
2024,Property Damage Accident,13:19,2024-03-09,Saturday,Y,Daylight,CLARKSTOWN,OTHER,ROCKLAND,Curve and Level,Rain,,Wet,,Not Applicable,"Earth Embankment/Rock Cut/Ditch, Collision With Fixed Object",1,354829,36087,259,0.3,7336134.0,9989.2,886
2024,Property Damage & Injury Accident,20:35,2024-03-09,Saturday,Y,Dark-Road Lighted,CLARKSTOWN,HEAD ON,ROCKLAND,Straight and Level,Rain,Traffic Signal,Wet,,Not Applicable,"Other Motor Vehicle, Collision With",2,354829,36087,259,0.3,7336134.0,9989.2,886