year,accident_descriptor,time,date,day_of_week,police_report,lighting_conditions,municipality,collision_type_descriptor,county_name,road_descriptor,weather_conditions,traffic_control_device,road_surface_conditions,dot_reference_marker_location,pedestrian_bicyclist_action,event_descriptor,number_of_vehicles_involved,county_population_2024,county_fips,county_deer_take_2024,county_antlerless_deer_per_sqmi_2024,county_daily_vmt_2019,county_mean_aadt_2019,county_aadt_segments_2019
2024,Property Damage Accident,3:13,2024-03-09,Saturday,Y,Dark-Road Unlighted,RAMAPO,OTHER,ROCKLAND,Straight and Level,Clear,,Dry,,Not Applicable,"Other Motor Vehicle, Collision With",2,354829,36087,259,0.3,7336134.0,9989.2,886
2024,Property Damage Accident,13:18,2024-03-09,Saturday,Y,Daylight,SHANDAKEN,OTHER,ULSTER,Straight and Level,Rain,,Wet,28 86012326,Not Applicable,"Other Motor Vehicle, Collision With",2,183095,36111,3565,1.2,6410502.0,3939.4,999
2024,Property Damage Accident,17:00,2024-03-09,Saturday,Y,Daylight,WOODSTOCK,OTHER,ULSTER,Curve and Level,Cloudy,,Slush,212 86011035,Not Applicable,"Tree, Collision With Fixed Object",1,183095,36111,3565,1.2,6410502.0,3939.4,999
2024,Property Damage Accident,10:45,2024-03-09,Saturday,Y,Daylight,SAUGERTIES,RIGHT ANGLE,ULSTER,Straight and Level,Clear,Traffic Signal,Dry,32 86023117,Not Applicable,"Other Motor Vehicle, Collision With",2,183095,36111,3565,1.2,6410502.0,3939.4,999
2024,Property Damage Accident,23:30,2024-03-09,Saturday,Y,Dark-Road Unlighted,POUND RIDGE,OTHER,WESTCHESTER,Curve and Level,Rain,,Wet,137 87011041,Not Applicable,"Other*, Non-Collision",1,1009165,36119,850,0.8,18110248.0,6143.2,3354
2024,Property Damage Accident,15:12,2024-03-09,Saturday,Y,Daylight,WHITE PLAINS,OTHER,WESTCHESTER,Straight and Level,Rain,,Wet,287I87011054,Not Applicable,"Other Object (Not Fixed)*, Collision With",1,1009165,36119,850,0.8,18110248.0,6143.2,3354
2024,Property Damage Accident,18:13,2024-03-09,Saturday,N,Dusk,TARRYTOWN,Unknown,WESTCHESTER,Straight and Level,Clear,Unknown,Dry,,Not Applicable,"Other Motor Vehicle, Collision With",2,1009165,36119,850,0.8,18110248.0,6143.2,3354
2024,Property Damage Accident,10:45,2024-03-09,Saturday,Y,Daylight,CORTLANDT,OVERTAKING,WESTCHESTER,Straight and Level,Cloudy,,Dry,,Not Applicable,"Other Motor Vehicle, Collision With",2,1009165,36119,850,0.8,18110248.0,6143.2,3354
2024,Property Damage & Injury Accident,19:50,2024-03-09,Saturday,Y,Dark-Road Lighted,YONKERS,REAR END,WESTCHESTER,Straight and Grade,Rain,Traffic Signal,Wet,,Not Applicable,"Other Motor Vehicle, Collision With",2,1009165,36119,850,0.8,18110248.0,6143.2,3354
2024,Property Damage & Injury Accident,20:41,2024-03-09,Saturday,Y,Dark-Road Unlighted,YORKTOWN,OVERTAKING,WESTCHESTER,Straight and Level,Rain,,Wet,987H87013004,Not Applicable,"Other Motor Vehicle, Collision With",2,1009165,36119,850,0.8,18110248.0,6143.2,3354
2024,Property Damage & Injury Accident,18:10,2024-03-09,Saturday,Y,Dark-Road Lighted,NEW ROCHELLE,OTHER,WESTCHESTER,Straight and Level,Rain,,Wet,,Not Applicable,"Other Motor Vehicle, Collision With",3,1009165,36119,850,0.8,18110248.0,6143.2,3354
2024,Injury Accident,19:16,2024-03-09,Saturday,Y,Dark-Road Lighted,WHITE PLAINS,OTHER,WESTCHESTER,Straight and Level,Rain,Traffic Signal,Wet,,"Crossing, Against Signal","Pedestrian, Collision With",1,1009165,36119,850,0.8,18110248.0,6143.2,3354
2024,Property Damage Accident,19:24,2024-03-09,Saturday,Y,Dark-Road Unlighted,YORKTOWN,OTHER,WESTCHESTER,Straight and Level,Rain,,Wet,987G87011162,Not Applicable,"Earth Embankment/Rock Cut/Ditch, Collision With Fixed Object",1,1009165,36119,850,0.8,18110248.0,6143.2,3354
2024,Property Damage Accident,18:00,2024-03-09,Saturday,Y,Dusk,YONKERS,OTHER,WESTCHESTER,Straight and Level,Rain,Stop Sign,Wet,,Not Applicable,"Other Motor Vehicle, Collision With",4,1009165,36119,850,0.8,18110248.0,6143.2,3354
2024,Property Damage Accident,16:30,2024-03-09,Saturday,N,Dusk,MOUNT VERNON,REAR END,WESTCHESTER,Straight and Grade,Rain,,Wet,,Not Applicable,"Other Motor Vehicle, Collision With",2,1009165,36119,850,0.8,18110248.0,6143.2,3354
2024,Property Damage Accident,15:12,2024-03-09,Saturday,Y,Daylight,HARRISON,OTHER,WESTCHESTER,Straight and Level,Rain,,Wet,287I87011095,Not Applicable,"Other Object (Not Fixed)*, Collision With",1,1009165,36119,850,0.8,18110248.0,6143.2,3354
2024,Injury Accident,22:07,2024-03-09,Saturday,Y,Dusk,YONKERS,OTHER,WESTCHESTER,Straight and Level,Rain,Stop Sign,Wet,,"Crossing, No Signal, Marked Crosswalk","Pedestrian, Collision With",1,1009165,36119,850,0.8,18110248.0,6143.2,3354
2024,Property Damage Accident,14:10,2024-03-09,Saturday,Y,Daylight,MOUNT VERNON,OVERTAKING,WESTCHESTER,Curve and Level,Rain,,Wet,907K87013006,Not Applicable,"Other Motor Vehicle, Collision With",2,1009165,36119,850,0.8,18110248.0,6143.2,3354
2024,Property Damage Accident,8:24,2024-03-10,Sunday,Y,Daylight,EAST FISHKILL,OTHER,DUTCHESS,Curve and Level,Cloudy,,Wet,,Not Applicable,"Earth Embankment/Rock Cut/Ditch, Collision With Fixed Object",1,299256,36027,1695,0.8,5987961.0,3975.0,1300
2024,Property Damage Accident,15:04,2024-03-10,Sunday,Y,Daylight,WOODBURY,REAR END,ORANGE,Straight and Grade,Cloudy,No Passing Zone,Wet,6 83012398,Not Applicable,"Other Motor Vehicle, Collision With",2,415088,36071,4753,2.6,13857119.0,5167.5,1527
2024,Property Damage Accident,12:38,2024-03-10,Sunday,Y,Daylight,NEWBURGH,OTHER,ORANGE,Straight and Level,Clear,,Dry,,Not Applicable,"Other*, Non-Collision",1,415088,36071,4753,2.6,13857119.0,5167.5,1527
2024,Property Damage Accident,13:59,2024-03-10,Sunday,Y,Daylight,NEW WINDSOR,REAR END,ORANGE,Straight and Level,Cloudy,,Dry,,Not Applicable,"Other Motor Vehicle, Collision With",2,415088,36071,4753,2.6,13857119.0,5167.5,1527
2024,Property Damage & Injury Accident,20:04,2024-03-10,Sunday,Y,Dark-Road Lighted,NEWBURGH,LEFT TURN (3),ORANGE,Straight and Level,Cloudy,,Dry,17K83012007,Not Applicable,"Other Motor Vehicle, Collision With",2,415088,36071,4753,2.6,13857119.0,5167.5,1527
2024,Property Damage Accident,0:36,2024-03-10,Sunday,Y,Dark-Road Unlighted,PHILLIPSTOWN,OTHER,PUTNAM,Curve and Grade,Rain,No Passing Zone,Wet,403 84011020,Not Applicable,"Other Fixed Object*, Collision With Fixed Object",1,98842,36079,509,0.7,2746105.0,4089.2,375
2024,Property Damage Accident,17:56,2024-03-10,Sunday,Y,Daylight,CLARKSTOWN,OTHER,ROCKLAND,Straight and Grade,Cloudy,,Wet,,Not Applicable,Deer,1,354829,36087,259,0.3,7336134.0,9989.2,886
2024,Property Damage & Injury Accident,18:54,2024-03-10,Sunday,Y,Dusk,CLARKSTOWN,OVERTAKING,ROCKLAND,Straight and Level,Cloudy,,Wet,,Not Applicable,"Other Motor Vehicle, Collision With",2,354829,36087,259,0.3,7336134.0,9989.2,886
2024,Property Damage Accident,8:59,2024-03-10,Sunday,Y,Dark-Road Unlighted,HAVERSTRAW,OTHER,ROCKLAND,Straight and Level,Clear,Stop Sign,Dry,,Not Applicable,"Other Motor Vehicle, Collision With",3,354829,36087,259,0.3,7336134.0,9989.2,886
2024,Property Damage Accident,12:48,2024-03-10,Sunday,Y,Daylight,CLARKSTOWN,LEFT TURN (3),ROCKLAND,Straight and Level,Cloudy,Traffic Signal,Dry,,Not Applicable,"Other Motor Vehicle, Collision With",2,354829,36087,259,0.3,7336134.0,9989.2,886
2024,Property Damage Accident,1:03,2024-03-10,Sunday,Y,Dark-Road Lighted,RAMAPO,OTHER,ROCKLAND,Straight and Level,Rain,,Wet,59 85011057,Not Applicable,"Earth Embankment/Rock Cut/Ditch, Collision With Fixed Object",1,354829,36087,259,0.3,7336134.0,9989.2,886
2024,Property Damage Accident,1:56,2024-03-10,Sunday,Y,Dark-Road Lighted,SPRING VALLEY,OVERTAKING,ROCKLAND,Straight and Level,Rain,,Wet,,Not Applicable,"Other Motor Vehicle, Collision With",2,354829,36087,259,0.3,7336134.0,9989.2,886
2024,Property Damage Accident,16:48,2024-03-10,Sunday,Y,Daylight,CLARKSTOWN,REAR END,ROCKLAND,Straight and Level,Rain,Traffic Signal,Wet,59 85011091,Not Applicable,"Other Motor Vehicle, Collision With",2,354829,36087,259,0.3,7336134.0,9989.2,886
2024,Property Damage Accident,22:03,2024-03-10,Sunday,Y,Dark-Road Unlighted,CLARKSTOWN,OTHER,ROCKLAND,Straight and Level,Rain,,Wet,,Not Applicable,"Other Fixed Object*, Collision With Fixed Object",1,354829,36087,259,0.3,7336134.0,9989.2,886
2024,Property Damage Accident,15:00,2024-03-10,Sunday,Y,Daylight,ORANGETOWN,OVERTAKING,ROCKLAND,Straight and Level,Rain,,Wet,987C85011032,Not Applicable,"Other Motor Vehicle, Collision With",2,354829,36087,259,0.3,7336134.0,9989.2,886
2024,Property Damage Accident,13:57,2024-03-10,Sunday,Y,Daylight,LLOYD,REAR END,ULSTER,Straight and Grade,Clear,No Passing Zone,Dry,44 86011276,Not Applicable,"Other Motor Vehicle, Collision With",2,183095,36111,3565,1.2,6410502.0,3939.4,999
2024,Property Damage Accident,14:50,2024-03-10,Sunday,Y,Daylight,NEW ROCHELLE,OVERTAKING,WESTCHESTER,Straight and Level,Rain,,Wet,,Not Applicable,"Other Motor Vehicle, Collision With",2,1009165,36119,850,0.8,18110248.0,6143.2,3354
2024,Property Damage Accident,13:39,2024-03-10,Sunday,Y,Daylight,PLEASANTVILLE,OVERTAKING,WESTCHESTER,Straight and Level,Cloudy,Traffic Signal,Dry,117 87011043,Not Applicable,"Other Motor Vehicle, Collision With",2,1009165,36119,850,0.8,18110248.0,6143.2,3354
2024,Property Damage Accident,14:04,2024-03-10,Sunday,Y,Daylight,YONKERS,OTHER,WESTCHESTER,Straight and Level,Clear,,Dry,987F87012035,Not Applicable,"Other Motor Vehicle, Collision With",4,1009165,36119,850,0.8,18110248.0,6143.2,3354
2024,Property Damage Accident,4:06,2024-03-10,Sunday,Y,Dark-Road Lighted,NEW ROCHELLE,OTHER,WESTCHESTER,Curve and Grade,Cloudy,,Wet,,Not Applicable,"Other Motor Vehicle, Collision With",3,1009165,36119,850,0.8,18110248.0,6143.2,3354
2024,Property Damage Accident,14:00,2024-03-10,Sunday,Y,Daylight,SLEEPY HOLLOW,OTHER,WESTCHESTER,Straight and Grade,Cloudy,Other,Wet,,Not Applicable,"Other Motor Vehicle, Collision With",3,1009165,36119,850,0.8,18110248.0,6143.2,3354
2024,Property Damage Accident,0:51,2024-03-10,Sunday,Y,Dark-Road Unlighted,CROTON ON HUDSON,OTHER,WESTCHESTER,Curve and Grade,Rain,,Wet,129 87011033,Not Applicable,"Other Object (Not Fixed)*, Collision With",1,1009165,36119,850,0.8,18110248.0,6143.2,3354
2024,Property Damage Accident,6:05,2024-03-10,Sunday,Y,Dark-Road Unlighted,CORTLANDT,RIGHT ANGLE,WESTCHESTER,Straight and Level,Clear,,Wet,,Not Applicable,"Other Motor Vehicle, Collision With",2,1009165,36119,850,0.8,18110248.0,6143.2,3354
2024,Property Damage Accident,7:55,2024-03-10,Sunday,Y,Daylight,BEDFORD,OTHER,WESTCHESTER,Curve and Level,Cloudy,No Passing Zone,Wet,,Not Applicable,"Light Support/Utility Pole, Collision With Fixed Object",1,1009165,36119,850,0.8,18110248.0,6143.2,3354
2024,Property Damage Accident,15:20,2024-03-10,Sunday,Y,Daylight,WHITE PLAINS,OVERTAKING,WESTCHESTER,Straight and Level,Rain,,Wet,,Not Applicable,"Other Motor Vehicle, Collision With",2,1009165,36119,850,0.8,18110248.0,6143.2,3354
2024,Property Damage Accident,14:50,2024-03-10,Sunday,Y,Daylight,PELHAM MANOR,OVERTAKING,WESTCHESTER,Straight and Level,Cloudy,,Wet,1 87031002,Not Applicable,"Other Motor Vehicle, Collision With",2,1009165,36119,850,0.8,18110248.0,6143.2,3354
2024,Property Damage Accident,13:35,2024-03-11,Monday,Y,Daylight,POUGHKEEPSIE,OVERTAKING,DUTCHESS,Straight and Level,Clear,Traffic Signal,Dry,44 82021011,Not Applicable,"Other Motor Vehicle, Collision With",2,299256,36027,1695,0.8,5987961.0,3975.0,1300
2024,Property Damage Accident,15:07,2024-03-11,Monday,Y,Daylight,FISHKILL,OTHER,DUTCHESS,Straight and Level,Clear,,Dry,84I82021055,Not Applicable,"Tree, Collision With Fixed Object",1,299256,36027,1695,0.8,5987961.0,3975.0,1300
2024,Property Damage Accident,15:00,2024-03-11,Monday,Y,Daylight,NEWBURGH,OVERTAKING,ORANGE,Straight and Level,Clear,,Dry,300 83021082,Not Applicable,"Other Motor Vehicle, Collision With",2,415088,36071,4753,2.6,13857119.0,5167.5,1527
2024,Property Damage & Injury Accident,20:30,2024-03-11,Monday,Y,Dark-Road Unlighted,GREENVILLE,OTHER,ORANGE,Straight and Level,Clear,No Passing Zone,Dry,,Not Applicable,Deer,1,415088,36071,4753,2.6,13857119.0,5167.5,1527
2024,Property Damage Accident,6:53,2024-03-11,Monday,Y,Daylight,CRAWFORD,RIGHT ANGLE,ORANGE,Straight and Level,Clear,Stop Sign,Dry,,Not Applicable,"Other Motor Vehicle, Collision With",2,415088,36071,4753,2.6,13857119.0,5167.5,1527
2024,Property Damage Accident,14:00,2024-03-11,Monday,Y,Daylight,SOUTHEAST,OTHER,PUTNAM,Curve and Grade,Clear,No Passing Zone,Dry,,Not Applicable,"Ran Off Roadway Only, Non-Collision",1,98842,36079,509,0.7,2746105.0,4089.2,375
2024,Property Damage & Injury Accident,13:33,2024-03-11,Monday,Y,Daylight,RAMAPO,REAR END,ROCKLAND,Straight and Level,Clear,,Dry,59 85011060,Not Applicable,"Other Motor Vehicle, Collision With",2,354829,36087,259,0.3,7336134.0,9989.2,886
2024,Property Damage & Injury Accident,13:20,2024-03-11,Monday,Y,Daylight,NEW SQUARE,RIGHT ANGLE,ROCKLAND,Straight and Level,Clear,Stop Sign,Dry,,Not Applicable,"Other Motor Vehicle, Collision With",2,354829,36087,259,0.3,7336134.0,9989.2,886
2024,Property Damage Accident,16:45,2024-03-11,Monday,Y,Daylight,CLARKSTOWN,REAR END,ROCKLAND,Straight and Grade,Clear,,Dry,,Not Applicable,"Other Motor Vehicle, Collision With",2,354829,36087,259,0.3,7336134.0,9989.2,886
2024,Property Damage Accident,8:45,2024-03-11,Monday,Y,Daylight,RAMAPO,OTHER,ROCKLAND,Straight and Level,Clear,,Dry,,Not Applicable,"Tree, Collision With Fixed Object",1,354829,36087,259,0.3,7336134.0,9989.2,886
2024,Property Damage Accident,16:49,2024-03-11,Monday,Y,Daylight,RAMAPO,OTHER,ROCKLAND,Straight at Hill Crest,Clear,,Dry,987C85011122,Not Applicable,"Other Motor Vehicle, Collision With",3,354829,36087,259,0.3,7336134.0,9989.2,886
2024,Property Damage Accident,17:11,2024-03-11,Monday,Y,Daylight,SPRING VALLEY,SIDESWIPE,ROCKLAND,Straight and Level,Clear,,Dry,,Not Applicable,"Other Motor Vehicle, Collision With",2,354829,36087,259,0.3,7336134.0,9989.2,886
2024,Property Damage Accident,16:05,2024-03-11,Monday,Y,Daylight,RAMAPO,OVERTAKING,ROCKLAND,Straight and Level,Clear,,Dry,,Not Applicable,"Other Motor Vehicle, Collision With",2,354829,36087,259,0.3,7336134.0,9989.2,886
2024,Property Damage Accident,12:48,2024-03-11,Monday,Y,Daylight,NEW SQUARE,OTHER,ROCKLAND,Straight and Level,Clear,,Dry,,Not Applicable,"Other Motor Vehicle, Collision With",2,354829,36087,259,0.3,7336134.0,9989.2,886
2024,Property Damage Accident,21:54,2024-03-11,Monday,Y,Dark-Road Unlighted,CLARKSTOWN,OVERTAKING,ROCKLAND,Straight and Level,Clear,,Dry,,Not Applicable,"Guide Rail - Not At End, Collision With Fixed Object",2,354829,36087,259,0.3,7336134.0,9989.2,886
2024,Property Damage Accident,18:31,2024-03-11,Monday,Y,Dusk,LLOYD,RIGHT ANGLE,ULSTER,Straight and Level,Clear,,Dry,9W86031090,Not Applicable,"Other Motor Vehicle, Collision With",2,183095,36111,3565,1.2,6410502.0,3939.4,999
2024,Property Damage Accident,22:05,2024-03-11,Monday,Y,Dark-Road Lighted,MARBLETOWN,REAR END,ULSTER,Straight and Level,Clear,Traffic Signal,Dry,209 86031230,Not Applicable,"Other Motor Vehicle, Collision With",2,183095,36111,3565,1.2,6410502.0,3939.4,999
2024,Injury Accident,7:25,2024-03-11,Monday,Y,Daylight,YONKERS,OTHER,WESTCHESTER,Straight and Level,Clear,Stop Sign,Dry,,"Crossing, No Signal, Marked Crosswalk","Pedestrian, Collision With",1,1009165,36119,850,0.8,18110248.0,6143.2,3354
2024,Property Damage Accident,10:02,2024-03-11,Monday,Y,Daylight,RYE BROOKE,OTHER,WESTCHESTER,Straight and Level,Cloudy,Other,Dry,,Not Applicable,"Bridge Structure, Collision With Fixed Object",1,1009165,36119,850,0.8,18110248.0,6143.2,3354
2024,Property Damage & Injury Accident,11:40,2024-03-11,Monday,Y,Daylight,MAMARONECK,OVERTAKING,WESTCHESTER,Straight and Level,Clear,,Dry,,Not Applicable,"Other Motor Vehicle, Collision With",2,1009165,36119,850,0.8,18110248.0,6143.2,3354
2024,Property Damage Accident,13:22,2024-03-11,Monday,Y,Daylight,YONKERS,SIDESWIPE,WESTCHESTER,Straight and Level,Clear,Traffic Signal,Dry,983B87011009,Not Applicable,"Other Motor Vehicle, Collision With",2,1009165,36119,850,0.8,18110248.0,6143.2,3354
2024,Injury Accident,14:42,2024-03-11,Monday,Y,Daylight,TARRYTOWN,OTHER,WESTCHESTER,Straight and Grade,Clear,Unknown,Dry,,Unknown,Other Pedestrian,1,1009165,36119,850,0.8,18110248.0,6143.2,3354
2024,Property Damage Accident,15:25,2024-03-11,Monday,Y,Daylight,YONKERS,LEFT TURN (0),WESTCHESTER,Straight and Level,Clear,Stop Sign,Dry,,Not Applicable,"Other Motor Vehicle, Collision With",2,1009165,36119,850,0.8,18110248.0,6143.2,3354
2024,Property Damage & Injury Accident,14:38,2024-03-11,Monday,Y,Daylight,IRVINGTON,OTHER,WESTCHESTER,Straight and Level,Clear,,Dry,,Riding/Walking/Skating Along Highway Against Traffic,"Pedestrian, Collision With",1,1009165,36119,850,0.8,18110248.0,6143.2,3354
2024,Property Damage Accident,8:21,2024-03-11,Monday,Y,Daylight,MOUNT KISCO,REAR END,WESTCHESTER,Curve and Level,Clear,,Dry,117 87011095,Not Applicable,"Other Motor Vehicle, Collision With",2,1009165,36119,850,0.8,18110248.0,6143.2,3354
2024,Injury Accident,13:37,2024-03-11,Monday,Y,Daylight,YONKERS,OTHER,WESTCHESTER,Straight at Hill Crest,Clear,Traffic Signal,Dry,9A87031000,"Crossing, With Signal","Pedestrian, Collision With",1,1009165,36119,850,0.8,18110248.0,6143.2,3354
2024,Property Damage & Injury Accident,8:35,2024-03-11,Monday,Y,Daylight,YONKERS,REAR END,WESTCHESTER,Straight and Level,Cloudy,,Dry,,Not Applicable,"Other Motor Vehicle, Collision With",2,1009165,36119,850,0.8,18110248.0,6143.2,3354
2024,Property Damage Accident,18:01,2024-03-12,Tuesday,Y,Daylight,EAST FISHKILL,OTHER,DUTCHESS,Straight and Level,Clear,,Dry,,Not Applicable,"Other Motor Vehicle, Collision With",2,299256,36027,1695,0.8,5987961.0,3975.0,1300
2024,Property Damage & Injury Accident,17:22,2024-03-12,Tuesday,Y,Daylight,LA GRANGE,REAR END,DUTCHESS,Straight and Level,Clear,,Dry,55 82032056,Not Applicable,"Other Motor Vehicle, Collision With",2,299256,36027,1695,0.8,5987961.0,3975.0,1300
2024,Property Damage Accident,15:22,2024-03-12,Tuesday,Y,Daylight,RED HOOK,REAR END,DUTCHESS,Straight and Level,Clear,,Dry,9 82053199,Not Applicable,"Other Motor Vehicle, Collision With",2,299256,36027,1695,0.8,5987961.0,3975.0,1300
2024,Property Damage Accident,13:28,2024-03-12,Tuesday,Y,Daylight,POUGHKEEPSIE,LEFT TURN (3),DUTCHESS,Straight and Level,Clear,,Dry,984A82011001,Not Applicable,"Other Motor Vehicle, Collision With",2,299256,36027,1695,0.8,5987961.0,3975.0,1300
2024,Property Damage Accident,8:42,2024-03-12,Tuesday,Y,Daylight,UNION VALE,OTHER,DUTCHESS,Straight and Level,Clear,No Passing Zone,Dry,,Not Applicable,Deer,1,299256,36027,1695,0.8,5987961.0,3975.0,1300
2024,Property Damage Accident,12:31,2024-03-12,Tuesday,Y,Daylight,NEW WINDSOR,REAR END,ORANGE,Straight and Level,Clear,Traffic Signal,Dry,300 83021104,Not Applicable,"Other Motor Vehicle, Collision With",2,415088,36071,4753,2.6,13857119.0,5167.5,1527
2024,Property Damage & Injury Accident,20:09,2024-03-12,Tuesday,Y,Dark-Road Unlighted,HIGHLANDS,OTHER,ORANGE,Straight and Level,Clear,No Passing Zone,Dry,9W83021016,Not Applicable,"Other Motor Vehicle, Collision With",3,415088,36071,4753,2.6,13857119.0,5167.5,1527
2024,Property Damage Accident,8:36,2024-03-12,Tuesday,Y,Daylight,BLOOMING GROVE,HEAD ON,ORANGE,Straight and Level,Clear,Stop Sign,Dry,,Not Applicable,"Other Motor Vehicle, Collision With",2,415088,36071,4753,2.6,13857119.0,5167.5,1527
2024,Property Damage Accident,16:57,2024-03-12,Tuesday,Y,Daylight,WALDEN,REAR END,ORANGE,Straight and Level,Clear,,Dry,52 83031081,Not Applicable,"Other Motor Vehicle, Collision With",2,415088,36071,4753,2.6,13857119.0,5167.5,1527
2024,Property Damage Accident,15:44,2024-03-12,Tuesday,Y,Daylight,WOODBURY,Unknown,ORANGE,Straight and Level,Clear,,Dry,32 83011026,Not Applicable,"Other Motor Vehicle, Collision With",2,415088,36071,4753,2.6,13857119.0,5167.5,1527
2024,Property Damage & Injury Accident,17:00,2024-03-12,Tuesday,Y,Daylight,HAMPTONBURGH,REAR END,ORANGE,Straight and Level,Clear,,Dry,207 83011031,Not Applicable,"Other Motor Vehicle, Collision With",2,415088,36071,4753,2.6,13857119.0,5167.5,1527
2024,Property Damage Accident,23:31,2024-03-12,Tuesday,Y,Dark-Road Lighted,MONROE,LEFT TURN (3),ORANGE,Straight and Level,Cloudy,Traffic Signal,Dry,,Not Applicable,"Other Motor Vehicle, Collision With",2,415088,36071,4753,2.6,13857119.0,5167.5,1527
2024,Property Damage Accident,18:29,2024-03-12,Tuesday,Y,Daylight,PUTNAM VALLEY,OVERTAKING,PUTNAM,Straight and Level,Clear,,Dry,987G84021024,Not Applicable,"Other Motor Vehicle, Collision With",2,98842,36079,509,0.7,2746105.0,4089.2,375
2024,Property Damage Accident,23:00,2024-03-12,Tuesday,N,Unknown,SLOATSBURG,OTHER,ROCKLAND,Unknown,Unknown,Unknown,Unknown,,Not Applicable,"Other Fixed Object*, Collision With Fixed Object",1,354829,36087,259,0.3,7336134.0,9989.2,886
2024,Property Damage Accident,14:00,2024-03-12,Tuesday,Y,Daylight,SPRING VALLEY,RIGHT ANGLE,ROCKLAND,Straight and Level,Clear,Stop Sign,Dry,,Not Applicable,"Other Motor Vehicle, Collision With",2,354829,36087,259,0.3,7336134.0,9989.2,886
2024,Property Damage Accident,16:40,2024-03-12,Tuesday,Y,Daylight,STONY POINT,OTHER,ROCKLAND,Straight and Level,Clear,,Dry,,Not Applicable,"Other Motor Vehicle, Collision With",2,354829,36087,259,0.3,7336134.0,9989.2,886
2024,Property Damage & Injury Accident,14:18,2024-03-12,Tuesday,Y,Daylight,CLARKSTOWN,OVERTAKING,ROCKLAND,Straight and Level,Clear,,Dry,304 85011052,Not Applicable,"Other Motor Vehicle, Collision With",2,354829,36087,259,0.3,7336134.0,9989.2,886
2024,Property Damage & Injury Accident,14:39,2024-03-12,Tuesday,Y,Daylight,ORANGETOWN,REAR END,ROCKLAND,Straight and Level,Clear,No Passing Zone,Dry,9W85011037,Not Applicable,"Other Motor Vehicle, Collision With",2,354829,36087,259,0.3,7336134.0,9989.2,886
2024,Property Damage Accident,16:25,2024-03-12,Tuesday,Y,Daylight,ORANGETOWN,REAR END,ROCKLAND,Straight and Level,Clear,,Dry,303 85011009,Not Applicable,"Other Motor Vehicle, Collision With",2,354829,36087,259,0.3,7336134.0,9989.2,886
2024,Property Damage Accident,15:10,2024-03-12,Tuesday,Y,Daylight,RAMAPO,OVERTAKING,ROCKLAND,Straight and Level,Clear,Traffic Signal,Dry,45 85011060,Not Applicable,"Other Motor Vehicle, Collision With",2,354829,36087,259,0.3,7336134.0,9989.2,886
2024,Property Damage Accident,13:04,2024-03-12,Tuesday,Y,Daylight,SPRING VALLEY,RIGHT ANGLE,ROCKLAND,Straight and Grade,Clear,,Dry,,Not Applicable,"Other Motor Vehicle, Collision With",2,354829,36087,259,0.3,7336134.0,9989.2,886
2024,Property Damage Accident,18:30,2024-03-12,Tuesday,Y,Daylight,KINGSTON,OVERTAKING,ULSTER,Straight and Level,Clear,,Dry,,Not Applicable,"Other Motor Vehicle, Collision With",2,183095,36111,3565,1.2,6410502.0,3939.4,999
2024,Property Damage Accident,13:27,2024-03-12,Tuesday,Y,Daylight,NEW PALTZ,RIGHT ANGLE,ULSTER,Straight and Level,Clear,No Passing Zone,Dry,,Not Applicable,"Other Motor Vehicle, Collision With",2,183095,36111,3565,1.2,6410502.0,3939.4,999
2024,Property Damage & Injury Accident,7:15,2024-03-12,Tuesday,Y,Daylight,ULSTER,OTHER,ULSTER,Curve and Grade,Clear,,Dry,,Not Applicable,"Guide Rail - Not At End, Collision With Fixed Object",1,183095,36111,3565,1.2,6410502.0,3939.4,999
2024,Property Damage Accident,14:30,2024-03-12,Tuesday,Y,Daylight,KINGSTON,RIGHT TURN (5),ULSTER,Curve and Level,Clear,Yield Sign,Dry,983G86011002,Not Applicable,"Other Motor Vehicle, Collision With",2,183095,36111,3565,1.2,6410502.0,3939.4,999
2024,Property Damage & Injury Accident,7:35,2024-03-12,Tuesday,Y,Daylight,MAMARONECK,REAR END,WESTCHESTER,Curve and Level,Clear,Stop Sign,Dry,,Not Applicable,"Other Motor Vehicle, Collision With",2,1009165,36119,850,0.8,18110248.0,6143.2,3354
2024,Property Damage Accident,19:08,2024-03-12,Tuesday,Y,Daylight,NORTH CASTLE,OVERTAKING,WESTCHESTER,Straight and Level,Cloudy,Traffic Signal,Dry,22 87024002,Not Applicable,"Other Motor Vehicle, Collision With",2,1009165,36119,850,0.8,18110248.0,6143.2,3354
2024,Property Damage Accident,15:47,2024-03-12,Tuesday,Y,Daylight,GREENBURGH,OVERTAKING,WESTCHESTER,Straight and Level,Clear,,Dry,100 87014004,Not Applicable,"Other Motor Vehicle, Collision With",2,1009165,36119,850,0.8,18110248.0,6143.2,3354
2024,Property Damage Accident,8:53,2024-03-12,Tuesday,Y,Daylight,NEW ROCHELLE,REAR END,WESTCHESTER,Straight and Grade,Clear,,Dry,,Not Applicable,"Other Motor Vehicle, Collision With",2,1009165,36119,850,0.8,18110248.0,6143.2,3354
2024,Property Damage Accident,16:31,2024-03-12,Tuesday,Y,Daylight,BEDFORD,OVERTAKING,WESTCHESTER,Straight and Level,Clear,,Dry,684I87011161,Not Applicable,"Other Motor Vehicle, Collision With",2,1009165,36119,850,0.8,18110248.0,6143.2,3354