year,accident_descriptor,time,date,day_of_week,police_report,lighting_conditions,municipality,collision_type_descriptor,county_name,road_descriptor,weather_conditions,traffic_control_device,road_surface_conditions,dot_reference_marker_location,pedestrian_bicyclist_action,event_descriptor,number_of_vehicles_involved,county_population_2024,county_fips,county_deer_take_2024,county_antlerless_deer_per_sqmi_2024,county_daily_vmt_2019,county_mean_aadt_2019,county_aadt_segments_2019
2024,Property Damage Accident,19:30,2024-03-22,Friday,Y,Dark-Road Lighted,MOUNT VERNON,REAR END,WESTCHESTER,Straight and Level,Clear,,Dry,,Not Applicable,"Other Motor Vehicle, Collision With",2,1009165,36119,850,0.8,18110248.0,6143.2,3354
2024,Property Damage Accident,13:01,2024-03-22,Friday,Y,Daylight,CORTLANDT,REAR END,WESTCHESTER,Straight and Level,Clear,,Dry,,Not Applicable,"Other Motor Vehicle, Collision With",2,1009165,36119,850,0.8,18110248.0,6143.2,3354
2024,Property Damage Accident,14:13,2024-03-22,Friday,Y,Daylight,YORKTOWN,REAR END,WESTCHESTER,Straight and Level,Cloudy,,Dry,6 87033045,Not Applicable,"Other Motor Vehicle, Collision With",2,1009165,36119,850,0.8,18110248.0,6143.2,3354
2024,Property Damage Accident,17:14,2024-03-22,Friday,Y,Daylight,YONKERS,REAR END,WESTCHESTER,Curve and Grade,Cloudy,,Dry,,Not Applicable,"Other Motor Vehicle, Collision With",2,1009165,36119,850,0.8,18110248.0,6143.2,3354
2024,Property Damage Accident,20:11,2024-03-22,Friday,Y,Dark-Road Lighted,PELHAM,RIGHT ANGLE,WESTCHESTER,Straight and Level,Clear,Stop Sign,Dry,,Not Applicable,"Other Motor Vehicle, Collision With",2,1009165,36119,850,0.8,18110248.0,6143.2,3354
2024,Property Damage Accident,14:15,2024-03-22,Friday,Y,Daylight,GREENBURGH,OVERTAKING,WESTCHESTER,Straight and Level,Clear,,Dry,100 87012017,Not Applicable,"Other Motor Vehicle, Collision With",2,1009165,36119,850,0.8,18110248.0,6143.2,3354
2024,Property Damage Accident,16:15,2024-03-22,Friday,Y,Daylight,GREENBURGH,OVERTAKING,WESTCHESTER,Straight and Level,Clear,,Dry,987F87012034,Not Applicable,"Other Motor Vehicle, Collision With",2,1009165,36119,850,0.8,18110248.0,6143.2,3354
2024,Property Damage Accident,20:22,2024-03-23,Saturday,Y,Dark-Road Unlighted,LA GRANGE,REAR END,DUTCHESS,Straight and Level,Cloudy,,Wet,55 82032074,Not Applicable,"Other Motor Vehicle, Collision With",2,299256,36027,1695,0.8,5987961.0,3975.0,1300
2024,Property Damage Accident,11:33,2024-03-23,Saturday,Y,Daylight,LA GRANGE,OTHER,DUTCHESS,Straight and Level,Rain,,Wet,,Not Applicable,"Sign Post, Collision With Fixed Object",1,299256,36027,1695,0.8,5987961.0,3975.0,1300
2024,Property Damage & Injury Accident,10:53,2024-03-23,Saturday,Y,Daylight,POUGHKEEPSIE,RIGHT ANGLE,DUTCHESS,Straight and Level,Rain,,Wet,9D82033078,Not Applicable,"Other Motor Vehicle, Collision With",2,299256,36027,1695,0.8,5987961.0,3975.0,1300
2024,Property Damage & Injury Accident,16:09,2024-03-23,Saturday,Y,Daylight,PLEASANT VALLEY,OTHER,DUTCHESS,Straight and Level,Rain,,Wet,987G82031204,Not Applicable,"Tree, Collision With Fixed Object",1,299256,36027,1695,0.8,5987961.0,3975.0,1300
2024,Property Damage Accident,18:11,2024-03-23,Saturday,Y,Dusk,PINE PLAINS,OTHER,DUTCHESS,Curve and Grade,Sleet/Hail/Freezing Rain,,Snow/Ice,,Not Applicable,"Ran Off Roadway Only, Non-Collision",1,299256,36027,1695,0.8,5987961.0,3975.0,1300
2024,Property Damage & Injury Accident,14:29,2024-03-23,Saturday,Y,Daylight,BEEKMAN,HEAD ON,DUTCHESS,Straight and Level,Rain,Traffic Signal,Wet,55 82032126,Not Applicable,"Other Motor Vehicle, Collision With",2,299256,36027,1695,0.8,5987961.0,3975.0,1300
2024,Property Damage Accident,15:52,2024-03-23,Saturday,Y,Daylight,TUXEDO,OTHER,ORANGE,Straight and Level,Rain,,Wet,,Not Applicable,"Other Fixed Object*, Collision With Fixed Object",1,415088,36071,4753,2.6,13857119.0,5167.5,1527
2024,Property Damage & Injury Accident,15:43,2024-03-23,Saturday,Y,Daylight,GOSHEN,REAR END,ORANGE,Curve and Level,Rain,,Wet,17 83101111,Not Applicable,"Other Motor Vehicle, Collision With",2,415088,36071,4753,2.6,13857119.0,5167.5,1527
2024,Property Damage & Injury Accident,22:28,2024-03-23,Saturday,Y,Dark-Road Lighted,PHILLIPSTOWN,SIDESWIPE,PUTNAM,Straight and Level,Clear,No Passing Zone,Wet,9 84041112,Not Applicable,"Other Motor Vehicle, Collision With",2,98842,36079,509,0.7,2746105.0,4089.2,375
2024,Property Damage Accident,20:34,2024-03-23,Saturday,Y,Dark-Road Unlighted,CARMEL,OTHER,PUTNAM,Straight and Level,Clear,,Dry,,Not Applicable,"Earth Embankment/Rock Cut/Ditch, Collision With Fixed Object",1,98842,36079,509,0.7,2746105.0,4089.2,375
2024,Property Damage Accident,8:46,2024-03-23,Saturday,Y,Daylight,CARMEL,OTHER,PUTNAM,Curve and Level,Rain,,Wet,,Not Applicable,"Light Support/Utility Pole, Collision With Fixed Object",1,98842,36079,509,0.7,2746105.0,4089.2,375
2024,Property Damage Accident,13:42,2024-03-23,Saturday,Y,Daylight,HAVERSTRAW,OVERTAKING,ROCKLAND,Curve and Grade,Rain,,Wet,202 85011110,Not Applicable,"Other Motor Vehicle, Collision With",2,354829,36087,259,0.3,7336134.0,9989.2,886
2024,Property Damage Accident,10:35,2024-03-23,Saturday,Y,Daylight,ORANGETOWN,OTHER,ROCKLAND,Straight and Grade,Rain,,Flooded Water,987C85011010,Not Applicable,"Guide Rail - Not At End, Collision With Fixed Object",1,354829,36087,259,0.3,7336134.0,9989.2,886
2024,Property Damage & Injury Accident,10:51,2024-03-23,Saturday,Y,Daylight,ORANGETOWN,REAR END,ROCKLAND,Straight and Grade,Rain,,Wet,987C85011000,Not Applicable,"Other Motor Vehicle, Collision With",2,354829,36087,259,0.3,7336134.0,9989.2,886
2024,Property Damage Accident,13:56,2024-03-23,Saturday,Y,Daylight,NEW PALTZ,OTHER,ULSTER,Straight and Level,Rain,,Wet,,Not Applicable,"Guide Rail - Not At End, Collision With Fixed Object",1,183095,36111,3565,1.2,6410502.0,3939.4,999
2024,Property Damage & Injury Accident,13:00,2024-03-23,Saturday,Y,Daylight,DOBBS FERRY,RIGHT ANGLE,WESTCHESTER,Straight and Level,Rain,Stop Sign,Wet,,Not Applicable,"Other Motor Vehicle, Collision With",2,1009165,36119,850,0.8,18110248.0,6143.2,3354
2024,Property Damage Accident,22:15,2024-03-23,Saturday,Y,Dark-Road Unlighted,DOBBS FERRY,REAR END,WESTCHESTER,Straight and Level,Rain,,Wet,987D87012018,Not Applicable,"Other Motor Vehicle, Collision With",2,1009165,36119,850,0.8,18110248.0,6143.2,3354
2024,Property Damage Accident,20:30,2024-03-23,Saturday,Y,Dark-Road Unlighted,NEW CASTLE,OTHER,WESTCHESTER,Curve and Grade,Rain,,Wet,,Not Applicable,"Earth Embankment/Rock Cut/Ditch, Collision With Fixed Object",1,1009165,36119,850,0.8,18110248.0,6143.2,3354
2024,Property Damage Accident,13:40,2024-03-23,Saturday,Y,Daylight,PEEKSKILL,OTHER,WESTCHESTER,Straight and Level,Rain,,Wet,6 87032018,Not Applicable,"Other Motor Vehicle, Collision With",3,1009165,36119,850,0.8,18110248.0,6143.2,3354
2024,Property Damage Accident,2:06,2024-03-23,Saturday,Y,Dark-Road Lighted,MOUNT VERNON,OTHER,WESTCHESTER,Curve and Level,Rain,,Wet,,Not Applicable,"Guide Rail - Not At End, Collision With Fixed Object",1,1009165,36119,850,0.8,18110248.0,6143.2,3354
2024,Property Damage & Injury Accident,1:18,2024-03-23,Saturday,Y,Dark-Road Lighted,YONKERS,REAR END,WESTCHESTER,Curve and Level,Rain,,Wet,9A87031008,Not Applicable,"Other Motor Vehicle, Collision With",2,1009165,36119,850,0.8,18110248.0,6143.2,3354
2024,Property Damage & Injury Accident,13:00,2024-03-23,Saturday,Y,Daylight,GREENBURGH,OTHER,WESTCHESTER,Straight and Level,Rain,,Wet,987F87012004,Not Applicable,"Earth Embankment/Rock Cut/Ditch, Collision With Fixed Object",1,1009165,36119,850,0.8,18110248.0,6143.2,3354
2024,Property Damage Accident,20:55,2024-03-23,Saturday,Y,Dark-Road Unlighted,EASTCHESTER,OVERTAKING,WESTCHESTER,Curve and Grade,Cloudy,,Wet,907W87022009,Not Applicable,"Other Motor Vehicle, Collision With",2,1009165,36119,850,0.8,18110248.0,6143.2,3354
2024,Property Damage Accident,15:56,2024-03-23,Saturday,Y,Daylight,MAMARONECK,OTHER,WESTCHESTER,Straight and Level,Rain,,Wet,,Not Applicable,"Barrier, Collision With Fixed Object",1,1009165,36119,850,0.8,18110248.0,6143.2,3354
2024,Property Damage Accident,21:08,2024-03-23,Saturday,Y,Dark-Road Unlighted,DOBBS FERRY,OTHER,WESTCHESTER,Straight and Level,Rain,,Wet,987D87012017,Not Applicable,"Guide Rail - Not At End, Collision With Fixed Object",1,1009165,36119,850,0.8,18110248.0,6143.2,3354
2024,Property Damage & Injury Accident,12:50,2024-03-23,Saturday,Y,Daylight,HARRISON,OTHER,WESTCHESTER,Straight and Level,Rain,,Wet,287I87011082,Not Applicable,"Other Motor Vehicle, Collision With",2,1009165,36119,850,0.8,18110248.0,6143.2,3354
2024,Property Damage & Injury Accident,18:07,2024-03-23,Saturday,Y,Daylight,YONKERS,OTHER,WESTCHESTER,Straight and Level,Rain,,Wet,987F87011025,Not Applicable,"Earth Embankment/Rock Cut/Ditch, Collision With Fixed Object",1,1009165,36119,850,0.8,18110248.0,6143.2,3354
2024,Property Damage Accident,15:30,2024-03-23,Saturday,Y,Daylight,NORTH CASTLE,OTHER,WESTCHESTER,Straight and Level,Rain,,Wet,684I87011039,Not Applicable,"Guide Rail - Not At End, Collision With Fixed Object",1,1009165,36119,850,0.8,18110248.0,6143.2,3354
2024,Property Damage Accident,17:10,2024-03-23,Saturday,Y,Daylight,YORKTOWN,OTHER,WESTCHESTER,Curve and Level,Rain,,Wet,987G87011160,Not Applicable,"Earth Embankment/Rock Cut/Ditch, Collision With Fixed Object",1,1009165,36119,850,0.8,18110248.0,6143.2,3354
2024,Property Damage Accident,21:00,2024-03-23,Saturday,Y,Dark-Road Lighted,WHITE PLAINS,OTHER,WESTCHESTER,Straight and Level,Clear,,Dry,,Not Applicable,"Barrier, Collision With Fixed Object",1,1009165,36119,850,0.8,18110248.0,6143.2,3354
2024,Property Damage Accident,14:34,2024-03-23,Saturday,Y,Daylight,MOUNT PLEASANT,OTHER,WESTCHESTER,Straight and Level,Rain,,Wet,987G87011044,Not Applicable,"Guide Rail - Not At End, Collision With Fixed Object",1,1009165,36119,850,0.8,18110248.0,6143.2,3354
2024,Property Damage Accident,10:10,2024-03-24,Sunday,Y,Daylight,RED HOOK,OTHER,DUTCHESS,Straight and Level,Clear,,Dry,9 82053196,Not Applicable,"Other Fixed Object*, Collision With Fixed Object",1,299256,36027,1695,0.8,5987961.0,3975.0,1300
2024,Property Damage Accident,11:40,2024-03-24,Sunday,Y,Daylight,WALLKILL,OVERTAKING,ORANGE,Straight and Level,Clear,RR Crossing Gates,Dry,211 83013060,Not Applicable,"Other Motor Vehicle, Collision With",2,415088,36071,4753,2.6,13857119.0,5167.5,1527
2024,Property Damage Accident,15:14,2024-03-24,Sunday,Y,Daylight,MONROE,RIGHT ANGLE,ORANGE,Straight and Grade,Clear,No Passing Zone,Dry,17M83013163,Not Applicable,"Other Motor Vehicle, Collision With",2,415088,36071,4753,2.6,13857119.0,5167.5,1527
2024,Property Damage Accident,22:01,2024-03-24,Sunday,Y,Dark-Road Unlighted,WOODBURY,OVERTAKING,ORANGE,Straight and Level,Clear,,Dry,,Not Applicable,"Other Motor Vehicle, Collision With",2,415088,36071,4753,2.6,13857119.0,5167.5,1527
2024,Property Damage Accident,12:03,2024-03-24,Sunday,Y,Daylight,NEWBURGH,OTHER,ORANGE,Straight and Level,Clear,,Dry,9W83023036,Not Applicable,Deer,1,415088,36071,4753,2.6,13857119.0,5167.5,1527
2024,Property Damage Accident,17:00,2024-03-24,Sunday,Y,Dark-Road Lighted,NEWBURGH,OVERTAKING,ORANGE,Straight and Level,Clear,,Dry,,Not Applicable,"Other Motor Vehicle, Collision With",2,415088,36071,4753,2.6,13857119.0,5167.5,1527
2024,Property Damage Accident,19:15,2024-03-24,Sunday,Y,Dark-Road Unlighted,PUTNAM VALLEY,OTHER,PUTNAM,Curve and Level,Clear,,Dry,987G84021044,Not Applicable,"Guide Rail - Not At End, Collision With Fixed Object",1,98842,36079,509,0.7,2746105.0,4089.2,375
2024,Property Damage Accident,11:50,2024-03-24,Sunday,N,Daylight,CARMEL,Unknown,PUTNAM,Curve at Hill Crest,Clear,,Dry,,Not Applicable,"Other Motor Vehicle, Collision With",2,98842,36079,509,0.7,2746105.0,4089.2,375
2024,Property Damage Accident,14:19,2024-03-24,Sunday,Y,Daylight,SOUTHEAST,REAR END,PUTNAM,Straight and Level,Clear,,Dry,684I84021024,Not Applicable,"Other Motor Vehicle, Collision With",2,98842,36079,509,0.7,2746105.0,4089.2,375
2024,Property Damage Accident,16:27,2024-03-24,Sunday,Y,Daylight,CLARKSTOWN,REAR END,ROCKLAND,Straight and Level,Clear,Stop Sign,Dry,,Not Applicable,"Other Motor Vehicle, Collision With",2,354829,36087,259,0.3,7336134.0,9989.2,886
2024,Property Damage Accident,19:24,2024-03-24,Sunday,Y,Dark-Road Lighted,SPRING VALLEY,OVERTAKING,ROCKLAND,Straight and Level,Clear,Stop Sign,Dry,,Not Applicable,"Other Motor Vehicle, Collision With",2,354829,36087,259,0.3,7336134.0,9989.2,886
2024,Property Damage Accident,6:08,2024-03-24,Sunday,Y,Dark-Road Unlighted,STONY POINT,OTHER,ROCKLAND,Curve and Level,Clear,,Snow/Ice,,Not Applicable,"Other Object (Not Fixed)*, Collision With",1,354829,36087,259,0.3,7336134.0,9989.2,886
2024,Property Damage & Injury Accident,1:11,2024-03-24,Sunday,Y,Dark-Road Lighted,RAMAPO,OTHER,ROCKLAND,Straight and Level,Rain,,Snow/Ice,202 85011062,Not Applicable,"Ran Off Roadway Only, Non-Collision",1,354829,36087,259,0.3,7336134.0,9989.2,886
2024,Property Damage Accident,18:30,2024-03-24,Sunday,Y,Dark-Road Unlighted,DENNING,OTHER,ULSTER,Straight and Grade,Clear,No Passing Zone,Dry,,Not Applicable,"Animal, Collision With",1,183095,36111,3565,1.2,6410502.0,3939.4,999
2024,Property Damage Accident,17:15,2024-03-24,Sunday,Y,Daylight,RYE BROOKE,RIGHT TURN (5),WESTCHESTER,Straight and Grade,Clear,Stop Sign,Dry,,Not Applicable,"Other Motor Vehicle, Collision With",2,1009165,36119,850,0.8,18110248.0,6143.2,3354
2024,Property Damage Accident,18:57,2024-03-24,Sunday,Y,Daylight,YONKERS,OTHER,WESTCHESTER,Straight and Grade,Clear,,Dry,,Not Applicable,"Other Motor Vehicle, Collision With",2,1009165,36119,850,0.8,18110248.0,6143.2,3354
2024,Property Damage Accident,13:04,2024-03-24,Sunday,Y,Daylight,PORT CHESTER,OTHER,WESTCHESTER,Straight and Level,Clear,,Dry,1 87035011,Not Applicable,"Other Motor Vehicle, Collision With",2,1009165,36119,850,0.8,18110248.0,6143.2,3354
2024,Property Damage Accident,12:44,2024-03-24,Sunday,Y,Daylight,CORTLANDT,SIDESWIPE,WESTCHESTER,Straight and Level,Clear,Stop Sign,Dry,,Not Applicable,"Other Motor Vehicle, Collision With",2,1009165,36119,850,0.8,18110248.0,6143.2,3354
2024,Property Damage Accident,20:38,2024-03-24,Sunday,Y,Dark-Road Lighted,PEEKSKILL,OVERTAKING,WESTCHESTER,Straight and Grade,Clear,No Passing Zone,Dry,,Not Applicable,"Other Motor Vehicle, Collision With",2,1009165,36119,850,0.8,18110248.0,6143.2,3354
2024,Property Damage Accident,9:51,2024-03-24,Sunday,Y,Daylight,PORT CHESTER,OTHER,WESTCHESTER,Straight and Level,Unknown,,Unknown,,Not Applicable,"Other Motor Vehicle, Collision With",4,1009165,36119,850,0.8,18110248.0,6143.2,3354
2024,Property Damage Accident,16:04,2024-03-24,Sunday,Y,Daylight,MOUNT VERNON,REAR END,WESTCHESTER,Straight and Level,Clear,,Dry,,Not Applicable,"Other Motor Vehicle, Collision With",2,1009165,36119,850,0.8,18110248.0,6143.2,3354
2024,Property Damage Accident,4:21,2024-03-24,Sunday,Y,Dark-Road Unlighted,LEWISBORO,OTHER,WESTCHESTER,Curve and Grade,Clear,,Dry,684I87011181,Not Applicable,"Other Motor Vehicle, Collision With",2,1009165,36119,850,0.8,18110248.0,6143.2,3354
2024,Property Damage & Injury Accident,9:53,2024-03-24,Sunday,Y,Daylight,NEW ROCHELLE,OTHER,WESTCHESTER,Straight and Grade,Clear,,Wet,981V87011003,Not Applicable,"Barrier, Collision With Fixed Object",1,1009165,36119,850,0.8,18110248.0,6143.2,3354
2024,Property Damage Accident,13:40,2024-03-24,Sunday,Y,Daylight,DOBBS FERRY,REAR END,WESTCHESTER,Straight and Level,Clear,,Dry,987D87012016,Not Applicable,"Other Motor Vehicle, Collision With",2,1009165,36119,850,0.8,18110248.0,6143.2,3354
2024,Property Damage Accident,16:19,2024-03-24,Sunday,Y,Daylight,WHITE PLAINS,REAR END,WESTCHESTER,Straight and Level,Clear,,Dry,287I87011071,Not Applicable,"Other Motor Vehicle, Collision With",2,1009165,36119,850,0.8,18110248.0,6143.2,3354
2024,Property Damage Accident,21:14,2024-03-24,Sunday,Y,Dark-Road Lighted,NEW ROCHELLE,OTHER,WESTCHESTER,Straight and Level,Clear,,Dry,,Not Applicable,"Curbing, Collision With Fixed Object",1,1009165,36119,850,0.8,18110248.0,6143.2,3354
2024,Property Damage Accident,2:33,2024-03-24,Sunday,Y,Dark-Road Lighted,YONKERS,LEFT TURN (3),WESTCHESTER,Straight and Level,Clear,,Wet,,Not Applicable,"Other Motor Vehicle, Collision With",2,1009165,36119,850,0.8,18110248.0,6143.2,3354
2024,Property Damage & Injury Accident,15:29,2024-03-24,Sunday,Y,Daylight,YORKTOWN,OTHER,WESTCHESTER,Straight and Level,Clear,Stop Sign,Dry,,Not Applicable,"Other Motor Vehicle, Collision With",2,1009165,36119,850,0.8,18110248.0,6143.2,3354
2024,Property Damage Accident,17:31,2024-03-25,Monday,Y,Daylight,WAPPINGER FALLS,RIGHT ANGLE,DUTCHESS,Straight and Grade,Clear,Stop Sign,Dry,,Not Applicable,"Other Motor Vehicle, Collision With",2,299256,36027,1695,0.8,5987961.0,3975.0,1300
2024,Property Damage Accident,8:49,2024-03-25,Monday,Y,Daylight,POUGHKEEPSIE,REAR END,DUTCHESS,Straight and Level,Clear,Traffic Signal,Dry,,Not Applicable,"Other Motor Vehicle, Collision With",2,299256,36027,1695,0.8,5987961.0,3975.0,1300
2024,Property Damage Accident,7:45,2024-03-25,Monday,Y,Daylight,WAPPINGER,LEFT TURN (3),DUTCHESS,Straight and Level,Clear,No Passing Zone,Dry,9D82033047,Not Applicable,"Other Motor Vehicle, Collision With",2,299256,36027,1695,0.8,5987961.0,3975.0,1300
2024,Property Damage Accident,5:18,2024-03-25,Monday,Y,Dark-Road Lighted,NEWBURGH,OVERTAKING,ORANGE,Straight and Level,Clear,,Dry,,Not Applicable,"Other Motor Vehicle, Collision With",2,415088,36071,4753,2.6,13857119.0,5167.5,1527
2024,Property Damage & Injury Accident,17:45,2024-03-25,Monday,Y,Daylight,WAWAYANDA,HEAD ON,ORANGE,Straight and Level,Cloudy,No Passing Zone,Dry,,Not Applicable,"Other Motor Vehicle, Collision With",2,415088,36071,4753,2.6,13857119.0,5167.5,1527
2024,Property Damage & Injury Accident,2:10,2024-03-25,Monday,Y,Dark-Road Unlighted,GOSHEN,OVERTAKING,ORANGE,Curve and Level,Clear,,Dry,17 83101131,Not Applicable,"Other Motor Vehicle, Collision With",2,415088,36071,4753,2.6,13857119.0,5167.5,1527
2024,Property Damage Accident,14:42,2024-03-25,Monday,Y,Daylight,MIDDLETOWN,OVERTAKING,ORANGE,Straight and Level,Clear,Construction Work Area,Dry,17M83012036,Not Applicable,"Other Motor Vehicle, Collision With",2,415088,36071,4753,2.6,13857119.0,5167.5,1527
2024,Property Damage Accident,14:22,2024-03-25,Monday,Y,Daylight,NEW WINDSOR,OTHER,ORANGE,Straight and Level,Clear,,Dry,32 83011113,Not Applicable,"Other Motor Vehicle, Collision With",2,415088,36071,4753,2.6,13857119.0,5167.5,1527
2024,Property Damage Accident,17:58,2024-03-25,Monday,Y,Daylight,SOUTHEAST,REAR END,PUTNAM,Straight and Level,Clear,,Dry,84I84031105,Not Applicable,"Other Motor Vehicle, Collision With",2,98842,36079,509,0.7,2746105.0,4089.2,375
2024,Property Damage & Injury Accident,16:53,2024-03-25,Monday,Y,Daylight,PATTERSON,HEAD ON,PUTNAM,Straight and Level,Clear,,Dry,311 84011023,Not Applicable,"Other Motor Vehicle, Collision With",2,98842,36079,509,0.7,2746105.0,4089.2,375
2024,Property Damage Accident,19:00,2024-03-25,Monday,Y,Daylight,PHILLIPSTOWN,OTHER,PUTNAM,Straight and Level,Clear,Other,Dry,9 84041098,Not Applicable,"Other Motor Vehicle, Collision With",2,98842,36079,509,0.7,2746105.0,4089.2,375
2024,Property Damage Accident,14:03,2024-03-25,Monday,Y,Daylight,ORANGETOWN,REAR END,ROCKLAND,Straight and Level,Clear,,Dry,9W85011047,Not Applicable,"Other Motor Vehicle, Collision With",2,354829,36087,259,0.3,7336134.0,9989.2,886
2024,Injury Accident,17:40,2024-03-25,Monday,Y,Daylight,SPRING VALLEY,REAR END,ROCKLAND,Straight and Grade,Clear,Traffic Signal,Dry,45 85011032,Not Applicable,"Other Motor Vehicle, Collision With",2,354829,36087,259,0.3,7336134.0,9989.2,886
2024,Property Damage Accident,7:17,2024-03-25,Monday,Y,Daylight,CLARKSTOWN,REAR END,ROCKLAND,Straight and Level,Clear,,Dry,303 85011104,Not Applicable,"Other Motor Vehicle, Collision With",2,354829,36087,259,0.3,7336134.0,9989.2,886
2024,Property Damage & Injury Accident,16:35,2024-03-25,Monday,Y,Daylight,CLARKSTOWN,OTHER,ROCKLAND,Straight and Level,Clear,Stop Sign,Dry,,Not Applicable,"Other Motor Vehicle, Collision With",3,354829,36087,259,0.3,7336134.0,9989.2,886
2024,Property Damage Accident,4:16,2024-03-25,Monday,Y,Dark-Road Lighted,SPRING VALLEY,HEAD ON,ROCKLAND,Straight and Grade,Clear,Stop Sign,Dry,,Not Applicable,"Other Motor Vehicle, Collision With",2,354829,36087,259,0.3,7336134.0,9989.2,886
2024,Property Damage Accident,6:56,2024-03-25,Monday,Y,Daylight,SPRING VALLEY,RIGHT ANGLE,ROCKLAND,Straight and Level,Clear,Stop Sign,Dry,,Not Applicable,"Other Motor Vehicle, Collision With",2,354829,36087,259,0.3,7336134.0,9989.2,886
2024,Property Damage Accident,22:13,2024-03-25,Monday,Y,Dark-Road Lighted,KINGSTON,LEFT TURN (3),ULSTER,Straight and Level,Clear,Traffic Signal,Dry,983F86011000,Not Applicable,"Other Motor Vehicle, Collision With",2,183095,36111,3565,1.2,6410502.0,3939.4,999
2024,Property Damage & Injury Accident,17:50,2024-03-25,Monday,Y,Daylight,KINGSTON,LEFT TURN (0),ULSTER,Straight and Level,Clear,,Dry,9W86034000,Not Applicable,"Other Motor Vehicle, Collision With",2,183095,36111,3565,1.2,6410502.0,3939.4,999
2024,Property Damage Accident,18:23,2024-03-25,Monday,Y,Daylight,NEW PALTZ,OTHER,ULSTER,Curve and Level,Clear,,Dry,,Not Applicable,"Guide Rail - Not At End, Collision With Fixed Object",1,183095,36111,3565,1.2,6410502.0,3939.4,999
2024,Property Damage Accident,23:20,2024-03-25,Monday,N,Dark-Road Lighted,MOUNT VERNON,REAR END,WESTCHESTER,Straight and Level,Clear,Traffic Signal,Dry,,Not Applicable,"Other Motor Vehicle, Collision With",2,1009165,36119,850,0.8,18110248.0,6143.2,3354
2024,Property Damage Accident,14:41,2024-03-25,Monday,Y,Daylight,WHITE PLAINS,OVERTAKING,WESTCHESTER,Straight and Level,Clear,,Dry,,Not Applicable,"Other Motor Vehicle, Collision With",2,1009165,36119,850,0.8,18110248.0,6143.2,3354
2024,Property Damage Accident,8:25,2024-03-25,Monday,Y,Daylight,CORTLANDT,OVERTAKING,WESTCHESTER,Straight and Level,Clear,,Dry,6 87033000,Not Applicable,"Other Motor Vehicle, Collision With",2,1009165,36119,850,0.8,18110248.0,6143.2,3354
2024,Property Damage Accident,15:01,2024-03-25,Monday,Y,Daylight,YONKERS,Unknown,WESTCHESTER,Straight and Level,Clear,,Dry,,Not Applicable,"Other Motor Vehicle, Collision With",2,1009165,36119,850,0.8,18110248.0,6143.2,3354
2024,Property Damage Accident,6:46,2024-03-25,Monday,Y,Dawn,YONKERS,OVERTAKING,WESTCHESTER,Curve and Grade,Clear,,Dry,,Not Applicable,"Other Motor Vehicle, Collision With",2,1009165,36119,850,0.8,18110248.0,6143.2,3354
2024,Property Damage Accident,17:17,2024-03-25,Monday,Y,Daylight,OSSINING,RIGHT TURN (6),WESTCHESTER,Curve and Level,Clear,,Dry,9 87032152,Not Applicable,"Other Motor Vehicle, Collision With",2,1009165,36119,850,0.8,18110248.0,6143.2,3354
2024,Property Damage Accident,15:35,2024-03-25,Monday,Y,Daylight,YONKERS,OVERTAKING,WESTCHESTER,Straight and Level,Clear,,Dry,,Not Applicable,"Other Motor Vehicle, Collision With",2,1009165,36119,850,0.8,18110248.0,6143.2,3354
2024,Property Damage & Injury Accident,13:42,2024-03-25,Monday,Y,Daylight,NEW ROCHELLE,REAR END,WESTCHESTER,Straight and Grade,Clear,,Dry,,Not Applicable,"Other Motor Vehicle, Collision With",2,1009165,36119,850,0.8,18110248.0,6143.2,3354
2024,Property Damage Accident,11:56,2024-03-26,Tuesday,Y,Daylight,POUGHKEEPSIE,REAR END,DUTCHESS,Straight and Grade,Cloudy,Yield Sign,Dry,44 82021005,Not Applicable,"Other Motor Vehicle, Collision With",2,299256,36027,1695,0.8,5987961.0,3975.0,1300
2024,Property Damage Accident,10:14,2024-03-26,Tuesday,Y,Daylight,FISHKILL,OVERTAKING,DUTCHESS,Straight and Level,Clear,Traffic Signal,Dry,9 82051028,Not Applicable,"Other Motor Vehicle, Collision With",2,299256,36027,1695,0.8,5987961.0,3975.0,1300
2024,Injury Accident,17:17,2024-03-26,Tuesday,Y,Daylight,PLEASANT VALLEY,REAR END,DUTCHESS,Straight and Level,Cloudy,Traffic Signal,Dry,44 82022058,Not Applicable,"Other Motor Vehicle, Collision With",2,299256,36027,1695,0.8,5987961.0,3975.0,1300
2024,Property Damage Accident,8:40,2024-03-26,Tuesday,Y,Daylight,FISHKILL,RIGHT TURN (5),DUTCHESS,Straight and Grade,Clear,Stop Sign,Dry,52 82042059,Not Applicable,"Other Motor Vehicle, Collision With",2,299256,36027,1695,0.8,5987961.0,3975.0,1300
2024,Property Damage Accident,20:00,2024-03-26,Tuesday,Y,Dark-Road Lighted,BEACON,REAR END,DUTCHESS,Straight and Level,Clear,Traffic Signal,Dry,,Not Applicable,"Other Motor Vehicle, Collision With",2,299256,36027,1695,0.8,5987961.0,3975.0,1300
2024,Property Damage Accident,12:30,2024-03-26,Tuesday,Y,Daylight,NEWBURGH,RIGHT TURN (6),ORANGE,Straight and Level,Clear,Traffic Signal,Dry,17K83012013,Not Applicable,"Other Motor Vehicle, Collision With",2,415088,36071,4753,2.6,13857119.0,5167.5,1527