year,accident_descriptor,time,date,day_of_week,police_report,lighting_conditions,municipality,collision_type_descriptor,county_name,road_descriptor,weather_conditions,traffic_control_device,road_surface_conditions,dot_reference_marker_location,pedestrian_bicyclist_action,event_descriptor,number_of_vehicles_involved,county_population_2024,county_fips,county_deer_take_2024,county_antlerless_deer_per_sqmi_2024,county_daily_vmt_2019,county_mean_aadt_2019,county_aadt_segments_2019
2024,Property Damage Accident,19:32,2024-03-26,Tuesday,Y,Dark-Road Unlighted,CRAWFORD,OTHER,ORANGE,Straight and Level,Clear,,Dry,,Not Applicable,"Animal, Collision With",1,415088,36071,4753,2.6,13857119.0,5167.5,1527
2024,Property Damage Accident,17:17,2024-03-26,Tuesday,Y,Daylight,WALLKILL,OVERTAKING,ORANGE,Straight and Level,Clear,,Dry,,Not Applicable,"Other Motor Vehicle, Collision With",2,415088,36071,4753,2.6,13857119.0,5167.5,1527
2024,Property Damage Accident,20:38,2024-03-26,Tuesday,Y,Dark-Road Unlighted,WARWICK,OTHER,ORANGE,Straight and Level,Cloudy,,Dry,94 83011013,Not Applicable,Deer,1,415088,36071,4753,2.6,13857119.0,5167.5,1527
2024,Property Damage Accident,13:30,2024-03-26,Tuesday,Y,Daylight,WALLKILL,REAR END,ORANGE,Straight and Level,Clear,Other,Dry,,Not Applicable,"Other Motor Vehicle, Collision With",2,415088,36071,4753,2.6,13857119.0,5167.5,1527
2024,Property Damage Accident,16:56,2024-03-26,Tuesday,Y,Daylight,MIDDLETOWN,RIGHT ANGLE,ORANGE,Curve and Level,Cloudy,Stop Sign,Dry,,Not Applicable,"Other Motor Vehicle, Collision With",2,415088,36071,4753,2.6,13857119.0,5167.5,1527
2024,Property Damage Accident,16:00,2024-03-26,Tuesday,Y,Daylight,RAMAPO,OTHER,ROCKLAND,Straight and Level,Cloudy,,Dry,,Not Applicable,"Light Support/Utility Pole, Collision With Fixed Object",1,354829,36087,259,0.3,7336134.0,9989.2,886
2024,Property Damage Accident,11:27,2024-03-26,Tuesday,Y,Daylight,RAMAPO,LEFT TURN (3),ROCKLAND,Straight and Level,Clear,,Dry,,Not Applicable,"Other Motor Vehicle, Collision With",2,354829,36087,259,0.3,7336134.0,9989.2,886
2024,Property Damage Accident,13:17,2024-03-26,Tuesday,Y,Daylight,ULSTER,RIGHT TURN (5),ULSTER,Straight and Level,Clear,,Dry,981M86011008,Not Applicable,"Other Motor Vehicle, Collision With",2,183095,36111,3565,1.2,6410502.0,3939.4,999
2024,Property Damage Accident,4:50,2024-03-26,Tuesday,Y,Dark-Road Unlighted,ROSENDALE,OTHER,ULSTER,Curve and Grade,Clear,,Dry,,Not Applicable,"Guide Rail - Not At End, Collision With Fixed Object",1,183095,36111,3565,1.2,6410502.0,3939.4,999
2024,Property Damage Accident,16:29,2024-03-26,Tuesday,Y,Daylight,WHITE PLAINS,OVERTAKING,WESTCHESTER,Straight and Level,Cloudy,Traffic Signal,Dry,22 87023017,Not Applicable,"Other Motor Vehicle, Collision With",2,1009165,36119,850,0.8,18110248.0,6143.2,3354
2024,Property Damage Accident,20:50,2024-03-26,Tuesday,Y,Dark-Road Unlighted,GREENBURGH,OTHER,WESTCHESTER,Straight and Level,Clear,,Dry,100A87011025,Not Applicable,"Light Support/Utility Pole, Collision With Fixed Object",1,1009165,36119,850,0.8,18110248.0,6143.2,3354
2024,Injury Accident,20:25,2024-03-26,Tuesday,Y,Dark-Road Lighted,OSSINING,OTHER,WESTCHESTER,Straight and Level,Clear,,Dry,9 87032143,"Crossing, No Signal or Crosswalk","Pedestrian, Collision With",1,1009165,36119,850,0.8,18110248.0,6143.2,3354
2024,Property Damage Accident,15:20,2024-03-26,Tuesday,Y,Daylight,PORT CHESTER,REAR END,WESTCHESTER,Straight and Level,Clear,,Dry,1 87035011,Not Applicable,"Other Motor Vehicle, Collision With",2,1009165,36119,850,0.8,18110248.0,6143.2,3354
2024,Property Damage Accident,10:50,2024-03-26,Tuesday,N,Unknown,MOUNT PLEASANT,OVERTAKING,WESTCHESTER,Unknown,Unknown,Unknown,Unknown,9A87032110,Not Applicable,"Other Motor Vehicle, Collision With",2,1009165,36119,850,0.8,18110248.0,6143.2,3354
2024,Property Damage & Injury Accident,14:57,2024-03-26,Tuesday,Y,Daylight,YONKERS,REAR END,WESTCHESTER,Straight and Level,Clear,Traffic Signal,Dry,,Not Applicable,"Other Motor Vehicle, Collision With",2,1009165,36119,850,0.8,18110248.0,6143.2,3354
2024,Property Damage Accident,17:53,2024-03-26,Tuesday,Y,Daylight,TUCKAHOE,REAR END,WESTCHESTER,Straight and Level,Cloudy,Traffic Signal,Dry,,Not Applicable,"Other Motor Vehicle, Collision With",2,1009165,36119,850,0.8,18110248.0,6143.2,3354
2024,Property Damage Accident,6:30,2024-03-26,Tuesday,Y,Daylight,YONKERS,REAR END,WESTCHESTER,Straight and Level,Cloudy,,Dry,,Not Applicable,"Other Motor Vehicle, Collision With",2,1009165,36119,850,0.8,18110248.0,6143.2,3354
2024,Property Damage Accident,14:54,2024-03-26,Tuesday,Y,Daylight,YORKTOWN,RIGHT ANGLE,WESTCHESTER,Straight and Level,Cloudy,Traffic Signal,Dry,987H87013001,Not Applicable,"Other Motor Vehicle, Collision With",2,1009165,36119,850,0.8,18110248.0,6143.2,3354
2024,Property Damage Accident,6:21,2024-03-26,Tuesday,Y,Dawn,WHITE PLAINS,OTHER,WESTCHESTER,Straight and Level,Clear,,Dry,287I87011063,Not Applicable,"Other Motor Vehicle, Collision With",2,1009165,36119,850,0.8,18110248.0,6143.2,3354
2024,Property Damage Accident,15:47,2024-03-27,Wednesday,Y,Daylight,CLINTON,OTHER,DUTCHESS,Curve and Level,Cloudy,No Passing Zone,Wet,,Not Applicable,"Fence, Collision With Fixed Object",1,299256,36027,1695,0.8,5987961.0,3975.0,1300
2024,Property Damage & Injury Accident,13:18,2024-03-27,Wednesday,Y,Daylight,POUGHKEEPSIE,SIDESWIPE,DUTCHESS,Straight and Level,Cloudy,Traffic Signal,Dry,,Not Applicable,"Other Motor Vehicle, Collision With",2,299256,36027,1695,0.8,5987961.0,3975.0,1300
2024,Property Damage & Injury Accident,16:50,2024-03-27,Wednesday,Y,Daylight,PLEASANT VALLEY,OTHER,DUTCHESS,Straight and Level,Cloudy,No Passing Zone,Wet,,Not Applicable,"Earth Embankment/Rock Cut/Ditch, Collision With Fixed Object",1,299256,36027,1695,0.8,5987961.0,3975.0,1300
2024,Property Damage & Injury Accident,8:05,2024-03-27,Wednesday,Y,Daylight,WAWAYANDA,LEFT TURN (3),ORANGE,Straight and Level,Cloudy,Traffic Signal,Dry,6 83012155,Not Applicable,"Other Motor Vehicle, Collision With",2,415088,36071,4753,2.6,13857119.0,5167.5,1527
2024,Property Damage Accident,14:18,2024-03-27,Wednesday,Y,Daylight,NEWBURGH,OVERTAKING,ORANGE,Straight and Level,Cloudy,Traffic Signal,Dry,17K83012010,Not Applicable,"Other Motor Vehicle, Collision With",2,415088,36071,4753,2.6,13857119.0,5167.5,1527
2024,Property Damage & Injury Accident,20:56,2024-03-27,Wednesday,Y,Dark-Road Unlighted,CARMEL,OTHER,PUTNAM,Straight and Grade,Rain,Stop Sign,Wet,,Not Applicable,"Building/Wall, Collision With Fixed Object",1,98842,36079,509,0.7,2746105.0,4089.2,375
2024,Property Damage Accident,23:31,2024-03-27,Wednesday,Y,Dark-Road Lighted,SPRING VALLEY,RIGHT ANGLE,ROCKLAND,Straight and Level,Rain,,Wet,,Not Applicable,"Other Motor Vehicle, Collision With",2,354829,36087,259,0.3,7336134.0,9989.2,886
2024,Property Damage Accident,17:50,2024-03-27,Wednesday,Y,Daylight,CLARKSTOWN,OVERTAKING,ROCKLAND,Straight and Level,Rain,,Wet,,Not Applicable,"Other Motor Vehicle, Collision With",2,354829,36087,259,0.3,7336134.0,9989.2,886
2024,Property Damage Accident,19:11,2024-03-27,Wednesday,Y,Dark-Road Unlighted,MARLBOROUGH,OTHER,ULSTER,Straight and Grade,Rain,,Wet,,Not Applicable,"Light Support/Utility Pole, Collision With Fixed Object",1,183095,36111,3565,1.2,6410502.0,3939.4,999
2024,Property Damage Accident,6:33,2024-03-27,Wednesday,Y,Dawn,SAUGERTIES,REAR END,ULSTER,Curve and Grade,Clear,,Dry,,Not Applicable,"Other Motor Vehicle, Collision With",2,183095,36111,3565,1.2,6410502.0,3939.4,999
2024,Property Damage Accident,8:40,2024-03-27,Wednesday,Y,Dawn,SHANDAKEN,OTHER,ULSTER,Straight and Level,Fog/Smog/Smoke,,Wet,28 86012257,Not Applicable,Deer,1,183095,36111,3565,1.2,6410502.0,3939.4,999
2024,Property Damage Accident,6:35,2024-03-27,Wednesday,N,Dawn,GARDINER,OTHER,ULSTER,Straight and Level,Cloudy,Unknown,Wet,,Not Applicable,Deer,1,183095,36111,3565,1.2,6410502.0,3939.4,999
2024,Property Damage Accident,6:40,2024-03-27,Wednesday,Y,Dawn,GARDINER,OTHER,ULSTER,Straight and Grade,Clear,No Passing Zone,Dry,44 86011138,Not Applicable,Deer,1,183095,36111,3565,1.2,6410502.0,3939.4,999
2024,Property Damage Accident,12:07,2024-03-27,Wednesday,Y,Daylight,NEW PALTZ,RIGHT ANGLE,ULSTER,Straight and Level,Cloudy,Stop Sign,Dry,299 86011066,Not Applicable,"Other Motor Vehicle, Collision With",2,183095,36111,3565,1.2,6410502.0,3939.4,999
2024,Property Damage & Injury Accident,19:57,2024-03-27,Wednesday,Y,Dark-Road Lighted,YONKERS,OTHER,WESTCHESTER,Straight at Hill Crest,Cloudy,,Wet,,Working in Roadway,"Other Motor Vehicle, Collision With",2,1009165,36119,850,0.8,18110248.0,6143.2,3354
2024,Property Damage & Injury Accident,18:14,2024-03-27,Wednesday,Y,Daylight,NEW ROCHELLE,REAR END,WESTCHESTER,Straight and Level,Rain,,Wet,,Not Applicable,"Other Motor Vehicle, Collision With",2,1009165,36119,850,0.8,18110248.0,6143.2,3354
2024,Property Damage Accident,10:40,2024-03-27,Wednesday,Y,Daylight,YORKTOWN,LEFT TURN (3),WESTCHESTER,Straight and Level,Cloudy,,Dry,35 87012035,Not Applicable,"Other Motor Vehicle, Collision With",2,1009165,36119,850,0.8,18110248.0,6143.2,3354
2024,Property Damage Accident,16:55,2024-03-27,Wednesday,Y,Daylight,WHITE PLAINS,OVERTAKING,WESTCHESTER,Straight and Level,Clear,,Dry,,Not Applicable,"Other Motor Vehicle, Collision With",2,1009165,36119,850,0.8,18110248.0,6143.2,3354
2024,Property Damage Accident,17:25,2024-03-27,Wednesday,Y,Daylight,YORKTOWN,REAR END,WESTCHESTER,Straight and Level,Rain,,Wet,987G87011123,Not Applicable,"Other Motor Vehicle, Collision With",2,1009165,36119,850,0.8,18110248.0,6143.2,3354
2024,Property Damage Accident,18:20,2024-03-27,Wednesday,Y,Daylight,NEW CASTLE,OVERTAKING,WESTCHESTER,Curve and Grade,Rain,,Wet,987D87012139,Not Applicable,"Other Motor Vehicle, Collision With",2,1009165,36119,850,0.8,18110248.0,6143.2,3354
2024,Property Damage Accident,13:40,2024-03-27,Wednesday,Y,Daylight,GREENBURGH,SIDESWIPE,WESTCHESTER,Straight and Grade,Clear,Stop Sign,Dry,,Not Applicable,"Other Motor Vehicle, Collision With",2,1009165,36119,850,0.8,18110248.0,6143.2,3354
2024,Property Damage Accident,14:45,2024-03-27,Wednesday,Y,Daylight,LEWISBORO,OTHER,WESTCHESTER,Straight and Level,Clear,,Dry,35 87012197,Not Applicable,"Earth Embankment/Rock Cut/Ditch, Collision With Fixed Object",1,1009165,36119,850,0.8,18110248.0,6143.2,3354
2024,Property Damage Accident,17:11,2024-03-27,Wednesday,Y,Daylight,NEW ROCHELLE,SIDESWIPE,WESTCHESTER,Straight and Level,Rain,Traffic Signal,Wet,,Not Applicable,"Other Motor Vehicle, Collision With",2,1009165,36119,850,0.8,18110248.0,6143.2,3354
2024,Property Damage Accident,20:45,2024-03-27,Wednesday,Y,Dark-Road Lighted,MAMARONECK,REAR END,WESTCHESTER,Straight and Level,Rain,,Wet,1 87033031,Not Applicable,"Other Motor Vehicle, Collision With",2,1009165,36119,850,0.8,18110248.0,6143.2,3354
2024,Property Damage & Injury Accident,9:09,2024-03-27,Wednesday,Y,Daylight,NEW ROCHELLE,OTHER,WESTCHESTER,Curve and Level,Cloudy,,Dry,,Not Applicable,"Other Motor Vehicle, Collision With",3,1009165,36119,850,0.8,18110248.0,6143.2,3354
2024,Property Damage Accident,20:00,2024-03-27,Wednesday,Y,Dark-Road Unlighted,MOUNT VERNON,REAR END,WESTCHESTER,Curve and Level,Rain,,Wet,,Not Applicable,"Other Motor Vehicle, Collision With",2,1009165,36119,850,0.8,18110248.0,6143.2,3354
2024,Property Damage Accident,18:26,2024-03-28,Thursday,Y,Daylight,POUGHKEEPSIE,OTHER,DUTCHESS,Straight and Level,Clear,,Dry,,Not Applicable,"Other Motor Vehicle, Collision With",2,299256,36027,1695,0.8,5987961.0,3975.0,1300
2024,Property Damage Accident,8:13,2024-03-28,Thursday,Y,Daylight,EAST FISHKILL,REAR END,DUTCHESS,Straight and Level,Cloudy,Stop Sign,Wet,216 82011000,Not Applicable,"Other Motor Vehicle, Collision With",2,299256,36027,1695,0.8,5987961.0,3975.0,1300
2024,Property Damage & Injury Accident,15:39,2024-03-28,Thursday,Y,Daylight,WAPPINGER,REAR END,DUTCHESS,Straight and Level,Cloudy,No Passing Zone,Dry,,Not Applicable,"Other Motor Vehicle, Collision With",2,299256,36027,1695,0.8,5987961.0,3975.0,1300
2024,Property Damage & Injury Accident,12:46,2024-03-28,Thursday,Y,Daylight,CRAWFORD,REAR END,ORANGE,Straight and Grade,Rain,Stop Sign,Wet,,Not Applicable,"Other Motor Vehicle, Collision With",2,415088,36071,4753,2.6,13857119.0,5167.5,1527
2024,Property Damage Accident,10:10,2024-03-28,Thursday,Y,Daylight,WALLKILL,Unknown,ORANGE,Straight and Level,Clear,,Dry,211 83011093,Not Applicable,"Other Motor Vehicle, Collision With",2,415088,36071,4753,2.6,13857119.0,5167.5,1527
2024,Property Damage Accident,16:27,2024-03-28,Thursday,Y,Daylight,WOODBURY,OTHER,ORANGE,Curve at Hill Crest,Rain,No Passing Zone,Wet,32 83011049,Not Applicable,"Guide Rail - Not At End, Collision With Fixed Object",1,415088,36071,4753,2.6,13857119.0,5167.5,1527
2024,Property Damage Accident,17:07,2024-03-28,Thursday,Y,Daylight,NEWBURGH,OVERTAKING,ORANGE,Straight and Level,Clear,,Dry,300 83021081,Not Applicable,"Other Motor Vehicle, Collision With",2,415088,36071,4753,2.6,13857119.0,5167.5,1527
2024,Property Damage Accident,14:00,2024-03-28,Thursday,Y,Daylight,GOSHEN,OTHER,ORANGE,Straight and Level,Clear,,Dry,6 83011009,Not Applicable,"Other Motor Vehicle, Collision With",2,415088,36071,4753,2.6,13857119.0,5167.5,1527
2024,Property Damage Accident,8:30,2024-03-28,Thursday,Y,Daylight,NEWBURGH,OVERTAKING,ORANGE,Straight and Level,Cloudy,,Wet,9W83022005,Not Applicable,"Other Motor Vehicle, Collision With",2,415088,36071,4753,2.6,13857119.0,5167.5,1527
2024,Property Damage Accident,15:50,2024-03-28,Thursday,Y,Daylight,MONTEBELLO,REAR END,ROCKLAND,Curve and Level,Cloudy,,Wet,,Not Applicable,"Other Motor Vehicle, Collision With",2,354829,36087,259,0.3,7336134.0,9989.2,886
2024,Property Damage Accident,6:48,2024-03-28,Thursday,Y,Daylight,CLARKSTOWN,REAR END,ROCKLAND,Straight and Grade,Rain,,Wet,,Not Applicable,"Other Motor Vehicle, Collision With",2,354829,36087,259,0.3,7336134.0,9989.2,886
2024,Property Damage Accident,22:50,2024-03-28,Thursday,Y,Dark-Road Lighted,CLARKSTOWN,OVERTAKING,ROCKLAND,Straight and Level,Rain,,Wet,59 85011094,Not Applicable,"Other Motor Vehicle, Collision With",2,354829,36087,259,0.3,7336134.0,9989.2,886
2024,Property Damage Accident,15:25,2024-03-28,Thursday,Y,Daylight,HAVERSTRAW,REAR END,ROCKLAND,Straight and Level,Cloudy,,Wet,9W85011147,Not Applicable,"Other Motor Vehicle, Collision With",2,354829,36087,259,0.3,7336134.0,9989.2,886
2024,Property Damage Accident,19:22,2024-03-28,Thursday,Y,Dark-Road Lighted,CLARKSTOWN,OTHER,ROCKLAND,Straight and Level,Clear,RR Crossing Sign,Dry,,Not Applicable,"Railroad Train, Collision With",1,354829,36087,259,0.3,7336134.0,9989.2,886
2024,Property Damage & Injury Accident,10:47,2024-03-28,Thursday,Y,Daylight,CLARKSTOWN,REAR END,ROCKLAND,Straight and Grade,Cloudy,,Wet,304 85011063,Not Applicable,"Other Motor Vehicle, Collision With",2,354829,36087,259,0.3,7336134.0,9989.2,886
2024,Property Damage & Injury Accident,17:15,2024-03-28,Thursday,Y,Daylight,WEST HAVERSTRAW,RIGHT ANGLE,ROCKLAND,Straight and Level,Rain,,Wet,9W85011170,Not Applicable,"Other Motor Vehicle, Collision With",2,354829,36087,259,0.3,7336134.0,9989.2,886
2024,Property Damage Accident,20:33,2024-03-28,Thursday,Y,Dark-Road Unlighted,CLARKSTOWN,OVERTAKING,ROCKLAND,Straight and Level,Rain,,Wet,,Not Applicable,"Other Motor Vehicle, Collision With",2,354829,36087,259,0.3,7336134.0,9989.2,886
2024,Property Damage Accident,6:24,2024-03-28,Thursday,Y,Daylight,CHESTNUT RIDGE,OTHER,ROCKLAND,Straight and Level,Cloudy,,Wet,,Not Applicable,"Light Support/Utility Pole, Collision With Fixed Object",1,354829,36087,259,0.3,7336134.0,9989.2,886
2024,Property Damage Accident,16:47,2024-03-28,Thursday,Y,Daylight,OLIVE,REAR END,ULSTER,Straight and Level,Cloudy,No Passing Zone,Dry,28 86012125,Not Applicable,"Other Motor Vehicle, Collision With",2,183095,36111,3565,1.2,6410502.0,3939.4,999
2024,Property Damage & Injury Accident,8:01,2024-03-28,Thursday,Y,Daylight,KINGSTON,RIGHT ANGLE,ULSTER,Straight and Level,Cloudy,,Dry,9W86034000,Not Applicable,"Other Motor Vehicle, Collision With",2,183095,36111,3565,1.2,6410502.0,3939.4,999
2024,Property Damage & Injury Accident,4:47,2024-03-28,Thursday,Y,Dark-Road Lighted,GREENBURGH,OTHER,WESTCHESTER,Curve and Level,Rain,,Wet,,Not Applicable,"Light Support/Utility Pole, Collision With Fixed Object",1,1009165,36119,850,0.8,18110248.0,6143.2,3354
2024,Property Damage & Injury Accident,8:35,2024-03-28,Thursday,Y,Daylight,HARRISON,RIGHT TURN (6),WESTCHESTER,Straight and Level,Rain,,Wet,287I87011077,Not Applicable,"Other Motor Vehicle, Collision With",2,1009165,36119,850,0.8,18110248.0,6143.2,3354
2024,Property Damage Accident,14:06,2024-03-28,Thursday,Y,Daylight,HARRISON,OTHER,WESTCHESTER,Straight and Level,Rain,,Wet,287I87011060,Not Applicable,"Other Fixed Object*, Collision With Fixed Object",1,1009165,36119,850,0.8,18110248.0,6143.2,3354
2024,Property Damage Accident,18:01,2024-03-28,Thursday,Y,Daylight,HARRISON,REAR END,WESTCHESTER,Straight and Level,Rain,Traffic Signal,Wet,,Not Applicable,"Other Motor Vehicle, Collision With",2,1009165,36119,850,0.8,18110248.0,6143.2,3354
2024,Property Damage Accident,22:20,2024-03-28,Thursday,Y,Dark-Road Unlighted,WHITE PLAINS,LEFT TURN (3),WESTCHESTER,Straight and Grade,Rain,,Wet,,Not Applicable,"Other Motor Vehicle, Collision With",2,1009165,36119,850,0.8,18110248.0,6143.2,3354
2024,Property Damage & Injury Accident,19:39,2024-03-28,Thursday,Y,Dark-Road Unlighted,NEW ROCHELLE,OTHER,WESTCHESTER,Straight and Level,Rain,,Wet,,Not Applicable,"Curbing, Collision With Fixed Object",1,1009165,36119,850,0.8,18110248.0,6143.2,3354
2024,Property Damage & Injury Accident,17:42,2024-03-28,Thursday,Y,Daylight,BRIARCLIFF MANOR,REAR END,WESTCHESTER,Straight and Grade,Rain,,Wet,9A87032140,Not Applicable,"Other Motor Vehicle, Collision With",2,1009165,36119,850,0.8,18110248.0,6143.2,3354
2024,Property Damage Accident,17:15,2024-03-28,Thursday,Y,Daylight,HARRISON,REAR END,WESTCHESTER,Straight and Grade,Rain,,Wet,127 87011012,Not Applicable,"Other Motor Vehicle, Collision With",2,1009165,36119,850,0.8,18110248.0,6143.2,3354
2024,Property Damage Accident,15:20,2024-03-28,Thursday,Y,Daylight,PORT CHESTER,LEFT TURN (3),WESTCHESTER,Straight and Level,Rain,Traffic Signal,Wet,,Not Applicable,"Other Motor Vehicle, Collision With",2,1009165,36119,850,0.8,18110248.0,6143.2,3354
2024,Property Damage Accident,15:37,2024-03-28,Thursday,Y,Daylight,PEEKSKILL,RIGHT ANGLE,WESTCHESTER,Straight and Level,Cloudy,,Wet,,Not Applicable,"Other Motor Vehicle, Collision With",2,1009165,36119,850,0.8,18110248.0,6143.2,3354
2024,Property Damage & Injury Accident,16:23,2024-03-28,Thursday,Y,Daylight,NEW ROCHELLE,HEAD ON,WESTCHESTER,Straight and Level,Rain,Stop Sign,Wet,,Not Applicable,"Other Motor Vehicle, Collision With",2,1009165,36119,850,0.8,18110248.0,6143.2,3354
2024,Property Damage Accident,14:22,2024-03-28,Thursday,Y,Daylight,ELMSFORD,OVERTAKING,WESTCHESTER,Curve and Level,Rain,,Wet,287I87011004,Not Applicable,"Other Motor Vehicle, Collision With",2,1009165,36119,850,0.8,18110248.0,6143.2,3354
2024,Property Damage & Injury Accident,23:19,2024-03-28,Thursday,Y,Dark-Road Lighted,MOUNT PLEASANT,LEFT TURN (0),WESTCHESTER,Straight and Level,Clear,,Wet,,Not Applicable,"Other Motor Vehicle, Collision With",2,1009165,36119,850,0.8,18110248.0,6143.2,3354
2024,Property Damage & Injury Accident,10:00,2024-03-28,Thursday,Y,Daylight,YONKERS,OTHER,WESTCHESTER,Straight and Level,Rain,,Wet,,Not Applicable,"Other Motor Vehicle, Collision With",4,1009165,36119,850,0.8,18110248.0,6143.2,3354
2024,Property Damage Accident,14:09,2024-03-28,Thursday,Y,Daylight,SOMERS,OTHER,WESTCHESTER,Straight and Level,Rain,,Wet,118 87011093,Not Applicable,"Other Motor Vehicle, Collision With",3,1009165,36119,850,0.8,18110248.0,6143.2,3354
2024,Property Damage Accident,15:13,2024-03-29,Friday,Y,Daylight,POUGHKEEPSIE,RIGHT ANGLE,DUTCHESS,Straight and Level,Clear,,Dry,,Not Applicable,"Other Motor Vehicle, Collision With",2,299256,36027,1695,0.8,5987961.0,3975.0,1300
2024,Property Damage Accident,18:12,2024-03-29,Friday,Y,Daylight,MILAN,OTHER,DUTCHESS,Straight and Level,Clear,,Dry,199 82021095,Not Applicable,Deer,1,299256,36027,1695,0.8,5987961.0,3975.0,1300
2024,Property Damage Accident,12:09,2024-03-29,Friday,Y,Daylight,HYDE PARK,OTHER,DUTCHESS,Straight at Hill Crest,Clear,No Passing Zone,Dry,9 82053100,Not Applicable,"Other Motor Vehicle, Collision With",3,299256,36027,1695,0.8,5987961.0,3975.0,1300
2024,Property Damage & Injury Accident,15:22,2024-03-29,Friday,Y,Daylight,HARRIMAN,REAR END,ORANGE,Straight and Level,Clear,Stop Sign,Dry,,Not Applicable,"Other Motor Vehicle, Collision With",2,415088,36071,4753,2.6,13857119.0,5167.5,1527
2024,Property Damage Accident,13:23,2024-03-29,Friday,Y,Daylight,BLOOMING GROVE,RIGHT TURN (6),ORANGE,Straight and Level,Clear,Stop Sign,Dry,,Not Applicable,"Other Motor Vehicle, Collision With",2,415088,36071,4753,2.6,13857119.0,5167.5,1527
2024,Property Damage Accident,17:45,2024-03-29,Friday,Y,Daylight,WALLKILL,OTHER,ORANGE,Straight and Level,Clear,,Dry,17 83101023,Not Applicable,"Other Motor Vehicle, Collision With",2,415088,36071,4753,2.6,13857119.0,5167.5,1527
2024,Property Damage Accident,11:29,2024-03-29,Friday,Y,Daylight,BLOOMING GROVE,LEFT TURN (0),ORANGE,Straight and Level,Clear,Stop Sign,Dry,94 83011184,Not Applicable,"Other Motor Vehicle, Collision With",2,415088,36071,4753,2.6,13857119.0,5167.5,1527
2024,Property Damage Accident,21:38,2024-03-29,Friday,Y,Dark-Road Unlighted,GOSHEN,REAR END,ORANGE,Curve and Level,Cloudy,Stop Sign,Dry,17 83101134,Not Applicable,"Other Motor Vehicle, Collision With",2,415088,36071,4753,2.6,13857119.0,5167.5,1527
2024,Property Damage Accident,18:39,2024-03-29,Friday,Y,Daylight,WALLKILL,REAR END,ORANGE,Straight and Level,Clear,Traffic Signal,Dry,,Not Applicable,"Other Motor Vehicle, Collision With",2,415088,36071,4753,2.6,13857119.0,5167.5,1527
2024,Property Damage Accident,3:50,2024-03-29,Friday,Y,Dark-Road Unlighted,WALLKILL,OTHER,ORANGE,Curve and Grade,Clear,,Dry,,Not Applicable,"Tree, Collision With Fixed Object",1,415088,36071,4753,2.6,13857119.0,5167.5,1527
2024,Property Damage Accident,1:25,2024-03-29,Friday,Y,Dark-Road Lighted,MONROE,HEAD ON,ORANGE,Curve and Level,Clear,Traffic Signal,Dry,17M83013163,Not Applicable,"Other Motor Vehicle, Collision With",2,415088,36071,4753,2.6,13857119.0,5167.5,1527
2024,Property Damage Accident,14:42,2024-03-29,Friday,Y,Daylight,NEWBURGH,OVERTAKING,ORANGE,Straight and Level,Clear,,Dry,17K83011174,Not Applicable,"Other Motor Vehicle, Collision With",2,415088,36071,4753,2.6,13857119.0,5167.5,1527
2024,Property Damage Accident,6:53,2024-03-29,Friday,Y,Daylight,CARMEL,REAR END,PUTNAM,Straight and Level,Cloudy,No Passing Zone,Dry,,Not Applicable,"Other Motor Vehicle, Collision With",2,98842,36079,509,0.7,2746105.0,4089.2,375
2024,Property Damage Accident,14:20,2024-03-29,Friday,Y,Daylight,WEST HAVERSTRAW,RIGHT ANGLE,ROCKLAND,Straight and Level,Clear,,Dry,9W85011169,Not Applicable,"Other Motor Vehicle, Collision With",2,354829,36087,259,0.3,7336134.0,9989.2,886
2024,Property Damage Accident,11:16,2024-03-29,Friday,Y,Daylight,RAMAPO,OTHER,ROCKLAND,Straight and Level,Clear,,Dry,202 85011081,Not Applicable,"Other Motor Vehicle, Collision With",5,354829,36087,259,0.3,7336134.0,9989.2,886
2024,Property Damage Accident,11:55,2024-03-29,Friday,Y,Daylight,,RIGHT ANGLE,ROCKLAND,Straight and Grade,Clear,,Dry,,Not Applicable,"Other Motor Vehicle, Collision With",2,354829,36087,259,0.3,7336134.0,9989.2,886
2024,Property Damage Accident,12:00,2024-03-29,Friday,Y,Daylight,CLARKSTOWN,SIDESWIPE,ROCKLAND,Straight and Level,Clear,,Dry,,Not Applicable,"Other Motor Vehicle, Collision With",2,354829,36087,259,0.3,7336134.0,9989.2,886
2024,Property Damage Accident,12:23,2024-03-29,Friday,Y,Daylight,CLARKSTOWN,REAR END,ROCKLAND,Straight and Level,Clear,,Dry,,Not Applicable,"Other Motor Vehicle, Collision With",2,354829,36087,259,0.3,7336134.0,9989.2,886
2024,Property Damage Accident,18:41,2024-03-29,Friday,Y,Dusk,ROCHESTER,OTHER,ULSTER,Straight and Grade,Clear,,Dry,,Not Applicable,Deer,1,183095,36111,3565,1.2,6410502.0,3939.4,999
2024,Property Damage & Injury Accident,7:55,2024-03-29,Friday,Y,Daylight,MARBLETOWN,OTHER,ULSTER,Curve and Grade,Clear,,Dry,,Not Applicable,"Earth Embankment/Rock Cut/Ditch, Collision With Fixed Object",1,183095,36111,3565,1.2,6410502.0,3939.4,999