year,accident_descriptor,time,date,day_of_week,police_report,lighting_conditions,municipality,collision_type_descriptor,county_name,road_descriptor,weather_conditions,traffic_control_device,road_surface_conditions,dot_reference_marker_location,pedestrian_bicyclist_action,event_descriptor,number_of_vehicles_involved,county_population_2024,county_fips,county_deer_take_2024,county_antlerless_deer_per_sqmi_2024,county_daily_vmt_2019,county_mean_aadt_2019,county_aadt_segments_2019
2024,Property Damage Accident,12:21,2024-03-29,Friday,Y,Daylight,WAWARSING,SIDESWIPE,ULSTER,Straight and Level,Clear,,Dry,55 86021112,Not Applicable,"Other Motor Vehicle, Collision With",2,183095,36111,3565,1.2,6410502.0,3939.4,999
2024,Property Damage Accident,14:14,2024-03-29,Friday,Y,Daylight,GARDINER,OTHER,ULSTER,Straight and Grade,Clear,No Passing Zone,Dry,44 86011129,Not Applicable,"Other Object (Not Fixed)*, Collision With",1,183095,36111,3565,1.2,6410502.0,3939.4,999
2024,Property Damage Accident,17:44,2024-03-29,Friday,Y,Daylight,PORT CHESTER,REAR END,WESTCHESTER,Straight and Level,Clear,,Dry,,Not Applicable,"Other Motor Vehicle, Collision With",2,1009165,36119,850,0.8,18110248.0,6143.2,3354
2024,Property Damage Accident,16:06,2024-03-29,Friday,Y,Daylight,WHITE PLAINS,OVERTAKING,WESTCHESTER,Straight and Level,Clear,,Dry,125 87012020,Not Applicable,"Other Motor Vehicle, Collision With",2,1009165,36119,850,0.8,18110248.0,6143.2,3354
2024,Property Damage Accident,8:57,2024-03-29,Friday,Y,Daylight,NEW ROCHELLE,OVERTAKING,WESTCHESTER,Straight and Level,Clear,,Dry,,Not Applicable,"Other Motor Vehicle, Collision With",2,1009165,36119,850,0.8,18110248.0,6143.2,3354
2024,Property Damage & Injury Accident,14:36,2024-03-29,Friday,Y,Daylight,YONKERS,OTHER,WESTCHESTER,Straight and Level,Clear,,Dry,100 87011003,Not Applicable,"Other Motor Vehicle, Collision With",3,1009165,36119,850,0.8,18110248.0,6143.2,3354
2024,Property Damage Accident,13:53,2024-03-29,Friday,Y,Daylight,ELMSFORD,RIGHT ANGLE,WESTCHESTER,Straight and Level,Clear,,Dry,9A87032059,Not Applicable,"Other Motor Vehicle, Collision With",2,1009165,36119,850,0.8,18110248.0,6143.2,3354
2024,Property Damage Accident,16:47,2024-03-29,Friday,Y,Daylight,SCARSDALE,OTHER,WESTCHESTER,Straight and Grade,Unknown,Traffic Signal,Unknown,22 87022057,Not Applicable,"Light Support/Utility Pole, Collision With Fixed Object",1,1009165,36119,850,0.8,18110248.0,6143.2,3354
2024,Property Damage Accident,18:57,2024-03-29,Friday,Y,Dusk,SCARSDALE,OTHER,WESTCHESTER,Straight and Level,Clear,Other,Dry,125 87011029,Not Applicable,"Bridge Structure, Collision With Fixed Object",1,1009165,36119,850,0.8,18110248.0,6143.2,3354
2024,Property Damage Accident,10:23,2024-03-29,Friday,Y,Daylight,GREENBURGH,RIGHT ANGLE,WESTCHESTER,Straight and Level,Clear,Stop Sign,Dry,,Not Applicable,"Other Motor Vehicle, Collision With",2,1009165,36119,850,0.8,18110248.0,6143.2,3354
2024,Property Damage Accident,9:11,2024-03-29,Friday,Y,Daylight,MOUNT PLEASANT,REAR END,WESTCHESTER,Straight and Level,Clear,,Dry,9 87032108,Not Applicable,"Other Motor Vehicle, Collision With",2,1009165,36119,850,0.8,18110248.0,6143.2,3354
2024,Property Damage Accident,0:00,2024-03-29,Friday,N,Unknown,MOUNT VERNON,LEFT TURN (0),WESTCHESTER,Unknown,Unknown,Unknown,Unknown,,Not Applicable,"Other Motor Vehicle, Collision With",2,1009165,36119,850,0.8,18110248.0,6143.2,3354
2024,Property Damage Accident,16:00,2024-03-29,Friday,Y,Daylight,MOUNT PLEASANT,RIGHT TURN (5),WESTCHESTER,Straight and Level,Clear,,Dry,987G87011030,Not Applicable,"Other Motor Vehicle, Collision With",2,1009165,36119,850,0.8,18110248.0,6143.2,3354
2024,Property Damage & Injury Accident,20:22,2024-03-29,Friday,Y,Dark-Road Lighted,MAMARONECK,OVERTAKING,WESTCHESTER,Curve and Level,Clear,,Dry,,Not Applicable,"Other Motor Vehicle, Collision With",2,1009165,36119,850,0.8,18110248.0,6143.2,3354
2024,Property Damage & Injury Accident,12:35,2024-03-29,Friday,Y,Daylight,ELMSFORD,REAR END,WESTCHESTER,Straight and Level,Clear,,Dry,287I87011016,Not Applicable,"Other Motor Vehicle, Collision With",2,1009165,36119,850,0.8,18110248.0,6143.2,3354
2024,Property Damage Accident,11:01,2024-03-30,Saturday,Y,Daylight,BEACON,OVERTAKING,DUTCHESS,Straight and Grade,Clear,,Dry,,Not Applicable,"Other Motor Vehicle, Collision With",2,299256,36027,1695,0.8,5987961.0,3975.0,1300
2024,Property Damage Accident,12:24,2024-03-30,Saturday,Y,Daylight,LA GRANGE,RIGHT TURN (5),DUTCHESS,Straight and Level,Clear,,Dry,,Not Applicable,"Other Motor Vehicle, Collision With",2,299256,36027,1695,0.8,5987961.0,3975.0,1300
2024,Property Damage Accident,7:30,2024-03-30,Saturday,Y,Daylight,LA GRANGE,OTHER,DUTCHESS,Straight and Grade,Clear,,Dry,,Not Applicable,Deer,1,299256,36027,1695,0.8,5987961.0,3975.0,1300
2024,Property Damage Accident,14:00,2024-03-30,Saturday,Y,Daylight,EAST FISHKILL,REAR END,DUTCHESS,Straight and Level,Clear,Traffic Signal,Dry,,Not Applicable,"Other Motor Vehicle, Collision With",2,299256,36027,1695,0.8,5987961.0,3975.0,1300
2024,Property Damage Accident,15:55,2024-03-30,Saturday,Y,Daylight,WAPPINGER FALLS,OTHER,DUTCHESS,Straight and Level,Clear,Traffic Signal,Dry,9 82051079,Not Applicable,"Sign Post, Collision With Fixed Object",1,299256,36027,1695,0.8,5987961.0,3975.0,1300
2024,Property Damage & Injury Accident,19:43,2024-03-30,Saturday,Y,Dark-Road Lighted,NEWBURGH,RIGHT ANGLE,ORANGE,Straight and Level,Clear,Traffic Signal,Dry,32 83013006,Not Applicable,"Other Motor Vehicle, Collision With",2,415088,36071,4753,2.6,13857119.0,5167.5,1527
2024,Property Damage Accident,7:59,2024-03-30,Saturday,Y,Daylight,WOODBURY,REAR END,ORANGE,Curve and Grade,Clear,,Dry,6 83012373,Not Applicable,"Other Motor Vehicle, Collision With",2,415088,36071,4753,2.6,13857119.0,5167.5,1527
2024,Property Damage & Injury Accident,3:19,2024-03-30,Saturday,Y,Dark-Road Lighted,NEWBURGH,HEAD ON,ORANGE,Straight and Level,Clear,,Dry,,Not Applicable,"Other Motor Vehicle, Collision With",2,415088,36071,4753,2.6,13857119.0,5167.5,1527
2024,Property Damage Accident,9:15,2024-03-30,Saturday,Y,Daylight,WALLKILL,OVERTAKING,ORANGE,Straight and Grade,Clear,,Dry,,Not Applicable,"Other Motor Vehicle, Collision With",2,415088,36071,4753,2.6,13857119.0,5167.5,1527
2024,Property Damage Accident,12:10,2024-03-30,Saturday,Y,Daylight,WALLKILL,REAR END,ORANGE,Straight and Level,Clear,,Dry,211 83013031,Not Applicable,"Other Motor Vehicle, Collision With",2,415088,36071,4753,2.6,13857119.0,5167.5,1527
2024,Property Damage Accident,10:41,2024-03-30,Saturday,Y,Daylight,CARMEL,REAR END,PUTNAM,Straight and Level,Clear,,Dry,6 84041026,Not Applicable,"Other Motor Vehicle, Collision With",2,98842,36079,509,0.7,2746105.0,4089.2,375
2024,Property Damage Accident,10:15,2024-03-30,Saturday,Y,Daylight,ORANGETOWN,RIGHT ANGLE,ROCKLAND,Straight and Level,Clear,Stop Sign,Dry,,Not Applicable,"Other Motor Vehicle, Collision With",2,354829,36087,259,0.3,7336134.0,9989.2,886
2024,Property Damage Accident,18:35,2024-03-30,Saturday,Y,Daylight,HAVERSTRAW,OTHER,ROCKLAND,Straight and Level,Clear,,Dry,202 85011094,Not Applicable,"Guide Rail - Not At End, Collision With Fixed Object",1,354829,36087,259,0.3,7336134.0,9989.2,886
2024,Property Damage Accident,13:56,2024-03-30,Saturday,Y,Daylight,SPRING VALLEY,REAR END,ROCKLAND,Straight and Level,Clear,,Dry,45 85011031,Not Applicable,"Other Motor Vehicle, Collision With",2,354829,36087,259,0.3,7336134.0,9989.2,886
2024,Property Damage Accident,6:44,2024-03-30,Saturday,Y,Dawn,GARDINER,OTHER,ULSTER,Straight and Level,Clear,No Passing Zone,Dry,208 86021059,Not Applicable,Deer,1,183095,36111,3565,1.2,6410502.0,3939.4,999
2024,Property Damage Accident,13:16,2024-03-30,Saturday,Y,Daylight,MAMARONECK,OVERTAKING,WESTCHESTER,Straight and Level,Clear,,Dry,,Not Applicable,"Other Motor Vehicle, Collision With",2,1009165,36119,850,0.8,18110248.0,6143.2,3354
2024,Property Damage Accident,17:30,2024-03-30,Saturday,Y,Daylight,GREENBURGH,REAR END,WESTCHESTER,Straight and Grade,Clear,Traffic Signal,Dry,100A87011025,Not Applicable,"Other Motor Vehicle, Collision With",2,1009165,36119,850,0.8,18110248.0,6143.2,3354
2024,Property Damage Accident,22:09,2024-03-30,Saturday,Y,Dark-Road Lighted,OSSINING,HEAD ON,WESTCHESTER,Straight and Grade,Clear,Traffic Signal,Dry,9 87032132,Not Applicable,"Other Motor Vehicle, Collision With",2,1009165,36119,850,0.8,18110248.0,6143.2,3354
2024,Property Damage Accident,8:25,2024-03-30,Saturday,Y,Daylight,NEW ROCHELLE,OTHER,WESTCHESTER,Straight and Level,Clear,,Dry,,Not Applicable,"Other Motor Vehicle, Collision With",3,1009165,36119,850,0.8,18110248.0,6143.2,3354
2024,Property Damage & Injury Accident,14:00,2024-03-30,Saturday,Y,Daylight,GREENBURGH,OVERTAKING,WESTCHESTER,Straight and Level,Clear,,Dry,987F87012049,Not Applicable,"Other Motor Vehicle, Collision With",2,1009165,36119,850,0.8,18110248.0,6143.2,3354
2024,Property Damage & Injury Accident,19:50,2024-03-30,Saturday,Y,Dark-Road Unlighted,MOUNT VERNON,REAR END,WESTCHESTER,Straight and Level,Clear,,Dry,,Not Applicable,"Other Motor Vehicle, Collision With",2,1009165,36119,850,0.8,18110248.0,6143.2,3354
2024,Property Damage & Injury Accident,8:12,2024-03-30,Saturday,Y,Daylight,YONKERS,OTHER,WESTCHESTER,Straight and Level,Clear,,Dry,,Not Applicable,"Other Object (Not Fixed)*, Collision With",1,1009165,36119,850,0.8,18110248.0,6143.2,3354
2024,Property Damage Accident,14:18,2024-03-30,Saturday,Y,Daylight,YONKERS,RIGHT ANGLE,WESTCHESTER,Straight and Level,Clear,,Dry,9A87031028,Not Applicable,"Other Motor Vehicle, Collision With",2,1009165,36119,850,0.8,18110248.0,6143.2,3354
2024,Property Damage Accident,16:27,2024-03-30,Saturday,Y,Daylight,GREENBURGH,REAR END,WESTCHESTER,Straight and Level,Clear,Traffic Signal,Dry,,Not Applicable,"Other Motor Vehicle, Collision With",2,1009165,36119,850,0.8,18110248.0,6143.2,3354
2024,Property Damage Accident,21:00,2024-03-30,Saturday,Y,Dark-Road Unlighted,YONKERS,REAR END,WESTCHESTER,Straight and Level,Rain,,Wet,,Not Applicable,"Other Motor Vehicle, Collision With",2,1009165,36119,850,0.8,18110248.0,6143.2,3354
2024,Property Damage & Injury Accident,9:13,2024-03-30,Saturday,Y,Daylight,WHITE PLAINS,OTHER,WESTCHESTER,Straight and Level,Clear,,Dry,907W87024001,Not Applicable,"Other Motor Vehicle, Collision With",3,1009165,36119,850,0.8,18110248.0,6143.2,3354
2024,Property Damage Accident,3:15,2024-03-30,Saturday,Y,Dark-Road Unlighted,HARRISON,OTHER,WESTCHESTER,Straight and Level,Clear,,Dry,,Not Applicable,"Other Fixed Object*, Collision With Fixed Object",1,1009165,36119,850,0.8,18110248.0,6143.2,3354
2024,Property Damage Accident,11:20,2024-03-31,Sunday,Y,Daylight,POUGHKEEPSIE,OTHER,DUTCHESS,Straight and Level,Clear,,Dry,9 82053016,Not Applicable,Deer,1,299256,36027,1695,0.8,5987961.0,3975.0,1300
2024,Property Damage Accident,1:01,2024-03-31,Sunday,Y,Dark-Road Lighted,POUGHKEEPSIE,REAR END,DUTCHESS,Straight and Level,Clear,,Dry,,Not Applicable,"Other Motor Vehicle, Collision With",2,299256,36027,1695,0.8,5987961.0,3975.0,1300
2024,Property Damage Accident,19:12,2024-03-31,Sunday,Y,Dusk,POUGHKEEPSIE,OTHER,DUTCHESS,Straight and Level,Clear,,Dry,,Not Applicable,"Other Motor Vehicle, Collision With",2,299256,36027,1695,0.8,5987961.0,3975.0,1300
2024,Property Damage Accident,22:01,2024-03-31,Sunday,Y,Dark-Road Lighted,DOVER,OTHER,DUTCHESS,Straight and Level,Clear,,Dry,22 82041155,Not Applicable,"Guide Rail - Not At End, Collision With Fixed Object",1,299256,36027,1695,0.8,5987961.0,3975.0,1300
2024,Property Damage & Injury Accident,16:24,2024-03-31,Sunday,Y,Daylight,DEERPARK,OTHER,ORANGE,Curve and Level,Clear,No Passing Zone,Dry,97 83012036,Not Applicable,"Other Fixed Object*, Collision With Fixed Object",1,415088,36071,4753,2.6,13857119.0,5167.5,1527
2024,Property Damage Accident,20:00,2024-03-31,Sunday,Y,Dark-Road Unlighted,CARMEL,OVERTAKING,PUTNAM,Straight and Grade,Clear,,Dry,,Not Applicable,"Other Motor Vehicle, Collision With",2,98842,36079,509,0.7,2746105.0,4089.2,375
2024,Property Damage Accident,12:40,2024-03-31,Sunday,N,Unknown,SOUTHEAST,REAR END,PUTNAM,Unknown,Unknown,Unknown,Unknown,,Not Applicable,"Other Motor Vehicle, Collision With",2,98842,36079,509,0.7,2746105.0,4089.2,375
2024,Property Damage Accident,20:27,2024-03-31,Sunday,Y,Dark-Road Lighted,CLARKSTOWN,REAR END,ROCKLAND,Straight and Level,Clear,,Dry,,Not Applicable,"Other Motor Vehicle, Collision With",2,354829,36087,259,0.3,7336134.0,9989.2,886
2024,Property Damage Accident,13:04,2024-03-31,Sunday,Y,Daylight,CLARKSTOWN,REAR END,ROCKLAND,Straight and Level,Clear,,Dry,,Not Applicable,"Other Motor Vehicle, Collision With",2,354829,36087,259,0.3,7336134.0,9989.2,886
2024,Property Damage Accident,11:37,2024-03-31,Sunday,Y,Daylight,ORANGETOWN,OTHER,ROCKLAND,Straight and Level,Clear,,Dry,,Not Applicable,"Other Motor Vehicle, Collision With",2,354829,36087,259,0.3,7336134.0,9989.2,886
2024,Property Damage & Injury Accident,11:25,2024-03-31,Sunday,Y,Daylight,HAVERSTRAW,LEFT TURN (0),ROCKLAND,Straight and Grade,Clear,Stop Sign,Dry,,Not Applicable,"Other Motor Vehicle, Collision With",2,354829,36087,259,0.3,7336134.0,9989.2,886
2024,Property Damage Accident,17:06,2024-03-31,Sunday,Y,Daylight,SUFFERN,RIGHT ANGLE,ROCKLAND,Straight and Level,Clear,,Dry,,Not Applicable,"Other Motor Vehicle, Collision With",2,354829,36087,259,0.3,7336134.0,9989.2,886
2024,Property Damage Accident,13:51,2024-03-31,Sunday,Y,Daylight,HILLBURN,REAR END,ROCKLAND,Straight and Level,Clear,,Dry,,Not Applicable,"Other Motor Vehicle, Collision With",2,354829,36087,259,0.3,7336134.0,9989.2,886
2024,Property Damage & Injury Accident,12:31,2024-03-31,Sunday,Y,Daylight,ORANGETOWN,RIGHT ANGLE,ROCKLAND,Straight and Level,Clear,Stop Sign,Dry,,Not Applicable,"Other Motor Vehicle, Collision With",2,354829,36087,259,0.3,7336134.0,9989.2,886
2024,Property Damage Accident,12:15,2024-03-31,Sunday,Y,Daylight,SAUGERTIES,REAR END,ULSTER,Straight and Level,Clear,Flashing Light,Dry,32A86011000,Not Applicable,"Other Motor Vehicle, Collision With",2,183095,36111,3565,1.2,6410502.0,3939.4,999
2024,Property Damage Accident,10:15,2024-03-31,Sunday,Y,Daylight,RYE BROOKE,RIGHT ANGLE,WESTCHESTER,Straight and Grade,Clear,,Dry,,Not Applicable,"Other Motor Vehicle, Collision With",2,1009165,36119,850,0.8,18110248.0,6143.2,3354
2024,Property Damage Accident,11:35,2024-03-31,Sunday,Y,Daylight,GREENBURGH,REAR END,WESTCHESTER,Straight and Level,Clear,,Dry,987F87012002,Not Applicable,"Other Motor Vehicle, Collision With",2,1009165,36119,850,0.8,18110248.0,6143.2,3354
2024,Property Damage Accident,14:10,2024-03-31,Sunday,Y,Daylight,HARRISON,OVERTAKING,WESTCHESTER,Straight and Level,Clear,,Dry,,Not Applicable,"Other Motor Vehicle, Collision With",2,1009165,36119,850,0.8,18110248.0,6143.2,3354
2024,Property Damage Accident,14:37,2024-03-31,Sunday,Y,Daylight,PORT CHESTER,RIGHT ANGLE,WESTCHESTER,Straight and Level,Clear,,Dry,982B87011009,Not Applicable,"Other Motor Vehicle, Collision With",2,1009165,36119,850,0.8,18110248.0,6143.2,3354
2024,Property Damage & Injury Accident,13:55,2024-03-31,Sunday,Y,Daylight,NEW ROCHELLE,OTHER,WESTCHESTER,Straight and Level,Clear,,Dry,,Not Applicable,"Other Motor Vehicle, Collision With",3,1009165,36119,850,0.8,18110248.0,6143.2,3354
2024,Property Damage & Injury Accident,14:17,2024-03-31,Sunday,Y,Daylight,NEW ROCHELLE,OTHER,WESTCHESTER,Straight and Level,Clear,Stop Sign,Dry,,Riding/Walking/Skating Along Highway With Traffic,"Bicyclist, Collision With",1,1009165,36119,850,0.8,18110248.0,6143.2,3354
2024,Property Damage Accident,20:02,2024-03-31,Sunday,Y,Dark-Road Lighted,WHITE PLAINS,LEFT TURN (0),WESTCHESTER,Straight and Level,Clear,Traffic Signal,Dry,,Not Applicable,"Other Motor Vehicle, Collision With",2,1009165,36119,850,0.8,18110248.0,6143.2,3354
2024,Property Damage Accident,17:41,2024-03-31,Sunday,Y,Daylight,CORTLANDT,SIDESWIPE,WESTCHESTER,Curve and Grade,Cloudy,No Passing Zone,Dry,,Not Applicable,"Other Motor Vehicle, Collision With",2,1009165,36119,850,0.8,18110248.0,6143.2,3354
2024,Property Damage & Injury Accident,11:30,2024-03-31,Sunday,N,Unknown,PELHAM MANOR,Unknown,WESTCHESTER,Unknown,Unknown,Unknown,Unknown,,Not Applicable,"Other Motor Vehicle, Collision With",2,1009165,36119,850,0.8,18110248.0,6143.2,3354
2024,Property Damage Accident,10:38,2024-04-01,Monday,Y,Daylight,RHINEBECK,OTHER,DUTCHESS,Straight and Level,Cloudy,,Dry,,Not Applicable,"Building/Wall, Collision With Fixed Object",1,299256,36027,1695,0.8,5987961.0,3975.0,1300
2024,Property Damage Accident,20:30,2024-04-01,Monday,Y,Dark-Road Unlighted,UNION VALE,OTHER,DUTCHESS,Straight and Grade,Clear,,Dry,,Not Applicable,Deer,1,299256,36027,1695,0.8,5987961.0,3975.0,1300
2024,Property Damage Accident,16:59,2024-04-01,Monday,Y,Daylight,WAPPINGER,REAR END,DUTCHESS,Straight and Level,Cloudy,Traffic Signal,Dry,9 82051056,Not Applicable,"Other Motor Vehicle, Collision With",2,299256,36027,1695,0.8,5987961.0,3975.0,1300
2024,Property Damage Accident,9:19,2024-04-01,Monday,Y,Daylight,EAST FISHKILL,LEFT TURN (3),DUTCHESS,Straight and Level,Clear,Traffic Signal,Dry,376 82011000,Not Applicable,"Other Motor Vehicle, Collision With",2,299256,36027,1695,0.8,5987961.0,3975.0,1300
2024,Property Damage Accident,14:50,2024-04-01,Monday,Y,Daylight,POUGHKEEPSIE,RIGHT ANGLE,DUTCHESS,Straight and Level,Cloudy,,Dry,9 82051096,Not Applicable,"Other Motor Vehicle, Collision With",2,299256,36027,1695,0.8,5987961.0,3975.0,1300
2024,Property Damage Accident,6:40,2024-04-01,Monday,Y,Dawn,FISHKILL,OTHER,DUTCHESS,Straight and Level,Cloudy,,Dry,9D82031023,Not Applicable,"Animal, Collision With",1,299256,36027,1695,0.8,5987961.0,3975.0,1300
2024,Property Damage & Injury Accident,19:19,2024-04-01,Monday,Y,Daylight,HYDE PARK,REAR END,DUTCHESS,Straight and Level,Clear,,Dry,9 82053018,Not Applicable,"Other Motor Vehicle, Collision With",2,299256,36027,1695,0.8,5987961.0,3975.0,1300
2024,Property Damage & Injury Accident,12:19,2024-04-01,Monday,Y,Daylight,MIDDLETOWN,RIGHT ANGLE,ORANGE,Straight and Level,Cloudy,Stop Sign,Wet,,Not Applicable,"Other Motor Vehicle, Collision With",2,415088,36071,4753,2.6,13857119.0,5167.5,1527
2024,Property Damage Accident,22:13,2024-04-01,Monday,Y,Dark-Road Lighted,NEWBURGH,OVERTAKING,ORANGE,Straight and Level,Clear,,Dry,17K83012008,Not Applicable,"Other Motor Vehicle, Collision With",2,415088,36071,4753,2.6,13857119.0,5167.5,1527
2024,Property Damage Accident,18:30,2024-04-01,Monday,Y,Daylight,SOUTHEAST,RIGHT ANGLE,PUTNAM,Straight and Level,Cloudy,No Passing Zone,Dry,312 84011027,Not Applicable,"Other Motor Vehicle, Collision With",2,98842,36079,509,0.7,2746105.0,4089.2,375
2024,Property Damage Accident,16:00,2024-04-01,Monday,Y,Daylight,PHILLIPSTOWN,OTHER,PUTNAM,Curve and Level,Clear,No Passing Zone,Dry,9D84021042,Not Applicable,"Earth Embankment/Rock Cut/Ditch, Collision With Fixed Object",1,98842,36079,509,0.7,2746105.0,4089.2,375
2024,Property Damage Accident,19:47,2024-04-01,Monday,Y,Daylight,CLARKSTOWN,OVERTAKING,ROCKLAND,Straight and Grade,Cloudy,,Dry,,Not Applicable,"Other Motor Vehicle, Collision With",2,354829,36087,259,0.3,7336134.0,9989.2,886
2024,Property Damage & Injury Accident,23:18,2024-04-01,Monday,Y,Dark-Road Lighted,RAMAPO,LEFT TURN (3),ROCKLAND,Straight and Level,Cloudy,Stop Sign,Dry,,Not Applicable,"Other Motor Vehicle, Collision With",2,354829,36087,259,0.3,7336134.0,9989.2,886
2024,Property Damage Accident,13:03,2024-04-01,Monday,Y,Daylight,CLARKSTOWN,REAR END,ROCKLAND,Straight and Grade,Cloudy,Stop Sign,Wet,,Not Applicable,"Other Motor Vehicle, Collision With",2,354829,36087,259,0.3,7336134.0,9989.2,886
2024,Property Damage Accident,12:10,2024-04-01,Monday,Y,Daylight,SAUGERTIES,REAR END,ULSTER,Straight and Level,Clear,Traffic Signal,Dry,,Not Applicable,"Other Motor Vehicle, Collision With",2,183095,36111,3565,1.2,6410502.0,3939.4,999
2024,Property Damage Accident,23:01,2024-04-01,Monday,Y,Dark-Road Lighted,PORT CHESTER,RIGHT ANGLE,WESTCHESTER,Straight and Grade,Clear,,Dry,,Not Applicable,"Other Motor Vehicle, Collision With",2,1009165,36119,850,0.8,18110248.0,6143.2,3354
2024,Property Damage Accident,13:30,2024-04-01,Monday,Y,Daylight,NEW ROCHELLE,OTHER,WESTCHESTER,Straight and Level,Clear,,Dry,,Not Applicable,"Animal, Collision With",1,1009165,36119,850,0.8,18110248.0,6143.2,3354
2024,Property Damage & Injury Accident,12:53,2024-04-01,Monday,Y,Daylight,PLEASANTVILLE,RIGHT ANGLE,WESTCHESTER,Straight and Level,Rain,Traffic Signal,Wet,,Not Applicable,"Other Motor Vehicle, Collision With",2,1009165,36119,850,0.8,18110248.0,6143.2,3354
2024,Property Damage Accident,14:02,2024-04-01,Monday,Y,Daylight,WHITE PLAINS,REAR END,WESTCHESTER,Straight and Level,Cloudy,,Dry,,Not Applicable,"Other Motor Vehicle, Collision With",2,1009165,36119,850,0.8,18110248.0,6143.2,3354
2024,Property Damage Accident,16:14,2024-04-01,Monday,Y,Daylight,MOUNT PLEASANT,OVERTAKING,WESTCHESTER,Straight and Level,Cloudy,Traffic Signal,Dry,,Not Applicable,"Other Motor Vehicle, Collision With",2,1009165,36119,850,0.8,18110248.0,6143.2,3354
2024,Property Damage Accident,15:09,2024-04-02,Tuesday,Y,Daylight,WAPPINGER FALLS,OVERTAKING,DUTCHESS,Straight and Grade,Rain,,Wet,9D82033070,Not Applicable,"Other Motor Vehicle, Collision With",2,299256,36027,1695,0.8,5987961.0,3975.0,1300
2024,Property Damage & Injury Accident,16:42,2024-04-02,Tuesday,Y,Daylight,POUGHKEEPSIE,REAR END,DUTCHESS,Straight and Level,Rain,,Wet,,Not Applicable,"Other Motor Vehicle, Collision With",2,299256,36027,1695,0.8,5987961.0,3975.0,1300
2024,Property Damage Accident,14:10,2024-04-02,Tuesday,Y,Daylight,POUGHKEEPSIE,REAR END,DUTCHESS,Straight and Level,Rain,Traffic Signal,Wet,9 82053003,Not Applicable,"Other Motor Vehicle, Collision With",2,299256,36027,1695,0.8,5987961.0,3975.0,1300
2024,Property Damage Accident,15:17,2024-04-02,Tuesday,Y,Daylight,WAPPINGER,RIGHT ANGLE,DUTCHESS,Straight and Level,Rain,,Wet,,Not Applicable,"Other Motor Vehicle, Collision With",2,299256,36027,1695,0.8,5987961.0,3975.0,1300
2024,Property Damage Accident,19:45,2024-04-02,Tuesday,Y,Dark-Road Lighted,WAPPINGER,OTHER,DUTCHESS,Straight and Level,Rain,Traffic Signal,Wet,9 82051066,Not Applicable,"Sign Post, Collision With Fixed Object",1,299256,36027,1695,0.8,5987961.0,3975.0,1300
2024,Property Damage Accident,16:25,2024-04-02,Tuesday,Y,Daylight,PLEASANT VALLEY,OTHER,DUTCHESS,Straight and Level,Rain,,Wet,987G82031241,Not Applicable,"Guide Rail - Not At End, Collision With Fixed Object",1,299256,36027,1695,0.8,5987961.0,3975.0,1300
2024,Property Damage Accident,5:18,2024-04-02,Tuesday,Y,Dark-Road Unlighted,LA GRANGE,OTHER,DUTCHESS,Straight and Level,Cloudy,,Dry,,Not Applicable,"Other Fixed Object*, Collision With Fixed Object",1,299256,36027,1695,0.8,5987961.0,3975.0,1300
2024,Property Damage Accident,19:52,2024-04-02,Tuesday,Y,Dark-Road Lighted,BEACON,OVERTAKING,DUTCHESS,Straight and Level,Rain,No Passing Zone,Wet,,Not Applicable,"Other Motor Vehicle, Collision With",2,299256,36027,1695,0.8,5987961.0,3975.0,1300
2024,Property Damage Accident,8:45,2024-04-02,Tuesday,Y,Daylight,FISHKILL,OTHER,DUTCHESS,Curve and Level,Cloudy,No Passing Zone,Wet,9D82031013,Not Applicable,"Guide Rail - Not At End, Collision With Fixed Object",1,299256,36027,1695,0.8,5987961.0,3975.0,1300
2024,Property Damage & Injury Accident,13:50,2024-04-02,Tuesday,Y,Daylight,MONROE,RIGHT TURN (5),ORANGE,Straight and Grade,Rain,,Wet,,Not Applicable,"Other Motor Vehicle, Collision With",2,415088,36071,4753,2.6,13857119.0,5167.5,1527
2024,Property Damage Accident,15:00,2024-04-02,Tuesday,Y,Daylight,WALLKILL,REAR END,ORANGE,Straight and Level,Rain,,Wet,,Not Applicable,"Other Motor Vehicle, Collision With",2,415088,36071,4753,2.6,13857119.0,5167.5,1527
2024,Property Damage Accident,16:02,2024-04-02,Tuesday,Y,Daylight,NEWBURGH,REAR END,ORANGE,Straight and Level,Rain,Stop Sign,Wet,,Not Applicable,"Other Motor Vehicle, Collision With",2,415088,36071,4753,2.6,13857119.0,5167.5,1527
2024,Property Damage Accident,14:50,2024-04-02,Tuesday,Y,Daylight,WALLKILL,OVERTAKING,ORANGE,Straight and Level,Rain,Police/Fire Emergency,Wet,,Not Applicable,"Other Motor Vehicle, Collision With",2,415088,36071,4753,2.6,13857119.0,5167.5,1527
2024,Property Damage Accident,17:13,2024-04-02,Tuesday,Y,Daylight,HIGHLANDS,OVERTAKING,ORANGE,Straight and Level,Rain,Traffic Signal,Wet,9W83021012,Not Applicable,"Other Motor Vehicle, Collision With",2,415088,36071,4753,2.6,13857119.0,5167.5,1527
2024,Property Damage Accident,0:21,2024-04-02,Tuesday,Y,Dark-Road Unlighted,CARMEL,OTHER,PUTNAM,Curve and Level,Rain,No Passing Zone,Wet,,Not Applicable,"Tree, Collision With Fixed Object",1,98842,36079,509,0.7,2746105.0,4089.2,375