year,accident_descriptor,time,date,day_of_week,police_report,lighting_conditions,municipality,collision_type_descriptor,county_name,road_descriptor,weather_conditions,traffic_control_device,road_surface_conditions,dot_reference_marker_location,pedestrian_bicyclist_action,event_descriptor,number_of_vehicles_involved,county_population_2024,county_fips,county_deer_take_2024,county_antlerless_deer_per_sqmi_2024,county_daily_vmt_2019,county_mean_aadt_2019,county_aadt_segments_2019
2024,Property Damage Accident,17:20,2024-04-02,Tuesday,Y,Daylight,PATTERSON,OTHER,PUTNAM,Curve and Level,Rain,No Passing Zone,Wet,,Not Applicable,"Other Fixed Object*, Collision With Fixed Object",1,98842,36079,509,0.7,2746105.0,4089.2,375
2024,Property Damage Accident,17:37,2024-04-02,Tuesday,Y,Daylight,RAMAPO,REAR END,ROCKLAND,Straight and Level,Rain,Traffic Signal,Wet,45 85011047,Not Applicable,"Other Motor Vehicle, Collision With",2,354829,36087,259,0.3,7336134.0,9989.2,886
2024,Property Damage & Injury Accident,18:20,2024-04-02,Tuesday,Y,Daylight,RAMAPO,OTHER,ROCKLAND,Straight and Level,Rain,Stop Sign,Wet,,Not Applicable,"Other Motor Vehicle, Collision With",2,354829,36087,259,0.3,7336134.0,9989.2,886
2024,Injury Accident,20:08,2024-04-02,Tuesday,Y,Dark-Road Lighted,RAMAPO,OTHER,ROCKLAND,Straight and Level,Rain,,Wet,,Riding/Walking/Skating Along Highway With Traffic,"Bicyclist, Collision With",1,354829,36087,259,0.3,7336134.0,9989.2,886
2024,Property Damage Accident,0:41,2024-04-02,Tuesday,Y,Dark-Road Lighted,ORANGETOWN,OTHER,ROCKLAND,Straight and Level,Cloudy,,Dry,,Not Applicable,"Barrier, Collision With Fixed Object",1,354829,36087,259,0.3,7336134.0,9989.2,886
2024,Property Damage Accident,7:50,2024-04-02,Tuesday,Y,Daylight,CLARKSTOWN,REAR END,ROCKLAND,Straight and Level,Cloudy,,Wet,,Not Applicable,"Other Motor Vehicle, Collision With",2,354829,36087,259,0.3,7336134.0,9989.2,886
2024,Property Damage Accident,18:03,2024-04-02,Tuesday,Y,Daylight,RAMAPO,REAR END,ROCKLAND,Straight and Level,Rain,Traffic Signal,Wet,59 85011061,Not Applicable,"Other Motor Vehicle, Collision With",2,354829,36087,259,0.3,7336134.0,9989.2,886
2024,Property Damage Accident,17:10,2024-04-02,Tuesday,Y,Daylight,CLARKSTOWN,RIGHT ANGLE,ROCKLAND,Straight and Grade,Rain,,Wet,59 85011088,Not Applicable,"Other Motor Vehicle, Collision With",2,354829,36087,259,0.3,7336134.0,9989.2,886
2024,Property Damage & Injury Accident,18:52,2024-04-02,Tuesday,Y,Dusk,,OTHER,ROCKLAND,Straight and Level,Rain,Stop Sign,Wet,,Not Applicable,"Other Motor Vehicle, Collision With",4,354829,36087,259,0.3,7336134.0,9989.2,886
2024,Property Damage Accident,11:02,2024-04-02,Tuesday,Y,Daylight,ULSTER,SIDESWIPE,ULSTER,Straight and Level,Clear,,Dry,,Not Applicable,"Other Motor Vehicle, Collision With",2,183095,36111,3565,1.2,6410502.0,3939.4,999
2024,Property Damage Accident,13:05,2024-04-02,Tuesday,Y,Daylight,LARCHMONT,OVERTAKING,WESTCHESTER,Straight and Level,Rain,,Wet,,Not Applicable,"Other Motor Vehicle, Collision With",2,1009165,36119,850,0.8,18110248.0,6143.2,3354
2024,Property Damage Accident,15:14,2024-04-02,Tuesday,Y,Daylight,HARRISON,OVERTAKING,WESTCHESTER,Curve and Level,Rain,,Wet,,Not Applicable,"Other Motor Vehicle, Collision With",2,1009165,36119,850,0.8,18110248.0,6143.2,3354
2024,Property Damage Accident,22:51,2024-04-02,Tuesday,Y,Dark-Road Lighted,NEW ROCHELLE,RIGHT TURN (6),WESTCHESTER,Straight and Level,Rain,,Wet,,Not Applicable,"Other Motor Vehicle, Collision With",2,1009165,36119,850,0.8,18110248.0,6143.2,3354
2024,Property Damage Accident,7:30,2024-04-03,Wednesday,Y,Daylight,WAPPINGER,LEFT TURN (3),DUTCHESS,Straight and Level,Rain,Stop Sign,Wet,,Not Applicable,"Other Motor Vehicle, Collision With",2,299256,36027,1695,0.8,5987961.0,3975.0,1300
2024,Property Damage Accident,9:00,2024-04-03,Wednesday,Y,Daylight,LA GRANGE,OVERTAKING,DUTCHESS,Straight and Level,Rain,No Passing Zone,Wet,,Not Applicable,"Other Motor Vehicle, Collision With",2,299256,36027,1695,0.8,5987961.0,3975.0,1300
2024,Property Damage Accident,13:53,2024-04-03,Wednesday,Y,Daylight,EAST FISHKILL,OTHER,DUTCHESS,Straight and Level,Rain,,Wet,84I82021097,Not Applicable,"Other Object (Not Fixed)*, Collision With",1,299256,36027,1695,0.8,5987961.0,3975.0,1300
2024,Property Damage & Injury Accident,14:42,2024-04-03,Wednesday,Y,Daylight,DOVER,RIGHT ANGLE,DUTCHESS,Straight and Level,Rain,No Passing Zone,Wet,22 82041160,Not Applicable,"Other Motor Vehicle, Collision With",2,299256,36027,1695,0.8,5987961.0,3975.0,1300
2024,Property Damage Accident,23:30,2024-04-03,Wednesday,Y,Dark-Road Unlighted,WAPPINGER,SIDESWIPE,DUTCHESS,Straight and Level,Rain,,Wet,,Not Applicable,"Other Motor Vehicle, Collision With",2,299256,36027,1695,0.8,5987961.0,3975.0,1300
2024,Property Damage Accident,19:40,2024-04-03,Wednesday,Y,Dark-Road Unlighted,EAST FISHKILL,OTHER,DUTCHESS,Straight and Grade,Rain,,Wet,987G82031086,Not Applicable,"Tree, Collision With Fixed Object",1,299256,36027,1695,0.8,5987961.0,3975.0,1300
2024,Property Damage & Injury Accident,17:05,2024-04-03,Wednesday,Y,Daylight,LA GRANGE,REAR END,DUTCHESS,Straight and Grade,Rain,,Wet,55 82032029,Not Applicable,"Other Motor Vehicle, Collision With",2,299256,36027,1695,0.8,5987961.0,3975.0,1300
2024,Property Damage Accident,12:24,2024-04-03,Wednesday,Y,Daylight,CRAWFORD,RIGHT TURN (5),ORANGE,Straight and Level,Clear,Stop Sign,Dry,,Not Applicable,"Other Motor Vehicle, Collision With",2,415088,36071,4753,2.6,13857119.0,5167.5,1527
2024,Property Damage Accident,15:43,2024-04-03,Wednesday,Y,Daylight,GOSHEN,OTHER,ORANGE,Curve and Level,Rain,,Wet,17 83101135,Not Applicable,"Guide Rail - Not At End, Collision With Fixed Object",1,415088,36071,4753,2.6,13857119.0,5167.5,1527
2024,Property Damage & Injury Accident,6:32,2024-04-03,Wednesday,Y,Dusk,NEWBURGH,OTHER,ORANGE,Straight and Level,Rain,Traffic Signal,Wet,9W83023019,Not Applicable,"Other Motor Vehicle, Collision With",3,415088,36071,4753,2.6,13857119.0,5167.5,1527
2024,Property Damage Accident,9:42,2024-04-03,Wednesday,Y,Daylight,MONROE,OTHER,ORANGE,Straight and Grade,Rain,No Passing Zone,Wet,,Not Applicable,"Earth Embankment/Rock Cut/Ditch, Collision With Fixed Object",1,415088,36071,4753,2.6,13857119.0,5167.5,1527
2024,Property Damage Accident,18:45,2024-04-03,Wednesday,Y,Dusk,WASHINGTONVILLE,OTHER,ORANGE,Straight and Level,Rain,No Passing Zone,Wet,,Not Applicable,"Sign Post, Collision With Fixed Object",1,415088,36071,4753,2.6,13857119.0,5167.5,1527
2024,Property Damage Accident,21:28,2024-04-03,Wednesday,Y,Dark-Road Unlighted,PATTERSON,REAR END,PUTNAM,Straight and Grade,Rain,No Passing Zone,Wet,,Not Applicable,"Other Motor Vehicle, Collision With",2,98842,36079,509,0.7,2746105.0,4089.2,375
2024,Property Damage Accident,16:22,2024-04-03,Wednesday,Y,Daylight,PUTNAM VALLEY,OVERTAKING,PUTNAM,Straight and Grade,Rain,,Wet,987G84021044,Not Applicable,"Other Motor Vehicle, Collision With",2,98842,36079,509,0.7,2746105.0,4089.2,375
2024,Property Damage Accident,8:34,2024-04-03,Wednesday,Y,Daylight,CARMEL,OTHER,PUTNAM,Straight and Grade,Rain,,Wet,987G84021045,Not Applicable,"Guide Rail - Not At End, Collision With Fixed Object",1,98842,36079,509,0.7,2746105.0,4089.2,375
2024,Property Damage & Injury Accident,21:34,2024-04-03,Wednesday,Y,Dark-Road Lighted,,OTHER,ROCKLAND,Straight and Level,Rain,,Wet,,Not Applicable,"Tree, Collision With Fixed Object",1,354829,36087,259,0.3,7336134.0,9989.2,886
2024,Property Damage Accident,8:56,2024-04-03,Wednesday,Y,Daylight,RAMAPO,OTHER,ROCKLAND,Straight and Level,Rain,,Wet,,Not Applicable,"Other Motor Vehicle, Collision With",2,354829,36087,259,0.3,7336134.0,9989.2,886
2024,Property Damage Accident,22:25,2024-04-03,Wednesday,Y,Dark-Road Unlighted,SPRING VALLEY,REAR END,ROCKLAND,Straight and Level,Clear,,Dry,,Not Applicable,"Other Motor Vehicle, Collision With",2,354829,36087,259,0.3,7336134.0,9989.2,886
2024,Property Damage Accident,17:31,2024-04-03,Wednesday,Y,Daylight,RAMAPO,OTHER,ROCKLAND,Straight and Level,Rain,,Wet,45 85011050,Not Applicable,"Other Motor Vehicle, Collision With",3,354829,36087,259,0.3,7336134.0,9989.2,886
2024,Property Damage & Injury Accident,22:15,2024-04-03,Wednesday,Y,Dark-Road Lighted,HAVERSTRAW,HEAD ON,ROCKLAND,Straight and Level,Rain,,Wet,9W85011155,Not Applicable,"Other Motor Vehicle, Collision With",2,354829,36087,259,0.3,7336134.0,9989.2,886
2024,Property Damage Accident,20:41,2024-04-03,Wednesday,Y,Dark-Road Lighted,ORANGETOWN,OTHER,ROCKLAND,Straight and Level,Rain,,Wet,303 85011041,Not Applicable,"Tree, Collision With Fixed Object",1,354829,36087,259,0.3,7336134.0,9989.2,886
2024,Property Damage Accident,14:12,2024-04-03,Wednesday,Y,Daylight,CLARKSTOWN,RIGHT ANGLE,ROCKLAND,Straight and Level,Rain,Stop Sign,Wet,,Not Applicable,"Other Motor Vehicle, Collision With",2,354829,36087,259,0.3,7336134.0,9989.2,886
2024,Property Damage Accident,12:57,2024-04-03,Wednesday,Y,Daylight,KINGSTON,OVERTAKING,ULSTER,Straight and Level,Rain,No Passing Zone,Wet,28 86012049,Not Applicable,"Other Motor Vehicle, Collision With",2,183095,36111,3565,1.2,6410502.0,3939.4,999
2024,Property Damage Accident,17:00,2024-04-03,Wednesday,Y,Daylight,ELMSFORD,OTHER,WESTCHESTER,Straight and Grade,Rain,,Wet,987F87012052,Not Applicable,"Guide Rail - End, Collision With Fixed Object",1,1009165,36119,850,0.8,18110248.0,6143.2,3354
2024,Property Damage Accident,11:00,2024-04-03,Wednesday,Y,Daylight,YORKTOWN,REAR END,WESTCHESTER,Straight and Level,Rain,Traffic Signal,Wet,6 87033033,Not Applicable,"Other Motor Vehicle, Collision With",2,1009165,36119,850,0.8,18110248.0,6143.2,3354
2024,Property Damage Accident,17:04,2024-04-03,Wednesday,Y,Daylight,NEW ROCHELLE,REAR END,WESTCHESTER,Straight and Level,Rain,,Wet,,Not Applicable,"Other Motor Vehicle, Collision With",2,1009165,36119,850,0.8,18110248.0,6143.2,3354
2024,Property Damage Accident,7:50,2024-04-03,Wednesday,Y,Daylight,EASTCHESTER,OTHER,WESTCHESTER,Straight and Grade,Rain,Stop Sign,Wet,,Not Applicable,"Curbing, Collision With Fixed Object",1,1009165,36119,850,0.8,18110248.0,6143.2,3354
2024,Injury Accident,22:40,2024-04-03,Wednesday,N,Unknown,YONKERS,Unknown,WESTCHESTER,Unknown,Unknown,Unknown,Unknown,,Not Applicable,"Other Motor Vehicle, Collision With",2,1009165,36119,850,0.8,18110248.0,6143.2,3354
2024,Property Damage Accident,15:58,2024-04-03,Wednesday,Y,Daylight,HARRISON,OTHER,WESTCHESTER,Curve and Level,Rain,,Wet,,Not Applicable,"Light Support/Utility Pole, Collision With Fixed Object",1,1009165,36119,850,0.8,18110248.0,6143.2,3354
2024,Property Damage Accident,16:24,2024-04-03,Wednesday,Y,Daylight,YONKERS,OTHER,WESTCHESTER,Straight and Level,Rain,,Wet,987D87011002,Not Applicable,"Tree, Collision With Fixed Object",1,1009165,36119,850,0.8,18110248.0,6143.2,3354
2024,Property Damage & Injury Accident,9:14,2024-04-03,Wednesday,Y,Daylight,HARRISON,REAR END,WESTCHESTER,Straight and Level,Rain,,Wet,287I87011072,Not Applicable,"Other Motor Vehicle, Collision With",2,1009165,36119,850,0.8,18110248.0,6143.2,3354
2024,Fatal Accident,17:29,2024-04-03,Wednesday,Y,Daylight,NORTH CASTLE,OTHER,WESTCHESTER,Straight and Level,Rain,,Wet,128 87011010,Not Applicable,"Other Object (Not Fixed)*, Collision With",1,1009165,36119,850,0.8,18110248.0,6143.2,3354
2024,Property Damage Accident,15:10,2024-04-03,Wednesday,Y,Daylight,GREENBURGH,REAR END,WESTCHESTER,Straight and Grade,Rain,,Wet,,Not Applicable,"Other Motor Vehicle, Collision With",2,1009165,36119,850,0.8,18110248.0,6143.2,3354
2024,Property Damage Accident,16:22,2024-04-03,Wednesday,Y,Daylight,YONKERS,OTHER,WESTCHESTER,Straight and Level,Rain,,Wet,987D87011002,Not Applicable,"Tree, Collision With Fixed Object",1,1009165,36119,850,0.8,18110248.0,6143.2,3354
2024,Property Damage Accident,17:16,2024-04-03,Wednesday,Y,Daylight,GREENBURGH,REAR END,WESTCHESTER,Curve and Grade,Rain,,Wet,,Not Applicable,"Other Motor Vehicle, Collision With",2,1009165,36119,850,0.8,18110248.0,6143.2,3354
2024,Property Damage & Injury Accident,7:33,2024-04-03,Wednesday,Y,Daylight,HASTINGS ON HUDSON,OTHER,WESTCHESTER,Straight and Level,Rain,,Wet,987D87011051,Not Applicable,"Other Motor Vehicle, Collision With",3,1009165,36119,850,0.8,18110248.0,6143.2,3354
2024,Property Damage Accident,9:32,2024-04-03,Wednesday,Y,Daylight,MAMARONECK,OTHER,WESTCHESTER,Straight and Grade,Rain,,Wet,125 87011017,Not Applicable,"Other Motor Vehicle, Collision With",3,1009165,36119,850,0.8,18110248.0,6143.2,3354
2024,Property Damage Accident,14:25,2024-04-03,Wednesday,Y,Daylight,MAMARONECK,OVERTAKING,WESTCHESTER,Straight and Level,Rain,Traffic Signal,Wet,,Not Applicable,"Other Motor Vehicle, Collision With",2,1009165,36119,850,0.8,18110248.0,6143.2,3354
2024,Property Damage Accident,6:41,2024-04-04,Thursday,Y,Dawn,EAST FISHKILL,HEAD ON,DUTCHESS,Curve and Level,Snow,,Snow/Ice,987G82031062,Not Applicable,"Other Motor Vehicle, Collision With",2,299256,36027,1695,0.8,5987961.0,3975.0,1300
2024,Property Damage Accident,10:25,2024-04-04,Thursday,Y,Daylight,POUGHKEEPSIE,RIGHT ANGLE,DUTCHESS,Curve and Grade,Cloudy,,Wet,,Not Applicable,"Other Motor Vehicle, Collision With",2,299256,36027,1695,0.8,5987961.0,3975.0,1300
2024,Property Damage Accident,6:40,2024-04-04,Thursday,Y,Dawn,EAST FISHKILL,OTHER,DUTCHESS,Straight and Grade,Snow,,Wet,987G82031098,Not Applicable,"Earth Embankment/Rock Cut/Ditch, Collision With Fixed Object",1,299256,36027,1695,0.8,5987961.0,3975.0,1300
2024,Property Damage Accident,12:32,2024-04-04,Thursday,Y,Daylight,FISHKILL,REAR END,DUTCHESS,Straight and Level,Cloudy,Traffic Signal,Wet,52 82042061,Not Applicable,"Other Motor Vehicle, Collision With",2,299256,36027,1695,0.8,5987961.0,3975.0,1300
2024,Property Damage Accident,23:10,2024-04-04,Thursday,Y,Dark-Road Unlighted,POUGHKEEPSIE,OTHER,DUTCHESS,Straight at Hill Crest,Cloudy,No Passing Zone,Dry,,Not Applicable,"Light Support/Utility Pole, Collision With Fixed Object",1,299256,36027,1695,0.8,5987961.0,3975.0,1300
2024,Property Damage Accident,5:50,2024-04-04,Thursday,Y,Dawn,WASHINGTON,OTHER,DUTCHESS,Straight at Hill Crest,Snow,,Snow/Ice,,Not Applicable,"Other Object (Not Fixed)*, Collision With",1,299256,36027,1695,0.8,5987961.0,3975.0,1300
2024,Property Damage Accident,13:15,2024-04-04,Thursday,Y,Daylight,WAPPINGER,OVERTAKING,DUTCHESS,Straight and Level,Cloudy,,Dry,9 82051068,Not Applicable,"Other Motor Vehicle, Collision With",2,299256,36027,1695,0.8,5987961.0,3975.0,1300
2024,Property Damage & Injury Accident,6:30,2024-04-04,Thursday,Y,Dawn,DOVER,OTHER,DUTCHESS,Curve and Grade,Snow,No Passing Zone,Slush,,Not Applicable,"Guide Rail - Not At End, Collision With Fixed Object",1,299256,36027,1695,0.8,5987961.0,3975.0,1300
2024,Property Damage & Injury Accident,7:10,2024-04-04,Thursday,Y,Daylight,EAST FISHKILL,OTHER,DUTCHESS,Curve and Grade,Snow,,Slush,987G82031008,Not Applicable,"Guide Rail - Not At End, Collision With Fixed Object",1,299256,36027,1695,0.8,5987961.0,3975.0,1300
2024,Property Damage Accident,14:08,2024-04-04,Thursday,Y,Daylight,FISHKILL,REAR END,DUTCHESS,Curve and Level,Cloudy,Traffic Signal,Dry,,Not Applicable,"Other Motor Vehicle, Collision With",2,299256,36027,1695,0.8,5987961.0,3975.0,1300
2024,Property Damage Accident,6:47,2024-04-04,Thursday,Y,Daylight,HYDE PARK,OTHER,DUTCHESS,Straight and Level,Snow,,Slush,,Not Applicable,"Tree, Collision With Fixed Object",1,299256,36027,1695,0.8,5987961.0,3975.0,1300
2024,Property Damage Accident,6:44,2024-04-04,Thursday,Y,Dark-Road Unlighted,MONTGOMERY,OTHER,ORANGE,Curve and Level,Sleet/Hail/Freezing Rain,,Snow/Ice,17K83011085,Not Applicable,"Tree, Collision With Fixed Object",1,415088,36071,4753,2.6,13857119.0,5167.5,1527
2024,Property Damage & Injury Accident,6:22,2024-04-04,Thursday,Y,Daylight,NEWBURGH,OTHER,ORANGE,Straight and Level,Snow,,Slush,300 83021035,Not Applicable,"Tree, Collision With Fixed Object",1,415088,36071,4753,2.6,13857119.0,5167.5,1527
2024,Property Damage & Injury Accident,22:12,2024-04-04,Thursday,Y,Dark-Road Unlighted,NEWBURGH,LEFT TURN (3),ORANGE,Straight and Level,Clear,,Dry,300 83021082,Not Applicable,"Other Motor Vehicle, Collision With",2,415088,36071,4753,2.6,13857119.0,5167.5,1527
2024,Property Damage Accident,9:27,2024-04-04,Thursday,Y,Daylight,BLOOMING GROVE,REAR END,ORANGE,Straight at Hill Crest,Rain,No Passing Zone,Snow/Ice,,Not Applicable,"Other Motor Vehicle, Collision With",2,415088,36071,4753,2.6,13857119.0,5167.5,1527
2024,Property Damage & Injury Accident,8:52,2024-04-04,Thursday,Y,Daylight,NEWBURGH,REAR END,ORANGE,Straight and Level,Snow,Traffic Signal,Wet,300 83021082,Not Applicable,"Other Motor Vehicle, Collision With",2,415088,36071,4753,2.6,13857119.0,5167.5,1527
2024,Property Damage Accident,15:24,2024-04-04,Thursday,Y,Daylight,TUXEDO,OVERTAKING,ORANGE,Straight and Level,Cloudy,,Dry,,Not Applicable,"Other Motor Vehicle, Collision With",2,415088,36071,4753,2.6,13857119.0,5167.5,1527
2024,Property Damage & Injury Accident,22:55,2024-04-04,Thursday,Y,Dark-Road Lighted,HIGHLAND FALLS,HEAD ON,ORANGE,Curve and Level,Clear,,Dry,218 83011003,Not Applicable,"Other Motor Vehicle, Collision With",2,415088,36071,4753,2.6,13857119.0,5167.5,1527
2024,Property Damage Accident,18:21,2024-04-04,Thursday,Y,Dusk,MIDDLETOWN,OVERTAKING,ORANGE,Straight and Level,Clear,,Dry,,Not Applicable,"Other Motor Vehicle, Collision With",2,415088,36071,4753,2.6,13857119.0,5167.5,1527
2024,Property Damage & Injury Accident,14:00,2024-04-04,Thursday,Y,Daylight,NEWBURGH,RIGHT ANGLE,ORANGE,Straight and Level,Clear,Stop Sign,Wet,,Not Applicable,"Other Motor Vehicle, Collision With",2,415088,36071,4753,2.6,13857119.0,5167.5,1527
2024,Property Damage Accident,14:17,2024-04-04,Thursday,Y,Daylight,KIRYAS JOEL,SIDESWIPE,ORANGE,Straight and Level,Cloudy,Stop Sign,Dry,,Not Applicable,"Other Motor Vehicle, Collision With",2,415088,36071,4753,2.6,13857119.0,5167.5,1527
2024,Property Damage Accident,15:39,2024-04-04,Thursday,Y,Daylight,NEW WINDSOR,RIGHT ANGLE,ORANGE,Straight and Level,Cloudy,Stop Sign,Dry,,Not Applicable,"Other Motor Vehicle, Collision With",2,415088,36071,4753,2.6,13857119.0,5167.5,1527
2024,Property Damage Accident,21:45,2024-04-04,Thursday,Y,Dark-Road Unlighted,MONTGOMERY,OTHER,ORANGE,Curve and Grade,Cloudy,,Dry,,Not Applicable,"Earth Embankment/Rock Cut/Ditch, Collision With Fixed Object",1,415088,36071,4753,2.6,13857119.0,5167.5,1527
2024,Property Damage Accident,8:22,2024-04-04,Thursday,Y,Daylight,BLOOMING GROVE,OTHER,ORANGE,Curve at Hill Crest,Snow,No Passing Zone,Snow/Ice,,Not Applicable,"Tree, Collision With Fixed Object",1,415088,36071,4753,2.6,13857119.0,5167.5,1527
2024,Property Damage & Injury Accident,4:41,2024-04-04,Thursday,Y,Dark-Road Unlighted,WARWICK,OTHER,ORANGE,Straight and Grade,Snow,No Passing Zone,Snow/Ice,,Not Applicable,"Building/Wall, Collision With Fixed Object",1,415088,36071,4753,2.6,13857119.0,5167.5,1527
2024,Property Damage Accident,6:10,2024-04-04,Thursday,Y,Dawn,SOUTHEAST,OVERTAKING,PUTNAM,Straight and Level,Sleet/Hail/Freezing Rain,,Snow/Ice,684I84021031,Not Applicable,"Other Motor Vehicle, Collision With",2,98842,36079,509,0.7,2746105.0,4089.2,375
2024,Property Damage Accident,14:40,2024-04-04,Thursday,Y,Daylight,SPRING VALLEY,RIGHT ANGLE,ROCKLAND,Straight and Level,Clear,Traffic Signal,Dry,,Not Applicable,"Other Motor Vehicle, Collision With",2,354829,36087,259,0.3,7336134.0,9989.2,886
2024,Property Damage Accident,20:15,2024-04-04,Thursday,Y,Dark-Road Unlighted,NYACK,OVERTAKING,ROCKLAND,Straight and Level,Clear,,Dry,,Not Applicable,"Other Motor Vehicle, Collision With",2,354829,36087,259,0.3,7336134.0,9989.2,886
2024,Injury Accident,15:00,2024-04-04,Thursday,Y,Daylight,RAMAPO,REAR END,ROCKLAND,Straight and Level,Clear,,Dry,,Not Applicable,"Other Motor Vehicle, Collision With",2,354829,36087,259,0.3,7336134.0,9989.2,886
2024,Property Damage Accident,8:25,2024-04-04,Thursday,Y,Daylight,STONY POINT,OTHER,ROCKLAND,Straight and Level,Snow,,Snow/Ice,,Not Applicable,"Overturned, Non-Collision",1,354829,36087,259,0.3,7336134.0,9989.2,886
2024,Property Damage Accident,14:00,2024-04-04,Thursday,Y,Daylight,MONTEBELLO,OTHER,ROCKLAND,Straight and Level,Cloudy,,Wet,,Not Applicable,"Light Support/Utility Pole, Collision With Fixed Object",1,354829,36087,259,0.3,7336134.0,9989.2,886
2024,Property Damage Accident,9:36,2024-04-04,Thursday,Y,Daylight,CLARKSTOWN,OVERTAKING,ROCKLAND,Straight and Level,Clear,,Dry,987C85011082,Not Applicable,"Other Motor Vehicle, Collision With",2,354829,36087,259,0.3,7336134.0,9989.2,886
2024,Property Damage Accident,19:44,2024-04-04,Thursday,Y,Dark-Road Unlighted,WOODSTOCK,OTHER,ULSTER,Straight and Level,Cloudy,,Dry,,Not Applicable,Deer,1,183095,36111,3565,1.2,6410502.0,3939.4,999
2024,Property Damage Accident,14:59,2024-04-04,Thursday,Y,Daylight,LLOYD,OTHER,ULSTER,Curve and Level,Cloudy,,Dry,,Not Applicable,"Light Support/Utility Pole, Collision With Fixed Object",1,183095,36111,3565,1.2,6410502.0,3939.4,999
2024,Property Damage Accident,6:22,2024-04-04,Thursday,Y,Dark-Road Unlighted,ULSTER,OTHER,ULSTER,Straight and Grade,Snow,,Snow/Ice,,Not Applicable,"Guide Rail - Not At End, Collision With Fixed Object",1,183095,36111,3565,1.2,6410502.0,3939.4,999
2024,Property Damage Accident,1:00,2024-04-04,Thursday,Y,Dark-Road Unlighted,WOODSTOCK,OTHER,ULSTER,Straight and Grade,Sleet/Hail/Freezing Rain,,Snow/Ice,,Not Applicable,"Earth Embankment/Rock Cut/Ditch, Collision With Fixed Object",1,183095,36111,3565,1.2,6410502.0,3939.4,999
2024,Property Damage Accident,16:23,2024-04-04,Thursday,Y,Daylight,PEEKSKILL,OVERTAKING,WESTCHESTER,Straight and Level,Clear,,Dry,6 87032014,Not Applicable,"Other Motor Vehicle, Collision With",2,1009165,36119,850,0.8,18110248.0,6143.2,3354
2024,Property Damage Accident,17:23,2024-04-04,Thursday,Y,Daylight,WHITE PLAINS,REAR END,WESTCHESTER,Straight and Level,Cloudy,,Dry,22 87023019,Not Applicable,"Other Motor Vehicle, Collision With",2,1009165,36119,850,0.8,18110248.0,6143.2,3354
2024,Property Damage & Injury Accident,8:06,2024-04-04,Thursday,Y,Daylight,HARRISON,OTHER,WESTCHESTER,Straight and Level,Rain,,Wet,287I87011077,Not Applicable,"Other Motor Vehicle, Collision With",3,1009165,36119,850,0.8,18110248.0,6143.2,3354
2024,Property Damage & Injury Accident,20:00,2024-04-04,Thursday,Y,Dark-Road Lighted,YONKERS,OTHER,WESTCHESTER,Straight and Level,Clear,,Dry,984E87011014,Not Applicable,"Other Motor Vehicle, Collision With",3,1009165,36119,850,0.8,18110248.0,6143.2,3354
2024,Property Damage & Injury Accident,23:27,2024-04-04,Thursday,Y,Dark-Road Lighted,YONKERS,OTHER,WESTCHESTER,Straight and Grade,Cloudy,,Dry,,Not Applicable,"Other Motor Vehicle, Collision With",4,1009165,36119,850,0.8,18110248.0,6143.2,3354
2024,Property Damage Accident,8:11,2024-04-04,Thursday,Y,Daylight,GREENBURGH,LEFT TURN (3),WESTCHESTER,Straight and Level,Rain,Stop Sign,Wet,,Not Applicable,"Other Motor Vehicle, Collision With",2,1009165,36119,850,0.8,18110248.0,6143.2,3354
2024,Property Damage Accident,17:25,2024-04-04,Thursday,Y,Daylight,WHITE PLAINS,REAR END,WESTCHESTER,Straight and Level,Clear,,Dry,100 87013005,Not Applicable,"Other Motor Vehicle, Collision With",2,1009165,36119,850,0.8,18110248.0,6143.2,3354
2024,Property Damage Accident,21:35,2024-04-04,Thursday,Y,Dark-Road Lighted,NEW ROCHELLE,OTHER,WESTCHESTER,Straight and Grade,Clear,Traffic Signal,Dry,,Not Applicable,"Other Fixed Object*, Collision With Fixed Object",1,1009165,36119,850,0.8,18110248.0,6143.2,3354
2024,Property Damage & Injury Accident,16:39,2024-04-04,Thursday,Y,Daylight,NORTH SALEM,OTHER,WESTCHESTER,Straight and Level,Clear,,Dry,684I87011243,Not Applicable,"Other Motor Vehicle, Collision With",3,1009165,36119,850,0.8,18110248.0,6143.2,3354
2024,Property Damage Accident,7:00,2024-04-04,Thursday,Y,Daylight,MOUNT VERNON,REAR END,WESTCHESTER,Straight and Level,Rain,,Wet,,Not Applicable,"Other Motor Vehicle, Collision With",2,1009165,36119,850,0.8,18110248.0,6143.2,3354
2024,Injury Accident,23:30,2024-04-04,Thursday,Y,Dark-Road Lighted,YONKERS,OTHER,WESTCHESTER,Curve and Grade,Unknown,Traffic Signal,Unknown,,Unknown,"Pedestrian, Collision With",1,1009165,36119,850,0.8,18110248.0,6143.2,3354
2024,Property Damage Accident,13:51,2024-04-04,Thursday,Y,Daylight,MAMARONECK,OVERTAKING,WESTCHESTER,Straight and Level,Clear,Traffic Signal,Dry,125 87011003,Not Applicable,"Other Motor Vehicle, Collision With",2,1009165,36119,850,0.8,18110248.0,6143.2,3354
2024,Property Damage Accident,9:15,2024-04-04,Thursday,Y,Daylight,MOUNT PLEASANT,OTHER,WESTCHESTER,Straight and Level,Rain,,Wet,987G87011035,Not Applicable,"Other Motor Vehicle, Collision With",3,1009165,36119,850,0.8,18110248.0,6143.2,3354