year,accident_descriptor,time,date,day_of_week,police_report,lighting_conditions,municipality,collision_type_descriptor,county_name,road_descriptor,weather_conditions,traffic_control_device,road_surface_conditions,dot_reference_marker_location,pedestrian_bicyclist_action,event_descriptor,number_of_vehicles_involved,county_population_2024,county_fips,county_deer_take_2024,county_antlerless_deer_per_sqmi_2024,county_daily_vmt_2019,county_mean_aadt_2019,county_aadt_segments_2019
2024,Property Damage Accident,7:00,2024-04-11,Thursday,Y,Daylight,GREENBURGH,OVERTAKING,WESTCHESTER,Straight and Level,Rain,,Wet,287I87011003,Not Applicable,"Other Motor Vehicle, Collision With",2,1009165,36119,850,0.8,18110248.0,6143.2,3354
2024,Property Damage & Injury Accident,13:04,2024-04-12,Friday,Y,Daylight,DOVER,SIDESWIPE,DUTCHESS,Curve and Grade,Cloudy,,Wet,,Not Applicable,"Other Motor Vehicle, Collision With",2,299256,36027,1695,0.8,5987961.0,3975.0,1300
2024,Property Damage Accident,7:36,2024-04-12,Friday,Y,Daylight,FISHKILL,OTHER,DUTCHESS,Straight and Grade,Cloudy,No Passing Zone,Dry,9D82033005,Not Applicable,Deer,1,299256,36027,1695,0.8,5987961.0,3975.0,1300
2024,Property Damage Accident,18:20,2024-04-12,Friday,Y,Daylight,FISHKILL,RIGHT ANGLE,DUTCHESS,Straight and Level,Cloudy,,Dry,,Not Applicable,"Other Motor Vehicle, Collision With",2,299256,36027,1695,0.8,5987961.0,3975.0,1300
2024,Property Damage Accident,7:57,2024-04-12,Friday,Y,Daylight,WAPPINGER,OTHER,DUTCHESS,Straight and Level,Cloudy,No Passing Zone,Wet,9D82033036,Not Applicable,"Other Motor Vehicle, Collision With",4,299256,36027,1695,0.8,5987961.0,3975.0,1300
2024,Property Damage & Injury Accident,19:40,2024-04-12,Friday,Y,Dusk,WAPPINGER,OVERTAKING,DUTCHESS,Straight and Level,Cloudy,,Dry,,Not Applicable,"Other Motor Vehicle, Collision With",2,299256,36027,1695,0.8,5987961.0,3975.0,1300
2024,Property Damage Accident,16:07,2024-04-12,Friday,Y,Daylight,EAST FISHKILL,OTHER,DUTCHESS,Curve and Level,Cloudy,No Passing Zone,Wet,,Not Applicable,"Earth Embankment/Rock Cut/Ditch, Collision With Fixed Object",1,299256,36027,1695,0.8,5987961.0,3975.0,1300
2024,Property Damage Accident,11:23,2024-04-12,Friday,Y,Daylight,POUGHKEEPSIE,OVERTAKING,DUTCHESS,Straight and Level,Cloudy,,Wet,9 82051092,Not Applicable,"Other Motor Vehicle, Collision With",2,299256,36027,1695,0.8,5987961.0,3975.0,1300
2024,Property Damage & Injury Accident,15:51,2024-04-12,Friday,Y,Daylight,POUGHKEEPSIE,REAR END,DUTCHESS,Straight and Level,Cloudy,,Wet,,Not Applicable,"Other Motor Vehicle, Collision With",2,299256,36027,1695,0.8,5987961.0,3975.0,1300
2024,Property Damage Accident,19:01,2024-04-12,Friday,Y,Daylight,NEWBURGH,SIDESWIPE,ORANGE,Straight and Level,Clear,Traffic Signal,Dry,,Not Applicable,"Other Motor Vehicle, Collision With",2,415088,36071,4753,2.6,13857119.0,5167.5,1527
2024,Property Damage Accident,8:02,2024-04-12,Friday,Y,Daylight,WARWICK,REAR END,ORANGE,Straight and Level,Cloudy,,Wet,,Not Applicable,"Other Motor Vehicle, Collision With",2,415088,36071,4753,2.6,13857119.0,5167.5,1527
2024,Property Damage Accident,2:30,2024-04-12,Friday,Y,Dark-Road Unlighted,TUXEDO,OTHER,ORANGE,Straight and Level,Rain,,Wet,,Not Applicable,"Guide Rail - Not At End, Collision With Fixed Object",1,415088,36071,4753,2.6,13857119.0,5167.5,1527
2024,Property Damage Accident,0:00,2024-04-12,Friday,N,Unknown,NEWBURGH,OTHER,ORANGE,Unknown,Unknown,,Unknown,,Not Applicable,"Other Motor Vehicle, Collision With",2,415088,36071,4753,2.6,13857119.0,5167.5,1527
2024,Property Damage Accident,5:30,2024-04-12,Friday,Y,Dark-Road Unlighted,NEWBURGH,OTHER,ORANGE,Straight and Level,Rain,,Wet,,Not Applicable,"Tree, Collision With Fixed Object",1,415088,36071,4753,2.6,13857119.0,5167.5,1527
2024,Property Damage Accident,21:00,2024-04-12,Friday,Y,Daylight,DEERPARK,OVERTAKING,ORANGE,Straight and Level,Clear,,Dry,6 83012001,Not Applicable,"Other Motor Vehicle, Collision With",2,415088,36071,4753,2.6,13857119.0,5167.5,1527
2024,Property Damage & Injury Accident,9:43,2024-04-12,Friday,Y,Daylight,PATTERSON,LEFT TURN (3),PUTNAM,Straight and Level,Cloudy,Stop Sign,Wet,311 84011054,Not Applicable,"Other Motor Vehicle, Collision With",2,98842,36079,509,0.7,2746105.0,4089.2,375
2024,Property Damage Accident,16:36,2024-04-12,Friday,Y,Daylight,SOUTHEAST,REAR END,PUTNAM,Curve and Level,Clear,,Dry,84I84031090,Not Applicable,"Other Motor Vehicle, Collision With",2,98842,36079,509,0.7,2746105.0,4089.2,375
2024,Property Damage & Injury Accident,13:01,2024-04-12,Friday,Y,Daylight,STONY POINT,OTHER,ROCKLAND,Straight and Grade,Rain,,Wet,,Not Applicable,"Light Support/Utility Pole, Collision With Fixed Object",1,354829,36087,259,0.3,7336134.0,9989.2,886
2024,Property Damage Accident,8:10,2024-04-12,Friday,Y,Daylight,NEW HEMPSTEAD,LEFT TURN (3),ROCKLAND,Straight and Level,Cloudy,,Wet,,Not Applicable,"Other Motor Vehicle, Collision With",2,354829,36087,259,0.3,7336134.0,9989.2,886
2024,Property Damage Accident,15:17,2024-04-12,Friday,Y,Daylight,RAMAPO,REAR END,ROCKLAND,Straight and Level,Cloudy,,Wet,987C85011115,Not Applicable,"Other Motor Vehicle, Collision With",2,354829,36087,259,0.3,7336134.0,9989.2,886
2024,Property Damage & Injury Accident,8:59,2024-04-12,Friday,Y,Daylight,RAMAPO,OTHER,ROCKLAND,Straight and Level,Rain,,Wet,,Not Applicable,"Light Support/Utility Pole, Collision With Fixed Object",1,354829,36087,259,0.3,7336134.0,9989.2,886
2024,Property Damage & Injury Accident,15:51,2024-04-12,Friday,Y,Daylight,WAWARSING,OTHER,ULSTER,Straight and Grade,Cloudy,,Wet,44 86011004,Not Applicable,"Earth Embankment/Rock Cut/Ditch, Collision With Fixed Object",1,183095,36111,3565,1.2,6410502.0,3939.4,999
2024,Property Damage Accident,7:56,2024-04-12,Friday,Y,Daylight,ESOPUS,OTHER,ULSTER,Straight and Grade,Clear,No Passing Zone,Wet,,Not Applicable,Deer,1,183095,36111,3565,1.2,6410502.0,3939.4,999
2024,Property Damage & Injury Accident,11:56,2024-04-12,Friday,Y,Daylight,WOODSTOCK,RIGHT ANGLE,ULSTER,Straight and Grade,Rain,Stop Sign,Wet,212 86011118,Not Applicable,"Other Motor Vehicle, Collision With",2,183095,36111,3565,1.2,6410502.0,3939.4,999
2024,Property Damage & Injury Accident,10:24,2024-04-12,Friday,Y,Daylight,EASTCHESTER,REAR END,WESTCHESTER,Straight and Grade,Cloudy,Traffic Signal,Wet,,Not Applicable,"Other Motor Vehicle, Collision With",2,1009165,36119,850,0.8,18110248.0,6143.2,3354
2024,Property Damage Accident,16:29,2024-04-12,Friday,Y,Daylight,WHITE PLAINS,OVERTAKING,WESTCHESTER,Straight and Grade,Cloudy,,Dry,119 87012012,Not Applicable,"Other Motor Vehicle, Collision With",2,1009165,36119,850,0.8,18110248.0,6143.2,3354
2024,Property Damage Accident,5:28,2024-04-12,Friday,Y,Dark-Road Lighted,YORKTOWN,OTHER,WESTCHESTER,Straight and Level,Rain,,Wet,,Not Applicable,"Tree, Collision With Fixed Object",1,1009165,36119,850,0.8,18110248.0,6143.2,3354
2024,Property Damage Accident,8:58,2024-04-12,Friday,Y,Daylight,PEEKSKILL,REAR END,WESTCHESTER,Straight and Level,Cloudy,Yield Sign,Dry,6 87032016,Not Applicable,"Other Motor Vehicle, Collision With",2,1009165,36119,850,0.8,18110248.0,6143.2,3354
2024,Property Damage Accident,15:18,2024-04-12,Friday,Y,Daylight,GREENBURGH,RIGHT ANGLE,WESTCHESTER,Straight and Level,Clear,Traffic Signal,Dry,,Not Applicable,"Other Motor Vehicle, Collision With",2,1009165,36119,850,0.8,18110248.0,6143.2,3354
2024,Property Damage & Injury Accident,17:15,2024-04-12,Friday,Y,Daylight,YORKTOWN,RIGHT ANGLE,WESTCHESTER,Straight and Level,Cloudy,Traffic Signal,Wet,35 87012034,Not Applicable,"Other Motor Vehicle, Collision With",2,1009165,36119,850,0.8,18110248.0,6143.2,3354
2024,Property Damage Accident,8:49,2024-04-12,Friday,Y,Daylight,WHITE PLAINS,REAR END,WESTCHESTER,Straight and Level,Rain,,Wet,287I87011065,Not Applicable,"Other Motor Vehicle, Collision With",2,1009165,36119,850,0.8,18110248.0,6143.2,3354
2024,Property Damage Accident,14:14,2024-04-12,Friday,Y,Daylight,WHITE PLAINS,OVERTAKING,WESTCHESTER,Straight and Level,Cloudy,,Wet,,Not Applicable,"Other Motor Vehicle, Collision With",2,1009165,36119,850,0.8,18110248.0,6143.2,3354
2024,Property Damage Accident,14:43,2024-04-12,Friday,Y,Daylight,MAMARONECK,RIGHT ANGLE,WESTCHESTER,Straight and Level,Cloudy,,Dry,,Not Applicable,"Other Motor Vehicle, Collision With",2,1009165,36119,850,0.8,18110248.0,6143.2,3354
2024,Property Damage Accident,6:45,2024-04-12,Friday,Y,Daylight,WHITE PLAINS,REAR END,WESTCHESTER,Straight and Level,Rain,,Wet,,Not Applicable,"Other Motor Vehicle, Collision With",2,1009165,36119,850,0.8,18110248.0,6143.2,3354
2024,Property Damage Accident,15:12,2024-04-12,Friday,Y,Daylight,MOUNT PLEASANT,OVERTAKING,WESTCHESTER,Curve and Level,Rain,,Wet,,Not Applicable,"Other Motor Vehicle, Collision With",2,1009165,36119,850,0.8,18110248.0,6143.2,3354
2024,Property Damage Accident,16:15,2024-04-13,Saturday,Y,Daylight,HYDE PARK,OVERTAKING,DUTCHESS,Straight and Level,Clear,Traffic Signal,Wet,,Not Applicable,"Other Motor Vehicle, Collision With",2,299256,36027,1695,0.8,5987961.0,3975.0,1300
2024,Property Damage Accident,18:46,2024-04-13,Saturday,Y,Daylight,BEEKMAN,REAR END,DUTCHESS,Straight and Level,Clear,,Dry,55 82032126,Not Applicable,"Other Motor Vehicle, Collision With",2,299256,36027,1695,0.8,5987961.0,3975.0,1300
2024,Property Damage Accident,18:45,2024-04-13,Saturday,Y,Daylight,EAST FISHKILL,OTHER,DUTCHESS,Straight and Level,Cloudy,No Passing Zone,Dry,,Not Applicable,"Sign Post, Collision With Fixed Object",1,299256,36027,1695,0.8,5987961.0,3975.0,1300
2024,Property Damage & Injury Accident,8:49,2024-04-13,Saturday,Y,Daylight,EAST FISHKILL,OTHER,DUTCHESS,Curve and Level,Cloudy,,Dry,,Not Applicable,"Light Support/Utility Pole, Collision With Fixed Object",1,299256,36027,1695,0.8,5987961.0,3975.0,1300
2024,Property Damage Accident,9:20,2024-04-13,Saturday,Y,Daylight,TUXEDO,OTHER,ORANGE,Curve and Level,Cloudy,,Dry,,Not Applicable,"Guide Rail - Not At End, Collision With Fixed Object",1,415088,36071,4753,2.6,13857119.0,5167.5,1527
2024,Property Damage Accident,14:15,2024-04-13,Saturday,Y,Daylight,WALLKILL,REAR END,ORANGE,Straight and Level,Rain,,Wet,,Not Applicable,"Other Motor Vehicle, Collision With",2,415088,36071,4753,2.6,13857119.0,5167.5,1527
2024,Property Damage Accident,11:45,2024-04-13,Saturday,Y,Daylight,WALLKILL,RIGHT ANGLE,ORANGE,Straight and Level,Clear,Traffic Signal,Dry,,Not Applicable,"Other Motor Vehicle, Collision With",2,415088,36071,4753,2.6,13857119.0,5167.5,1527
2024,Property Damage Accident,22:22,2024-04-13,Saturday,Y,Dark-Road Lighted,MIDDLETOWN,RIGHT ANGLE,ORANGE,Straight and Level,Rain,Stop Sign,Wet,,Not Applicable,"Other Motor Vehicle, Collision With",2,415088,36071,4753,2.6,13857119.0,5167.5,1527
2024,Property Damage Accident,3:13,2024-04-13,Saturday,Y,Dark-Road Unlighted,NEWBURGH,OTHER,ORANGE,Curve and Level,Cloudy,,Wet,,Not Applicable,"Tree, Collision With Fixed Object",1,415088,36071,4753,2.6,13857119.0,5167.5,1527
2024,Property Damage Accident,13:14,2024-04-13,Saturday,Y,Daylight,GREENWOOD LAKE,SIDESWIPE,ORANGE,Straight and Level,Rain,,Wet,17A83011168,Not Applicable,"Other Motor Vehicle, Collision With",2,415088,36071,4753,2.6,13857119.0,5167.5,1527
2024,Property Damage & Injury Accident,10:08,2024-04-13,Saturday,Y,Daylight,HAVERSTRAW,REAR END,ROCKLAND,Straight and Level,Rain,,Wet,9W85011158,Not Applicable,"Other Motor Vehicle, Collision With",2,354829,36087,259,0.3,7336134.0,9989.2,886
2024,Property Damage Accident,5:21,2024-04-13,Saturday,Y,Dark-Road Lighted,CHESTNUT RIDGE,OTHER,ROCKLAND,Straight and Level,Clear,,Dry,45 85011013,Not Applicable,"Light Support/Utility Pole, Collision With Fixed Object",1,354829,36087,259,0.3,7336134.0,9989.2,886
2024,Property Damage Accident,14:21,2024-04-13,Saturday,Y,Daylight,CLARKSTOWN,OVERTAKING,ROCKLAND,Straight and Level,Rain,,Wet,,Not Applicable,"Other Motor Vehicle, Collision With",2,354829,36087,259,0.3,7336134.0,9989.2,886
2024,Property Damage Accident,16:44,2024-04-13,Saturday,Y,Daylight,CLARKSTOWN,REAR END,ROCKLAND,Straight and Level,Cloudy,,Wet,59 85011123,Not Applicable,"Other Motor Vehicle, Collision With",2,354829,36087,259,0.3,7336134.0,9989.2,886
2024,Property Damage Accident,9:58,2024-04-13,Saturday,Y,Daylight,HAVERSTRAW,REAR END,ROCKLAND,Straight and Level,Rain,,Wet,981F85011005,Not Applicable,"Other Motor Vehicle, Collision With",2,354829,36087,259,0.3,7336134.0,9989.2,886
2024,Property Damage Accident,3:00,2024-04-13,Saturday,Y,Dark-Road Unlighted,CLARKSTOWN,SIDESWIPE,ROCKLAND,Straight and Level,Clear,,Dry,,Not Applicable,"Other Motor Vehicle, Collision With",2,354829,36087,259,0.3,7336134.0,9989.2,886
2024,Property Damage Accident,12:25,2024-04-13,Saturday,Y,Daylight,WAWARSING,OVERTAKING,ULSTER,Straight and Level,Cloudy,Traffic Signal,Dry,209 86031059,Not Applicable,"Other Motor Vehicle, Collision With",2,183095,36111,3565,1.2,6410502.0,3939.4,999
2024,Property Damage Accident,3:34,2024-04-13,Saturday,Y,Dark-Road Lighted,NEW PALTZ,OVERTAKING,ULSTER,Straight and Grade,Cloudy,No Passing Zone,Wet,32 86021119,Not Applicable,"Other Motor Vehicle, Collision With",2,183095,36111,3565,1.2,6410502.0,3939.4,999
2024,Property Damage Accident,17:00,2024-04-13,Saturday,Y,Daylight,MOUNT PLEASANT,REAR END,WESTCHESTER,Straight at Hill Crest,Cloudy,Traffic Signal,Wet,,Not Applicable,"Other Motor Vehicle, Collision With",2,1009165,36119,850,0.8,18110248.0,6143.2,3354
2024,Property Damage Accident,11:50,2024-04-13,Saturday,Y,Daylight,YORKTOWN,REAR END,WESTCHESTER,Straight and Level,Clear,,Dry,6 87033043,Not Applicable,"Other Motor Vehicle, Collision With",2,1009165,36119,850,0.8,18110248.0,6143.2,3354
2024,Property Damage Accident,12:08,2024-04-13,Saturday,Y,Daylight,NORTH CASTLE,OTHER,WESTCHESTER,Straight and Level,Rain,,Wet,,Not Applicable,"Tree, Collision With Fixed Object",1,1009165,36119,850,0.8,18110248.0,6143.2,3354
2024,Property Damage & Injury Accident,11:58,2024-04-13,Saturday,Y,Daylight,PORT CHESTER,RIGHT ANGLE,WESTCHESTER,Straight and Level,Cloudy,Stop Sign,Dry,,Not Applicable,"Other Motor Vehicle, Collision With",2,1009165,36119,850,0.8,18110248.0,6143.2,3354
2024,Property Damage Accident,16:24,2024-04-13,Saturday,Y,Daylight,CORTLANDT,OTHER,WESTCHESTER,Curve and Level,Cloudy,No Passing Zone,Wet,,Not Applicable,"Other Object (Not Fixed)*, Collision With",1,1009165,36119,850,0.8,18110248.0,6143.2,3354
2024,Property Damage Accident,13:56,2024-04-13,Saturday,Y,Daylight,TARRYTOWN,OVERTAKING,WESTCHESTER,Straight and Level,Cloudy,,Dry,,Not Applicable,"Other Motor Vehicle, Collision With",2,1009165,36119,850,0.8,18110248.0,6143.2,3354
2024,Property Damage Accident,13:05,2024-04-13,Saturday,Y,Daylight,NEW ROCHELLE,REAR END,WESTCHESTER,Straight and Level,Clear,,Dry,982J87011008,Not Applicable,"Other Motor Vehicle, Collision With",2,1009165,36119,850,0.8,18110248.0,6143.2,3354
2024,Property Damage Accident,16:36,2024-04-13,Saturday,Y,Daylight,NEW ROCHELLE,OVERTAKING,WESTCHESTER,Straight and Level,Clear,,Dry,,Not Applicable,"Other Motor Vehicle, Collision With",2,1009165,36119,850,0.8,18110248.0,6143.2,3354
2024,Property Damage Accident,1:00,2024-04-13,Saturday,Y,Dark-Road Lighted,HARRISON,OVERTAKING,WESTCHESTER,Straight and Grade,Clear,,Dry,,Not Applicable,"Other Motor Vehicle, Collision With",2,1009165,36119,850,0.8,18110248.0,6143.2,3354
2024,Property Damage Accident,10:24,2024-04-13,Saturday,Y,Daylight,SCARSDALE,OVERTAKING,WESTCHESTER,Straight and Level,Cloudy,,Dry,907W87023010,Not Applicable,"Other Motor Vehicle, Collision With",2,1009165,36119,850,0.8,18110248.0,6143.2,3354
2024,Property Damage Accident,8:03,2024-04-14,Sunday,Y,Daylight,RED HOOK,OTHER,DUTCHESS,Straight and Level,Clear,Stop Sign,Dry,,Not Applicable,"Earth Embankment/Rock Cut/Ditch, Collision With Fixed Object",1,299256,36027,1695,0.8,5987961.0,3975.0,1300
2024,Property Damage & Injury Accident,15:37,2024-04-14,Sunday,Y,Daylight,NEWBURGH,OTHER,ORANGE,Straight and Level,Clear,Traffic Signal,Dry,300 83021076,Not Applicable,"Other Motor Vehicle, Collision With",3,415088,36071,4753,2.6,13857119.0,5167.5,1527
2024,Property Damage & Injury Accident,15:53,2024-04-14,Sunday,Y,Daylight,WOODBURY,OTHER,ORANGE,Straight and Grade,Clear,No Passing Zone,Dry,6 83012392,Not Applicable,"Other Fixed Object*, Collision With Fixed Object",1,415088,36071,4753,2.6,13857119.0,5167.5,1527
2024,Property Damage Accident,10:59,2024-04-14,Sunday,Y,Daylight,NEWBURGH,SIDESWIPE,ORANGE,Straight and Grade,Cloudy,,Dry,,Not Applicable,"Other Motor Vehicle, Collision With",2,415088,36071,4753,2.6,13857119.0,5167.5,1527
2024,Property Damage Accident,18:04,2024-04-14,Sunday,Y,Daylight,NEWBURGH,OTHER,ORANGE,Straight and Grade,Rain,,Wet,,Not Applicable,"Other Object (Not Fixed)*, Collision With",1,415088,36071,4753,2.6,13857119.0,5167.5,1527
2024,Property Damage Accident,15:40,2024-04-14,Sunday,Y,Daylight,PATTERSON,RIGHT ANGLE,PUTNAM,Straight and Level,Clear,No Passing Zone,Dry,,Not Applicable,"Other Motor Vehicle, Collision With",2,98842,36079,509,0.7,2746105.0,4089.2,375
2024,Property Damage Accident,10:50,2024-04-14,Sunday,Y,Daylight,PATTERSON,OTHER,PUTNAM,Straight and Level,Clear,No Passing Zone,Dry,22 84031101,Not Applicable,"Animal, Collision With",1,98842,36079,509,0.7,2746105.0,4089.2,375
2024,Property Damage Accident,14:06,2024-04-14,Sunday,Y,Daylight,RAMAPO,OTHER,ROCKLAND,Straight and Level,Clear,Stop Sign,Dry,59 85011058,Not Applicable,"Other Motor Vehicle, Collision With",2,354829,36087,259,0.3,7336134.0,9989.2,886
2024,Property Damage Accident,13:30,2024-04-14,Sunday,Y,Daylight,ORANGETOWN,RIGHT ANGLE,ROCKLAND,Straight and Level,Rain,Stop Sign,Wet,303 85011005,Not Applicable,"Other Motor Vehicle, Collision With",2,354829,36087,259,0.3,7336134.0,9989.2,886
2024,Property Damage Accident,15:07,2024-04-14,Sunday,Y,Daylight,CLARKSTOWN,HEAD ON,ROCKLAND,Straight and Level,Clear,,Dry,,Not Applicable,"Other Motor Vehicle, Collision With",2,354829,36087,259,0.3,7336134.0,9989.2,886
2024,Property Damage Accident,6:07,2024-04-14,Sunday,Y,Dawn,PLATTEKILL,OTHER,ULSTER,Straight and Level,Clear,No Passing Zone,Wet,,Not Applicable,"Light Support/Utility Pole, Collision With Fixed Object",1,183095,36111,3565,1.2,6410502.0,3939.4,999
2024,Property Damage Accident,3:37,2024-04-14,Sunday,Y,Dark-Road Unlighted,ROCHESTER,OTHER,ULSTER,Straight and Grade,Clear,,Dry,,Not Applicable,Deer,1,183095,36111,3565,1.2,6410502.0,3939.4,999
2024,Property Damage Accident,18:57,2024-04-14,Sunday,Y,Daylight,NEW PALTZ,OTHER,ULSTER,Straight and Level,Rain,No Passing Zone,Wet,,Not Applicable,"Other Motor Vehicle, Collision With",2,183095,36111,3565,1.2,6410502.0,3939.4,999
2024,Property Damage Accident,19:45,2024-04-14,Sunday,N,Dusk,SHAWANGUNK,OTHER,ULSTER,Straight and Level,Cloudy,Unknown,Dry,302 83011084,Not Applicable,Deer,1,183095,36111,3565,1.2,6410502.0,3939.4,999
2024,Property Damage Accident,7:23,2024-04-14,Sunday,Y,Dark-Road Lighted,YONKERS,SIDESWIPE,WESTCHESTER,Straight and Level,Clear,Unknown,Dry,,Not Applicable,"Other Motor Vehicle, Collision With",2,1009165,36119,850,0.8,18110248.0,6143.2,3354
2024,Property Damage & Injury Accident,10:12,2024-04-14,Sunday,Y,Daylight,HARRISON,OTHER,WESTCHESTER,Straight and Level,Cloudy,,Dry,,Not Applicable,"Other Motor Vehicle, Collision With",3,1009165,36119,850,0.8,18110248.0,6143.2,3354
2024,Property Damage Accident,4:25,2024-04-14,Sunday,Y,Dark-Road Unlighted,TARRYTOWN,OTHER,WESTCHESTER,Straight and Level,Clear,,Dry,9 87032063,Not Applicable,"Guide Rail - Not At End, Collision With Fixed Object",1,1009165,36119,850,0.8,18110248.0,6143.2,3354
2024,Property Damage & Injury Accident,17:40,2024-04-14,Sunday,Y,Daylight,YONKERS,REAR END,WESTCHESTER,Straight and Level,Clear,Traffic Signal,Dry,983C87011005,Not Applicable,"Other Motor Vehicle, Collision With",2,1009165,36119,850,0.8,18110248.0,6143.2,3354
2024,Fatal Accident,18:04,2024-04-14,Sunday,Y,Daylight,GREENBURGH,OTHER,WESTCHESTER,Straight and Grade,Cloudy,Traffic Signal,Dry,100 87012020,"Crossing, With Signal","Pedestrian, Collision With",1,1009165,36119,850,0.8,18110248.0,6143.2,3354
2024,Injury Accident,19:53,2024-04-14,Sunday,Y,Dusk,YONKERS,REAR END,WESTCHESTER,Straight and Level,Cloudy,Traffic Signal,Dry,,Not Applicable,"Other Motor Vehicle, Collision With",2,1009165,36119,850,0.8,18110248.0,6143.2,3354
2024,Property Damage Accident,6:59,2024-04-14,Sunday,Y,Daylight,WHITE PLAINS,OVERTAKING,WESTCHESTER,Straight and Level,Clear,,Dry,22 87023017,Not Applicable,"Other Motor Vehicle, Collision With",2,1009165,36119,850,0.8,18110248.0,6143.2,3354
2024,Property Damage Accident,0:02,2024-04-14,Sunday,Y,Dark-Road Lighted,SCARSDALE,OTHER,WESTCHESTER,Curve and Grade,Clear,,Dry,,Not Applicable,"Light Support/Utility Pole, Collision With Fixed Object",1,1009165,36119,850,0.8,18110248.0,6143.2,3354
2024,Property Damage Accident,17:15,2024-04-14,Sunday,Y,Daylight,GREENBURGH,OVERTAKING,WESTCHESTER,Straight and Level,Clear,,Dry,,Not Applicable,"Other Motor Vehicle, Collision With",2,1009165,36119,850,0.8,18110248.0,6143.2,3354
2024,Property Damage & Injury Accident,10:58,2024-04-15,Monday,Y,Daylight,RED HOOK,REAR END,DUTCHESS,Straight and Level,Clear,No Passing Zone,Dry,9 82053195,Not Applicable,"Other Motor Vehicle, Collision With",2,299256,36027,1695,0.8,5987961.0,3975.0,1300
2024,Property Damage Accident,9:24,2024-04-15,Monday,Y,Daylight,EAST FISHKILL,RIGHT ANGLE,DUTCHESS,Straight and Level,Clear,No Passing Zone,Dry,82 82011043,Not Applicable,"Other Motor Vehicle, Collision With",2,299256,36027,1695,0.8,5987961.0,3975.0,1300
2024,Property Damage Accident,6:55,2024-04-15,Monday,Y,Daylight,POUGHKEEPSIE,REAR END,DUTCHESS,Straight and Level,Clear,,Wet,9 82051135,Not Applicable,"Other Motor Vehicle, Collision With",2,299256,36027,1695,0.8,5987961.0,3975.0,1300
2024,Property Damage Accident,14:04,2024-04-15,Monday,Y,Daylight,CORNWALL,LEFT TURN (3),ORANGE,Straight and Level,Clear,Stop Sign,Dry,,Not Applicable,"Other Motor Vehicle, Collision With",2,415088,36071,4753,2.6,13857119.0,5167.5,1527
2024,Property Damage Accident,13:13,2024-04-15,Monday,Y,Daylight,NEWBURGH,OVERTAKING,ORANGE,Straight and Level,Clear,,Dry,300 83021072,Not Applicable,"Other Motor Vehicle, Collision With",2,415088,36071,4753,2.6,13857119.0,5167.5,1527
2024,Property Damage Accident,16:20,2024-04-15,Monday,Y,Daylight,GOSHEN,OTHER,ORANGE,Straight and Grade,Clear,,Dry,,Not Applicable,"Animal, Collision With",1,415088,36071,4753,2.6,13857119.0,5167.5,1527
2024,Property Damage Accident,2:03,2024-04-15,Monday,Y,Dark-Road Unlighted,CORNWALL,OTHER,ORANGE,Straight and Level,Clear,,Dry,32 83011062,Not Applicable,Deer,1,415088,36071,4753,2.6,13857119.0,5167.5,1527
2024,Property Damage & Injury Accident,9:20,2024-04-15,Monday,Y,Daylight,CARMEL,OTHER,PUTNAM,Straight and Level,Clear,No Passing Zone,Dry,301 84011186,Not Applicable,"Light Support/Utility Pole, Collision With Fixed Object",1,98842,36079,509,0.7,2746105.0,4089.2,375
2024,Property Damage Accident,19:22,2024-04-15,Monday,Y,Dusk,KENT,SIDESWIPE,PUTNAM,Straight and Level,Clear,No Passing Zone,Dry,311 84011004,Not Applicable,"Other Motor Vehicle, Collision With",2,98842,36079,509,0.7,2746105.0,4089.2,375
2024,Property Damage Accident,1:06,2024-04-15,Monday,Y,Dark-Road Unlighted,RAMAPO,OTHER,ROCKLAND,Straight and Level,Cloudy,,Dry,987C85011120,Not Applicable,Deer,1,354829,36087,259,0.3,7336134.0,9989.2,886
2024,Property Damage Accident,7:47,2024-04-15,Monday,Y,Daylight,HAVERSTRAW,REAR END,ROCKLAND,Straight and Level,Cloudy,,Dry,24-12481,Not Applicable,"Other Motor Vehicle, Collision With",2,354829,36087,259,0.3,7336134.0,9989.2,886
2024,Property Damage Accident,10:01,2024-04-15,Monday,Y,Daylight,CLARKSTOWN,OTHER,ROCKLAND,Straight and Level,Clear,Traffic Signal,Dry,59 85011083,Not Applicable,"Other Motor Vehicle, Collision With",3,354829,36087,259,0.3,7336134.0,9989.2,886
2024,Property Damage Accident,17:56,2024-04-15,Monday,Y,Daylight,RAMAPO,RIGHT ANGLE,ROCKLAND,Straight and Level,Clear,,Dry,45 85011046,Not Applicable,"Other Motor Vehicle, Collision With",2,354829,36087,259,0.3,7336134.0,9989.2,886
2024,Property Damage Accident,12:50,2024-04-15,Monday,Y,Daylight,SPRING VALLEY,SIDESWIPE,ROCKLAND,Straight and Level,Clear,,Dry,45 85011033,Not Applicable,"Other Motor Vehicle, Collision With",2,354829,36087,259,0.3,7336134.0,9989.2,886
2024,Property Damage Accident,16:36,2024-04-15,Monday,Y,Daylight,ULSTER,OVERTAKING,ULSTER,Curve and Level,Clear,,Dry,,Not Applicable,"Other Motor Vehicle, Collision With",2,183095,36111,3565,1.2,6410502.0,3939.4,999