year,accident_descriptor,time,date,day_of_week,police_report,lighting_conditions,municipality,collision_type_descriptor,county_name,road_descriptor,weather_conditions,traffic_control_device,road_surface_conditions,dot_reference_marker_location,pedestrian_bicyclist_action,event_descriptor,number_of_vehicles_involved,county_population_2024,county_fips,county_deer_take_2024,county_antlerless_deer_per_sqmi_2024,county_daily_vmt_2019,county_mean_aadt_2019,county_aadt_segments_2019
2024,Property Damage Accident,16:54,2024-04-15,Monday,Y,Daylight,SHAWANGUNK,OVERTAKING,ULSTER,Straight and Level,Clear,,Dry,208 86021025,Not Applicable,"Other Motor Vehicle, Collision With",2,183095,36111,3565,1.2,6410502.0,3939.4,999
2024,Property Damage & Injury Accident,16:35,2024-04-15,Monday,Y,Daylight,GARDINER,LEFT TURN (3),ULSTER,Straight and Level,Clear,No Passing Zone,Dry,299 86011000,Not Applicable,"Other Motor Vehicle, Collision With",2,183095,36111,3565,1.2,6410502.0,3939.4,999
2024,Property Damage Accident,10:49,2024-04-15,Monday,Y,Daylight,KINGSTON,RIGHT ANGLE,ULSTER,Straight and Level,Clear,Stop Sign,Dry,,Not Applicable,"Other Motor Vehicle, Collision With",2,183095,36111,3565,1.2,6410502.0,3939.4,999
2024,Property Damage Accident,17:50,2024-04-15,Monday,Y,Daylight,KINGSTON,OTHER,ULSTER,Straight and Level,Clear,,Dry,983F86011005,Not Applicable,"Other Motor Vehicle, Collision With",3,183095,36111,3565,1.2,6410502.0,3939.4,999
2024,Property Damage Accident,11:07,2024-04-15,Monday,Y,Daylight,GREENBURGH,SIDESWIPE,WESTCHESTER,Straight and Level,Clear,,Dry,,Not Applicable,"Other Motor Vehicle, Collision With",2,1009165,36119,850,0.8,18110248.0,6143.2,3354
2024,Property Damage Accident,7:25,2024-04-15,Monday,Y,Daylight,CORTLANDT,OTHER,WESTCHESTER,Curve and Level,Clear,,Wet,129 87011042,Not Applicable,"Animal, Collision With",1,1009165,36119,850,0.8,18110248.0,6143.2,3354
2024,Property Damage Accident,16:30,2024-04-15,Monday,Y,Daylight,PEEKSKILL,LEFT TURN (3),WESTCHESTER,Curve and Grade,Clear,,Dry,,Not Applicable,"Other Motor Vehicle, Collision With",2,1009165,36119,850,0.8,18110248.0,6143.2,3354
2024,Property Damage & Injury Accident,6:39,2024-04-15,Monday,Y,Daylight,PELHAM MANOR,OTHER,WESTCHESTER,Straight and Level,Cloudy,,Dry,,Not Applicable,"Other Motor Vehicle, Collision With",3,1009165,36119,850,0.8,18110248.0,6143.2,3354
2024,Property Damage Accident,7:15,2024-04-15,Monday,Y,Daylight,BEDFORD,OTHER,WESTCHESTER,Curve and Level,Clear,,Dry,987D87012234,Not Applicable,"Other Motor Vehicle, Collision With",4,1009165,36119,850,0.8,18110248.0,6143.2,3354
2024,Property Damage Accident,16:13,2024-04-15,Monday,Y,Daylight,WHITE PLAINS,OTHER,WESTCHESTER,Straight and Level,Clear,,Dry,,Not Applicable,"Other Motor Vehicle, Collision With",3,1009165,36119,850,0.8,18110248.0,6143.2,3354
2024,Property Damage Accident,11:30,2024-04-15,Monday,Y,Daylight,NEW ROCHELLE,REAR END,WESTCHESTER,Straight and Level,Clear,,Dry,907W87022004,Not Applicable,"Other Motor Vehicle, Collision With",2,1009165,36119,850,0.8,18110248.0,6143.2,3354
2024,Property Damage Accident,9:30,2024-04-15,Monday,Y,Daylight,ARDSLEY,SIDESWIPE,WESTCHESTER,Straight and Level,Clear,,Dry,9A87032025,Not Applicable,"Other Motor Vehicle, Collision With",2,1009165,36119,850,0.8,18110248.0,6143.2,3354
2024,Property Damage Accident,8:30,2024-04-15,Monday,Y,Daylight,YONKERS,REAR END,WESTCHESTER,Straight and Level,Clear,,Wet,,Not Applicable,"Other Motor Vehicle, Collision With",2,1009165,36119,850,0.8,18110248.0,6143.2,3354
2024,Property Damage & Injury Accident,15:01,2024-04-15,Monday,Y,Daylight,YONKERS,OTHER,WESTCHESTER,Straight and Level,Clear,,Dry,,Not Applicable,"Other Motor Vehicle, Collision With",3,1009165,36119,850,0.8,18110248.0,6143.2,3354
2024,Property Damage Accident,14:50,2024-04-16,Tuesday,Y,Daylight,BEACON,OVERTAKING,DUTCHESS,Straight and Level,Clear,,Dry,,Not Applicable,"Other Motor Vehicle, Collision With",2,299256,36027,1695,0.8,5987961.0,3975.0,1300
2024,Property Damage & Injury Accident,7:33,2024-04-16,Tuesday,Y,Daylight,POUGHKEEPSIE,REAR END,DUTCHESS,Straight and Level,Clear,,Dry,44 82021004,Not Applicable,"Other Motor Vehicle, Collision With",2,299256,36027,1695,0.8,5987961.0,3975.0,1300
2024,Injury Accident,16:49,2024-04-16,Tuesday,Y,Daylight,POUGHKEEPSIE,OTHER,DUTCHESS,Straight and Level,Clear,,Dry,,Playing in Roadway,"Bicyclist, Collision With",1,299256,36027,1695,0.8,5987961.0,3975.0,1300
2024,Property Damage & Injury Accident,15:53,2024-04-16,Tuesday,Y,Daylight,FISHKILL,LEFT TURN (3),DUTCHESS,Straight and Level,Clear,Stop Sign,Dry,52 82042063,Not Applicable,"Other Motor Vehicle, Collision With",2,299256,36027,1695,0.8,5987961.0,3975.0,1300
2024,Property Damage Accident,16:54,2024-04-16,Tuesday,Y,Daylight,WAPPINGER,REAR END,DUTCHESS,Straight and Grade,Clear,,Dry,,Not Applicable,"Other Motor Vehicle, Collision With",2,299256,36027,1695,0.8,5987961.0,3975.0,1300
2024,Property Damage Accident,17:30,2024-04-16,Tuesday,Y,Daylight,WARWICK,OTHER,ORANGE,Curve and Level,Clear,No Passing Zone,Dry,,Not Applicable,"Light Support/Utility Pole, Collision With Fixed Object",1,415088,36071,4753,2.6,13857119.0,5167.5,1527
2024,Property Damage Accident,11:11,2024-04-16,Tuesday,Y,Daylight,MIDDLETOWN,REAR END,ORANGE,Straight and Level,Clear,,Dry,17M83012029,Not Applicable,"Other Motor Vehicle, Collision With",2,415088,36071,4753,2.6,13857119.0,5167.5,1527
2024,Property Damage Accident,14:00,2024-04-16,Tuesday,Y,Daylight,KIRYAS JOEL,OVERTAKING,ORANGE,Straight and Level,Clear,,Dry,,Not Applicable,"Other Motor Vehicle, Collision With",2,415088,36071,4753,2.6,13857119.0,5167.5,1527
2024,Property Damage Accident,7:23,2024-04-16,Tuesday,Y,Daylight,CLARKSTOWN,REAR END,ROCKLAND,Straight and Level,Clear,,Dry,,Not Applicable,"Other Motor Vehicle, Collision With",2,354829,36087,259,0.3,7336134.0,9989.2,886
2024,Property Damage Accident,12:28,2024-04-16,Tuesday,Y,Daylight,ORANGETOWN,LEFT TURN (3),ROCKLAND,Straight and Level,Clear,,Dry,,Not Applicable,"Other Motor Vehicle, Collision With",2,354829,36087,259,0.3,7336134.0,9989.2,886
2024,Property Damage & Injury Accident,14:20,2024-04-16,Tuesday,Y,Daylight,ORANGETOWN,OTHER,ROCKLAND,Straight and Level,Clear,,Dry,,Not Applicable,"Other Motor Vehicle, Collision With",3,354829,36087,259,0.3,7336134.0,9989.2,886
2024,Property Damage Accident,15:43,2024-04-16,Tuesday,Y,Daylight,UPPER NYACK,OTHER,ROCKLAND,Straight and Level,Clear,,Dry,9W85011085,Not Applicable,Deer,1,354829,36087,259,0.3,7336134.0,9989.2,886
2024,Property Damage & Injury Accident,22:10,2024-04-16,Tuesday,Y,Dark-Road Lighted,RAMAPO,OTHER,ROCKLAND,Straight and Level,Clear,Stop Sign,Dry,,Not Applicable,"Other Motor Vehicle, Collision With",2,354829,36087,259,0.3,7336134.0,9989.2,886
2024,Property Damage Accident,9:03,2024-04-16,Tuesday,N,Dark-Road Lighted,HILLBURN,Unknown,ROCKLAND,Unknown,Unknown,,Unknown,,Not Applicable,"Other Motor Vehicle, Collision With",2,354829,36087,259,0.3,7336134.0,9989.2,886
2024,Property Damage Accident,22:10,2024-04-16,Tuesday,Y,Dark-Road Unlighted,ULSTER,OTHER,ULSTER,Curve and Grade,Clear,No Passing Zone,Dry,,Not Applicable,Deer,1,183095,36111,3565,1.2,6410502.0,3939.4,999
2024,Property Damage Accident,18:15,2024-04-16,Tuesday,Y,Daylight,WAWARSING,REAR END,ULSTER,Straight and Level,Clear,No Passing Zone,Dry,209 86031026,Not Applicable,"Other Motor Vehicle, Collision With",2,183095,36111,3565,1.2,6410502.0,3939.4,999
2024,Property Damage & Injury Accident,7:56,2024-04-16,Tuesday,Y,Daylight,ESOPUS,REAR END,ULSTER,Straight at Hill Crest,Clear,,Dry,,Not Applicable,"Other Motor Vehicle, Collision With",2,183095,36111,3565,1.2,6410502.0,3939.4,999
2024,Property Damage Accident,17:41,2024-04-16,Tuesday,Y,Daylight,WHITE PLAINS,REAR END,WESTCHESTER,Straight and Level,Clear,,Dry,,Not Applicable,"Other Motor Vehicle, Collision With",2,1009165,36119,850,0.8,18110248.0,6143.2,3354
2024,Property Damage Accident,20:20,2024-04-16,Tuesday,Y,Dark-Road Unlighted,NORTH SALEM,RIGHT ANGLE,WESTCHESTER,Straight and Level,Clear,,Dry,22 87024229,Not Applicable,"Other Motor Vehicle, Collision With",2,1009165,36119,850,0.8,18110248.0,6143.2,3354
2024,Property Damage & Injury Accident,8:01,2024-04-16,Tuesday,Y,Daylight,GREENBURGH,REAR END,WESTCHESTER,Straight and Level,Clear,,Dry,987F87012034,Not Applicable,"Other Motor Vehicle, Collision With",2,1009165,36119,850,0.8,18110248.0,6143.2,3354
2024,Injury Accident,9:00,2024-04-16,Tuesday,Y,Daylight,GREENBURGH,OVERTAKING,WESTCHESTER,Straight and Level,Clear,Traffic Signal,Dry,9A87032035,Not Applicable,"Other Motor Vehicle, Collision With",2,1009165,36119,850,0.8,18110248.0,6143.2,3354
2024,Property Damage & Injury Accident,13:02,2024-04-16,Tuesday,Y,Daylight,MOUNT PLEASANT,OVERTAKING,WESTCHESTER,Straight and Grade,Clear,,Dry,987G87011065,Not Applicable,"Other Motor Vehicle, Collision With",2,1009165,36119,850,0.8,18110248.0,6143.2,3354
2024,Property Damage Accident,8:42,2024-04-16,Tuesday,Y,Daylight,NEW ROCHELLE,SIDESWIPE,WESTCHESTER,Straight and Level,Cloudy,,Dry,,Not Applicable,"Other Motor Vehicle, Collision With",2,1009165,36119,850,0.8,18110248.0,6143.2,3354
2024,Injury Accident,6:55,2024-04-16,Tuesday,N,Unknown,YONKERS,REAR END,WESTCHESTER,Unknown,Unknown,Unknown,Unknown,,Not Applicable,"Other Motor Vehicle, Collision With",2,1009165,36119,850,0.8,18110248.0,6143.2,3354
2024,Property Damage Accident,10:42,2024-04-16,Tuesday,Y,Daylight,RYE BROOKE,OTHER,WESTCHESTER,Straight and Level,Clear,,Dry,,Not Applicable,"Bridge Structure, Collision With Fixed Object",1,1009165,36119,850,0.8,18110248.0,6143.2,3354
2024,Property Damage Accident,15:45,2024-04-16,Tuesday,Y,Daylight,YORKTOWN,OVERTAKING,WESTCHESTER,Straight and Level,Clear,,Dry,,Not Applicable,"Other Motor Vehicle, Collision With",2,1009165,36119,850,0.8,18110248.0,6143.2,3354
2024,Property Damage Accident,10:42,2024-04-16,Tuesday,Y,Daylight,SCARSDALE,OTHER,WESTCHESTER,Straight and Level,Clear,,Dry,22 87022046,Not Applicable,"Light Support/Utility Pole, Collision With Fixed Object",1,1009165,36119,850,0.8,18110248.0,6143.2,3354
2024,Property Damage Accident,10:11,2024-04-16,Tuesday,Y,Daylight,HARRISON,REAR END,WESTCHESTER,Straight and Grade,Clear,,Dry,,Not Applicable,"Other Motor Vehicle, Collision With",2,1009165,36119,850,0.8,18110248.0,6143.2,3354
2024,Property Damage Accident,10:46,2024-04-16,Tuesday,Y,Daylight,NEW ROCHELLE,OVERTAKING,WESTCHESTER,Straight and Level,Cloudy,,Dry,,Not Applicable,"Other Motor Vehicle, Collision With",2,1009165,36119,850,0.8,18110248.0,6143.2,3354
2024,Property Damage Accident,15:20,2024-04-16,Tuesday,Y,Daylight,MAMARONECK,REAR END,WESTCHESTER,Straight and Level,Clear,,Dry,,Not Applicable,"Other Motor Vehicle, Collision With",2,1009165,36119,850,0.8,18110248.0,6143.2,3354
2024,Property Damage Accident,15:00,2024-04-17,Wednesday,Y,Daylight,RHINEBECK,OTHER,DUTCHESS,Straight and Level,Cloudy,Traffic Signal,Dry,982M82011023,Not Applicable,"Other Motor Vehicle, Collision With",3,299256,36027,1695,0.8,5987961.0,3975.0,1300
2024,Property Damage Accident,16:06,2024-04-17,Wednesday,Y,Daylight,EAST FISHKILL,REAR END,DUTCHESS,Straight and Level,Clear,,Dry,376 82011052,Not Applicable,"Other Motor Vehicle, Collision With",2,299256,36027,1695,0.8,5987961.0,3975.0,1300
2024,Property Damage & Injury Accident,7:40,2024-04-17,Wednesday,Y,Daylight,RED HOOK,RIGHT ANGLE,DUTCHESS,Straight and Level,Clear,,Dry,199 82021055,Not Applicable,"Other Motor Vehicle, Collision With",2,299256,36027,1695,0.8,5987961.0,3975.0,1300
2024,Property Damage Accident,22:43,2024-04-17,Wednesday,Y,Dark-Road Unlighted,HYDE PARK,OTHER,DUTCHESS,Straight and Level,Rain,,Wet,9 82053025,Not Applicable,"Tree, Collision With Fixed Object",1,299256,36027,1695,0.8,5987961.0,3975.0,1300
2024,Property Damage Accident,6:20,2024-04-17,Wednesday,Y,Daylight,TUXEDO,REAR END,ORANGE,Straight and Grade,Clear,Utility Work Area,Dry,,Not Applicable,"Other Motor Vehicle, Collision With",2,415088,36071,4753,2.6,13857119.0,5167.5,1527
2024,Property Damage Accident,4:38,2024-04-17,Wednesday,Y,Dark-Road Unlighted,BLOOMING GROVE,OTHER,ORANGE,Curve and Level,Clear,No Passing Zone,Dry,94 83011245,Not Applicable,Deer,1,415088,36071,4753,2.6,13857119.0,5167.5,1527
2024,Property Damage Accident,18:58,2024-04-17,Wednesday,Y,Daylight,NEW WINDSOR,LEFT TURN (3),ORANGE,Straight and Grade,Rain,Stop Sign,Wet,984K83011004,Not Applicable,"Other Motor Vehicle, Collision With",2,415088,36071,4753,2.6,13857119.0,5167.5,1527
2024,Property Damage Accident,14:50,2024-04-17,Wednesday,Y,Daylight,WALLKILL,OTHER,ORANGE,Straight and Level,Clear,,Dry,,Not Applicable,Deer,1,415088,36071,4753,2.6,13857119.0,5167.5,1527
2024,Property Damage & Injury Accident,13:58,2024-04-17,Wednesday,Y,Daylight,SOUTH BLOOMING GROVE,LEFT TURN (0),ORANGE,Straight and Level,Clear,No Passing Zone,Dry,208 83011012,Not Applicable,"Other Motor Vehicle, Collision With",2,415088,36071,4753,2.6,13857119.0,5167.5,1527
2024,Property Damage Accident,6:51,2024-04-17,Wednesday,Y,Daylight,CARMEL,RIGHT ANGLE,PUTNAM,Straight and Level,Cloudy,No Passing Zone,Dry,6 84041023,Not Applicable,"Other Motor Vehicle, Collision With",2,98842,36079,509,0.7,2746105.0,4089.2,375
2024,Property Damage Accident,10:19,2024-04-17,Wednesday,Y,Daylight,CARMEL,REAR END,PUTNAM,Straight at Hill Crest,Clear,Traffic Signal,Dry,6 84041005,Not Applicable,"Other Motor Vehicle, Collision With",2,98842,36079,509,0.7,2746105.0,4089.2,375
2024,Property Damage Accident,19:40,2024-04-17,Wednesday,Y,Dark-Road Unlighted,STONY POINT,OTHER,ROCKLAND,Straight and Level,Cloudy,,Wet,987C85011218,Not Applicable,Deer,1,354829,36087,259,0.3,7336134.0,9989.2,886
2024,Property Damage Accident,8:40,2024-04-17,Wednesday,Y,Daylight,RAMAPO,OVERTAKING,ROCKLAND,Straight and Level,Clear,,Dry,,Not Applicable,"Other Motor Vehicle, Collision With",2,354829,36087,259,0.3,7336134.0,9989.2,886
2024,Property Damage Accident,15:17,2024-04-17,Wednesday,Y,Daylight,RAMAPO,OVERTAKING,ROCKLAND,Straight and Level,Cloudy,,Dry,,Not Applicable,"Other Motor Vehicle, Collision With",2,354829,36087,259,0.3,7336134.0,9989.2,886
2024,Property Damage Accident,12:27,2024-04-17,Wednesday,Y,Daylight,RAMAPO,OVERTAKING,ROCKLAND,Straight and Level,Clear,,Dry,59 85011062,Not Applicable,"Other Motor Vehicle, Collision With",2,354829,36087,259,0.3,7336134.0,9989.2,886
2024,Property Damage Accident,7:50,2024-04-17,Wednesday,Y,Daylight,NEW PALTZ,RIGHT ANGLE,ULSTER,Straight and Level,Clear,No Passing Zone,Dry,,Not Applicable,"Other Motor Vehicle, Collision With",2,183095,36111,3565,1.2,6410502.0,3939.4,999
2024,Injury Accident,19:43,2024-04-17,Wednesday,Y,Dark-Road Lighted,OSSINING,REAR END,WESTCHESTER,Straight and Level,Rain,,Wet,,Not Applicable,"Other Motor Vehicle, Collision With",2,1009165,36119,850,0.8,18110248.0,6143.2,3354
2024,Property Damage Accident,21:01,2024-04-17,Wednesday,Y,Dark-Road Lighted,EASTCHESTER,RIGHT ANGLE,WESTCHESTER,Straight and Level,Rain,Traffic Signal,Wet,22 87022029,Not Applicable,"Other Motor Vehicle, Collision With",2,1009165,36119,850,0.8,18110248.0,6143.2,3354
2024,Injury Accident,7:19,2024-04-17,Wednesday,Y,Daylight,NEW ROCHELLE,OTHER,WESTCHESTER,Straight and Level,Clear,,Dry,,Riding/Walking/Skating Along Highway With Traffic,Other Pedestrian,1,1009165,36119,850,0.8,18110248.0,6143.2,3354
2024,Property Damage Accident,18:10,2024-04-17,Wednesday,Y,Daylight,NEW ROCHELLE,OVERTAKING,WESTCHESTER,Straight and Grade,Rain,,Wet,,Not Applicable,"Other Motor Vehicle, Collision With",2,1009165,36119,850,0.8,18110248.0,6143.2,3354
2024,Property Damage Accident,23:51,2024-04-17,Wednesday,Y,Dark-Road Unlighted,OSSINING,OTHER,WESTCHESTER,Straight and Grade,Rain,,Wet,,Not Applicable,"Earth Embankment/Rock Cut/Ditch, Collision With Fixed Object",1,1009165,36119,850,0.8,18110248.0,6143.2,3354
2024,Property Damage Accident,8:00,2024-04-17,Wednesday,Y,Daylight,IRVINGTON,OTHER,WESTCHESTER,Straight and Grade,Clear,Stop Sign,Dry,,Not Applicable,"Tree, Collision With Fixed Object",1,1009165,36119,850,0.8,18110248.0,6143.2,3354
2024,Property Damage & Injury Accident,14:48,2024-04-17,Wednesday,Y,Daylight,PEEKSKILL,REAR END,WESTCHESTER,Straight and Level,Clear,,Dry,,Not Applicable,"Other Motor Vehicle, Collision With",2,1009165,36119,850,0.8,18110248.0,6143.2,3354
2024,Property Damage Accident,10:32,2024-04-18,Thursday,Y,Daylight,EAST FISHKILL,REAR END,DUTCHESS,Straight and Grade,Cloudy,,Dry,84I82021138,Not Applicable,"Other Motor Vehicle, Collision With",2,299256,36027,1695,0.8,5987961.0,3975.0,1300
2024,Property Damage Accident,14:45,2024-04-18,Thursday,Y,Daylight,POUGHKEEPSIE,OVERTAKING,DUTCHESS,Straight and Level,Cloudy,,Dry,,Not Applicable,"Other Motor Vehicle, Collision With",2,299256,36027,1695,0.8,5987961.0,3975.0,1300
2024,Property Damage Accident,15:00,2024-04-18,Thursday,Y,Daylight,RED HOOK,REAR END,DUTCHESS,Straight and Level,Cloudy,,Wet,199 82021058,Not Applicable,"Other Motor Vehicle, Collision With",2,299256,36027,1695,0.8,5987961.0,3975.0,1300
2024,Property Damage Accident,17:00,2024-04-18,Thursday,Y,Daylight,FISHKILL,REAR END,DUTCHESS,Straight and Level,Cloudy,Traffic Signal,Dry,,Not Applicable,"Other Motor Vehicle, Collision With",2,299256,36027,1695,0.8,5987961.0,3975.0,1300
2024,Property Damage & Injury Accident,14:36,2024-04-18,Thursday,Y,Daylight,WALLKILL,REAR END,ORANGE,Straight and Level,Rain,No Passing Zone,Wet,,Not Applicable,"Other Motor Vehicle, Collision With",2,415088,36071,4753,2.6,13857119.0,5167.5,1527
2024,Property Damage Accident,17:08,2024-04-18,Thursday,Y,Daylight,WOODBURY,REAR END,ORANGE,Straight and Level,Rain,No Passing Zone,Wet,32 83011009,Not Applicable,"Other Motor Vehicle, Collision With",2,415088,36071,4753,2.6,13857119.0,5167.5,1527
2024,Property Damage Accident,7:52,2024-04-18,Thursday,Y,Daylight,FLORIDA,REAR END,ORANGE,Straight and Level,Rain,,Wet,17A83011044,Not Applicable,"Other Motor Vehicle, Collision With",2,415088,36071,4753,2.6,13857119.0,5167.5,1527
2024,Property Damage Accident,17:29,2024-04-18,Thursday,Y,Daylight,WOODBURY,OTHER,ORANGE,Straight and Level,Cloudy,Unknown,Dry,,Not Applicable,"Other Motor Vehicle, Collision With",2,415088,36071,4753,2.6,13857119.0,5167.5,1527
2024,Property Damage Accident,15:40,2024-04-18,Thursday,Y,Daylight,WALLKILL,RIGHT ANGLE,ORANGE,Straight and Level,Cloudy,Traffic Signal,Dry,,Not Applicable,"Other Motor Vehicle, Collision With",2,415088,36071,4753,2.6,13857119.0,5167.5,1527
2024,Property Damage & Injury Accident,16:08,2024-04-18,Thursday,Y,Daylight,WOODBURY,OTHER,ORANGE,Straight at Hill Crest,Cloudy,No Passing Zone,Dry,,Not Applicable,"Other Motor Vehicle, Collision With",5,415088,36071,4753,2.6,13857119.0,5167.5,1527
2024,Property Damage Accident,16:05,2024-04-18,Thursday,Y,Daylight,CARMEL,REAR END,PUTNAM,Straight and Grade,Cloudy,No Passing Zone,Dry,,Not Applicable,"Other Motor Vehicle, Collision With",2,98842,36079,509,0.7,2746105.0,4089.2,375
2024,Property Damage Accident,9:01,2024-04-18,Thursday,Y,Daylight,,REAR END,ROCKLAND,Straight and Level,Cloudy,Traffic Signal,Wet,306 85011006,Not Applicable,"Other Motor Vehicle, Collision With",2,354829,36087,259,0.3,7336134.0,9989.2,886
2024,Property Damage Accident,7:14,2024-04-18,Thursday,Y,Dark-Road Lighted,NEW HEMPSTEAD,LEFT TURN (0),ROCKLAND,Straight and Level,Rain,,Wet,45 85011054,Not Applicable,"Other Motor Vehicle, Collision With",2,354829,36087,259,0.3,7336134.0,9989.2,886
2024,Property Damage Accident,6:46,2024-04-18,Thursday,Y,Daylight,CLARKSTOWN,OTHER,ROCKLAND,Straight and Level,Rain,,Wet,987C85011099,Not Applicable,Deer,1,354829,36087,259,0.3,7336134.0,9989.2,886
2024,Property Damage Accident,21:20,2024-04-18,Thursday,Y,Dark-Road Lighted,RAMAPO,OVERTAKING,ROCKLAND,Straight and Level,Clear,,Dry,,Not Applicable,"Other Motor Vehicle, Collision With",2,354829,36087,259,0.3,7336134.0,9989.2,886
2024,Property Damage & Injury Accident,14:40,2024-04-18,Thursday,Y,Daylight,CLARKSTOWN,REAR END,ROCKLAND,Straight and Level,Clear,,Wet,59 85011094,Not Applicable,"Other Motor Vehicle, Collision With",2,354829,36087,259,0.3,7336134.0,9989.2,886
2024,Property Damage Accident,17:49,2024-04-18,Thursday,Y,Daylight,RAMAPO,REAR END,ROCKLAND,Straight and Level,Cloudy,,Dry,306 85011001,Not Applicable,"Other Motor Vehicle, Collision With",2,354829,36087,259,0.3,7336134.0,9989.2,886
2024,Property Damage Accident,10:05,2024-04-18,Thursday,Y,Daylight,MARLBOROUGH,OTHER,ULSTER,Curve and Grade,Rain,,Wet,,Not Applicable,"Earth Embankment/Rock Cut/Ditch, Collision With Fixed Object",1,183095,36111,3565,1.2,6410502.0,3939.4,999
2024,Property Damage & Injury Accident,21:36,2024-04-18,Thursday,Y,Dark-Road Unlighted,DOBBS FERRY,OVERTAKING,WESTCHESTER,Straight and Level,Clear,,Dry,987D87012017,Not Applicable,"Other Motor Vehicle, Collision With",2,1009165,36119,850,0.8,18110248.0,6143.2,3354
2024,Property Damage Accident,18:34,2024-04-18,Thursday,Y,Dusk,NEW CASTLE,OTHER,WESTCHESTER,Straight and Level,Clear,No Passing Zone,Dry,100 87014123,Not Applicable,"Bridge Structure, Collision With Fixed Object",1,1009165,36119,850,0.8,18110248.0,6143.2,3354
2024,Property Damage Accident,13:10,2024-04-18,Thursday,Y,Daylight,MOUNT KISCO,OTHER,WESTCHESTER,Straight and Level,Cloudy,,Dry,,Not Applicable,"Other Motor Vehicle, Collision With",2,1009165,36119,850,0.8,18110248.0,6143.2,3354
2024,Property Damage & Injury Accident,7:01,2024-04-18,Thursday,Y,Daylight,MOUNT PLEASANT,OVERTAKING,WESTCHESTER,Curve and Grade,Rain,,Wet,987G87011001,Not Applicable,"Guide Rail - End, Collision With Fixed Object",2,1009165,36119,850,0.8,18110248.0,6143.2,3354
2024,Property Damage & Injury Accident,13:22,2024-04-18,Thursday,Y,Daylight,PELHAM MANOR,RIGHT ANGLE,WESTCHESTER,Straight and Level,Cloudy,,Wet,1 87031001,Not Applicable,"Other Motor Vehicle, Collision With",2,1009165,36119,850,0.8,18110248.0,6143.2,3354
2024,Property Damage Accident,7:15,2024-04-18,Thursday,Y,Daylight,PORT CHESTER,RIGHT ANGLE,WESTCHESTER,Straight and Level,Rain,Stop Sign,Wet,982C87011005,Not Applicable,"Other Motor Vehicle, Collision With",2,1009165,36119,850,0.8,18110248.0,6143.2,3354
2024,Property Damage Accident,10:30,2024-04-18,Thursday,Y,Daylight,LEWISBORO,OTHER,WESTCHESTER,Straight and Level,Rain,Stop Sign,Wet,,Not Applicable,"Earth Embankment/Rock Cut/Ditch, Collision With Fixed Object",1,1009165,36119,850,0.8,18110248.0,6143.2,3354
2024,Property Damage Accident,23:00,2024-04-18,Thursday,Y,Dark-Road Lighted,PEEKSKILL,REAR END,WESTCHESTER,Straight and Level,Clear,,Dry,,Not Applicable,"Other Motor Vehicle, Collision With",2,1009165,36119,850,0.8,18110248.0,6143.2,3354
2024,Property Damage Accident,15:20,2024-04-18,Thursday,Y,Daylight,YONKERS,OVERTAKING,WESTCHESTER,Straight and Level,Cloudy,,Dry,907K87011003,Not Applicable,"Other Motor Vehicle, Collision With",2,1009165,36119,850,0.8,18110248.0,6143.2,3354
2024,Property Damage Accident,12:09,2024-04-18,Thursday,Y,Daylight,PELHAM,OVERTAKING,WESTCHESTER,Straight and Level,Rain,,Wet,,Not Applicable,"Other Motor Vehicle, Collision With",2,1009165,36119,850,0.8,18110248.0,6143.2,3354
2024,Property Damage Accident,11:10,2024-04-18,Thursday,Y,Daylight,SOMERS,REAR END,WESTCHESTER,Straight and Level,Cloudy,,Wet,,Not Applicable,"Other Motor Vehicle, Collision With",2,1009165,36119,850,0.8,18110248.0,6143.2,3354
2024,Property Damage Accident,15:15,2024-04-18,Thursday,N,Daylight,YONKERS,REAR END,WESTCHESTER,Straight and Grade,Clear,Yield Sign,Dry,,Not Applicable,"Other Motor Vehicle, Collision With",2,1009165,36119,850,0.8,18110248.0,6143.2,3354
2024,Property Damage Accident,12:33,2024-04-19,Friday,Y,Daylight,WAPPINGER FALLS,OVERTAKING,DUTCHESS,Straight and Level,Clear,Traffic Signal,Dry,9 82051080,Not Applicable,"Other Motor Vehicle, Collision With",2,299256,36027,1695,0.8,5987961.0,3975.0,1300
2024,Property Damage & Injury Accident,9:38,2024-04-19,Friday,Y,Daylight,WALLKILL,OTHER,ORANGE,Straight and Level,Cloudy,,Dry,,Not Applicable,"Other Motor Vehicle, Collision With",3,415088,36071,4753,2.6,13857119.0,5167.5,1527
2024,Property Damage Accident,14:07,2024-04-19,Friday,Y,Daylight,NEWBURGH,RIGHT TURN (5),ORANGE,Straight and Level,Cloudy,,Dry,300 83021051,Not Applicable,"Other Motor Vehicle, Collision With",2,415088,36071,4753,2.6,13857119.0,5167.5,1527
2024,Property Damage Accident,14:25,2024-04-19,Friday,Y,Daylight,MONROE,OTHER,ORANGE,Straight and Level,Clear,,Dry,17 83101238,Not Applicable,"Guide Rail - Not At End, Collision With Fixed Object",1,415088,36071,4753,2.6,13857119.0,5167.5,1527
2024,Property Damage Accident,15:41,2024-04-19,Friday,Y,Daylight,KIRYAS JOEL,LEFT TURN (3),ORANGE,Straight and Grade,Clear,Traffic Signal,Dry,,Not Applicable,"Other Motor Vehicle, Collision With",2,415088,36071,4753,2.6,13857119.0,5167.5,1527