year,accident_descriptor,time,date,day_of_week,police_report,lighting_conditions,municipality,collision_type_descriptor,county_name,road_descriptor,weather_conditions,traffic_control_device,road_surface_conditions,dot_reference_marker_location,pedestrian_bicyclist_action,event_descriptor,number_of_vehicles_involved,county_population_2024,county_fips,county_deer_take_2024,county_antlerless_deer_per_sqmi_2024,county_daily_vmt_2019,county_mean_aadt_2019,county_aadt_segments_2019
2024,Property Damage Accident,20:00,2024-04-23,Tuesday,Y,Dark-Road Lighted,WAPPINGER FALLS,OVERTAKING,DUTCHESS,Straight and Grade,Clear,No Passing Zone,Dry,9 82051086,Not Applicable,"Other Motor Vehicle, Collision With",2,299256,36027,1695,0.8,5987961.0,3975.0,1300
2024,Property Damage Accident,6:24,2024-04-23,Tuesday,Y,Daylight,BEACON,OTHER,DUTCHESS,Straight and Grade,Clear,,Other,,Not Applicable,"Other Object (Not Fixed)*, Collision With",1,299256,36027,1695,0.8,5987961.0,3975.0,1300
2024,Property Damage Accident,17:27,2024-04-23,Tuesday,Y,Daylight,POUGHKEEPSIE,OTHER,DUTCHESS,Curve and Grade,Clear,,Dry,9 82051105,Not Applicable,"Earth Embankment/Rock Cut/Ditch, Collision With Fixed Object",1,299256,36027,1695,0.8,5987961.0,3975.0,1300
2024,Property Damage Accident,14:38,2024-04-23,Tuesday,Y,Daylight,POUGHKEEPSIE,RIGHT ANGLE,DUTCHESS,Straight and Level,Clear,Stop Sign,Dry,,Not Applicable,"Other Motor Vehicle, Collision With",2,299256,36027,1695,0.8,5987961.0,3975.0,1300
2024,Property Damage & Injury Accident,10:35,2024-04-23,Tuesday,Y,Daylight,MONTGOMERY,REAR END,ORANGE,Straight and Level,Clear,,Dry,84I83011313,Not Applicable,"Other Motor Vehicle, Collision With",2,415088,36071,4753,2.6,13857119.0,5167.5,1527
2024,Property Damage Accident,16:26,2024-04-23,Tuesday,Y,Daylight,GOSHEN,LEFT TURN (3),ORANGE,Straight and Level,Clear,,Dry,,Not Applicable,"Other Motor Vehicle, Collision With",2,415088,36071,4753,2.6,13857119.0,5167.5,1527
2024,Property Damage Accident,14:12,2024-04-23,Tuesday,Y,Daylight,NEW WINDSOR,OVERTAKING,ORANGE,Curve and Grade,Clear,,Dry,,Not Applicable,"Other Motor Vehicle, Collision With",2,415088,36071,4753,2.6,13857119.0,5167.5,1527
2024,Property Damage Accident,16:03,2024-04-23,Tuesday,Y,Daylight,WOODBURY,OTHER,ORANGE,Straight and Level,Clear,No Passing Zone,Dry,32 83011028,Not Applicable,Deer,1,415088,36071,4753,2.6,13857119.0,5167.5,1527
2024,Property Damage Accident,17:26,2024-04-23,Tuesday,Y,Daylight,MONROE,OVERTAKING,ORANGE,Straight and Level,Clear,No Passing Zone,Dry,,Not Applicable,"Other Motor Vehicle, Collision With",2,415088,36071,4753,2.6,13857119.0,5167.5,1527
2024,Property Damage Accident,10:37,2024-04-23,Tuesday,Y,Daylight,MONTGOMERY,OTHER,ORANGE,Straight and Grade,Clear,,Dry,17K83011103,Not Applicable,"Other Motor Vehicle, Collision With",3,415088,36071,4753,2.6,13857119.0,5167.5,1527
2024,Property Damage & Injury Accident,11:49,2024-04-23,Tuesday,Y,Daylight,SOUTHEAST,REAR END,PUTNAM,Straight and Level,Clear,Traffic Signal,Dry,,Not Applicable,"Other Motor Vehicle, Collision With",2,98842,36079,509,0.7,2746105.0,4089.2,375
2024,Property Damage Accident,19:15,2024-04-23,Tuesday,Y,Dusk,CHESTNUT RIDGE,REAR END,ROCKLAND,Curve and Level,Clear,,Dry,982L85011018,Not Applicable,"Other Motor Vehicle, Collision With",2,354829,36087,259,0.3,7336134.0,9989.2,886
2024,Property Damage & Injury Accident,7:26,2024-04-23,Tuesday,Y,Daylight,CLARKSTOWN,OTHER,ROCKLAND,Straight and Level,Clear,Traffic Signal,Dry,,Not Applicable,"Other Motor Vehicle, Collision With",2,354829,36087,259,0.3,7336134.0,9989.2,886
2024,Property Damage & Injury Accident,22:15,2024-04-23,Tuesday,Y,Dark-Road Unlighted,WAWARSING,OTHER,ULSTER,Straight and Grade,Cloudy,,Dry,,Not Applicable,"Earth Embankment/Rock Cut/Ditch, Collision With Fixed Object",1,183095,36111,3565,1.2,6410502.0,3939.4,999
2024,Property Damage Accident,15:23,2024-04-23,Tuesday,Y,Daylight,LLOYD,REAR END,ULSTER,Straight and Level,Clear,Construction Work Area,Dry,299 86011090,Not Applicable,"Other Motor Vehicle, Collision With",2,183095,36111,3565,1.2,6410502.0,3939.4,999
2024,Property Damage Accident,7:27,2024-04-23,Tuesday,Y,Daylight,LLOYD,REAR END,ULSTER,Curve and Grade,Clear,Traffic Signal,Dry,9W86031079,Not Applicable,"Other Motor Vehicle, Collision With",2,183095,36111,3565,1.2,6410502.0,3939.4,999
2024,Property Damage Accident,10:50,2024-04-23,Tuesday,Y,Daylight,MOUNT VERNON,REAR END,WESTCHESTER,Straight and Level,Clear,,Dry,907K87012004,Not Applicable,"Other Motor Vehicle, Collision With",2,1009165,36119,850,0.8,18110248.0,6143.2,3354
2024,Property Damage Accident,16:24,2024-04-23,Tuesday,Y,Daylight,PEEKSKILL,OVERTAKING,WESTCHESTER,Straight and Level,Clear,,Dry,987H87011000,Not Applicable,"Other Motor Vehicle, Collision With",2,1009165,36119,850,0.8,18110248.0,6143.2,3354
2024,Property Damage Accident,10:27,2024-04-23,Tuesday,Y,Daylight,SCARSDALE,OTHER,WESTCHESTER,Straight and Grade,Clear,,Dry,125 87011029,Not Applicable,"Bridge Structure, Collision With Fixed Object",1,1009165,36119,850,0.8,18110248.0,6143.2,3354
2024,Property Damage Accident,14:15,2024-04-23,Tuesday,N,Daylight,RYE,RIGHT ANGLE,WESTCHESTER,Straight and Level,Clear,,Dry,,Not Applicable,"Other Motor Vehicle, Collision With",2,1009165,36119,850,0.8,18110248.0,6143.2,3354
2024,Property Damage Accident,9:26,2024-04-23,Tuesday,Y,Daylight,MOUNT PLEASANT,OTHER,WESTCHESTER,Straight at Hill Crest,Clear,Yield Sign,Dry,987G87011032,Not Applicable,"Other Motor Vehicle, Collision With",3,1009165,36119,850,0.8,18110248.0,6143.2,3354
2024,Property Damage Accident,13:55,2024-04-23,Tuesday,Y,Daylight,YONKERS,OVERTAKING,WESTCHESTER,Straight and Level,Clear,,Dry,,Not Applicable,"Other Motor Vehicle, Collision With",2,1009165,36119,850,0.8,18110248.0,6143.2,3354
2024,Property Damage Accident,8:27,2024-04-23,Tuesday,Y,Daylight,MOUNT PLEASANT,REAR END,WESTCHESTER,Curve and Grade,Clear,Yield Sign,Dry,100 87014025,Not Applicable,"Other Motor Vehicle, Collision With",2,1009165,36119,850,0.8,18110248.0,6143.2,3354
2024,Property Damage & Injury Accident,15:16,2024-04-23,Tuesday,Y,Daylight,TARRYTOWN,OTHER,WESTCHESTER,Straight and Level,Clear,Stop Sign,Dry,9 87032069,Not Applicable,"Other Motor Vehicle, Collision With",2,1009165,36119,850,0.8,18110248.0,6143.2,3354
2024,Property Damage Accident,10:07,2024-04-23,Tuesday,Y,Daylight,LARCHMONT,REAR END,WESTCHESTER,Straight and Level,Clear,,Dry,1 87033011,Not Applicable,"Other Motor Vehicle, Collision With",2,1009165,36119,850,0.8,18110248.0,6143.2,3354
2024,Property Damage & Injury Accident,14:20,2024-04-23,Tuesday,Y,Daylight,CROTON ON HUDSON,REAR END,WESTCHESTER,Straight and Level,Clear,,Dry,9 87032185,Not Applicable,"Other Motor Vehicle, Collision With",2,1009165,36119,850,0.8,18110248.0,6143.2,3354
2024,Property Damage & Injury Accident,16:50,2024-04-24,Wednesday,Y,Daylight,RHINEBECK,REAR END,DUTCHESS,Straight and Level,Clear,No Passing Zone,Dry,199 82021010,Not Applicable,"Other Motor Vehicle, Collision With",2,299256,36027,1695,0.8,5987961.0,3975.0,1300
2024,Property Damage Accident,18:09,2024-04-24,Wednesday,Y,Daylight,WAPPINGER FALLS,RIGHT ANGLE,DUTCHESS,Straight and Grade,Clear,Stop Sign,Dry,,Not Applicable,"Other Motor Vehicle, Collision With",2,299256,36027,1695,0.8,5987961.0,3975.0,1300
2024,Property Damage Accident,12:57,2024-04-24,Wednesday,Y,Daylight,FISHKILL,REAR END,DUTCHESS,Straight and Level,Cloudy,,Dry,84I82021060,Not Applicable,"Other Motor Vehicle, Collision With",2,299256,36027,1695,0.8,5987961.0,3975.0,1300
2024,Property Damage Accident,15:00,2024-04-24,Wednesday,N,Daylight,POUGHKEEPSIE,REAR END,DUTCHESS,Straight and Level,Clear,Traffic Signal,Dry,983W82011000,Not Applicable,"Other Motor Vehicle, Collision With",2,299256,36027,1695,0.8,5987961.0,3975.0,1300
2024,Property Damage Accident,21:00,2024-04-24,Wednesday,Y,Dark-Road Unlighted,GOSHEN,OTHER,ORANGE,Straight and Level,Clear,,Dry,17 83101153,Not Applicable,"Other*, Non-Collision",1,415088,36071,4753,2.6,13857119.0,5167.5,1527
2024,Property Damage Accident,9:59,2024-04-24,Wednesday,Y,Daylight,WOODBURY,OTHER,ORANGE,Curve and Grade,Clear,Unknown,Dry,,Not Applicable,"Other Motor Vehicle, Collision With",2,415088,36071,4753,2.6,13857119.0,5167.5,1527
2024,Property Damage & Injury Accident,7:21,2024-04-24,Wednesday,Y,Daylight,CLARKSTOWN,OTHER,ROCKLAND,Straight and Level,Cloudy,,Dry,,Not Applicable,"Other Motor Vehicle, Collision With",3,354829,36087,259,0.3,7336134.0,9989.2,886
2024,Property Damage Accident,23:40,2024-04-24,Wednesday,Y,Dark-Road Lighted,RAMAPO,RIGHT ANGLE,ROCKLAND,Straight and Grade,Clear,Stop Sign,Dry,,Not Applicable,"Other Motor Vehicle, Collision With",2,354829,36087,259,0.3,7336134.0,9989.2,886
2024,Property Damage Accident,12:28,2024-04-24,Wednesday,Y,Daylight,SAUGERTIES,REAR END,ULSTER,Straight and Level,Cloudy,,Dry,32 86023116,Not Applicable,"Other Motor Vehicle, Collision With",2,183095,36111,3565,1.2,6410502.0,3939.4,999
2024,Property Damage Accident,14:02,2024-04-24,Wednesday,Y,Daylight,SCARSDALE,OTHER,WESTCHESTER,Straight and Level,Clear,Other,Dry,907W87023010,Not Applicable,"Bridge Structure, Collision With Fixed Object",1,1009165,36119,850,0.8,18110248.0,6143.2,3354
2024,Property Damage Accident,15:23,2024-04-24,Wednesday,Y,Daylight,NEW ROCHELLE,OTHER,WESTCHESTER,Curve and Level,Clear,,Dry,,Not Applicable,"Light Support/Utility Pole, Collision With Fixed Object",1,1009165,36119,850,0.8,18110248.0,6143.2,3354
2024,Property Damage & Injury Accident,10:50,2024-04-24,Wednesday,Y,Daylight,MOUNT KISCO,REAR END,WESTCHESTER,Straight and Grade,Clear,Traffic Signal,Dry,,Not Applicable,"Other Motor Vehicle, Collision With",2,1009165,36119,850,0.8,18110248.0,6143.2,3354
2024,Property Damage Accident,8:39,2024-04-24,Wednesday,Y,Daylight,HASTINGS ON HUDSON,OVERTAKING,WESTCHESTER,Straight and Level,Cloudy,,Dry,,Not Applicable,"Other Motor Vehicle, Collision With",2,1009165,36119,850,0.8,18110248.0,6143.2,3354
2024,Property Damage Accident,16:30,2024-04-24,Wednesday,Y,Daylight,NORTH SALEM,OTHER,WESTCHESTER,Curve and Grade,Clear,No Passing Zone,Dry,,Not Applicable,Deer,1,1009165,36119,850,0.8,18110248.0,6143.2,3354
2024,Property Damage Accident,23:36,2024-04-24,Wednesday,Y,Dark-Road Lighted,YONKERS,REAR END,WESTCHESTER,Straight at Hill Crest,Cloudy,Stop Sign,Dry,,Not Applicable,"Other Motor Vehicle, Collision With",2,1009165,36119,850,0.8,18110248.0,6143.2,3354
2024,Property Damage Accident,13:32,2024-04-24,Wednesday,Y,Daylight,BEDFORD,OTHER,WESTCHESTER,Straight and Level,Clear,,Dry,22 87024139,Not Applicable,"Other Motor Vehicle, Collision With",3,1009165,36119,850,0.8,18110248.0,6143.2,3354
2024,Property Damage Accident,7:40,2024-04-24,Wednesday,Y,Daylight,CORTLANDT,REAR END,WESTCHESTER,Straight and Level,Rain,Yield Sign,Wet,9 87034003,Not Applicable,"Other Motor Vehicle, Collision With",2,1009165,36119,850,0.8,18110248.0,6143.2,3354
2024,Property Damage Accident,14:11,2024-04-24,Wednesday,Y,Daylight,WHITE PLAINS,OVERTAKING,WESTCHESTER,Straight and Level,Clear,,Dry,,Not Applicable,"Other Motor Vehicle, Collision With",2,1009165,36119,850,0.8,18110248.0,6143.2,3354
2024,Property Damage Accident,20:40,2024-04-24,Wednesday,Y,Dark-Road Lighted,NEW ROCHELLE,Unknown,WESTCHESTER,Straight and Grade,Clear,,Dry,,Not Applicable,"Other Motor Vehicle, Collision With",2,1009165,36119,850,0.8,18110248.0,6143.2,3354
2024,Property Damage & Injury Accident,2:30,2024-04-24,Wednesday,Y,Dark-Road Unlighted,MOUNT PLEASANT,OTHER,WESTCHESTER,Curve and Grade,Clear,,Dry,987F87012081,Not Applicable,"Tree, Collision With Fixed Object",1,1009165,36119,850,0.8,18110248.0,6143.2,3354
2024,Property Damage Accident,15:51,2024-04-24,Wednesday,Y,Daylight,WHITE PLAINS,OVERTAKING,WESTCHESTER,Straight and Level,Clear,,Dry,,Not Applicable,"Other Motor Vehicle, Collision With",2,1009165,36119,850,0.8,18110248.0,6143.2,3354
2024,Property Damage & Injury Accident,15:11,2024-04-24,Wednesday,Y,Daylight,HARRISON,OVERTAKING,WESTCHESTER,Straight and Grade,Cloudy,,Dry,287I87011091,Not Applicable,"Other Motor Vehicle, Collision With",2,1009165,36119,850,0.8,18110248.0,6143.2,3354
2024,Property Damage Accident,8:50,2024-04-24,Wednesday,N,Daylight,YONKERS,Unknown,WESTCHESTER,Curve and Level,Cloudy,Stop Sign,Dry,9 87031015,Not Applicable,"Other Motor Vehicle, Collision With",2,1009165,36119,850,0.8,18110248.0,6143.2,3354
2024,Property Damage Accident,10:41,2024-04-24,Wednesday,Y,Daylight,YONKERS,OVERTAKING,WESTCHESTER,Straight and Level,Clear,,Dry,,Not Applicable,"Other Motor Vehicle, Collision With",2,1009165,36119,850,0.8,18110248.0,6143.2,3354
2024,Property Damage & Injury Accident,13:10,2024-04-24,Wednesday,Y,Daylight,,Unknown,WESTCHESTER,Straight and Grade,Clear,,Dry,,Not Applicable,"Other Motor Vehicle, Collision With",2,1009165,36119,850,0.8,18110248.0,6143.2,3354
2024,Property Damage Accident,7:27,2024-04-24,Wednesday,Y,Daylight,MAMARONECK,LEFT TURN (3),WESTCHESTER,Straight and Level,Cloudy,Traffic Signal,Dry,,Not Applicable,"Other Motor Vehicle, Collision With",2,1009165,36119,850,0.8,18110248.0,6143.2,3354
2024,Property Damage Accident,16:30,2024-04-24,Wednesday,Y,Daylight,HARRISON,REAR END,WESTCHESTER,Straight and Level,Clear,,Dry,,Not Applicable,"Other Motor Vehicle, Collision With",2,1009165,36119,850,0.8,18110248.0,6143.2,3354
2024,Property Damage Accident,8:27,2024-04-24,Wednesday,Y,Daylight,GREENBURGH,REAR END,WESTCHESTER,Curve and Level,Cloudy,,Dry,987F87012063,Not Applicable,"Other Motor Vehicle, Collision With",2,1009165,36119,850,0.8,18110248.0,6143.2,3354
2024,Property Damage Accident,17:29,2024-04-25,Thursday,Y,Daylight,FISHKILL,REAR END,DUTCHESS,Curve and Grade,Clear,Traffic Signal,Dry,,Not Applicable,"Other Motor Vehicle, Collision With",2,299256,36027,1695,0.8,5987961.0,3975.0,1300
2024,Property Damage Accident,16:27,2024-04-25,Thursday,Y,Daylight,PAWLING,REAR END,DUTCHESS,Straight and Level,Clear,,Dry,,Not Applicable,"Other Motor Vehicle, Collision With",2,299256,36027,1695,0.8,5987961.0,3975.0,1300
2024,Property Damage Accident,15:21,2024-04-25,Thursday,Y,Daylight,FISHKILL,REAR END,DUTCHESS,Straight and Level,Clear,Traffic Signal,Dry,52 82042043,Not Applicable,"Other Motor Vehicle, Collision With",2,299256,36027,1695,0.8,5987961.0,3975.0,1300
2024,Property Damage Accident,11:02,2024-04-25,Thursday,Y,Daylight,WAPPINGER,OTHER,DUTCHESS,Curve and Grade,Clear,,Dry,,Not Applicable,"Earth Embankment/Rock Cut/Ditch, Collision With Fixed Object",1,299256,36027,1695,0.8,5987961.0,3975.0,1300
2024,Property Damage Accident,16:40,2024-04-25,Thursday,Y,Daylight,GOSHEN,OVERTAKING,ORANGE,Straight and Level,Clear,,Dry,17M83013086,Not Applicable,"Other Motor Vehicle, Collision With",2,415088,36071,4753,2.6,13857119.0,5167.5,1527
2024,Property Damage & Injury Accident,16:24,2024-04-25,Thursday,Y,Daylight,NEW WINDSOR,LEFT TURN (0),ORANGE,Curve and Grade,Clear,,Dry,980T83011005,Not Applicable,"Other Motor Vehicle, Collision With",2,415088,36071,4753,2.6,13857119.0,5167.5,1527
2024,Property Damage & Injury Accident,18:15,2024-04-25,Thursday,Y,Daylight,NEWBURGH,REAR END,ORANGE,Straight and Level,Clear,Stop Sign,Dry,,Not Applicable,"Other Motor Vehicle, Collision With",2,415088,36071,4753,2.6,13857119.0,5167.5,1527
2024,Property Damage & Injury Accident,11:18,2024-04-25,Thursday,Y,Daylight,WAWAYANDA,RIGHT ANGLE,ORANGE,Curve and Level,Clear,No Passing Zone,Dry,,Not Applicable,"Other Motor Vehicle, Collision With",2,415088,36071,4753,2.6,13857119.0,5167.5,1527
2024,Property Damage & Injury Accident,16:41,2024-04-25,Thursday,Y,Daylight,DEERPARK,SIDESWIPE,ORANGE,Straight and Level,Clear,No Passing Zone,Dry,209 83012063,Not Applicable,"Other Motor Vehicle, Collision With",2,415088,36071,4753,2.6,13857119.0,5167.5,1527
2024,Property Damage Accident,20:20,2024-04-25,Thursday,Y,Dark-Road Unlighted,HIGHLANDS,OTHER,ORANGE,Straight and Level,Clear,No Passing Zone,Dry,218 83011042,Not Applicable,Deer,1,415088,36071,4753,2.6,13857119.0,5167.5,1527
2024,Property Damage Accident,16:08,2024-04-25,Thursday,Y,Daylight,WALLKILL,LEFT TURN (3),ORANGE,Straight and Level,Clear,Stop Sign,Dry,17M83011014,Not Applicable,"Other Motor Vehicle, Collision With",2,415088,36071,4753,2.6,13857119.0,5167.5,1527
2024,Property Damage Accident,18:20,2024-04-25,Thursday,Y,Daylight,WOODBURY,SIDESWIPE,ORANGE,Straight and Grade,Clear,No Passing Zone,Dry,6 83012360,Not Applicable,"Other Motor Vehicle, Collision With",2,415088,36071,4753,2.6,13857119.0,5167.5,1527
2024,Property Damage & Injury Accident,23:28,2024-04-25,Thursday,Y,Dark-Road Unlighted,NEWBURGH,OTHER,ORANGE,Curve and Level,Clear,,Dry,,Not Applicable,"Guide Rail - End, Collision With Fixed Object",1,415088,36071,4753,2.6,13857119.0,5167.5,1527
2024,Property Damage Accident,8:26,2024-04-25,Thursday,Y,Daylight,SOUTHEAST,OVERTAKING,PUTNAM,Straight and Level,Clear,,Dry,84I84031127,Not Applicable,"Other Motor Vehicle, Collision With",2,98842,36079,509,0.7,2746105.0,4089.2,375
2024,Property Damage Accident,7:40,2024-04-25,Thursday,Y,Daylight,ORANGETOWN,OVERTAKING,ROCKLAND,Straight and Level,Clear,No Passing Zone,Dry,,Not Applicable,"Other Motor Vehicle, Collision With",2,354829,36087,259,0.3,7336134.0,9989.2,886
2024,Property Damage Accident,17:17,2024-04-25,Thursday,Y,Daylight,ELLENVILLE,REAR END,ULSTER,Straight and Level,Clear,,Dry,209 86031045,Not Applicable,"Other Motor Vehicle, Collision With",2,183095,36111,3565,1.2,6410502.0,3939.4,999
2024,Property Damage Accident,8:51,2024-04-25,Thursday,Y,Daylight,KINGSTON,RIGHT ANGLE,ULSTER,Straight and Level,Clear,Stop Sign,Dry,,Not Applicable,"Other Motor Vehicle, Collision With",2,183095,36111,3565,1.2,6410502.0,3939.4,999
2024,Property Damage Accident,0:52,2024-04-25,Thursday,Y,Dark-Road Lighted,YONKERS,OTHER,WESTCHESTER,Straight and Grade,Clear,,Dry,,Not Applicable,"Other Motor Vehicle, Collision With",3,1009165,36119,850,0.8,18110248.0,6143.2,3354
2024,Property Damage Accident,15:48,2024-04-25,Thursday,Y,Daylight,YORKTOWN,REAR END,WESTCHESTER,Straight and Level,Clear,,Dry,,Not Applicable,"Other Motor Vehicle, Collision With",2,1009165,36119,850,0.8,18110248.0,6143.2,3354
2024,Property Damage Accident,22:21,2024-04-25,Thursday,Y,Dark-Road Lighted,PORT CHESTER,LEFT TURN (3),WESTCHESTER,Straight and Level,Clear,Traffic Signal,Dry,1 87035007,Not Applicable,"Other Motor Vehicle, Collision With",2,1009165,36119,850,0.8,18110248.0,6143.2,3354
2024,Property Damage Accident,8:18,2024-04-25,Thursday,Y,Daylight,SOMERS,REAR END,WESTCHESTER,Straight and Level,Clear,No Passing Zone,Dry,202 87043127,Not Applicable,"Other Motor Vehicle, Collision With",2,1009165,36119,850,0.8,18110248.0,6143.2,3354
2024,Property Damage Accident,16:04,2024-04-25,Thursday,Y,Daylight,RYE,REAR END,WESTCHESTER,Straight and Level,Cloudy,,Dry,120 87011002,Not Applicable,"Other Motor Vehicle, Collision With",2,1009165,36119,850,0.8,18110248.0,6143.2,3354
2024,Property Damage Accident,17:55,2024-04-25,Thursday,Y,Daylight,NEW ROCHELLE,OVERTAKING,WESTCHESTER,Straight and Level,Clear,Yield Sign,Dry,,Not Applicable,"Other Motor Vehicle, Collision With",2,1009165,36119,850,0.8,18110248.0,6143.2,3354
2024,Property Damage Accident,12:00,2024-04-25,Thursday,Y,Daylight,RYE,REAR END,WESTCHESTER,Straight and Level,Clear,,Dry,,Not Applicable,"Other Motor Vehicle, Collision With",2,1009165,36119,850,0.8,18110248.0,6143.2,3354
2024,Property Damage Accident,12:45,2024-04-25,Thursday,Y,Daylight,NEW ROCHELLE,OVERTAKING,WESTCHESTER,Straight and Level,Clear,,Dry,,Not Applicable,"Other Motor Vehicle, Collision With",2,1009165,36119,850,0.8,18110248.0,6143.2,3354
2024,Property Damage Accident,18:15,2024-04-25,Thursday,Y,Daylight,SOMERS,REAR END,WESTCHESTER,Straight and Grade,Clear,Traffic Signal,Dry,139 87011027,Not Applicable,"Other Motor Vehicle, Collision With",2,1009165,36119,850,0.8,18110248.0,6143.2,3354
2024,Property Damage Accident,16:21,2024-04-25,Thursday,Y,Daylight,YONKERS,REAR END,WESTCHESTER,Straight and Level,Clear,,Dry,983B87011004,Not Applicable,"Other Motor Vehicle, Collision With",2,1009165,36119,850,0.8,18110248.0,6143.2,3354
2024,Property Damage Accident,16:24,2024-04-25,Thursday,Y,Daylight,HARRISON,REAR END,WESTCHESTER,Straight and Level,Clear,Traffic Signal,Dry,,Not Applicable,"Other Motor Vehicle, Collision With",2,1009165,36119,850,0.8,18110248.0,6143.2,3354
2024,Property Damage & Injury Accident,15:17,2024-04-25,Thursday,Y,Daylight,WHITE PLAINS,OVERTAKING,WESTCHESTER,Straight and Level,Clear,,Dry,287I87011064,Not Applicable,"Other Motor Vehicle, Collision With",2,1009165,36119,850,0.8,18110248.0,6143.2,3354
2024,Property Damage Accident,16:56,2024-04-25,Thursday,Y,Daylight,MAMARONECK,OTHER,WESTCHESTER,Straight and Level,Cloudy,,Dry,125 87011004,Not Applicable,"Other Motor Vehicle, Collision With",3,1009165,36119,850,0.8,18110248.0,6143.2,3354
2024,Property Damage Accident,16:01,2024-04-26,Friday,Y,Daylight,WAPPINGER,REAR END,DUTCHESS,Straight and Level,Clear,Stop Sign,Dry,,Not Applicable,"Other Motor Vehicle, Collision With",2,299256,36027,1695,0.8,5987961.0,3975.0,1300
2024,Property Damage & Injury Accident,8:30,2024-04-26,Friday,N,Daylight,DOVER,OTHER,DUTCHESS,Curve and Level,Clear,,Dry,,Not Applicable,"Other Motor Vehicle, Collision With",4,299256,36027,1695,0.8,5987961.0,3975.0,1300
2024,Property Damage Accident,2:45,2024-04-26,Friday,Y,Dark-Road Unlighted,FISHKILL,OTHER,DUTCHESS,Curve and Level,Clear,,Dry,84I82021077,Not Applicable,"Tree, Collision With Fixed Object",1,299256,36027,1695,0.8,5987961.0,3975.0,1300
2024,Property Damage Accident,9:00,2024-04-26,Friday,Y,Daylight,EAST FISHKILL,OTHER,DUTCHESS,Straight and Level,Clear,,Dry,84I82021086,Not Applicable,Deer,1,299256,36027,1695,0.8,5987961.0,3975.0,1300
2024,Property Damage Accident,13:02,2024-04-26,Friday,Y,Daylight,LA GRANGE,OTHER,DUTCHESS,Straight and Level,Clear,,Dry,55 82032049,Not Applicable,"Other Motor Vehicle, Collision With",2,299256,36027,1695,0.8,5987961.0,3975.0,1300
2024,Property Damage Accident,14:46,2024-04-26,Friday,Y,Daylight,HYDE PARK,REAR END,DUTCHESS,Straight at Hill Crest,Clear,,Dry,115 82012033,Not Applicable,"Other Motor Vehicle, Collision With",2,299256,36027,1695,0.8,5987961.0,3975.0,1300
2024,Property Damage Accident,0:03,2024-04-26,Friday,Y,Dark-Road Unlighted,BLOOMING GROVE,OTHER,ORANGE,Curve and Level,Clear,No Passing Zone,Dry,,Not Applicable,"Earth Embankment/Rock Cut/Ditch, Collision With Fixed Object",1,415088,36071,4753,2.6,13857119.0,5167.5,1527
2024,Property Damage Accident,19:30,2024-04-26,Friday,Y,Daylight,MIDDLETOWN,REAR END,ORANGE,Straight and Level,Clear,Traffic Signal,Dry,211 83012021,Not Applicable,"Other Motor Vehicle, Collision With",2,415088,36071,4753,2.6,13857119.0,5167.5,1527
2024,Property Damage Accident,16:50,2024-04-26,Friday,Y,Daylight,MONTGOMERY,REAR END,ORANGE,Straight and Level,Clear,,Dry,208 83011209,Not Applicable,"Other Motor Vehicle, Collision With",2,415088,36071,4753,2.6,13857119.0,5167.5,1527
2024,Property Damage Accident,15:19,2024-04-26,Friday,Y,Daylight,BLOOMING GROVE,OTHER,ORANGE,Straight and Level,Clear,,Dry,,Not Applicable,"Tree, Collision With Fixed Object",1,415088,36071,4753,2.6,13857119.0,5167.5,1527
2024,Property Damage Accident,15:30,2024-04-26,Friday,Y,Daylight,WOODBURY,REAR END,ORANGE,Straight and Level,Clear,,Dry,6 83012382,Not Applicable,"Other Motor Vehicle, Collision With",2,415088,36071,4753,2.6,13857119.0,5167.5,1527
2024,Property Damage & Injury Accident,12:01,2024-04-26,Friday,Y,Daylight,CARMEL,OTHER,PUTNAM,Curve and Level,Clear,No Passing Zone,Dry,6 84041050,Not Applicable,"Other Motor Vehicle, Collision With",3,98842,36079,509,0.7,2746105.0,4089.2,375
2024,Property Damage Accident,18:50,2024-04-26,Friday,Y,Daylight,RAMAPO,OTHER,ROCKLAND,Straight and Level,Clear,,Dry,,Not Applicable,"Other Object (Not Fixed)*, Collision With",1,354829,36087,259,0.3,7336134.0,9989.2,886
2024,Property Damage & Injury Accident,13:10,2024-04-26,Friday,Y,Daylight,STONY POINT,LEFT TURN (0),ROCKLAND,Straight and Grade,Clear,Traffic Signal,Dry,9W85011176,Not Applicable,"Other Motor Vehicle, Collision With",2,354829,36087,259,0.3,7336134.0,9989.2,886
2024,Property Damage & Injury Accident,7:44,2024-04-26,Friday,Y,Daylight,SPRING VALLEY,OTHER,ROCKLAND,Straight and Level,Clear,Stop Sign,Dry,,Not Applicable,"Other Motor Vehicle, Collision With",2,354829,36087,259,0.3,7336134.0,9989.2,886
2024,Property Damage Accident,12:43,2024-04-26,Friday,Y,Daylight,SUFFERN,OTHER,ROCKLAND,Curve and Level,Clear,,Dry,59 85011013,Not Applicable,"Barrier, Collision With Fixed Object",2,354829,36087,259,0.3,7336134.0,9989.2,886