year,accident_descriptor,time,date,day_of_week,police_report,lighting_conditions,municipality,collision_type_descriptor,county_name,road_descriptor,weather_conditions,traffic_control_device,road_surface_conditions,dot_reference_marker_location,pedestrian_bicyclist_action,event_descriptor,number_of_vehicles_involved,county_population_2024,county_fips,county_deer_take_2024,county_antlerless_deer_per_sqmi_2024,county_daily_vmt_2019,county_mean_aadt_2019,county_aadt_segments_2019
2024,Property Damage Accident,13:55,2024-04-26,Friday,N,Daylight,CLARKSTOWN,REAR END,ROCKLAND,Straight and Level,Clear,,Dry,,Not Applicable,"Other Motor Vehicle, Collision With",2,354829,36087,259,0.3,7336134.0,9989.2,886
2024,Property Damage Accident,13:45,2024-04-26,Friday,Y,Daylight,CLARKSTOWN,RIGHT ANGLE,ROCKLAND,Straight and Level,Clear,,Dry,,Not Applicable,"Other Motor Vehicle, Collision With",2,354829,36087,259,0.3,7336134.0,9989.2,886
2024,Property Damage & Injury Accident,9:10,2024-04-26,Friday,Y,Daylight,,REAR END,ROCKLAND,Straight and Level,Clear,,Dry,,Not Applicable,"Other Motor Vehicle, Collision With",2,354829,36087,259,0.3,7336134.0,9989.2,886
2024,Property Damage Accident,13:30,2024-04-26,Friday,Y,Daylight,NEW HEMPSTEAD,RIGHT TURN (6),ROCKLAND,Straight and Level,Clear,,Dry,45 85011053,Not Applicable,"Other Motor Vehicle, Collision With",2,354829,36087,259,0.3,7336134.0,9989.2,886
2024,Property Damage Accident,20:09,2024-04-26,Friday,Y,Dusk,WOODSTOCK,OTHER,ULSTER,Straight and Level,Clear,,Dry,212 86011107,Not Applicable,Deer,1,183095,36111,3565,1.2,6410502.0,3939.4,999
2024,Property Damage Accident,13:10,2024-04-26,Friday,Y,Daylight,PLEASANTVILLE,OVERTAKING,WESTCHESTER,Straight and Level,Clear,,Dry,987D87012134,Not Applicable,"Other Motor Vehicle, Collision With",2,1009165,36119,850,0.8,18110248.0,6143.2,3354
2024,Property Damage Accident,8:21,2024-04-26,Friday,Y,Daylight,NEW ROCHELLE,OTHER,WESTCHESTER,Straight and Level,Clear,,Dry,,Not Applicable,"Other Motor Vehicle, Collision With",2,1009165,36119,850,0.8,18110248.0,6143.2,3354
2024,Property Damage Accident,15:20,2024-04-26,Friday,N,Daylight,PELHAM MANOR,OVERTAKING,WESTCHESTER,Straight and Level,Clear,,Dry,1 87031001,Not Applicable,"Other Motor Vehicle, Collision With",2,1009165,36119,850,0.8,18110248.0,6143.2,3354
2024,Property Damage & Injury Accident,11:38,2024-04-26,Friday,Y,Daylight,NEW ROCHELLE,REAR END,WESTCHESTER,Straight and Grade,Cloudy,,Dry,,Not Applicable,"Other Motor Vehicle, Collision With",2,1009165,36119,850,0.8,18110248.0,6143.2,3354
2024,Property Damage Accident,13:32,2024-04-26,Friday,Y,Daylight,PLEASANTVILLE,OVERTAKING,WESTCHESTER,Straight and Level,Clear,,Dry,,Not Applicable,"Other Motor Vehicle, Collision With",2,1009165,36119,850,0.8,18110248.0,6143.2,3354
2024,Property Damage Accident,16:58,2024-04-26,Friday,Y,Daylight,TARRYTOWN,OVERTAKING,WESTCHESTER,Straight and Level,Clear,,Dry,9 87032064,Not Applicable,"Other Motor Vehicle, Collision With",2,1009165,36119,850,0.8,18110248.0,6143.2,3354
2024,Property Damage Accident,18:24,2024-04-26,Friday,Y,Daylight,SCARSDALE,REAR END,WESTCHESTER,Straight and Level,Clear,,Dry,,Not Applicable,"Other Motor Vehicle, Collision With",2,1009165,36119,850,0.8,18110248.0,6143.2,3354
2024,Property Damage Accident,6:57,2024-04-26,Friday,Y,Daylight,YORKTOWN,OTHER,WESTCHESTER,Straight and Level,Clear,,Dry,987G87011120,Not Applicable,Deer,1,1009165,36119,850,0.8,18110248.0,6143.2,3354
2024,Property Damage Accident,9:13,2024-04-26,Friday,Y,Daylight,WHITE PLAINS,LEFT TURN (3),WESTCHESTER,Straight at Hill Crest,Clear,,Dry,,Not Applicable,"Other Motor Vehicle, Collision With",2,1009165,36119,850,0.8,18110248.0,6143.2,3354
2024,Property Damage & Injury Accident,1:20,2024-04-26,Friday,Y,Dark-Road Lighted,YONKERS,OTHER,WESTCHESTER,Curve and Level,Clear,,Dry,,Not Applicable,"Building/Wall, Collision With Fixed Object",1,1009165,36119,850,0.8,18110248.0,6143.2,3354
2024,Property Damage & Injury Accident,16:54,2024-04-26,Friday,Y,Daylight,HARRISON,OVERTAKING,WESTCHESTER,Straight and Level,Clear,,Dry,287I87011071,Not Applicable,"Other Motor Vehicle, Collision With",2,1009165,36119,850,0.8,18110248.0,6143.2,3354
2024,Property Damage & Injury Accident,17:00,2024-04-26,Friday,N,Daylight,SCARSDALE,LEFT TURN (0),WESTCHESTER,Straight and Level,Clear,Stop Sign,Dry,,Not Applicable,"Other Motor Vehicle, Collision With",2,1009165,36119,850,0.8,18110248.0,6143.2,3354
2024,Property Damage & Injury Accident,13:53,2024-04-26,Friday,Y,Daylight,HARRISON,OTHER,WESTCHESTER,Straight and Level,Clear,,Dry,287I87011064,Not Applicable,"Other Motor Vehicle, Collision With",2,1009165,36119,850,0.8,18110248.0,6143.2,3354
2024,Property Damage Accident,15:30,2024-04-26,Friday,Y,Daylight,CORTLANDT,OTHER,WESTCHESTER,Straight and Level,Clear,No Passing Zone,Dry,,Not Applicable,"Building/Wall, Collision With Fixed Object",1,1009165,36119,850,0.8,18110248.0,6143.2,3354
2024,Property Damage & Injury Accident,7:00,2024-04-26,Friday,Y,Dawn,YONKERS,OTHER,WESTCHESTER,Straight and Level,Clear,,Dry,987F87011033,Not Applicable,"Other Motor Vehicle, Collision With",7,1009165,36119,850,0.8,18110248.0,6143.2,3354
2024,Property Damage Accident,20:46,2024-04-26,Friday,Y,Dark-Road Lighted,PEEKSKILL,OVERTAKING,WESTCHESTER,Straight and Level,Clear,,Dry,,Not Applicable,"Other Motor Vehicle, Collision With",2,1009165,36119,850,0.8,18110248.0,6143.2,3354
2024,Property Damage & Injury Accident,15:18,2024-04-26,Friday,Y,Daylight,PLEASANTVILLE,OVERTAKING,WESTCHESTER,Straight and Level,Clear,,Dry,,Not Applicable,"Other Motor Vehicle, Collision With",2,1009165,36119,850,0.8,18110248.0,6143.2,3354
2024,Property Damage Accident,3:00,2024-04-26,Friday,Y,Dark-Road Lighted,OSSINING,OTHER,WESTCHESTER,Straight and Level,Clear,,Dry,,Not Applicable,"Other Motor Vehicle, Collision With",2,1009165,36119,850,0.8,18110248.0,6143.2,3354
2024,Property Damage Accident,16:00,2024-04-26,Friday,Y,Daylight,WHITE PLAINS,OVERTAKING,WESTCHESTER,Straight and Level,Clear,Traffic Signal,Dry,,Not Applicable,"Other Motor Vehicle, Collision With",2,1009165,36119,850,0.8,18110248.0,6143.2,3354
2024,Property Damage Accident,12:00,2024-04-27,Saturday,Y,Daylight,HYDE PARK,REAR END,DUTCHESS,Straight and Level,Clear,Traffic Signal,Dry,9 82053021,Not Applicable,"Other Motor Vehicle, Collision With",2,299256,36027,1695,0.8,5987961.0,3975.0,1300
2024,Property Damage Accident,13:38,2024-04-27,Saturday,Y,Daylight,LA GRANGE,OTHER,DUTCHESS,Straight and Level,Cloudy,,Dry,,Not Applicable,"Light Support/Utility Pole, Collision With Fixed Object",1,299256,36027,1695,0.8,5987961.0,3975.0,1300
2024,Property Damage Accident,14:10,2024-04-27,Saturday,Y,Daylight,WAPPINGER,OTHER,DUTCHESS,Curve and Level,Clear,No Passing Zone,Dry,,Not Applicable,"Tree, Collision With Fixed Object",1,299256,36027,1695,0.8,5987961.0,3975.0,1300
2024,Property Damage Accident,0:02,2024-04-27,Saturday,Y,Dark-Road Unlighted,WOODBURY,OTHER,ORANGE,Straight and Level,Cloudy,,Wet,,Not Applicable,Deer,1,415088,36071,4753,2.6,13857119.0,5167.5,1527
2024,Injury Accident,10:48,2024-04-27,Saturday,Y,Daylight,WARWICK,OTHER,ORANGE,Straight and Level,Clear,,Dry,,"Crossing, No Signal or Crosswalk","Pedestrian, Collision With",1,415088,36071,4753,2.6,13857119.0,5167.5,1527
2024,Property Damage & Injury Accident,20:00,2024-04-27,Saturday,N,Dark-Road Lighted,WALLKILL,OTHER,ORANGE,Straight and Level,Rain,Traffic Signal,Wet,211 83013016,Not Applicable,"Other Motor Vehicle, Collision With",4,415088,36071,4753,2.6,13857119.0,5167.5,1527
2024,Property Damage & Injury Accident,15:52,2024-04-27,Saturday,Y,Daylight,MONTGOMERY,REAR END,ORANGE,Straight and Grade,Clear,Stop Sign,Dry,17K83011100,Not Applicable,"Other Motor Vehicle, Collision With",2,415088,36071,4753,2.6,13857119.0,5167.5,1527
2024,Property Damage Accident,7:50,2024-04-27,Saturday,N,Daylight,PORT JERVIS,OTHER,ORANGE,Straight and Level,Clear,,Dry,,Not Applicable,Deer,1,415088,36071,4753,2.6,13857119.0,5167.5,1527
2024,Property Damage Accident,9:46,2024-04-27,Saturday,Y,Daylight,MONTGOMERY,LEFT TURN (3),ORANGE,Curve and Grade,Clear,,Dry,,Not Applicable,"Other Motor Vehicle, Collision With",2,415088,36071,4753,2.6,13857119.0,5167.5,1527
2024,Property Damage & Injury Accident,7:19,2024-04-27,Saturday,Y,Daylight,SOUTHEAST,RIGHT ANGLE,PUTNAM,Straight and Grade,Clear,,Dry,6 84041117,Not Applicable,"Other Motor Vehicle, Collision With",2,98842,36079,509,0.7,2746105.0,4089.2,375
2024,Property Damage Accident,13:45,2024-04-27,Saturday,Y,Daylight,CLARKSTOWN,OTHER,ROCKLAND,Straight and Level,Clear,,Dry,59 85011093,Not Applicable,"Other Motor Vehicle, Collision With",2,354829,36087,259,0.3,7336134.0,9989.2,886
2024,Property Damage Accident,6:50,2024-04-27,Saturday,Y,Daylight,CLARKSTOWN,REAR END,ROCKLAND,Straight and Grade,Clear,,Dry,,Not Applicable,"Other Motor Vehicle, Collision With",2,354829,36087,259,0.3,7336134.0,9989.2,886
2024,Property Damage Accident,18:14,2024-04-27,Saturday,Y,Daylight,CLARKSTOWN,OVERTAKING,ROCKLAND,Straight and Level,Cloudy,,Dry,304 85011055,Not Applicable,"Other Motor Vehicle, Collision With",2,354829,36087,259,0.3,7336134.0,9989.2,886
2024,Property Damage Accident,15:26,2024-04-27,Saturday,Y,Daylight,ORANGETOWN,SIDESWIPE,ROCKLAND,Straight and Level,Clear,,Dry,,Not Applicable,"Other Motor Vehicle, Collision With",2,354829,36087,259,0.3,7336134.0,9989.2,886
2024,Property Damage Accident,16:00,2024-04-27,Saturday,Y,Daylight,CLARKSTOWN,REAR END,ROCKLAND,Straight and Level,Clear,,Dry,303 85011059,Not Applicable,"Other Motor Vehicle, Collision With",2,354829,36087,259,0.3,7336134.0,9989.2,886
2024,Property Damage Accident,13:45,2024-04-27,Saturday,Y,Daylight,MONTEBELLO,HEAD ON,ROCKLAND,Straight and Level,Clear,,Dry,202 85011022,Not Applicable,"Other Motor Vehicle, Collision With",2,354829,36087,259,0.3,7336134.0,9989.2,886
2024,Property Damage Accident,14:21,2024-04-27,Saturday,Y,Daylight,KINGSTON,LEFT TURN (3),ULSTER,Straight and Level,Clear,,Dry,,Not Applicable,"Other Motor Vehicle, Collision With",2,183095,36111,3565,1.2,6410502.0,3939.4,999
2024,Property Damage Accident,10:20,2024-04-27,Saturday,Y,Daylight,LEWISBORO,OTHER,WESTCHESTER,Straight and Level,Clear,,Dry,123 87011011,Not Applicable,"Other Motor Vehicle, Collision With",2,1009165,36119,850,0.8,18110248.0,6143.2,3354
2024,Property Damage Accident,16:10,2024-04-27,Saturday,Y,Daylight,PEEKSKILL,LEFT TURN (3),WESTCHESTER,Straight and Level,Clear,Traffic Signal,Dry,987H87011017,Not Applicable,"Other Motor Vehicle, Collision With",2,1009165,36119,850,0.8,18110248.0,6143.2,3354
2024,Property Damage Accident,10:45,2024-04-27,Saturday,Y,Daylight,NEW ROCHELLE,RIGHT ANGLE,WESTCHESTER,Straight and Level,Cloudy,,Dry,,Not Applicable,"Other Motor Vehicle, Collision With",2,1009165,36119,850,0.8,18110248.0,6143.2,3354
2024,Property Damage Accident,17:49,2024-04-27,Saturday,Y,Daylight,NEW ROCHELLE,REAR END,WESTCHESTER,Straight and Level,Clear,,Dry,,Not Applicable,"Other Motor Vehicle, Collision With",2,1009165,36119,850,0.8,18110248.0,6143.2,3354
2024,Property Damage Accident,2:48,2024-04-27,Saturday,Y,Dark-Road Lighted,EASTCHESTER,OVERTAKING,WESTCHESTER,Straight and Grade,Clear,,Dry,,Not Applicable,"Other Motor Vehicle, Collision With",2,1009165,36119,850,0.8,18110248.0,6143.2,3354
2024,Property Damage Accident,4:07,2024-04-27,Saturday,Y,Dark-Road Lighted,YONKERS,REAR END,WESTCHESTER,Curve at Hill Crest,Clear,,Dry,,Not Applicable,"Other Motor Vehicle, Collision With",2,1009165,36119,850,0.8,18110248.0,6143.2,3354
2024,Property Damage Accident,23:30,2024-04-27,Saturday,Y,Dusk,RYE,OTHER,WESTCHESTER,Straight and Level,Rain,,Wet,,Not Applicable,"Barrier, Collision With Fixed Object",1,1009165,36119,850,0.8,18110248.0,6143.2,3354
2024,Property Damage Accident,3:30,2024-04-27,Saturday,Y,Dark-Road Lighted,WHITE PLAINS,Unknown,WESTCHESTER,Straight and Level,Clear,,Dry,,Not Applicable,"Other Motor Vehicle, Collision With",2,1009165,36119,850,0.8,18110248.0,6143.2,3354
2024,Property Damage Accident,15:19,2024-04-28,Sunday,Y,Daylight,FISHKILL,REAR END,DUTCHESS,Straight and Level,Clear,,Dry,52 82042054,Not Applicable,"Other Motor Vehicle, Collision With",2,299256,36027,1695,0.8,5987961.0,3975.0,1300
2024,Property Damage Accident,9:27,2024-04-28,Sunday,Y,Daylight,FISHKILL,OVERTAKING,DUTCHESS,Straight and Level,Clear,,Dry,,Not Applicable,"Other Motor Vehicle, Collision With",2,299256,36027,1695,0.8,5987961.0,3975.0,1300
2024,Injury Accident,12:00,2024-04-28,Sunday,N,Daylight,WALLKILL,OTHER,ORANGE,Straight and Level,Clear,,Dry,,Not Applicable,"Guide Rail - Not At End, Collision With Fixed Object",2,415088,36071,4753,2.6,13857119.0,5167.5,1527
2024,Property Damage Accident,12:00,2024-04-28,Sunday,Y,Daylight,WALLKILL,SIDESWIPE,ORANGE,Straight and Level,Clear,,Dry,,Not Applicable,"Other Motor Vehicle, Collision With",2,415088,36071,4753,2.6,13857119.0,5167.5,1527
2024,Property Damage Accident,11:25,2024-04-28,Sunday,Y,Daylight,SPRING VALLEY,REAR END,ROCKLAND,Straight and Grade,Clear,,Dry,59 85011077,Not Applicable,"Other Motor Vehicle, Collision With",2,354829,36087,259,0.3,7336134.0,9989.2,886
2024,Property Damage Accident,14:00,2024-04-28,Sunday,N,Unknown,HAVERSTRAW,Unknown,ROCKLAND,Unknown,Unknown,Other,Unknown,,Not Applicable,"Other Motor Vehicle, Collision With",2,354829,36087,259,0.3,7336134.0,9989.2,886
2024,Property Damage Accident,6:40,2024-04-28,Sunday,N,Unknown,UPPER NYACK,OTHER,ROCKLAND,Unknown,Unknown,Unknown,Unknown,59 85011140,Unknown,"Pedestrian, Collision With",1,354829,36087,259,0.3,7336134.0,9989.2,886
2024,Property Damage & Injury Accident,14:18,2024-04-28,Sunday,Y,Daylight,STONY POINT,SIDESWIPE,ROCKLAND,Straight and Grade,Clear,No Passing Zone,Dry,9W85011237,Not Applicable,"Other Motor Vehicle, Collision With",2,354829,36087,259,0.3,7336134.0,9989.2,886
2024,Property Damage & Injury Accident,14:04,2024-04-28,Sunday,Y,Daylight,SPRING VALLEY,REAR END,ROCKLAND,Straight and Level,Clear,Stop Sign,Dry,,Not Applicable,"Other Motor Vehicle, Collision With",2,354829,36087,259,0.3,7336134.0,9989.2,886
2024,Property Damage Accident,15:49,2024-04-28,Sunday,Y,Daylight,SUFFERN,OTHER,ROCKLAND,Straight and Level,Clear,Stop Sign,Dry,,Not Applicable,"Light Support/Utility Pole, Collision With Fixed Object",1,354829,36087,259,0.3,7336134.0,9989.2,886
2024,Property Damage & Injury Accident,15:05,2024-04-28,Sunday,Y,Daylight,OLIVE,OTHER,ULSTER,Straight and Level,Clear,,Dry,,Not Applicable,"Earth Embankment/Rock Cut/Ditch, Collision With Fixed Object",1,183095,36111,3565,1.2,6410502.0,3939.4,999
2024,Property Damage Accident,8:49,2024-04-28,Sunday,Y,Daylight,OLIVE,OVERTAKING,ULSTER,Straight and Level,Clear,No Passing Zone,Dry,28 86012168,Not Applicable,"Other Motor Vehicle, Collision With",2,183095,36111,3565,1.2,6410502.0,3939.4,999
2024,Property Damage Accident,20:44,2024-04-28,Sunday,Y,Dark-Road Unlighted,PEEKSKILL,RIGHT ANGLE,WESTCHESTER,Straight and Level,Rain,Traffic Signal,Wet,,Not Applicable,"Other Motor Vehicle, Collision With",2,1009165,36119,850,0.8,18110248.0,6143.2,3354
2024,Property Damage Accident,17:31,2024-04-28,Sunday,Y,Daylight,YONKERS,LEFT TURN (0),WESTCHESTER,Straight and Level,Clear,,Dry,984L87011004,Not Applicable,"Other Motor Vehicle, Collision With",2,1009165,36119,850,0.8,18110248.0,6143.2,3354
2024,Property Damage & Injury Accident,21:12,2024-04-28,Sunday,Y,Dark-Road Lighted,MAMARONECK,OTHER,WESTCHESTER,Straight and Level,Clear,Stop Sign,Dry,125 87011000,Not Applicable,"Other Motor Vehicle, Collision With",2,1009165,36119,850,0.8,18110248.0,6143.2,3354
2024,Property Damage Accident,12:15,2024-04-28,Sunday,Y,Daylight,MOUNT PLEASANT,OVERTAKING,WESTCHESTER,Straight and Level,Clear,,Dry,987F87012067,Not Applicable,"Other Motor Vehicle, Collision With",2,1009165,36119,850,0.8,18110248.0,6143.2,3354
2024,Property Damage & Injury Accident,23:29,2024-04-28,Sunday,Y,Dark-Road Lighted,YONKERS,Unknown,WESTCHESTER,Curve and Level,Clear,,Dry,983B87011004,Not Applicable,"Other Motor Vehicle, Collision With",2,1009165,36119,850,0.8,18110248.0,6143.2,3354
2024,Property Damage Accident,9:07,2024-04-28,Sunday,Y,Daylight,NEW CASTLE,OTHER,WESTCHESTER,Straight and Level,Cloudy,,Wet,684I87011074,Not Applicable,Deer,1,1009165,36119,850,0.8,18110248.0,6143.2,3354
2024,Property Damage Accident,16:08,2024-04-28,Sunday,Y,Daylight,WHITE PLAINS,REAR END,WESTCHESTER,Straight and Grade,Clear,Yield Sign,Dry,,Not Applicable,"Other Motor Vehicle, Collision With",2,1009165,36119,850,0.8,18110248.0,6143.2,3354
2024,Property Damage Accident,13:40,2024-04-28,Sunday,Y,Daylight,HARRISON,REAR END,WESTCHESTER,Straight and Level,Cloudy,,Dry,907W87025011,Not Applicable,"Other Motor Vehicle, Collision With",2,1009165,36119,850,0.8,18110248.0,6143.2,3354
2024,Property Damage Accident,12:30,2024-04-28,Sunday,Y,Daylight,MOUNT VERNON,REAR END,WESTCHESTER,Straight and Grade,Clear,,Dry,,Not Applicable,"Other Motor Vehicle, Collision With",2,1009165,36119,850,0.8,18110248.0,6143.2,3354
2024,Property Damage & Injury Accident,12:43,2024-04-28,Sunday,Y,Daylight,PORT CHESTER,OTHER,WESTCHESTER,Straight and Level,Clear,,Dry,,Not Applicable,"Other Motor Vehicle, Collision With",3,1009165,36119,850,0.8,18110248.0,6143.2,3354
2024,Injury Accident,18:31,2024-04-28,Sunday,Y,Daylight,PELHAM MANOR,OTHER,WESTCHESTER,Straight and Grade,Cloudy,,Dry,,Riding/Walking/Skating Along Highway With Traffic,"Bicyclist, Collision With",1,1009165,36119,850,0.8,18110248.0,6143.2,3354
2024,Injury Accident,16:57,2024-04-29,Monday,Y,Daylight,EAST FISHKILL,REAR END,DUTCHESS,Straight and Level,Clear,Traffic Signal,Dry,,Not Applicable,"Other Motor Vehicle, Collision With",2,299256,36027,1695,0.8,5987961.0,3975.0,1300
2024,Property Damage & Injury Accident,7:00,2024-04-29,Monday,Y,Daylight,WAPPINGER,LEFT TURN (0),DUTCHESS,Straight and Level,Clear,,Dry,82 82011018,Not Applicable,"Other Motor Vehicle, Collision With",2,299256,36027,1695,0.8,5987961.0,3975.0,1300
2024,Property Damage Accident,15:30,2024-04-29,Monday,Y,Daylight,POUGHKEEPSIE,OTHER,DUTCHESS,Straight and Level,Clear,Other,Dry,9 82051129,Not Applicable,"Other Motor Vehicle, Collision With",2,299256,36027,1695,0.8,5987961.0,3975.0,1300
2024,Injury Accident,19:15,2024-04-29,Monday,Y,Daylight,POUGHKEEPSIE,OTHER,DUTCHESS,Straight and Level,Clear,,Dry,,Riding/Walking/Skating Along Highway With Traffic,"Bicyclist, Collision With",1,299256,36027,1695,0.8,5987961.0,3975.0,1300
2024,Property Damage Accident,17:51,2024-04-29,Monday,Y,Daylight,POUGHKEEPSIE,REAR END,DUTCHESS,Straight and Level,Clear,Traffic Signal,Dry,9 82051131,Not Applicable,"Other Motor Vehicle, Collision With",2,299256,36027,1695,0.8,5987961.0,3975.0,1300
2024,Property Damage Accident,8:13,2024-04-29,Monday,Y,Daylight,WARWICK,OTHER,ORANGE,Curve and Level,Clear,,Dry,,Not Applicable,"Light Support/Utility Pole, Collision With Fixed Object",1,415088,36071,4753,2.6,13857119.0,5167.5,1527
2024,Property Damage Accident,6:51,2024-04-29,Monday,Y,Daylight,CORNWALL,REAR END,ORANGE,Straight and Level,Clear,,Dry,,Not Applicable,"Other Motor Vehicle, Collision With",2,415088,36071,4753,2.6,13857119.0,5167.5,1527
2024,Property Damage Accident,19:38,2024-04-29,Monday,Y,Daylight,PUTNAM VALLEY,OTHER,PUTNAM,Straight and Grade,Clear,No Passing Zone,Dry,,Not Applicable,"Light Support/Utility Pole, Collision With Fixed Object",1,98842,36079,509,0.7,2746105.0,4089.2,375
2024,Property Damage Accident,13:14,2024-04-29,Monday,Y,Daylight,CARMEL,OVERTAKING,PUTNAM,Straight and Level,Cloudy,,Dry,6 84041040,Not Applicable,"Other Motor Vehicle, Collision With",2,98842,36079,509,0.7,2746105.0,4089.2,375
2024,Property Damage Accident,14:00,2024-04-29,Monday,Y,Daylight,CLARKSTOWN,REAR END,ROCKLAND,Straight and Level,Clear,Stopped School Bus-Red Lights Flashing,Dry,,Not Applicable,"Other Motor Vehicle, Collision With",2,354829,36087,259,0.3,7336134.0,9989.2,886
2024,Property Damage Accident,12:50,2024-04-29,Monday,Y,Daylight,MOUNT KISCO,OVERTAKING,WESTCHESTER,Straight and Level,Clear,,Dry,117 87011105,Not Applicable,"Other Motor Vehicle, Collision With",2,1009165,36119,850,0.8,18110248.0,6143.2,3354
2024,Property Damage Accident,17:39,2024-04-29,Monday,Y,Daylight,YONKERS,OVERTAKING,WESTCHESTER,Straight and Grade,Clear,,Dry,,Not Applicable,"Other Motor Vehicle, Collision With",2,1009165,36119,850,0.8,18110248.0,6143.2,3354
2024,Property Damage & Injury Accident,17:00,2024-04-29,Monday,Y,Daylight,GREENBURGH,OVERTAKING,WESTCHESTER,Straight and Level,Clear,,Dry,987F87012030,Not Applicable,"Other Motor Vehicle, Collision With",2,1009165,36119,850,0.8,18110248.0,6143.2,3354
2024,Property Damage Accident,17:19,2024-04-29,Monday,Y,Daylight,YONKERS,REAR END,WESTCHESTER,Straight and Grade,Clear,,Dry,,Not Applicable,"Other Motor Vehicle, Collision With",2,1009165,36119,850,0.8,18110248.0,6143.2,3354
2024,Property Damage & Injury Accident,12:57,2024-04-29,Monday,Y,Daylight,YONKERS,Unknown,WESTCHESTER,Straight at Hill Crest,Clear,Traffic Signal,Dry,984E87011002,Not Applicable,"Other Motor Vehicle, Collision With",2,1009165,36119,850,0.8,18110248.0,6143.2,3354
2024,Property Damage Accident,11:30,2024-04-29,Monday,Y,Daylight,YORKTOWN,OTHER,WESTCHESTER,Straight and Level,Clear,,Dry,35 87012079,Not Applicable,"Curbing, Collision With Fixed Object",1,1009165,36119,850,0.8,18110248.0,6143.2,3354
2024,Property Damage Accident,10:23,2024-04-29,Monday,Y,Daylight,SCARSDALE,OVERTAKING,WESTCHESTER,Straight and Level,Clear,,Dry,22 87022036,Not Applicable,"Other Motor Vehicle, Collision With",2,1009165,36119,850,0.8,18110248.0,6143.2,3354
2024,Property Damage Accident,6:04,2024-04-29,Monday,Y,Dawn,ELMSFORD,OTHER,WESTCHESTER,Straight at Hill Crest,Clear,,Dry,119 87011023,Not Applicable,Deer,1,1009165,36119,850,0.8,18110248.0,6143.2,3354
2024,Property Damage Accident,12:38,2024-04-29,Monday,Y,Daylight,WHITE PLAINS,OVERTAKING,WESTCHESTER,Straight and Level,Clear,Traffic Signal,Dry,,Not Applicable,"Other Motor Vehicle, Collision With",2,1009165,36119,850,0.8,18110248.0,6143.2,3354
2024,Property Damage Accident,17:41,2024-04-29,Monday,Y,Daylight,YORKTOWN,REAR END,WESTCHESTER,Straight and Level,Clear,,Dry,,Not Applicable,"Other Motor Vehicle, Collision With",2,1009165,36119,850,0.8,18110248.0,6143.2,3354
2024,Property Damage & Injury Accident,6:44,2024-04-29,Monday,Y,Dawn,MOUNT PLEASANT,REAR END,WESTCHESTER,Straight and Level,Clear,Traffic Signal,Dry,,Not Applicable,"Other Motor Vehicle, Collision With",2,1009165,36119,850,0.8,18110248.0,6143.2,3354
2024,Property Damage Accident,8:25,2024-04-29,Monday,Y,Daylight,GREENBURGH,LEFT TURN (3),WESTCHESTER,Straight and Level,Clear,Traffic Signal,Dry,119 87011018,Not Applicable,"Other Motor Vehicle, Collision With",2,1009165,36119,850,0.8,18110248.0,6143.2,3354
2024,Property Damage Accident,17:30,2024-04-30,Tuesday,Y,Daylight,FISHKILL,OVERTAKING,DUTCHESS,Straight and Level,Clear,,Dry,980J82011017,Not Applicable,"Other Motor Vehicle, Collision With",2,299256,36027,1695,0.8,5987961.0,3975.0,1300
2024,Property Damage & Injury Accident,17:23,2024-04-30,Tuesday,Y,Daylight,STANFORD,REAR END,DUTCHESS,Straight and Level,Clear,,Dry,,Not Applicable,"Other Motor Vehicle, Collision With",2,299256,36027,1695,0.8,5987961.0,3975.0,1300
2024,Property Damage Accident,17:54,2024-04-30,Tuesday,Y,Daylight,FISHKILL,REAR END,DUTCHESS,Straight and Level,Clear,Traffic Signal,Dry,9D82033022,Not Applicable,"Other Motor Vehicle, Collision With",2,299256,36027,1695,0.8,5987961.0,3975.0,1300
2024,Property Damage Accident,9:09,2024-04-30,Tuesday,Y,Daylight,POUGHKEEPSIE,OVERTAKING,DUTCHESS,Straight and Level,Cloudy,Traffic Signal,Dry,983T82011006,Not Applicable,"Other Motor Vehicle, Collision With",2,299256,36027,1695,0.8,5987961.0,3975.0,1300
2024,Property Damage Accident,19:15,2024-04-30,Tuesday,N,Dusk,CRAWFORD,OTHER,ORANGE,Straight and Level,Rain,,Wet,,Not Applicable,Deer,1,415088,36071,4753,2.6,13857119.0,5167.5,1527
2024,Property Damage & Injury Accident,17:23,2024-04-30,Tuesday,Y,Daylight,WOODBURY,REAR END,ORANGE,Straight and Grade,Clear,Unknown,Dry,6 83012364,Not Applicable,"Other Motor Vehicle, Collision With",2,415088,36071,4753,2.6,13857119.0,5167.5,1527
2024,Property Damage Accident,17:33,2024-04-30,Tuesday,Y,Daylight,WALLKILL,RIGHT ANGLE,ORANGE,Straight and Level,Clear,Traffic Signal,Dry,211 83013010,Not Applicable,"Other Motor Vehicle, Collision With",2,415088,36071,4753,2.6,13857119.0,5167.5,1527
2024,Property Damage Accident,22:00,2024-04-30,Tuesday,Y,Dark-Road Unlighted,KENT,OTHER,PUTNAM,Straight and Level,Fog/Smog/Smoke,Other,Wet,987G84021107,Not Applicable,"Bridge Structure, Collision With Fixed Object",1,98842,36079,509,0.7,2746105.0,4089.2,375