year,accident_descriptor,time,date,day_of_week,police_report,lighting_conditions,municipality,collision_type_descriptor,county_name,road_descriptor,weather_conditions,traffic_control_device,road_surface_conditions,dot_reference_marker_location,pedestrian_bicyclist_action,event_descriptor,number_of_vehicles_involved,county_population_2024,county_fips,county_deer_take_2024,county_antlerless_deer_per_sqmi_2024,county_daily_vmt_2019,county_mean_aadt_2019,county_aadt_segments_2019
2024,Property Damage Accident,11:02,2024-05-03,Friday,Y,Daylight,POUGHKEEPSIE,REAR END,DUTCHESS,Straight and Level,Clear,Traffic Signal,Dry,,Not Applicable,"Other Motor Vehicle, Collision With",2,299256,36027,1695,0.8,5987961.0,3975.0,1300
2024,Property Damage Accident,14:08,2024-05-03,Friday,Y,Daylight,RHINEBECK,REAR END,DUTCHESS,Straight and Level,Clear,No Passing Zone,Dry,308 82011020,Not Applicable,"Other Motor Vehicle, Collision With",2,299256,36027,1695,0.8,5987961.0,3975.0,1300
2024,Property Damage Accident,13:01,2024-05-03,Friday,Y,Daylight,EAST FISHKILL,REAR END,DUTCHESS,Straight and Grade,Clear,,Dry,84I82021143,Not Applicable,"Other Motor Vehicle, Collision With",2,299256,36027,1695,0.8,5987961.0,3975.0,1300
2024,Property Damage Accident,18:17,2024-05-03,Friday,Y,Daylight,WAPPINGER,OVERTAKING,DUTCHESS,Straight and Level,Clear,Traffic Signal,Dry,9 82051055,Not Applicable,"Other Motor Vehicle, Collision With",2,299256,36027,1695,0.8,5987961.0,3975.0,1300
2024,Property Damage & Injury Accident,15:30,2024-05-03,Friday,Y,Daylight,POUGHKEEPSIE,OTHER,DUTCHESS,Straight and Level,Clear,No Passing Zone,Dry,,Not Applicable,"Tree, Collision With Fixed Object",1,299256,36027,1695,0.8,5987961.0,3975.0,1300
2024,Property Damage & Injury Accident,14:57,2024-05-03,Friday,Y,Daylight,POUGHKEEPSIE,OTHER,DUTCHESS,Straight and Level,Clear,Traffic Signal,Dry,9 82051138,Not Applicable,"Other Motor Vehicle, Collision With",3,299256,36027,1695,0.8,5987961.0,3975.0,1300
2024,Property Damage Accident,7:07,2024-05-03,Friday,Y,Daylight,WASHINGTONVILLE,OTHER,ORANGE,Straight and Level,Clear,,Dry,94 83011232,Not Applicable,"Other Motor Vehicle, Collision With",2,415088,36071,4753,2.6,13857119.0,5167.5,1527
2024,Property Damage Accident,5:44,2024-05-03,Friday,Y,Dawn,CORNWALL,OTHER,ORANGE,Straight and Level,Clear,No Passing Zone,Dry,32 83011081,Not Applicable,Deer,1,415088,36071,4753,2.6,13857119.0,5167.5,1527
2024,Property Damage Accident,19:45,2024-05-03,Friday,Y,Dusk,NEWBURGH,OVERTAKING,ORANGE,Straight and Level,Clear,,Dry,9W83023042,Not Applicable,"Other Motor Vehicle, Collision With",2,415088,36071,4753,2.6,13857119.0,5167.5,1527
2024,Property Damage Accident,19:18,2024-05-03,Friday,Y,Daylight,WOODBURY,OTHER,ORANGE,Curve and Level,Clear,,Dry,987C83021006,Not Applicable,Deer,1,415088,36071,4753,2.6,13857119.0,5167.5,1527
2024,Property Damage Accident,12:24,2024-05-03,Friday,Y,Daylight,HIGHLANDS,REAR END,ORANGE,Straight and Level,Clear,Yield Sign,Dry,987C83021007,Not Applicable,"Other Motor Vehicle, Collision With",2,415088,36071,4753,2.6,13857119.0,5167.5,1527
2024,Property Damage Accident,8:47,2024-05-03,Friday,Y,Daylight,MIDDLETOWN,RIGHT ANGLE,ORANGE,Straight and Grade,Clear,,Dry,211 83012021,Not Applicable,"Other Motor Vehicle, Collision With",2,415088,36071,4753,2.6,13857119.0,5167.5,1527
2024,Property Damage & Injury Accident,16:08,2024-05-03,Friday,Y,Daylight,CARMEL,OTHER,PUTNAM,Straight and Grade,Cloudy,Stop Sign,Dry,,Not Applicable,"Other Motor Vehicle, Collision With",3,98842,36079,509,0.7,2746105.0,4089.2,375
2024,Injury Accident,15:30,2024-05-03,Friday,Y,Daylight,,REAR END,ROCKLAND,Straight and Level,Clear,,Dry,59 85011046,Not Applicable,"Other Motor Vehicle, Collision With",2,354829,36087,259,0.3,7336134.0,9989.2,886
2024,Property Damage Accident,4:38,2024-05-03,Friday,Y,Dark-Road Lighted,SUFFERN,OTHER,ROCKLAND,Curve and Level,Clear,,Dry,202 85011009,Not Applicable,"Other Motor Vehicle, Collision With",2,354829,36087,259,0.3,7336134.0,9989.2,886
2024,Property Damage & Injury Accident,7:24,2024-05-03,Friday,Y,Daylight,SPRING VALLEY,RIGHT ANGLE,ROCKLAND,Straight and Grade,Clear,Stop Sign,Dry,59 85011070,Not Applicable,"Other Motor Vehicle, Collision With",2,354829,36087,259,0.3,7336134.0,9989.2,886
2024,Property Damage Accident,4:38,2024-05-03,Friday,Y,Dark-Road Unlighted,SUFFERN,OTHER,ROCKLAND,Straight and Level,Clear,,Dry,202 85011009,Not Applicable,"Other Object (Not Fixed)*, Collision With",2,354829,36087,259,0.3,7336134.0,9989.2,886
2024,Property Damage & Injury Accident,5:14,2024-05-03,Friday,Y,Dark-Road Unlighted,SUFFERN,OTHER,ROCKLAND,Straight and Level,Clear,,Dry,202 85011009,Not Applicable,"Other Motor Vehicle, Collision With",9,354829,36087,259,0.3,7336134.0,9989.2,886
2024,Property Damage Accident,15:00,2024-05-03,Friday,Y,Daylight,WAWARSING,OTHER,ULSTER,Straight and Level,Clear,,Dry,55 86021131,Not Applicable,"Earth Embankment/Rock Cut/Ditch, Collision With Fixed Object",1,183095,36111,3565,1.2,6410502.0,3939.4,999
2024,Property Damage Accident,15:06,2024-05-03,Friday,Y,Daylight,KINGSTON,OTHER,ULSTER,Straight and Grade,Cloudy,,Dry,28 86012035,Not Applicable,"Other Motor Vehicle, Collision With",2,183095,36111,3565,1.2,6410502.0,3939.4,999
2024,Property Damage Accident,8:09,2024-05-03,Friday,Y,Daylight,CORTLANDT,REAR END,WESTCHESTER,Straight and Level,Clear,,Dry,,Not Applicable,"Other Motor Vehicle, Collision With",2,1009165,36119,850,0.8,18110248.0,6143.2,3354
2024,Property Damage Accident,17:12,2024-05-03,Friday,Y,Daylight,YORKTOWN,Unknown,WESTCHESTER,Straight and Level,Clear,,Dry,,Not Applicable,"Other Motor Vehicle, Collision With",2,1009165,36119,850,0.8,18110248.0,6143.2,3354
2024,Property Damage & Injury Accident,15:52,2024-05-03,Friday,Y,Daylight,BEDFORD,RIGHT TURN (5),WESTCHESTER,Straight and Grade,Clear,,Dry,117 87011133,Not Applicable,"Other Motor Vehicle, Collision With",2,1009165,36119,850,0.8,18110248.0,6143.2,3354
2024,Property Damage Accident,8:06,2024-05-03,Friday,Y,Daylight,PEEKSKILL,OVERTAKING,WESTCHESTER,Straight and Level,Clear,Stopped School Bus-Red Lights Flashing,Dry,,Not Applicable,"Other Motor Vehicle, Collision With",2,1009165,36119,850,0.8,18110248.0,6143.2,3354
2024,Property Damage Accident,5:51,2024-05-03,Friday,Y,Dawn,YONKERS,OTHER,WESTCHESTER,Straight and Level,Cloudy,Stop Sign,Dry,,Not Applicable,"Other Motor Vehicle, Collision With",2,1009165,36119,850,0.8,18110248.0,6143.2,3354
2024,Property Damage Accident,11:42,2024-05-03,Friday,Y,Daylight,MAMARONECK,REAR END,WESTCHESTER,Straight and Level,Clear,,Dry,1 87033019,Not Applicable,"Other Motor Vehicle, Collision With",2,1009165,36119,850,0.8,18110248.0,6143.2,3354
2024,Property Damage Accident,17:30,2024-05-03,Friday,Y,Daylight,ELMSFORD,OVERTAKING,WESTCHESTER,Straight and Level,Clear,Traffic Signal,Dry,,Not Applicable,"Other Motor Vehicle, Collision With",2,1009165,36119,850,0.8,18110248.0,6143.2,3354
2024,Property Damage Accident,19:23,2024-05-03,Friday,Y,Daylight,NEW ROCHELLE,LEFT TURN (3),WESTCHESTER,Curve and Level,Cloudy,,Dry,,Not Applicable,"Other Motor Vehicle, Collision With",2,1009165,36119,850,0.8,18110248.0,6143.2,3354
2024,Property Damage Accident,0:03,2024-05-03,Friday,Y,Dark-Road Lighted,MOUNT VERNON,OVERTAKING,WESTCHESTER,Straight and Level,Cloudy,,Dry,907K87012009,Not Applicable,"Other Motor Vehicle, Collision With",2,1009165,36119,850,0.8,18110248.0,6143.2,3354
2024,Fatal Accident,19:11,2024-05-03,Friday,Y,Daylight,YORKTOWN,OTHER,WESTCHESTER,Curve and Level,Clear,,Dry,35 87012027,Not Applicable,"Building/Wall, Collision With Fixed Object",1,1009165,36119,850,0.8,18110248.0,6143.2,3354
2024,Property Damage & Injury Accident,16:00,2024-05-03,Friday,Y,Daylight,NEW ROCHELLE,OTHER,WESTCHESTER,Curve and Level,Clear,,Dry,,Not Applicable,"Other Motor Vehicle, Collision With",3,1009165,36119,850,0.8,18110248.0,6143.2,3354
2024,Property Damage & Injury Accident,19:15,2024-05-03,Friday,Y,Daylight,MOUNT VERNON,REAR END,WESTCHESTER,Straight and Level,Clear,,Dry,907K87012000,Not Applicable,"Other Motor Vehicle, Collision With",2,1009165,36119,850,0.8,18110248.0,6143.2,3354
2024,Property Damage Accident,17:52,2024-05-03,Friday,Y,Daylight,YORKTOWN,Unknown,WESTCHESTER,Straight and Level,Clear,,Dry,,Not Applicable,"Other Motor Vehicle, Collision With",2,1009165,36119,850,0.8,18110248.0,6143.2,3354
2024,Property Damage Accident,11:57,2024-05-04,Saturday,Y,Daylight,POUGHKEEPSIE,RIGHT TURN (5),DUTCHESS,Straight and Level,Clear,,Dry,,Not Applicable,"Other Motor Vehicle, Collision With",2,299256,36027,1695,0.8,5987961.0,3975.0,1300
2024,Property Damage Accident,17:04,2024-05-04,Saturday,Y,Daylight,POUGHKEEPSIE,OVERTAKING,DUTCHESS,Straight at Hill Crest,Cloudy,,Dry,9 82051107,Not Applicable,"Other Motor Vehicle, Collision With",2,299256,36027,1695,0.8,5987961.0,3975.0,1300
2024,Property Damage Accident,16:45,2024-05-04,Saturday,Y,Daylight,BEACON,OVERTAKING,DUTCHESS,Straight and Level,Cloudy,No Passing Zone,Dry,,Not Applicable,"Other Motor Vehicle, Collision With",2,299256,36027,1695,0.8,5987961.0,3975.0,1300
2024,Property Damage Accident,9:38,2024-05-04,Saturday,Y,Daylight,RHINEBECK,OTHER,DUTCHESS,Straight and Level,Clear,No Passing Zone,Dry,199 82021008,Not Applicable,Deer,1,299256,36027,1695,0.8,5987961.0,3975.0,1300
2024,Property Damage Accident,20:34,2024-05-04,Saturday,Y,Dark-Road Unlighted,WAPPINGER,OTHER,DUTCHESS,Straight and Grade,Clear,Traffic Signal,Dry,,Not Applicable,"Other Motor Vehicle, Collision With",2,299256,36027,1695,0.8,5987961.0,3975.0,1300
2024,Property Damage Accident,8:35,2024-05-04,Saturday,Y,Daylight,NEWBURGH,OTHER,ORANGE,Straight and Level,Clear,,Dry,52 83031127,Not Applicable,Deer,1,415088,36071,4753,2.6,13857119.0,5167.5,1527
2024,Property Damage Accident,23:10,2024-05-04,Saturday,Y,Dark-Road Lighted,WALLKILL,OVERTAKING,ORANGE,Straight and Level,Rain,,Wet,,Not Applicable,"Other Motor Vehicle, Collision With",2,415088,36071,4753,2.6,13857119.0,5167.5,1527
2024,Property Damage Accident,14:45,2024-05-04,Saturday,Y,Daylight,CORNWALL,OTHER,ORANGE,Straight and Level,Cloudy,No Passing Zone,Dry,,Not Applicable,"Earth Embankment/Rock Cut/Ditch, Collision With Fixed Object",1,415088,36071,4753,2.6,13857119.0,5167.5,1527
2024,Property Damage Accident,12:45,2024-05-04,Saturday,Y,Daylight,SPRING VALLEY,RIGHT ANGLE,ROCKLAND,Straight and Level,Clear,Traffic Signal,Dry,,Not Applicable,"Other Motor Vehicle, Collision With",2,354829,36087,259,0.3,7336134.0,9989.2,886
2024,Property Damage & Injury Accident,14:15,2024-05-04,Saturday,Y,Daylight,MONTEBELLO,HEAD ON,ROCKLAND,Curve and Grade,Cloudy,,Dry,,Not Applicable,"Other Motor Vehicle, Collision With",2,354829,36087,259,0.3,7336134.0,9989.2,886
2024,Property Damage Accident,9:40,2024-05-04,Saturday,Y,Daylight,SPRING VALLEY,RIGHT ANGLE,ROCKLAND,Straight and Level,Cloudy,Traffic Signal,Dry,59 85011074,Not Applicable,"Other Motor Vehicle, Collision With",2,354829,36087,259,0.3,7336134.0,9989.2,886
2024,Property Damage Accident,5:55,2024-05-04,Saturday,Y,Dawn,ORANGETOWN,OTHER,ROCKLAND,Straight and Level,Clear,,Dry,,Not Applicable,"Light Support/Utility Pole, Collision With Fixed Object",1,354829,36087,259,0.3,7336134.0,9989.2,886
2024,Property Damage Accident,20:00,2024-05-04,Saturday,Y,Dark-Road Unlighted,CLARKSTOWN,OTHER,ROCKLAND,Straight and Level,Unknown,,Unknown,,Not Applicable,"Other Fixed Object*, Collision With Fixed Object",1,354829,36087,259,0.3,7336134.0,9989.2,886
2024,Property Damage Accident,23:51,2024-05-04,Saturday,Y,Dark-Road Unlighted,PORT CHESTER,REAR END,WESTCHESTER,Straight and Level,Rain,,Wet,,Not Applicable,"Other Motor Vehicle, Collision With",2,1009165,36119,850,0.8,18110248.0,6143.2,3354
2024,Property Damage & Injury Accident,10:35,2024-05-04,Saturday,Y,Daylight,OSSINING,OTHER,WESTCHESTER,Straight and Level,Clear,,Dry,9 87032157,Not Applicable,"Earth Embankment/Rock Cut/Ditch, Collision With Fixed Object",1,1009165,36119,850,0.8,18110248.0,6143.2,3354
2024,Property Damage Accident,11:25,2024-05-04,Saturday,Y,Daylight,WHITE PLAINS,HEAD ON,WESTCHESTER,Straight and Level,Clear,,Dry,,Not Applicable,"Other Motor Vehicle, Collision With",2,1009165,36119,850,0.8,18110248.0,6143.2,3354
2024,Property Damage Accident,8:20,2024-05-04,Saturday,Y,Daylight,WHITE PLAINS,OVERTAKING,WESTCHESTER,Straight and Grade,Clear,,Dry,,Not Applicable,"Other Motor Vehicle, Collision With",2,1009165,36119,850,0.8,18110248.0,6143.2,3354
2024,Property Damage Accident,10:32,2024-05-04,Saturday,Y,Daylight,HARRISON,OTHER,WESTCHESTER,Straight and Level,Clear,,Dry,,Not Applicable,Deer,1,1009165,36119,850,0.8,18110248.0,6143.2,3354
2024,Property Damage Accident,21:03,2024-05-04,Saturday,Y,Dark-Road Unlighted,NEW CASTLE,OTHER,WESTCHESTER,Curve and Grade,Cloudy,,Dry,,Not Applicable,"Earth Embankment/Rock Cut/Ditch, Collision With Fixed Object",1,1009165,36119,850,0.8,18110248.0,6143.2,3354
2024,Property Damage Accident,17:38,2024-05-04,Saturday,Y,Daylight,WHITE PLAINS,OVERTAKING,WESTCHESTER,Straight and Level,Cloudy,,Dry,,Not Applicable,"Other Motor Vehicle, Collision With",2,1009165,36119,850,0.8,18110248.0,6143.2,3354
2024,Property Damage & Injury Accident,9:05,2024-05-05,Sunday,Y,Daylight,POUGHKEEPSIE,OTHER,DUTCHESS,Straight and Grade,Rain,,Wet,,Not Applicable,"Other Motor Vehicle, Collision With",3,299256,36027,1695,0.8,5987961.0,3975.0,1300
2024,Property Damage Accident,16:19,2024-05-05,Sunday,Y,Daylight,LA GRANGE,OTHER,DUTCHESS,Straight and Level,Rain,,Wet,987G82031125,Not Applicable,"Guide Rail - Not At End, Collision With Fixed Object",1,299256,36027,1695,0.8,5987961.0,3975.0,1300
2024,Property Damage Accident,0:29,2024-05-05,Sunday,Y,Dark-Road Unlighted,WAPPINGER,OTHER,DUTCHESS,Curve and Level,Rain,,Wet,,Not Applicable,"Other Fixed Object*, Collision With Fixed Object",1,299256,36027,1695,0.8,5987961.0,3975.0,1300
2024,Property Damage & Injury Accident,6:51,2024-05-05,Sunday,Y,Daylight,POUGHKEEPSIE,RIGHT ANGLE,DUTCHESS,Straight and Level,Cloudy,Traffic Signal,Wet,,Not Applicable,"Other Motor Vehicle, Collision With",2,299256,36027,1695,0.8,5987961.0,3975.0,1300
2024,Property Damage Accident,16:32,2024-05-05,Sunday,Y,Daylight,POUGHKEEPSIE,REAR END,DUTCHESS,Straight and Level,Rain,,Wet,,Not Applicable,"Other Motor Vehicle, Collision With",2,299256,36027,1695,0.8,5987961.0,3975.0,1300
2024,Property Damage Accident,13:39,2024-05-05,Sunday,Y,Daylight,MONTGOMERY,OVERTAKING,ORANGE,Straight and Level,Rain,,Wet,52 83031049,Not Applicable,"Other Motor Vehicle, Collision With",2,415088,36071,4753,2.6,13857119.0,5167.5,1527
2024,Property Damage & Injury Accident,19:55,2024-05-05,Sunday,Y,Dark-Road Lighted,NEWBURGH,REAR END,ORANGE,Straight and Grade,Rain,Traffic Signal,Wet,980P83012009,Not Applicable,"Other Motor Vehicle, Collision With",2,415088,36071,4753,2.6,13857119.0,5167.5,1527
2024,Property Damage Accident,12:30,2024-05-05,Sunday,Y,Daylight,WALLKILL,RIGHT ANGLE,ORANGE,Curve and Level,Rain,Stop Sign,Wet,,Not Applicable,"Other Motor Vehicle, Collision With",2,415088,36071,4753,2.6,13857119.0,5167.5,1527
2024,Property Damage & Injury Accident,19:06,2024-05-05,Sunday,Y,Daylight,CORNWALL,OTHER,ORANGE,Curve and Grade,Rain,,Wet,9W83021101,Not Applicable,"Median - Not At End, Collision With Fixed Object",1,415088,36071,4753,2.6,13857119.0,5167.5,1527
2024,Property Damage & Injury Accident,12:38,2024-05-05,Sunday,Y,Daylight,SOUTHEAST,OTHER,PUTNAM,Straight and Level,Rain,No Passing Zone,Wet,22 84031061,Not Applicable,"Other Motor Vehicle, Collision With",3,98842,36079,509,0.7,2746105.0,4089.2,375
2024,Property Damage Accident,11:20,2024-05-05,Sunday,Y,Daylight,PUTNAM VALLEY,OTHER,PUTNAM,Curve and Grade,Rain,,Wet,987G84021054,Not Applicable,"Guide Rail - Not At End, Collision With Fixed Object",1,98842,36079,509,0.7,2746105.0,4089.2,375
2024,Property Damage Accident,20:59,2024-05-05,Sunday,Y,Dark-Road Lighted,ORANGETOWN,OVERTAKING,ROCKLAND,Straight and Level,Rain,,Wet,,Not Applicable,"Other Motor Vehicle, Collision With",2,354829,36087,259,0.3,7336134.0,9989.2,886
2024,Property Damage Accident,22:13,2024-05-05,Sunday,Y,Dark-Road Unlighted,SPRING VALLEY,OVERTAKING,ROCKLAND,Straight and Level,Rain,,Wet,45 85011031,Not Applicable,"Other Motor Vehicle, Collision With",2,354829,36087,259,0.3,7336134.0,9989.2,886
2024,Property Damage Accident,14:54,2024-05-05,Sunday,Y,Daylight,CLARKSTOWN,OVERTAKING,ROCKLAND,Straight and Grade,Rain,Traffic Signal,Wet,59 85011089,Not Applicable,"Other Motor Vehicle, Collision With",2,354829,36087,259,0.3,7336134.0,9989.2,886
2024,Property Damage Accident,20:25,2024-05-05,Sunday,Y,Dark-Road Lighted,HAVERSTRAW,REAR END,ROCKLAND,Straight and Grade,Rain,Traffic Signal,Wet,202 85011112,Not Applicable,"Other Motor Vehicle, Collision With",2,354829,36087,259,0.3,7336134.0,9989.2,886
2024,Property Damage Accident,21:08,2024-05-05,Sunday,Y,Dark-Road Unlighted,RAMAPO,RIGHT ANGLE,ROCKLAND,Straight and Level,Rain,Flashing Light,Wet,,Not Applicable,"Other Motor Vehicle, Collision With",2,354829,36087,259,0.3,7336134.0,9989.2,886
2024,Property Damage Accident,4:21,2024-05-05,Sunday,Y,Dark-Road Unlighted,NEW HEMPSTEAD,OTHER,ROCKLAND,Curve and Level,Rain,,Wet,,Not Applicable,"Other Fixed Object*, Collision With Fixed Object",1,354829,36087,259,0.3,7336134.0,9989.2,886
2024,Property Damage Accident,17:10,2024-05-05,Sunday,Y,Daylight,MAMARONECK,REAR END,WESTCHESTER,Straight and Level,Rain,,Wet,,Not Applicable,"Other Motor Vehicle, Collision With",2,1009165,36119,850,0.8,18110248.0,6143.2,3354
2024,Property Damage Accident,9:30,2024-05-05,Sunday,Y,Daylight,YONKERS,OTHER,WESTCHESTER,Straight and Level,Rain,,Wet,,Not Applicable,"Other Motor Vehicle, Collision With",2,1009165,36119,850,0.8,18110248.0,6143.2,3354
2024,Property Damage Accident,13:40,2024-05-05,Sunday,Y,Daylight,YONKERS,OTHER,WESTCHESTER,Curve and Grade,Rain,Stop Sign,Wet,,Not Applicable,"Other Motor Vehicle, Collision With",2,1009165,36119,850,0.8,18110248.0,6143.2,3354
2024,Property Damage Accident,20:34,2024-05-05,Sunday,Y,Dark-Road Lighted,OSSINING,SIDESWIPE,WESTCHESTER,Curve and Grade,Rain,,Wet,,Not Applicable,"Other Motor Vehicle, Collision With",2,1009165,36119,850,0.8,18110248.0,6143.2,3354
2024,Property Damage Accident,12:07,2024-05-05,Sunday,Y,Daylight,OSSINING,LEFT TURN (3),WESTCHESTER,Straight and Grade,Rain,Stop Sign,Wet,,Not Applicable,"Other Motor Vehicle, Collision With",2,1009165,36119,850,0.8,18110248.0,6143.2,3354
2024,Injury Accident,13:06,2024-05-05,Sunday,Y,Daylight,OSSINING,OTHER,WESTCHESTER,Straight at Hill Crest,Rain,Traffic Signal,Wet,,"Crossing, Against Signal","Bicyclist, Collision With",1,1009165,36119,850,0.8,18110248.0,6143.2,3354
2024,Property Damage Accident,3:45,2024-05-05,Sunday,Y,Dark-Road Lighted,BEDFORD,OTHER,WESTCHESTER,Straight and Level,Rain,No Passing Zone,Wet,117 87011122,Not Applicable,"Tree, Collision With Fixed Object",1,1009165,36119,850,0.8,18110248.0,6143.2,3354
2024,Property Damage Accident,13:31,2024-05-05,Sunday,Y,Daylight,YONKERS,SIDESWIPE,WESTCHESTER,Straight and Level,Clear,,Dry,984H87011005,Not Applicable,"Other Motor Vehicle, Collision With",2,1009165,36119,850,0.8,18110248.0,6143.2,3354
2024,Property Damage Accident,2:36,2024-05-05,Sunday,Y,Dark-Road Unlighted,WHITE PLAINS,OTHER,WESTCHESTER,Straight and Level,Clear,,Dry,,Not Applicable,"Building/Wall, Collision With Fixed Object",1,1009165,36119,850,0.8,18110248.0,6143.2,3354
2024,Property Damage Accident,0:55,2024-05-05,Sunday,Y,Dark-Road Unlighted,MOUNT VERNON,OVERTAKING,WESTCHESTER,Straight and Level,Rain,,Wet,907K87012007,Not Applicable,"Other Motor Vehicle, Collision With",2,1009165,36119,850,0.8,18110248.0,6143.2,3354
2024,Property Damage Accident,9:10,2024-05-05,Sunday,Y,Daylight,IRVINGTON,OTHER,WESTCHESTER,Curve and Grade,Cloudy,,Dry,,Not Applicable,Deer,1,1009165,36119,850,0.8,18110248.0,6143.2,3354
2024,Property Damage & Injury Accident,10:00,2024-05-05,Sunday,Y,Daylight,NEW ROCHELLE,REAR END,WESTCHESTER,Straight and Grade,Cloudy,,Wet,,Not Applicable,"Other Motor Vehicle, Collision With",2,1009165,36119,850,0.8,18110248.0,6143.2,3354
2024,Property Damage Accident,23:28,2024-05-05,Sunday,Y,Dark-Road Unlighted,CORTLANDT,HEAD ON,WESTCHESTER,Straight and Grade,Rain,,Wet,,Not Applicable,"Other Motor Vehicle, Collision With",2,1009165,36119,850,0.8,18110248.0,6143.2,3354
2024,Property Damage Accident,23:30,2024-05-05,Sunday,Y,Dark-Road Unlighted,CORTLANDT,OTHER,WESTCHESTER,Straight and Grade,Rain,Stop Sign,Wet,,Not Applicable,"Tree, Collision With Fixed Object",1,1009165,36119,850,0.8,18110248.0,6143.2,3354
2024,Property Damage & Injury Accident,17:42,2024-05-05,Sunday,Y,Daylight,NEW ROCHELLE,OTHER,WESTCHESTER,Straight and Level,Rain,,Wet,,Not Applicable,"Barrier, Collision With Fixed Object",1,1009165,36119,850,0.8,18110248.0,6143.2,3354
2024,Property Damage & Injury Accident,7:14,2024-05-06,Monday,Y,Daylight,EAST FISHKILL,OTHER,DUTCHESS,Curve and Grade,Cloudy,,Wet,987G82031043,Not Applicable,"Guide Rail - Not At End, Collision With Fixed Object",1,299256,36027,1695,0.8,5987961.0,3975.0,1300
2024,Property Damage Accident,16:40,2024-05-06,Monday,Y,Daylight,DOVER,OTHER,DUTCHESS,Straight and Level,Cloudy,,Dry,22 82041107,Not Applicable,"Light Support/Utility Pole, Collision With Fixed Object",1,299256,36027,1695,0.8,5987961.0,3975.0,1300
2024,Property Damage Accident,4:36,2024-05-06,Monday,Y,Dark-Road Unlighted,HYDE PARK,OTHER,DUTCHESS,Curve and Grade,Cloudy,,Dry,,Not Applicable,"Earth Embankment/Rock Cut/Ditch, Collision With Fixed Object",1,299256,36027,1695,0.8,5987961.0,3975.0,1300
2024,Property Damage Accident,8:34,2024-05-06,Monday,Y,Daylight,WAWAYANDA,REAR END,ORANGE,Straight and Level,Cloudy,Stop Sign,Dry,,Not Applicable,"Other Motor Vehicle, Collision With",2,415088,36071,4753,2.6,13857119.0,5167.5,1527
2024,Property Damage & Injury Accident,6:59,2024-05-06,Monday,Y,Daylight,MONROE,REAR END,ORANGE,Straight and Level,Cloudy,,Dry,17 83101228,Not Applicable,"Other Motor Vehicle, Collision With",2,415088,36071,4753,2.6,13857119.0,5167.5,1527
2024,Property Damage & Injury Accident,21:46,2024-05-06,Monday,Y,Dark-Road Unlighted,WALLKILL,HEAD ON,ORANGE,Straight and Level,Clear,Traffic Signal,Dry,,Not Applicable,"Other Motor Vehicle, Collision With",2,415088,36071,4753,2.6,13857119.0,5167.5,1527
2024,Property Damage Accident,16:02,2024-05-06,Monday,Y,Daylight,WARWICK,OTHER,ORANGE,Straight at Hill Crest,Clear,,Dry,210 83011010,Not Applicable,"Other Motor Vehicle, Collision With",3,415088,36071,4753,2.6,13857119.0,5167.5,1527
2024,Property Damage Accident,22:47,2024-05-06,Monday,Y,Dark-Road Lighted,CORNWALL,OTHER,ORANGE,Straight and Grade,Clear,,Dry,32 83011103,Not Applicable,"Earth Embankment/Rock Cut/Ditch, Collision With Fixed Object",1,415088,36071,4753,2.6,13857119.0,5167.5,1527
2024,Property Damage & Injury Accident,0:35,2024-05-06,Monday,Y,Dark-Road Unlighted,WALLKILL,OTHER,ORANGE,Straight and Level,Clear,No Passing Zone,Wet,,Not Applicable,"Tree, Collision With Fixed Object",1,415088,36071,4753,2.6,13857119.0,5167.5,1527
2024,Property Damage Accident,16:15,2024-05-06,Monday,Y,Daylight,PUTNAM VALLEY,OTHER,PUTNAM,Curve and Grade,Clear,,Dry,987G84021054,Not Applicable,"Guide Rail - Not At End, Collision With Fixed Object",1,98842,36079,509,0.7,2746105.0,4089.2,375
2024,Property Damage Accident,12:08,2024-05-06,Monday,Y,Daylight,CHESTNUT RIDGE,OTHER,ROCKLAND,Curve and Level,Cloudy,,Dry,,Not Applicable,"Other Fixed Object*, Collision With Fixed Object",1,354829,36087,259,0.3,7336134.0,9989.2,886
2024,Property Damage & Injury Accident,9:20,2024-05-06,Monday,Y,Daylight,STONY POINT,LEFT TURN (3),ROCKLAND,Straight and Grade,Clear,Stop Sign,Dry,,Not Applicable,"Other Motor Vehicle, Collision With",2,354829,36087,259,0.3,7336134.0,9989.2,886
2024,Injury Accident,1:20,2024-05-06,Monday,Y,Dark-Road Lighted,SUFFERN,REAR END,ROCKLAND,Straight and Level,Cloudy,No Passing Zone,Wet,59 85011016,Not Applicable,"Other Motor Vehicle, Collision With",2,354829,36087,259,0.3,7336134.0,9989.2,886
2024,Property Damage Accident,17:20,2024-05-06,Monday,Y,Daylight,RAMAPO,OVERTAKING,ROCKLAND,Straight and Level,Cloudy,,Dry,,Not Applicable,"Other Motor Vehicle, Collision With",2,354829,36087,259,0.3,7336134.0,9989.2,886
2024,Property Damage & Injury Accident,6:55,2024-05-06,Monday,Y,Daylight,STONY POINT,OTHER,ROCKLAND,Curve and Grade,Cloudy,No Passing Zone,Wet,,Not Applicable,"Light Support/Utility Pole, Collision With Fixed Object",1,354829,36087,259,0.3,7336134.0,9989.2,886
2024,Property Damage Accident,14:43,2024-05-06,Monday,Y,Daylight,SLOATSBURG,REAR END,ROCKLAND,Straight and Level,Clear,,Dry,17 85111017,Not Applicable,"Other Motor Vehicle, Collision With",2,354829,36087,259,0.3,7336134.0,9989.2,886