year,accident_descriptor,time,date,day_of_week,police_report,lighting_conditions,municipality,collision_type_descriptor,county_name,road_descriptor,weather_conditions,traffic_control_device,road_surface_conditions,dot_reference_marker_location,pedestrian_bicyclist_action,event_descriptor,number_of_vehicles_involved,county_population_2024,county_fips,county_deer_take_2024,county_antlerless_deer_per_sqmi_2024,county_daily_vmt_2019,county_mean_aadt_2019,county_aadt_segments_2019
2024,Property Damage & Injury Accident,18:45,2024-05-09,Thursday,Y,Daylight,CORTLANDT,OTHER,WESTCHESTER,Straight and Level,Cloudy,No Passing Zone,Dry,,Not Applicable,"Other Motor Vehicle, Collision With",3,1009165,36119,850,0.8,18110248.0,6143.2,3354
2024,Property Damage Accident,8:12,2024-05-09,Thursday,Y,Daylight,YONKERS,OVERTAKING,WESTCHESTER,Straight and Grade,Clear,,Dry,,Not Applicable,"Other Motor Vehicle, Collision With",2,1009165,36119,850,0.8,18110248.0,6143.2,3354
2024,Property Damage Accident,1:30,2024-05-09,Thursday,Y,Dark-Road Lighted,YONKERS,OTHER,WESTCHESTER,Straight and Level,Clear,,Dry,907K87011015,Not Applicable,"Building/Wall, Collision With Fixed Object",1,1009165,36119,850,0.8,18110248.0,6143.2,3354
2024,Property Damage & Injury Accident,14:58,2024-05-09,Thursday,Y,Daylight,PEEKSKILL,Unknown,WESTCHESTER,Straight and Grade,Clear,,Dry,6 87032025,Not Applicable,"Other Motor Vehicle, Collision With",2,1009165,36119,850,0.8,18110248.0,6143.2,3354
2024,Property Damage Accident,7:55,2024-05-09,Thursday,Y,Daylight,NORTH SALEM,OTHER,WESTCHESTER,Straight and Grade,Clear,,Dry,22 87024251,Not Applicable,"Animal, Collision With",1,1009165,36119,850,0.8,18110248.0,6143.2,3354
2024,Property Damage Accident,18:10,2024-05-09,Thursday,Y,Daylight,NEW ROCHELLE,REAR END,WESTCHESTER,Straight and Grade,Cloudy,,Dry,907W87022009,Not Applicable,"Other Motor Vehicle, Collision With",2,1009165,36119,850,0.8,18110248.0,6143.2,3354
2024,Property Damage & Injury Accident,7:45,2024-05-09,Thursday,Y,Daylight,PORT CHESTER,OTHER,WESTCHESTER,Straight and Level,Clear,No Passing Zone,Dry,287I87011102,Not Applicable,"Other Motor Vehicle, Collision With",3,1009165,36119,850,0.8,18110248.0,6143.2,3354
2024,Property Damage Accident,10:27,2024-05-09,Thursday,Y,Daylight,CORTLANDT,REAR END,WESTCHESTER,Straight and Grade,Clear,Traffic Signal,Dry,,Not Applicable,"Other Motor Vehicle, Collision With",2,1009165,36119,850,0.8,18110248.0,6143.2,3354
2024,Property Damage Accident,18:14,2024-05-09,Thursday,Y,Daylight,PORT CHESTER,REAR END,WESTCHESTER,Straight and Level,Clear,,Dry,982B87011009,Not Applicable,"Other Motor Vehicle, Collision With",2,1009165,36119,850,0.8,18110248.0,6143.2,3354
2024,Property Damage Accident,12:18,2024-05-09,Thursday,Y,Daylight,PELHAM,RIGHT ANGLE,WESTCHESTER,Straight and Level,Clear,Stop Sign,Dry,,Not Applicable,"Other Motor Vehicle, Collision With",2,1009165,36119,850,0.8,18110248.0,6143.2,3354
2024,Property Damage Accident,17:11,2024-05-10,Friday,Y,Daylight,RHINEBECK,REAR END,DUTCHESS,Straight and Level,Cloudy,,Wet,199 82021020,Not Applicable,"Other Motor Vehicle, Collision With",2,299256,36027,1695,0.8,5987961.0,3975.0,1300
2024,Property Damage Accident,1:06,2024-05-10,Friday,Y,Dark-Road Unlighted,FISHKILL,REAR END,DUTCHESS,Straight and Level,Cloudy,,Dry,,Not Applicable,"Other Motor Vehicle, Collision With",2,299256,36027,1695,0.8,5987961.0,3975.0,1300
2024,Property Damage Accident,6:11,2024-05-10,Friday,Y,Daylight,FISHKILL,OVERTAKING,DUTCHESS,Straight and Level,Rain,,Wet,9 82051028,Not Applicable,"Other Motor Vehicle, Collision With",2,299256,36027,1695,0.8,5987961.0,3975.0,1300
2024,Property Damage Accident,15:18,2024-05-10,Friday,Y,Daylight,POUGHKEEPSIE,OVERTAKING,DUTCHESS,Curve and Grade,Rain,,Wet,,Not Applicable,"Other Motor Vehicle, Collision With",2,299256,36027,1695,0.8,5987961.0,3975.0,1300
2024,Property Damage Accident,11:05,2024-05-10,Friday,Y,Daylight,FISHKILL,REAR END,DUTCHESS,Straight and Level,Cloudy,,Wet,52 82042042,Not Applicable,"Other Motor Vehicle, Collision With",2,299256,36027,1695,0.8,5987961.0,3975.0,1300
2024,Property Damage & Injury Accident,15:50,2024-05-10,Friday,Y,Daylight,WAPPINGER FALLS,REAR END,DUTCHESS,Straight and Level,Clear,,Dry,9 82051082,Not Applicable,"Other Motor Vehicle, Collision With",2,299256,36027,1695,0.8,5987961.0,3975.0,1300
2024,Property Damage Accident,9:44,2024-05-10,Friday,Y,Daylight,KIRYAS JOEL,OVERTAKING,ORANGE,Straight and Level,Cloudy,No Passing Zone,Wet,,Not Applicable,"Other Motor Vehicle, Collision With",2,415088,36071,4753,2.6,13857119.0,5167.5,1527
2024,Property Damage Accident,15:55,2024-05-10,Friday,Y,Daylight,NEWBURGH,OTHER,ORANGE,Straight and Level,Cloudy,,Wet,,Not Applicable,"Sign Post, Collision With Fixed Object",1,415088,36071,4753,2.6,13857119.0,5167.5,1527
2024,Property Damage Accident,23:46,2024-05-10,Friday,Y,Dark-Road Unlighted,GOSHEN,OVERTAKING,ORANGE,Straight and Level,Fog/Smog/Smoke,,Wet,,Not Applicable,"Other Motor Vehicle, Collision With",2,415088,36071,4753,2.6,13857119.0,5167.5,1527
2024,Property Damage Accident,8:54,2024-05-10,Friday,Y,Daylight,CHESTER,OTHER,ORANGE,Straight and Grade,Cloudy,,Wet,17 83101164,Not Applicable,"Other Motor Vehicle, Collision With",3,415088,36071,4753,2.6,13857119.0,5167.5,1527
2024,Property Damage Accident,18:17,2024-05-10,Friday,Y,Daylight,CARMEL,REAR END,PUTNAM,Straight and Level,Rain,Stop Sign,Wet,,Not Applicable,"Other Motor Vehicle, Collision With",2,98842,36079,509,0.7,2746105.0,4089.2,375
2024,Property Damage Accident,10:36,2024-05-10,Friday,Y,Daylight,CARMEL,RIGHT ANGLE,PUTNAM,Straight and Level,Cloudy,,Wet,6 84041003,Not Applicable,"Other Motor Vehicle, Collision With",2,98842,36079,509,0.7,2746105.0,4089.2,375
2024,Property Damage Accident,6:59,2024-05-10,Friday,Y,Dawn,CLARKSTOWN,RIGHT ANGLE,ROCKLAND,Straight and Level,Rain,,Wet,,Not Applicable,"Other Motor Vehicle, Collision With",2,354829,36087,259,0.3,7336134.0,9989.2,886
2024,Property Damage Accident,15:24,2024-05-10,Friday,Y,Daylight,CLARKSTOWN,OVERTAKING,ROCKLAND,Straight and Level,Rain,,Wet,303 85011056,Not Applicable,"Other Motor Vehicle, Collision With",2,354829,36087,259,0.3,7336134.0,9989.2,886
2024,Property Damage Accident,15:55,2024-05-10,Friday,Y,Daylight,HAVERSTRAW,RIGHT ANGLE,ROCKLAND,Straight and Level,Cloudy,,Wet,,Not Applicable,"Other Motor Vehicle, Collision With",2,354829,36087,259,0.3,7336134.0,9989.2,886
2024,Property Damage Accident,15:15,2024-05-10,Friday,Y,Daylight,ORANGETOWN,REAR END,ROCKLAND,Straight and Grade,Rain,,Wet,,Not Applicable,"Other Motor Vehicle, Collision With",2,354829,36087,259,0.3,7336134.0,9989.2,886
2024,Property Damage Accident,18:40,2024-05-10,Friday,Y,Daylight,ORANGETOWN,REAR END,ROCKLAND,Straight and Grade,Rain,Traffic Signal,Wet,303 85011022,Not Applicable,"Other Motor Vehicle, Collision With",2,354829,36087,259,0.3,7336134.0,9989.2,886
2024,Property Damage Accident,12:57,2024-05-10,Friday,Y,Daylight,SAUGERTIES,OVERTAKING,ULSTER,Straight and Grade,Clear,No Passing Zone,Dry,9W86035102,Not Applicable,"Other Motor Vehicle, Collision With",2,183095,36111,3565,1.2,6410502.0,3939.4,999
2024,Property Damage Accident,14:49,2024-05-10,Friday,Y,Daylight,LLOYD,OTHER,ULSTER,Curve and Level,Rain,,Wet,44 86011293,Not Applicable,"Other Motor Vehicle, Collision With",3,183095,36111,3565,1.2,6410502.0,3939.4,999
2024,Property Damage Accident,14:40,2024-05-10,Friday,Y,Daylight,LLOYD,OTHER,ULSTER,Straight and Level,Cloudy,,Dry,9W86031117,Not Applicable,"Animal, Collision With",1,183095,36111,3565,1.2,6410502.0,3939.4,999
2024,Property Damage Accident,10:40,2024-05-10,Friday,Y,Daylight,ROCHESTER,OTHER,ULSTER,Curve and Grade,Rain,No Passing Zone,Wet,,Not Applicable,"Other Object (Not Fixed)*, Collision With",1,183095,36111,3565,1.2,6410502.0,3939.4,999
2024,Property Damage Accident,10:50,2024-05-10,Friday,Y,Daylight,HURLEY,OTHER,ULSTER,Straight and Level,Cloudy,,Dry,375 86011010,Not Applicable,Deer,1,183095,36111,3565,1.2,6410502.0,3939.4,999
2024,Property Damage Accident,10:03,2024-05-10,Friday,Y,Daylight,PORT CHESTER,Unknown,WESTCHESTER,Straight and Level,Rain,,Wet,1 87035005,Not Applicable,"Other Motor Vehicle, Collision With",2,1009165,36119,850,0.8,18110248.0,6143.2,3354
2024,Property Damage Accident,16:29,2024-05-10,Friday,Y,Daylight,YORKTOWN,OTHER,WESTCHESTER,Straight and Level,Rain,,Wet,987G87011133,Not Applicable,"Guide Rail - Not At End, Collision With Fixed Object",1,1009165,36119,850,0.8,18110248.0,6143.2,3354
2024,Property Damage Accident,12:15,2024-05-10,Friday,Y,Daylight,WHITE PLAINS,HEAD ON,WESTCHESTER,Straight and Level,Cloudy,,Dry,119 87012011,Not Applicable,"Other Motor Vehicle, Collision With",2,1009165,36119,850,0.8,18110248.0,6143.2,3354
2024,Property Damage Accident,13:59,2024-05-10,Friday,Y,Daylight,RYE,OTHER,WESTCHESTER,Straight and Level,Cloudy,,Dry,287I87011100,Not Applicable,"Other Object (Not Fixed)*, Collision With",1,1009165,36119,850,0.8,18110248.0,6143.2,3354
2024,Property Damage Accident,14:12,2024-05-10,Friday,Y,Daylight,ELMSFORD,OVERTAKING,WESTCHESTER,Straight and Level,Cloudy,,Wet,,Not Applicable,"Other Motor Vehicle, Collision With",2,1009165,36119,850,0.8,18110248.0,6143.2,3354
2024,Property Damage & Injury Accident,21:11,2024-05-10,Friday,Y,Dark-Road Lighted,YONKERS,LEFT TURN (3),WESTCHESTER,Straight and Level,Rain,Traffic Signal,Wet,,Not Applicable,"Other Motor Vehicle, Collision With",2,1009165,36119,850,0.8,18110248.0,6143.2,3354
2024,Property Damage & Injury Accident,8:42,2024-05-10,Friday,Y,Daylight,YORKTOWN,OTHER,WESTCHESTER,Curve and Grade,Cloudy,,Wet,987G87011135,Not Applicable,"Earth Embankment/Rock Cut/Ditch, Collision With Fixed Object",1,1009165,36119,850,0.8,18110248.0,6143.2,3354
2024,Property Damage Accident,19:52,2024-05-10,Friday,Y,Dark-Road Lighted,PEEKSKILL,LEFT TURN (3),WESTCHESTER,Straight and Level,Rain,,Wet,,Not Applicable,"Other Motor Vehicle, Collision With",2,1009165,36119,850,0.8,18110248.0,6143.2,3354
2024,Property Damage Accident,18:53,2024-05-10,Friday,Y,Daylight,NEW ROCHELLE,OVERTAKING,WESTCHESTER,Straight and Level,Rain,Traffic Signal,Wet,,Not Applicable,"Other Motor Vehicle, Collision With",2,1009165,36119,850,0.8,18110248.0,6143.2,3354
2024,Property Damage & Injury Accident,5:10,2024-05-10,Friday,Y,Dawn,SOMERS,HEAD ON,WESTCHESTER,Straight and Level,Rain,,Wet,202 87043118,Not Applicable,"Other Motor Vehicle, Collision With",2,1009165,36119,850,0.8,18110248.0,6143.2,3354
2024,Property Damage Accident,17:46,2024-05-10,Friday,Y,Daylight,PORT CHESTER,LEFT TURN (0),WESTCHESTER,Straight and Level,Rain,,Wet,120A87011030,Not Applicable,"Other Motor Vehicle, Collision With",2,1009165,36119,850,0.8,18110248.0,6143.2,3354
2024,Property Damage & Injury Accident,14:36,2024-05-10,Friday,Y,Daylight,BRIARCLIFF MANOR,OTHER,WESTCHESTER,Curve and Grade,Cloudy,,Wet,9A87032137,Not Applicable,"Other Motor Vehicle, Collision With",3,1009165,36119,850,0.8,18110248.0,6143.2,3354
2024,Property Damage Accident,17:38,2024-05-10,Friday,Y,Daylight,OSSINING,REAR END,WESTCHESTER,Straight and Grade,Rain,,Wet,9 87032120,Not Applicable,"Other Motor Vehicle, Collision With",2,1009165,36119,850,0.8,18110248.0,6143.2,3354
2024,Property Damage Accident,9:12,2024-05-10,Friday,Y,Dark-Road Lighted,YORKTOWN,OTHER,WESTCHESTER,Straight and Grade,Unknown,,Unknown,,Not Applicable,"Other Motor Vehicle, Collision With",2,1009165,36119,850,0.8,18110248.0,6143.2,3354
2024,Property Damage Accident,11:20,2024-05-11,Saturday,Y,Daylight,POUGHKEEPSIE,RIGHT TURN (6),DUTCHESS,Straight and Level,Clear,,Dry,,Not Applicable,"Other Motor Vehicle, Collision With",2,299256,36027,1695,0.8,5987961.0,3975.0,1300
2024,Property Damage Accident,16:19,2024-05-11,Saturday,Y,Daylight,RED HOOK,REAR END,DUTCHESS,Straight and Level,Clear,Traffic Signal,Dry,,Not Applicable,"Other Motor Vehicle, Collision With",2,299256,36027,1695,0.8,5987961.0,3975.0,1300
2024,Property Damage Accident,15:12,2024-05-11,Saturday,Y,Daylight,POUGHKEEPSIE,RIGHT ANGLE,DUTCHESS,Straight and Level,Cloudy,Traffic Signal,Dry,,Not Applicable,"Other Motor Vehicle, Collision With",2,299256,36027,1695,0.8,5987961.0,3975.0,1300
2024,Property Damage Accident,4:09,2024-05-11,Saturday,Y,Dark-Road Unlighted,FISHKILL,OTHER,DUTCHESS,Straight and Level,Cloudy,,Dry,52 82042052,Not Applicable,Deer,1,299256,36027,1695,0.8,5987961.0,3975.0,1300
2024,Property Damage Accident,11:16,2024-05-11,Saturday,Y,Daylight,HIGHLANDS,OVERTAKING,ORANGE,Curve and Level,Clear,,Dry,9W83021001,Not Applicable,"Other Motor Vehicle, Collision With",2,415088,36071,4753,2.6,13857119.0,5167.5,1527
2024,Property Damage Accident,23:36,2024-05-11,Saturday,Y,Dark-Road Unlighted,CARMEL,RIGHT ANGLE,PUTNAM,Straight and Grade,Clear,Stop Sign,Dry,,Not Applicable,"Other Motor Vehicle, Collision With",2,98842,36079,509,0.7,2746105.0,4089.2,375
2024,Property Damage Accident,9:23,2024-05-11,Saturday,Y,Daylight,CLARKSTOWN,OVERTAKING,ROCKLAND,Straight and Grade,Clear,,Dry,,Not Applicable,"Other Motor Vehicle, Collision With",2,354829,36087,259,0.3,7336134.0,9989.2,886
2024,Property Damage & Injury Accident,9:06,2024-05-11,Saturday,Y,Daylight,CLARKSTOWN,OVERTAKING,ROCKLAND,Straight and Level,Clear,Traffic Signal,Dry,304 85011047,Not Applicable,"Other Motor Vehicle, Collision With",2,354829,36087,259,0.3,7336134.0,9989.2,886
2024,Property Damage Accident,12:37,2024-05-11,Saturday,Y,Daylight,SPRING VALLEY,REAR END,ROCKLAND,Straight and Level,Clear,Traffic Signal,Dry,45 85011039,Not Applicable,"Other Motor Vehicle, Collision With",2,354829,36087,259,0.3,7336134.0,9989.2,886
2024,Property Damage Accident,12:17,2024-05-11,Saturday,Y,Daylight,PLATTEKILL,REAR END,ULSTER,Straight and Level,Clear,,Dry,,Not Applicable,"Other Motor Vehicle, Collision With",2,183095,36111,3565,1.2,6410502.0,3939.4,999
2024,Property Damage Accident,10:48,2024-05-11,Saturday,Y,Daylight,KINGSTON,OTHER,ULSTER,Straight and Level,Clear,Stop Sign,Dry,32 86022023,Not Applicable,Deer,1,183095,36111,3565,1.2,6410502.0,3939.4,999
2024,Property Damage Accident,20:18,2024-05-11,Saturday,Y,Dark-Road Unlighted,ULSTER,OTHER,ULSTER,Straight and Level,Cloudy,,Dry,9W86035048,Not Applicable,"Culver/Head Wall, Collision With Fixed Object",1,183095,36111,3565,1.2,6410502.0,3939.4,999
2024,Property Damage Accident,12:30,2024-05-11,Saturday,Y,Daylight,WAWARSING,RIGHT ANGLE,ULSTER,Straight and Level,Clear,,Dry,,Not Applicable,"Other Motor Vehicle, Collision With",2,183095,36111,3565,1.2,6410502.0,3939.4,999
2024,Property Damage Accident,23:21,2024-05-11,Saturday,Y,Dark-Road Lighted,NEW ROCHELLE,LEFT TURN (3),WESTCHESTER,Straight and Level,Clear,Traffic Signal,Dry,,Not Applicable,"Other Motor Vehicle, Collision With",2,1009165,36119,850,0.8,18110248.0,6143.2,3354
2024,Property Damage Accident,14:11,2024-05-11,Saturday,Y,Daylight,PELHAM MANOR,RIGHT ANGLE,WESTCHESTER,Straight and Level,Clear,Traffic Signal,Dry,1 87031001,Not Applicable,"Other Motor Vehicle, Collision With",2,1009165,36119,850,0.8,18110248.0,6143.2,3354
2024,Property Damage & Injury Accident,5:05,2024-05-11,Saturday,Y,Dawn,OSSINING,REAR END,WESTCHESTER,Straight and Grade,Clear,,Wet,9A87032164,Not Applicable,"Other Motor Vehicle, Collision With",2,1009165,36119,850,0.8,18110248.0,6143.2,3354
2024,Property Damage Accident,12:25,2024-05-11,Saturday,Y,Daylight,NORTH SALEM,LEFT TURN (3),WESTCHESTER,Straight and Level,Clear,Stop Sign,Dry,121 87011097,Not Applicable,"Other Motor Vehicle, Collision With",2,1009165,36119,850,0.8,18110248.0,6143.2,3354
2024,Property Damage Accident,12:42,2024-05-11,Saturday,Y,Daylight,NEW ROCHELLE,OTHER,WESTCHESTER,Straight and Level,Clear,,Dry,,Not Applicable,"Light Support/Utility Pole, Collision With Fixed Object",1,1009165,36119,850,0.8,18110248.0,6143.2,3354
2024,Property Damage Accident,11:30,2024-05-11,Saturday,Y,Daylight,YONKERS,OTHER,WESTCHESTER,Straight and Level,Clear,,Dry,,Not Applicable,"Other Motor Vehicle, Collision With",2,1009165,36119,850,0.8,18110248.0,6143.2,3354
2024,Property Damage & Injury Accident,7:49,2024-05-11,Saturday,Y,Daylight,YONKERS,SIDESWIPE,WESTCHESTER,Straight at Hill Crest,Clear,,Dry,,Not Applicable,"Other Motor Vehicle, Collision With",2,1009165,36119,850,0.8,18110248.0,6143.2,3354
2024,Property Damage & Injury Accident,6:15,2024-05-11,Saturday,Y,Dawn,NEW CASTLE,OTHER,WESTCHESTER,Straight and Level,Fog/Smog/Smoke,,Dry,,Not Applicable,"Light Support/Utility Pole, Collision With Fixed Object",1,1009165,36119,850,0.8,18110248.0,6143.2,3354
2024,Property Damage & Injury Accident,9:30,2024-05-11,Saturday,Y,Daylight,YONKERS,LEFT TURN (3),WESTCHESTER,Straight and Level,Clear,Traffic Signal,Dry,,Not Applicable,"Other Motor Vehicle, Collision With",2,1009165,36119,850,0.8,18110248.0,6143.2,3354
2024,Property Damage Accident,15:20,2024-05-11,Saturday,Y,Daylight,HARRISON,OVERTAKING,WESTCHESTER,Straight and Level,Clear,Police/Fire Emergency,Dry,,Not Applicable,"Other Motor Vehicle, Collision With",2,1009165,36119,850,0.8,18110248.0,6143.2,3354
2024,Property Damage & Injury Accident,8:15,2024-05-11,Saturday,Y,Daylight,WHITE PLAINS,REAR END,WESTCHESTER,Straight and Level,Clear,,Dry,287I87011072,Not Applicable,"Other Motor Vehicle, Collision With",2,1009165,36119,850,0.8,18110248.0,6143.2,3354
2024,Property Damage Accident,13:52,2024-05-11,Saturday,Y,Daylight,GREENBURGH,OTHER,WESTCHESTER,Straight and Level,Clear,,Dry,287I87011028,Not Applicable,"Other Motor Vehicle, Collision With",3,1009165,36119,850,0.8,18110248.0,6143.2,3354
2024,Property Damage Accident,11:55,2024-05-11,Saturday,Y,Daylight,PELHAM MANOR,OTHER,WESTCHESTER,Straight at Hill Crest,Clear,,Dry,907W87011002,Not Applicable,"Other Motor Vehicle, Collision With",3,1009165,36119,850,0.8,18110248.0,6143.2,3354
2024,Property Damage Accident,14:30,2024-05-11,Saturday,Y,Daylight,WHITE PLAINS,LEFT TURN (0),WESTCHESTER,Straight and Level,Clear,Traffic Signal,Dry,,Not Applicable,"Other Motor Vehicle, Collision With",2,1009165,36119,850,0.8,18110248.0,6143.2,3354
2024,Property Damage Accident,22:03,2024-05-12,Sunday,Y,Dark-Road Lighted,POUGHKEEPSIE,OTHER,DUTCHESS,Straight and Level,Cloudy,,Dry,,Not Applicable,"Fence, Collision With Fixed Object",1,299256,36027,1695,0.8,5987961.0,3975.0,1300
2024,Property Damage & Injury Accident,4:28,2024-05-12,Sunday,Y,Dark-Road Lighted,POUGHKEEPSIE,LEFT TURN (3),DUTCHESS,Straight and Level,Clear,Traffic Signal,Wet,,Not Applicable,"Other Motor Vehicle, Collision With",2,299256,36027,1695,0.8,5987961.0,3975.0,1300
2024,Property Damage & Injury Accident,2:53,2024-05-12,Sunday,Y,Dark-Road Lighted,POUGHKEEPSIE,OTHER,DUTCHESS,Straight and Level,Cloudy,Traffic Signal,Wet,,Riding/Walking/Skating Along Highway Against Traffic,"Bicyclist, Collision With",1,299256,36027,1695,0.8,5987961.0,3975.0,1300
2024,Property Damage Accident,5:44,2024-05-12,Sunday,Y,Dawn,EAST FISHKILL,OTHER,DUTCHESS,Straight at Hill Crest,Cloudy,,Wet,,Not Applicable,Deer,1,299256,36027,1695,0.8,5987961.0,3975.0,1300
2024,Property Damage Accident,14:10,2024-05-12,Sunday,Y,Daylight,CHESTER,REAR END,ORANGE,Straight at Hill Crest,Cloudy,Traffic Signal,Dry,,Not Applicable,"Other Motor Vehicle, Collision With",2,415088,36071,4753,2.6,13857119.0,5167.5,1527
2024,Property Damage Accident,18:45,2024-05-12,Sunday,N,Dusk,HARRIMAN,OTHER,ORANGE,Curve and Grade,Cloudy,Unknown,Dry,987E83021033,Not Applicable,Deer,1,415088,36071,4753,2.6,13857119.0,5167.5,1527
2024,Property Damage Accident,22:40,2024-05-12,Sunday,Y,Dark-Road Unlighted,HIGHLANDS,OVERTAKING,ORANGE,Curve and Level,Cloudy,,Dry,987E83021073,Not Applicable,"Other Motor Vehicle, Collision With",2,415088,36071,4753,2.6,13857119.0,5167.5,1527
2024,Property Damage & Injury Accident,15:42,2024-05-12,Sunday,Y,Daylight,MIDDLETOWN,REAR END,ORANGE,Straight at Hill Crest,Clear,Traffic Signal,Dry,,Not Applicable,"Other Motor Vehicle, Collision With",2,415088,36071,4753,2.6,13857119.0,5167.5,1527
2024,Property Damage & Injury Accident,8:14,2024-05-12,Sunday,Y,Daylight,NEW WINDSOR,REAR END,ORANGE,Straight and Level,Rain,Traffic Signal,Wet,32 83011132,Not Applicable,"Other Motor Vehicle, Collision With",2,415088,36071,4753,2.6,13857119.0,5167.5,1527
2024,Property Damage Accident,5:30,2024-05-12,Sunday,Y,Daylight,PATTERSON,HEAD ON,PUTNAM,Curve and Grade,Cloudy,Stop Sign,Dry,,Not Applicable,"Other Motor Vehicle, Collision With",2,98842,36079,509,0.7,2746105.0,4089.2,375
2024,Property Damage Accident,12:09,2024-05-12,Sunday,Y,Daylight,ORANGETOWN,OTHER,ROCKLAND,Curve and Level,Rain,,Wet,,Not Applicable,"Guide Rail - Not At End, Collision With Fixed Object",1,354829,36087,259,0.3,7336134.0,9989.2,886
2024,Property Damage Accident,22:54,2024-05-12,Sunday,Y,Dark-Road Unlighted,SLOATSBURG,OTHER,ROCKLAND,Straight and Level,Clear,,Dry,,Not Applicable,"Bridge Structure, Collision With Fixed Object",1,354829,36087,259,0.3,7336134.0,9989.2,886
2024,Property Damage Accident,15:03,2024-05-12,Sunday,Y,Daylight,WESLEY HILLS,OTHER,ROCKLAND,Straight and Level,Cloudy,,Wet,,Not Applicable,"Other Motor Vehicle, Collision With",2,354829,36087,259,0.3,7336134.0,9989.2,886
2024,Property Damage Accident,14:47,2024-05-12,Sunday,Y,Daylight,CLARKSTOWN,REAR END,ROCKLAND,Straight and Level,Cloudy,,Dry,,Not Applicable,"Other Motor Vehicle, Collision With",2,354829,36087,259,0.3,7336134.0,9989.2,886
2024,Property Damage Accident,4:30,2024-05-12,Sunday,Y,Dark-Road Lighted,SPRING VALLEY,REAR END,ROCKLAND,Straight and Level,Rain,,Wet,45 85011031,Not Applicable,"Other Motor Vehicle, Collision With",2,354829,36087,259,0.3,7336134.0,9989.2,886
2024,Property Damage Accident,16:59,2024-05-12,Sunday,Y,Daylight,CLARKSTOWN,REAR END,ROCKLAND,Straight and Level,Cloudy,,Dry,,Not Applicable,"Other Motor Vehicle, Collision With",2,354829,36087,259,0.3,7336134.0,9989.2,886
2024,Property Damage Accident,14:40,2024-05-12,Sunday,Y,Daylight,ORANGETOWN,OVERTAKING,ROCKLAND,Straight and Level,Cloudy,,Dry,,Not Applicable,"Other Motor Vehicle, Collision With",2,354829,36087,259,0.3,7336134.0,9989.2,886
2024,Property Damage Accident,11:31,2024-05-12,Sunday,Y,Daylight,SAUGERTIES,OTHER,ULSTER,Straight and Level,Cloudy,,Dry,,Not Applicable,"Other Motor Vehicle, Collision With",2,183095,36111,3565,1.2,6410502.0,3939.4,999
2024,Property Damage & Injury Accident,21:06,2024-05-12,Sunday,Y,Dark-Road Unlighted,PLATTEKILL,OTHER,ULSTER,Straight and Grade,Clear,,Dry,,Not Applicable,"Other Motor Vehicle, Collision With",4,183095,36111,3565,1.2,6410502.0,3939.4,999
2024,Property Damage Accident,14:25,2024-05-12,Sunday,N,Unknown,SCARSDALE,OVERTAKING,WESTCHESTER,Unknown,Unknown,Unknown,Unknown,,Not Applicable,"Other Motor Vehicle, Collision With",2,1009165,36119,850,0.8,18110248.0,6143.2,3354
2024,Property Damage Accident,0:25,2024-05-12,Sunday,Y,Dark-Road Unlighted,YONKERS,REAR END,WESTCHESTER,Curve and Grade,Rain,,Wet,907K87011007,Not Applicable,"Other Motor Vehicle, Collision With",2,1009165,36119,850,0.8,18110248.0,6143.2,3354
2024,Property Damage Accident,21:00,2024-05-12,Sunday,Y,Dark-Road Lighted,OSSINING,HEAD ON,WESTCHESTER,Straight and Level,Cloudy,,Dry,9 87032131,Not Applicable,"Other Motor Vehicle, Collision With",2,1009165,36119,850,0.8,18110248.0,6143.2,3354
2024,Property Damage Accident,17:30,2024-05-12,Sunday,Y,Daylight,IRVINGTON,REAR END,WESTCHESTER,Straight and Level,Cloudy,,Dry,,Not Applicable,"Other Motor Vehicle, Collision With",2,1009165,36119,850,0.8,18110248.0,6143.2,3354
2024,Property Damage & Injury Accident,6:56,2024-05-12,Sunday,Y,Daylight,POUND RIDGE,OTHER,WESTCHESTER,Straight and Level,Rain,,Wet,,Not Applicable,"Building/Wall, Collision With Fixed Object",1,1009165,36119,850,0.8,18110248.0,6143.2,3354
2024,Property Damage & Injury Accident,10:06,2024-05-12,Sunday,Y,Daylight,WHITE PLAINS,HEAD ON,WESTCHESTER,Straight and Level,Rain,Traffic Signal,Wet,,Not Applicable,"Other Motor Vehicle, Collision With",2,1009165,36119,850,0.8,18110248.0,6143.2,3354
2024,Property Damage Accident,17:37,2024-05-13,Monday,Y,Daylight,EAST FISHKILL,REAR END,DUTCHESS,Straight and Level,Clear,Traffic Signal,Dry,52 82042084,Not Applicable,"Other Motor Vehicle, Collision With",2,299256,36027,1695,0.8,5987961.0,3975.0,1300
2024,Property Damage Accident,17:50,2024-05-13,Monday,Y,Daylight,LA GRANGE,REAR END,DUTCHESS,Curve and Grade,Clear,Stop Sign,Other,,Not Applicable,"Other Motor Vehicle, Collision With",2,299256,36027,1695,0.8,5987961.0,3975.0,1300
2024,Property Damage & Injury Accident,8:49,2024-05-13,Monday,Y,Daylight,PLEASANT VALLEY,RIGHT ANGLE,DUTCHESS,Straight and Level,Cloudy,Stop Sign,Dry,,Not Applicable,"Other Motor Vehicle, Collision With",2,299256,36027,1695,0.8,5987961.0,3975.0,1300
2024,Property Damage & Injury Accident,11:06,2024-05-13,Monday,Y,Daylight,WALLKILL,OTHER,ORANGE,Straight and Level,Clear,,Dry,17 83101027,Not Applicable,"Other Motor Vehicle, Collision With",3,415088,36071,4753,2.6,13857119.0,5167.5,1527