year,accident_descriptor,time,date,day_of_week,police_report,lighting_conditions,municipality,collision_type_descriptor,county_name,road_descriptor,weather_conditions,traffic_control_device,road_surface_conditions,dot_reference_marker_location,pedestrian_bicyclist_action,event_descriptor,number_of_vehicles_involved,county_population_2024,county_fips,county_deer_take_2024,county_antlerless_deer_per_sqmi_2024,county_daily_vmt_2019,county_mean_aadt_2019,county_aadt_segments_2019
2024,Property Damage Accident,9:03,2024-05-13,Monday,Y,Daylight,NEW WINDSOR,RIGHT ANGLE,ORANGE,Straight and Level,Clear,Traffic Signal,Dry,207 83011160,Not Applicable,"Other Motor Vehicle, Collision With",2,415088,36071,4753,2.6,13857119.0,5167.5,1527
2024,Property Damage Accident,8:05,2024-05-13,Monday,Y,Daylight,MOUNT HOPE,OTHER,ORANGE,Straight at Hill Crest,Clear,,Dry,,Not Applicable,"Animal, Collision With",1,415088,36071,4753,2.6,13857119.0,5167.5,1527
2024,Property Damage Accident,16:10,2024-05-13,Monday,Y,Daylight,WALLKILL,REAR END,ORANGE,Straight and Level,Clear,,Dry,17 83101077,Not Applicable,"Other Motor Vehicle, Collision With",2,415088,36071,4753,2.6,13857119.0,5167.5,1527
2024,Property Damage Accident,16:58,2024-05-13,Monday,Y,Daylight,KENT,OTHER,PUTNAM,Curve and Level,Clear,No Passing Zone,Dry,,Not Applicable,"Light Support/Utility Pole, Collision With Fixed Object",1,98842,36079,509,0.7,2746105.0,4089.2,375
2024,Property Damage Accident,0:20,2024-05-13,Monday,Y,Dark-Road Unlighted,KENT,OTHER,PUTNAM,Straight and Level,Cloudy,,Dry,84I84031016,Not Applicable,"Fire/Explosion, Non-Collision",1,98842,36079,509,0.7,2746105.0,4089.2,375
2024,Property Damage Accident,20:22,2024-05-13,Monday,Y,Dark-Road Unlighted,SOUTHEAST,REAR END,PUTNAM,Straight and Level,Clear,Traffic Signal,Dry,,Not Applicable,"Other Motor Vehicle, Collision With",2,98842,36079,509,0.7,2746105.0,4089.2,375
2024,Property Damage Accident,9:56,2024-05-13,Monday,Y,Daylight,SPRING VALLEY,OTHER,ROCKLAND,Straight and Level,Clear,,Dry,,Not Applicable,"Other Motor Vehicle, Collision With",3,354829,36087,259,0.3,7336134.0,9989.2,886
2024,Property Damage Accident,12:30,2024-05-13,Monday,Y,Daylight,CLARKSTOWN,OTHER,ROCKLAND,Straight and Level,Clear,,Dry,,Not Applicable,"Sign Post, Collision With Fixed Object",1,354829,36087,259,0.3,7336134.0,9989.2,886
2024,Property Damage Accident,15:13,2024-05-13,Monday,Y,Daylight,ULSTER,REAR END,ULSTER,Curve and Grade,Cloudy,,Dry,,Not Applicable,"Other Motor Vehicle, Collision With",2,183095,36111,3565,1.2,6410502.0,3939.4,999
2024,Property Damage Accident,15:40,2024-05-13,Monday,Y,Daylight,SAUGERTIES,OTHER,ULSTER,Straight and Level,Cloudy,No Passing Zone,Dry,32 86023119,Not Applicable,"Other Motor Vehicle, Collision With",3,183095,36111,3565,1.2,6410502.0,3939.4,999
2024,Property Damage & Injury Accident,8:56,2024-05-13,Monday,Y,Daylight,LLOYD,OVERTAKING,ULSTER,Curve and Level,Clear,,Dry,44 86011299,Not Applicable,"Other Motor Vehicle, Collision With",2,183095,36111,3565,1.2,6410502.0,3939.4,999
2024,Property Damage Accident,9:50,2024-05-13,Monday,Y,Daylight,KINGSTON,RIGHT TURN (5),ULSTER,Curve and Level,Clear,Yield Sign,Dry,28 86011000,Not Applicable,"Other Motor Vehicle, Collision With",2,183095,36111,3565,1.2,6410502.0,3939.4,999
2024,Injury Accident,13:33,2024-05-13,Monday,N,Daylight,MOUNT VERNON,REAR END,WESTCHESTER,Straight and Level,Clear,Stop Sign,Unknown,,Not Applicable,"Other Motor Vehicle, Collision With",2,1009165,36119,850,0.8,18110248.0,6143.2,3354
2024,Property Damage Accident,16:22,2024-05-13,Monday,Y,Daylight,NEW ROCHELLE,OTHER,WESTCHESTER,Straight and Level,Cloudy,Construction Work Area,Dry,,Not Applicable,"Other Object (Not Fixed)*, Collision With",1,1009165,36119,850,0.8,18110248.0,6143.2,3354
2024,Property Damage & Injury Accident,15:47,2024-05-13,Monday,Y,Daylight,ELMSFORD,REAR END,WESTCHESTER,Curve and Grade,Cloudy,,Dry,987F87012051,Not Applicable,"Other Motor Vehicle, Collision With",2,1009165,36119,850,0.8,18110248.0,6143.2,3354
2024,Property Damage Accident,18:05,2024-05-13,Monday,Y,Daylight,SCARSDALE,REAR END,WESTCHESTER,Straight and Level,Clear,,Dry,907W87023010,Not Applicable,"Other Motor Vehicle, Collision With",2,1009165,36119,850,0.8,18110248.0,6143.2,3354
2024,Property Damage Accident,8:35,2024-05-13,Monday,Y,Daylight,YONKERS,OVERTAKING,WESTCHESTER,Straight and Level,Clear,Stop Sign,Dry,,Not Applicable,"Other Motor Vehicle, Collision With",2,1009165,36119,850,0.8,18110248.0,6143.2,3354
2024,Property Damage Accident,2:40,2024-05-13,Monday,Y,Dark-Road Unlighted,NEW ROCHELLE,OTHER,WESTCHESTER,Straight and Level,Cloudy,Other,Dry,907W87022009,Not Applicable,"Bridge Structure, Collision With Fixed Object",1,1009165,36119,850,0.8,18110248.0,6143.2,3354
2024,Property Damage Accident,10:39,2024-05-13,Monday,Y,Daylight,OSSINING,OTHER,WESTCHESTER,Curve and Grade,Clear,,Dry,9A87032151,Not Applicable,"Other Motor Vehicle, Collision With",3,1009165,36119,850,0.8,18110248.0,6143.2,3354
2024,Property Damage Accident,7:00,2024-05-13,Monday,Y,Daylight,PORT CHESTER,REAR END,WESTCHESTER,Straight and Level,Clear,,Dry,,Not Applicable,"Other Motor Vehicle, Collision With",2,1009165,36119,850,0.8,18110248.0,6143.2,3354
2024,Property Damage & Injury Accident,18:45,2024-05-13,Monday,Y,Daylight,YORKTOWN,OTHER,WESTCHESTER,Straight and Grade,Clear,,Dry,,Not Applicable,"Earth Embankment/Rock Cut/Ditch, Collision With Fixed Object",1,1009165,36119,850,0.8,18110248.0,6143.2,3354
2024,Property Damage & Injury Accident,6:30,2024-05-13,Monday,Y,Daylight,YONKERS,REAR END,WESTCHESTER,Straight and Level,Clear,,Dry,9A87031033,Not Applicable,"Other Motor Vehicle, Collision With",2,1009165,36119,850,0.8,18110248.0,6143.2,3354
2024,Property Damage Accident,16:20,2024-05-14,Tuesday,Y,Daylight,POUGHKEEPSIE,OTHER,DUTCHESS,Straight and Level,Clear,,Dry,376 82011134,Not Applicable,"Other Motor Vehicle, Collision With",2,299256,36027,1695,0.8,5987961.0,3975.0,1300
2024,Property Damage Accident,13:41,2024-05-14,Tuesday,Y,Daylight,EAST FISHKILL,OVERTAKING,DUTCHESS,Straight and Level,Clear,Traffic Signal,Dry,52 82042109,Not Applicable,"Other Motor Vehicle, Collision With",2,299256,36027,1695,0.8,5987961.0,3975.0,1300
2024,Property Damage Accident,11:10,2024-05-14,Tuesday,Y,Daylight,POUGHKEEPSIE,RIGHT ANGLE,DUTCHESS,Straight and Level,Clear,Stop Sign,Dry,,Not Applicable,"Other Motor Vehicle, Collision With",2,299256,36027,1695,0.8,5987961.0,3975.0,1300
2024,Property Damage Accident,17:06,2024-05-14,Tuesday,Y,Daylight,HYDE PARK,OVERTAKING,DUTCHESS,Straight and Level,Clear,,Dry,9G82013025,Not Applicable,"Other Motor Vehicle, Collision With",2,299256,36027,1695,0.8,5987961.0,3975.0,1300
2024,Property Damage Accident,6:27,2024-05-14,Tuesday,Y,Daylight,POUGHKEEPSIE,OVERTAKING,DUTCHESS,Straight and Level,Clear,Traffic Signal,Dry,,Not Applicable,"Other Motor Vehicle, Collision With",2,299256,36027,1695,0.8,5987961.0,3975.0,1300
2024,Property Damage Accident,7:35,2024-05-14,Tuesday,Y,Daylight,POUGHKEEPSIE,OVERTAKING,DUTCHESS,Straight and Level,Clear,Traffic Signal,Dry,44 82022V01,Not Applicable,"Other Motor Vehicle, Collision With",2,299256,36027,1695,0.8,5987961.0,3975.0,1300
2024,Property Damage Accident,15:00,2024-05-14,Tuesday,Y,Daylight,WALLKILL,OTHER,ORANGE,Straight and Level,Clear,,Dry,,Not Applicable,"Fence, Collision With Fixed Object",1,415088,36071,4753,2.6,13857119.0,5167.5,1527
2024,Property Damage Accident,17:40,2024-05-14,Tuesday,Y,Daylight,WALLKILL,REAR END,ORANGE,Straight and Grade,Cloudy,,Dry,17 83101080,Not Applicable,"Other Motor Vehicle, Collision With",2,415088,36071,4753,2.6,13857119.0,5167.5,1527
2024,Property Damage Accident,17:44,2024-05-14,Tuesday,Y,Daylight,WOODBURY,OTHER,ORANGE,Straight and Level,Clear,Stop Sign,Dry,,Not Applicable,"Guide Rail - Not At End, Collision With Fixed Object",1,415088,36071,4753,2.6,13857119.0,5167.5,1527
2024,Property Damage Accident,12:47,2024-05-14,Tuesday,Y,Daylight,MONROE,RIGHT ANGLE,ORANGE,Straight and Level,Cloudy,,Dry,17 83101249,Not Applicable,"Other Motor Vehicle, Collision With",2,415088,36071,4753,2.6,13857119.0,5167.5,1527
2024,Property Damage Accident,15:25,2024-05-14,Tuesday,Y,Daylight,GOSHEN,OVERTAKING,ORANGE,Straight and Level,Clear,,Dry,17 83101099,Not Applicable,"Other Motor Vehicle, Collision With",2,415088,36071,4753,2.6,13857119.0,5167.5,1527
2024,Injury Accident,14:03,2024-05-14,Tuesday,N,Daylight,NEWBURGH,Unknown,ORANGE,Straight and Level,Clear,,Dry,,Not Applicable,"Other Motor Vehicle, Collision With",2,415088,36071,4753,2.6,13857119.0,5167.5,1527
2024,Property Damage Accident,15:40,2024-05-14,Tuesday,Y,Daylight,PUTNAM VALLEY,OTHER,PUTNAM,Straight and Grade,Clear,No Passing Zone,Dry,,Not Applicable,"Tree, Collision With Fixed Object",1,98842,36079,509,0.7,2746105.0,4089.2,375
2024,Property Damage Accident,0:46,2024-05-14,Tuesday,Y,Dark-Road Unlighted,CLARKSTOWN,OTHER,ROCKLAND,Straight and Level,Cloudy,,Dry,987C85011109,Not Applicable,Deer,1,354829,36087,259,0.3,7336134.0,9989.2,886
2024,Property Damage Accident,22:10,2024-05-14,Tuesday,Y,Dark-Road Lighted,NEW HEMPSTEAD,REAR END,ROCKLAND,Straight and Level,Rain,Traffic Signal,Wet,,Not Applicable,"Other Motor Vehicle, Collision With",2,354829,36087,259,0.3,7336134.0,9989.2,886
2024,Injury Accident,9:40,2024-05-14,Tuesday,Y,Daylight,,REAR END,ROCKLAND,Straight and Level,Clear,,Dry,59 85011037,Not Applicable,"Other Motor Vehicle, Collision With",2,354829,36087,259,0.3,7336134.0,9989.2,886
2024,Property Damage Accident,14:00,2024-05-14,Tuesday,Y,Daylight,NEW SQUARE,OVERTAKING,ROCKLAND,Straight and Level,Unknown,,Unknown,,Not Applicable,"Other Motor Vehicle, Collision With",2,354829,36087,259,0.3,7336134.0,9989.2,886
2024,Property Damage Accident,8:15,2024-05-14,Tuesday,Y,Daylight,RAMAPO,REAR END,ROCKLAND,Straight and Level,Clear,Stopped School Bus-Red Lights Flashing,Dry,,Not Applicable,"Other Motor Vehicle, Collision With",2,354829,36087,259,0.3,7336134.0,9989.2,886
2024,Property Damage Accident,16:38,2024-05-14,Tuesday,Y,Daylight,SAUGERTIES,REAR END,ULSTER,Straight and Grade,Clear,No Passing Zone,Dry,9W86035097,Not Applicable,"Other Motor Vehicle, Collision With",2,183095,36111,3565,1.2,6410502.0,3939.4,999
2024,Property Damage & Injury Accident,13:25,2024-05-14,Tuesday,Y,Daylight,KINGSTON,RIGHT ANGLE,ULSTER,Straight and Level,Clear,No Passing Zone,Dry,983F86011004,Not Applicable,"Other Motor Vehicle, Collision With",2,183095,36111,3565,1.2,6410502.0,3939.4,999
2024,Property Damage Accident,12:00,2024-05-14,Tuesday,Y,Daylight,ULSTER,REAR END,ULSTER,Curve and Level,Clear,Yield Sign,Dry,981K86012003,Not Applicable,"Other Motor Vehicle, Collision With",2,183095,36111,3565,1.2,6410502.0,3939.4,999
2024,Property Damage Accident,5:55,2024-05-14,Tuesday,Y,Dawn,SAUGERTIES,OTHER,ULSTER,Straight and Level,Clear,No Passing Zone,Dry,212 86011176,Not Applicable,Deer,1,183095,36111,3565,1.2,6410502.0,3939.4,999
2024,Property Damage Accident,11:40,2024-05-14,Tuesday,Y,Daylight,KINGSTON,RIGHT TURN (6),ULSTER,Straight and Level,Clear,,Dry,,Not Applicable,"Other Motor Vehicle, Collision With",2,183095,36111,3565,1.2,6410502.0,3939.4,999
2024,Property Damage Accident,14:00,2024-05-14,Tuesday,Y,Daylight,GARDINER,OTHER,ULSTER,Straight and Level,Clear,,Dry,,Not Applicable,"Other Motor Vehicle, Collision With",2,183095,36111,3565,1.2,6410502.0,3939.4,999
2024,Property Damage Accident,20:54,2024-05-14,Tuesday,Y,Dark-Road Unlighted,ROCHESTER,OTHER,ULSTER,Straight and Level,Clear,,Dry,,Not Applicable,"Guide Rail - Not At End, Collision With Fixed Object",1,183095,36111,3565,1.2,6410502.0,3939.4,999
2024,Property Damage Accident,10:38,2024-05-14,Tuesday,Y,Daylight,ULSTER,RIGHT ANGLE,ULSTER,Straight and Level,Clear,Yield Sign,Dry,,Not Applicable,"Other Motor Vehicle, Collision With",2,183095,36111,3565,1.2,6410502.0,3939.4,999
2024,Property Damage Accident,10:54,2024-05-14,Tuesday,Y,Daylight,WHITE PLAINS,OVERTAKING,WESTCHESTER,Straight and Level,Clear,,Dry,,Not Applicable,"Other Motor Vehicle, Collision With",2,1009165,36119,850,0.8,18110248.0,6143.2,3354
2024,Property Damage Accident,16:22,2024-05-14,Tuesday,Y,Daylight,YONKERS,REAR END,WESTCHESTER,Straight at Hill Crest,Clear,,Dry,,Not Applicable,"Other Motor Vehicle, Collision With",2,1009165,36119,850,0.8,18110248.0,6143.2,3354
2024,Property Damage Accident,21:29,2024-05-14,Tuesday,Y,Dark-Road Lighted,YONKERS,RIGHT TURN (5),WESTCHESTER,Straight and Level,Clear,,Dry,984E87011010,Not Applicable,"Other Motor Vehicle, Collision With",2,1009165,36119,850,0.8,18110248.0,6143.2,3354
2024,Property Damage Accident,10:48,2024-05-14,Tuesday,Y,Daylight,NEW ROCHELLE,REAR END,WESTCHESTER,Straight and Level,Clear,,Dry,,Not Applicable,"Other Motor Vehicle, Collision With",2,1009165,36119,850,0.8,18110248.0,6143.2,3354
2024,Property Damage Accident,6:52,2024-05-14,Tuesday,Y,Daylight,OSSINING,REAR END,WESTCHESTER,Straight and Grade,Clear,,Dry,,Not Applicable,"Other Motor Vehicle, Collision With",2,1009165,36119,850,0.8,18110248.0,6143.2,3354
2024,Property Damage Accident,22:30,2024-05-14,Tuesday,N,Dark-Road Unlighted,PEEKSKILL,OTHER,WESTCHESTER,Curve and Grade,Rain,,Wet,6 87031012,Not Applicable,Deer,1,1009165,36119,850,0.8,18110248.0,6143.2,3354
2024,Property Damage Accident,13:27,2024-05-14,Tuesday,Y,Daylight,TARRYTOWN,OTHER,WESTCHESTER,Straight and Grade,Cloudy,,Dry,,Not Applicable,"Other Motor Vehicle, Collision With",3,1009165,36119,850,0.8,18110248.0,6143.2,3354
2024,Property Damage & Injury Accident,10:10,2024-05-14,Tuesday,Y,Daylight,GREENBURGH,REAR END,WESTCHESTER,Straight and Grade,Clear,,Dry,100A87011015,Not Applicable,"Other Motor Vehicle, Collision With",2,1009165,36119,850,0.8,18110248.0,6143.2,3354
2024,Property Damage Accident,10:00,2024-05-14,Tuesday,Y,Daylight,HARRISON,RIGHT ANGLE,WESTCHESTER,Straight and Grade,Clear,Stop Sign,Dry,,Not Applicable,"Other Motor Vehicle, Collision With",2,1009165,36119,850,0.8,18110248.0,6143.2,3354
2024,Property Damage & Injury Accident,17:08,2024-05-15,Wednesday,Y,Daylight,WAPPINGER,REAR END,DUTCHESS,Straight and Level,Cloudy,No Passing Zone,Wet,,Not Applicable,"Other Motor Vehicle, Collision With",2,299256,36027,1695,0.8,5987961.0,3975.0,1300
2024,Property Damage Accident,15:42,2024-05-15,Wednesday,Y,Daylight,LA GRANGE,REAR END,DUTCHESS,Straight and Level,Cloudy,No Passing Zone,Wet,,Not Applicable,"Other Motor Vehicle, Collision With",2,299256,36027,1695,0.8,5987961.0,3975.0,1300
2024,Property Damage Accident,12:15,2024-05-15,Wednesday,Y,Daylight,POUGHKEEPSIE,RIGHT ANGLE,DUTCHESS,Straight and Level,Cloudy,,Wet,9 82051101,Not Applicable,"Other Motor Vehicle, Collision With",2,299256,36027,1695,0.8,5987961.0,3975.0,1300
2024,Property Damage Accident,21:07,2024-05-15,Wednesday,Y,Dark-Road Unlighted,EAST FISHKILL,OTHER,DUTCHESS,Straight and Level,Clear,,Wet,987G82031035,Not Applicable,Deer,1,299256,36027,1695,0.8,5987961.0,3975.0,1300
2024,Property Damage Accident,17:27,2024-05-15,Wednesday,Y,Daylight,POUGHKEEPSIE,RIGHT TURN (5),DUTCHESS,Straight and Level,Rain,Yield Sign,Wet,9 82051128,Not Applicable,"Other Motor Vehicle, Collision With",2,299256,36027,1695,0.8,5987961.0,3975.0,1300
2024,Property Damage & Injury Accident,14:36,2024-05-15,Wednesday,Y,Daylight,POUGHKEEPSIE,OTHER,DUTCHESS,Straight and Level,Cloudy,Traffic Signal,Wet,115 82012009,Not Applicable,"Other Motor Vehicle, Collision With",3,299256,36027,1695,0.8,5987961.0,3975.0,1300
2024,Property Damage & Injury Accident,17:37,2024-05-15,Wednesday,Y,Daylight,POUGHKEEPSIE,REAR END,DUTCHESS,Straight and Level,Rain,Stop Sign,Wet,,Not Applicable,"Other Motor Vehicle, Collision With",2,299256,36027,1695,0.8,5987961.0,3975.0,1300
2024,Property Damage Accident,12:01,2024-05-15,Wednesday,Y,Daylight,LA GRANGE,OTHER,DUTCHESS,Curve and Grade,Rain,,Wet,,Not Applicable,"Guide Rail - Not At End, Collision With Fixed Object",1,299256,36027,1695,0.8,5987961.0,3975.0,1300
2024,Property Damage Accident,14:43,2024-05-15,Wednesday,Y,Daylight,LA GRANGE,OTHER,DUTCHESS,Curve and Grade,Rain,,Wet,,Not Applicable,"Earth Embankment/Rock Cut/Ditch, Collision With Fixed Object",1,299256,36027,1695,0.8,5987961.0,3975.0,1300
2024,Property Damage Accident,7:26,2024-05-15,Wednesday,Y,Daylight,FISHKILL,OTHER,DUTCHESS,Straight and Level,Rain,,Wet,84I82021020,Not Applicable,"Other Object (Not Fixed)*, Collision With",1,299256,36027,1695,0.8,5987961.0,3975.0,1300
2024,Property Damage & Injury Accident,15:34,2024-05-15,Wednesday,Y,Daylight,BLOOMING GROVE,RIGHT ANGLE,ORANGE,Curve and Level,Cloudy,Stop Sign,Wet,,Not Applicable,"Other Motor Vehicle, Collision With",2,415088,36071,4753,2.6,13857119.0,5167.5,1527
2024,Property Damage Accident,9:33,2024-05-15,Wednesday,Y,Daylight,NEW WINDSOR,OTHER,ORANGE,Straight and Level,Rain,Traffic Signal,Wet,9W83021163,Not Applicable,"Other Motor Vehicle, Collision With",2,415088,36071,4753,2.6,13857119.0,5167.5,1527
2024,Property Damage & Injury Accident,4:25,2024-05-15,Wednesday,Y,Dark-Road Unlighted,GREENVILLE,OTHER,ORANGE,Curve and Level,Rain,,Wet,,Not Applicable,"Tree, Collision With Fixed Object",1,415088,36071,4753,2.6,13857119.0,5167.5,1527
2024,Property Damage Accident,7:05,2024-05-15,Wednesday,Y,Daylight,HIGHLANDS,OVERTAKING,ORANGE,Curve and Level,Rain,,Wet,,Not Applicable,"Other Motor Vehicle, Collision With",2,415088,36071,4753,2.6,13857119.0,5167.5,1527
2024,Property Damage & Injury Accident,12:50,2024-05-15,Wednesday,Y,Daylight,HIGHLANDS,REAR END,ORANGE,Curve and Level,Rain,,Wet,293 83011068,Not Applicable,"Other Motor Vehicle, Collision With",2,415088,36071,4753,2.6,13857119.0,5167.5,1527
2024,Property Damage & Injury Accident,8:08,2024-05-15,Wednesday,Y,Daylight,MONTGOMERY,OTHER,ORANGE,Curve and Grade,Rain,,Wet,,Not Applicable,"Overturned, Non-Collision",1,415088,36071,4753,2.6,13857119.0,5167.5,1527
2024,Property Damage Accident,8:38,2024-05-15,Wednesday,Y,Daylight,BLOOMING GROVE,REAR END,ORANGE,Straight and Grade,Rain,Stop Sign,Wet,17M83013152,Not Applicable,"Other Motor Vehicle, Collision With",2,415088,36071,4753,2.6,13857119.0,5167.5,1527
2024,Property Damage Accident,11:33,2024-05-15,Wednesday,Y,Daylight,CARMEL,RIGHT ANGLE,PUTNAM,Curve and Level,Rain,No Passing Zone,Wet,6 84041046,Not Applicable,"Other Motor Vehicle, Collision With",2,98842,36079,509,0.7,2746105.0,4089.2,375
2024,Injury Accident,19:10,2024-05-15,Wednesday,Y,Daylight,SPRING VALLEY,OTHER,ROCKLAND,Straight and Level,Cloudy,,Dry,,"Crossing, No Signal or Crosswalk","Pedestrian, Collision With",1,354829,36087,259,0.3,7336134.0,9989.2,886
2024,Property Damage Accident,14:30,2024-05-15,Wednesday,Y,Daylight,ORANGETOWN,OVERTAKING,ROCKLAND,Straight and Level,Cloudy,,Wet,9W85011073,Not Applicable,"Other Motor Vehicle, Collision With",2,354829,36087,259,0.3,7336134.0,9989.2,886
2024,Property Damage & Injury Accident,13:28,2024-05-15,Wednesday,Y,Daylight,CLARKSTOWN,OTHER,ROCKLAND,Curve and Grade,Rain,,Wet,,Not Applicable,"Light Support/Utility Pole, Collision With Fixed Object",1,354829,36087,259,0.3,7336134.0,9989.2,886
2024,Property Damage Accident,15:35,2024-05-15,Wednesday,Y,Daylight,ORANGETOWN,REAR END,ROCKLAND,Straight and Level,Cloudy,,Dry,,Not Applicable,"Other Motor Vehicle, Collision With",2,354829,36087,259,0.3,7336134.0,9989.2,886
2024,Property Damage Accident,15:10,2024-05-15,Wednesday,Y,Daylight,STONY POINT,OTHER,ROCKLAND,Curve and Grade,Rain,No Passing Zone,Wet,9W85011246,Not Applicable,"Earth Embankment/Rock Cut/Ditch, Collision With Fixed Object",1,354829,36087,259,0.3,7336134.0,9989.2,886
2024,Property Damage Accident,13:14,2024-05-15,Wednesday,Y,Daylight,CLARKSTOWN,REAR END,ROCKLAND,Straight and Level,Rain,Traffic Signal,Wet,304 85011074,Not Applicable,"Other Motor Vehicle, Collision With",2,354829,36087,259,0.3,7336134.0,9989.2,886
2024,Property Damage & Injury Accident,7:10,2024-05-15,Wednesday,Y,Daylight,CLARKSTOWN,OTHER,ROCKLAND,Straight and Level,Rain,,Wet,,Not Applicable,"Other Motor Vehicle, Collision With",4,354829,36087,259,0.3,7336134.0,9989.2,886
2024,Property Damage Accident,9:43,2024-05-15,Wednesday,Y,Daylight,RAMAPO,OTHER,ROCKLAND,Curve and Level,Rain,,Wet,,Not Applicable,"Earth Embankment/Rock Cut/Ditch, Collision With Fixed Object",1,354829,36087,259,0.3,7336134.0,9989.2,886
2024,Property Damage Accident,12:40,2024-05-15,Wednesday,Y,Daylight,ROSENDALE,OVERTAKING,ULSTER,Straight and Grade,Clear,,Dry,,Not Applicable,"Other Motor Vehicle, Collision With",2,183095,36111,3565,1.2,6410502.0,3939.4,999
2024,Injury Accident,12:40,2024-05-15,Wednesday,Y,Daylight,KINGSTON,OTHER,ULSTER,Straight and Level,Rain,Traffic Signal,Wet,,"Crossing, No Signal, Marked Crosswalk","Bicyclist, Collision With",1,183095,36111,3565,1.2,6410502.0,3939.4,999
2024,Property Damage Accident,13:06,2024-05-15,Wednesday,Y,Daylight,SHAWANGUNK,REAR END,ULSTER,Straight and Level,Clear,Traffic Signal,Dry,52 86021211,Not Applicable,"Other Motor Vehicle, Collision With",2,183095,36111,3565,1.2,6410502.0,3939.4,999
2024,Property Damage Accident,8:28,2024-05-15,Wednesday,Y,Daylight,NEW ROCHELLE,RIGHT ANGLE,WESTCHESTER,Straight and Level,Rain,,Wet,,Not Applicable,"Other Motor Vehicle, Collision With",2,1009165,36119,850,0.8,18110248.0,6143.2,3354
2024,Property Damage Accident,10:19,2024-05-15,Wednesday,Y,Daylight,CORTLANDT,LEFT TURN (3),WESTCHESTER,Straight and Level,Rain,Stop Sign,Wet,,Not Applicable,"Other Motor Vehicle, Collision With",2,1009165,36119,850,0.8,18110248.0,6143.2,3354
2024,Property Damage Accident,15:08,2024-05-15,Wednesday,Y,Daylight,RYE BROOKE,RIGHT ANGLE,WESTCHESTER,Straight and Grade,Cloudy,,Wet,,Not Applicable,"Other Motor Vehicle, Collision With",2,1009165,36119,850,0.8,18110248.0,6143.2,3354
2024,Property Damage Accident,14:00,2024-05-15,Wednesday,Y,Daylight,MOUNT PLEASANT,OVERTAKING,WESTCHESTER,Straight and Level,Cloudy,Traffic Signal,Wet,141 87011020,Not Applicable,"Other Motor Vehicle, Collision With",2,1009165,36119,850,0.8,18110248.0,6143.2,3354
2024,Property Damage Accident,17:33,2024-05-15,Wednesday,Y,Daylight,NORTH CASTLE,REAR END,WESTCHESTER,Curve and Grade,Rain,Stop Sign,Wet,,Not Applicable,"Other Motor Vehicle, Collision With",2,1009165,36119,850,0.8,18110248.0,6143.2,3354
2024,Property Damage Accident,14:15,2024-05-15,Wednesday,Y,Daylight,HARRISON,OTHER,WESTCHESTER,Curve and Grade,Clear,,Wet,,Not Applicable,"Other Object (Not Fixed)*, Collision With",1,1009165,36119,850,0.8,18110248.0,6143.2,3354
2024,Property Damage Accident,12:40,2024-05-15,Wednesday,Y,Daylight,GREENBURGH,REAR END,WESTCHESTER,Straight and Grade,Rain,Traffic Signal,Wet,100 87012005,Not Applicable,"Other Motor Vehicle, Collision With",2,1009165,36119,850,0.8,18110248.0,6143.2,3354
2024,Property Damage & Injury Accident,20:56,2024-05-15,Wednesday,Y,Dark-Road Lighted,YONKERS,OTHER,WESTCHESTER,Straight and Level,Rain,,Wet,,Not Applicable,"Other Motor Vehicle, Collision With",3,1009165,36119,850,0.8,18110248.0,6143.2,3354
2024,Property Damage & Injury Accident,8:04,2024-05-15,Wednesday,Y,Daylight,MOUNT PLEASANT,RIGHT ANGLE,WESTCHESTER,Straight and Level,Rain,Traffic Signal,Wet,,Not Applicable,"Other Motor Vehicle, Collision With",2,1009165,36119,850,0.8,18110248.0,6143.2,3354
2024,Property Damage Accident,9:06,2024-05-15,Wednesday,Y,Daylight,YONKERS,OVERTAKING,WESTCHESTER,Curve and Grade,Rain,,Wet,9 87031042,Not Applicable,"Other Motor Vehicle, Collision With",2,1009165,36119,850,0.8,18110248.0,6143.2,3354
2024,Property Damage Accident,8:55,2024-05-15,Wednesday,Y,Daylight,NORTH SALEM,REAR END,WESTCHESTER,Curve and Grade,Rain,Yield Sign,Wet,,Not Applicable,"Other Motor Vehicle, Collision With",2,1009165,36119,850,0.8,18110248.0,6143.2,3354
2024,Property Damage & Injury Accident,7:29,2024-05-15,Wednesday,Y,Daylight,YONKERS,Unknown,WESTCHESTER,Straight and Grade,Rain,Stop Sign,Wet,,Not Applicable,"Other Motor Vehicle, Collision With",2,1009165,36119,850,0.8,18110248.0,6143.2,3354
2024,Property Damage Accident,14:30,2024-05-15,Wednesday,Y,Daylight,DOBBS FERRY,RIGHT ANGLE,WESTCHESTER,Straight and Level,Rain,Stop Sign,Wet,9 87032034,Not Applicable,"Other Motor Vehicle, Collision With",2,1009165,36119,850,0.8,18110248.0,6143.2,3354
2024,Property Damage Accident,10:40,2024-05-15,Wednesday,Y,Daylight,WHITE PLAINS,OTHER,WESTCHESTER,Curve at Hill Crest,Rain,,Wet,,Not Applicable,"Guide Rail - Not At End, Collision With Fixed Object",1,1009165,36119,850,0.8,18110248.0,6143.2,3354
2024,Property Damage Accident,6:04,2024-05-16,Thursday,Y,Dawn,POUGHKEEPSIE,OTHER,DUTCHESS,Straight and Level,Rain,,Wet,9 82051118,Not Applicable,"Sign Post, Collision With Fixed Object",1,299256,36027,1695,0.8,5987961.0,3975.0,1300