year,accident_descriptor,time,date,day_of_week,police_report,lighting_conditions,municipality,collision_type_descriptor,county_name,road_descriptor,weather_conditions,traffic_control_device,road_surface_conditions,dot_reference_marker_location,pedestrian_bicyclist_action,event_descriptor,number_of_vehicles_involved,county_population_2024,county_fips,county_deer_take_2024,county_antlerless_deer_per_sqmi_2024,county_daily_vmt_2019,county_mean_aadt_2019,county_aadt_segments_2019
2024,Property Damage & Injury Accident,1:54,2024-05-16,Thursday,Y,Dark-Road Unlighted,LA GRANGE,OTHER,DUTCHESS,Curve and Level,Clear,,Wet,376 82011100,Not Applicable,"Tree, Collision With Fixed Object",1,299256,36027,1695,0.8,5987961.0,3975.0,1300
2024,Injury Accident,16:32,2024-05-16,Thursday,Y,Daylight,POUGHKEEPSIE,OTHER,DUTCHESS,Curve and Level,Rain,Traffic Signal,Wet,,"Crossing, Against Signal","Pedestrian, Collision With",1,299256,36027,1695,0.8,5987961.0,3975.0,1300
2024,Property Damage Accident,1:21,2024-05-16,Thursday,Y,Dark-Road Unlighted,POUGHKEEPSIE,OTHER,DUTCHESS,Straight and Level,Clear,,Dry,,Not Applicable,"Other Fixed Object*, Collision With Fixed Object",1,299256,36027,1695,0.8,5987961.0,3975.0,1300
2024,Property Damage Accident,17:00,2024-05-16,Thursday,Y,Daylight,RHINEBECK,OTHER,DUTCHESS,Curve and Grade,Rain,No Passing Zone,Wet,,Not Applicable,"Overturned, Non-Collision",1,299256,36027,1695,0.8,5987961.0,3975.0,1300
2024,Property Damage & Injury Accident,15:03,2024-05-16,Thursday,Y,Daylight,HYDE PARK,OTHER,DUTCHESS,Curve and Grade,Rain,,Wet,,Not Applicable,"Guide Rail - Not At End, Collision With Fixed Object",1,299256,36027,1695,0.8,5987961.0,3975.0,1300
2024,Property Damage Accident,20:58,2024-05-16,Thursday,Y,Dark-Road Unlighted,WOODBURY,OTHER,ORANGE,Straight and Level,Cloudy,,Dry,,Not Applicable,"Guide Rail - Not At End, Collision With Fixed Object",1,415088,36071,4753,2.6,13857119.0,5167.5,1527
2024,Property Damage & Injury Accident,17:14,2024-05-16,Thursday,Y,Daylight,CRAWFORD,OTHER,ORANGE,Straight and Level,Cloudy,,Dry,302 83011047,Not Applicable,"Other Motor Vehicle, Collision With",3,415088,36071,4753,2.6,13857119.0,5167.5,1527
2024,Property Damage & Injury Accident,12:33,2024-05-16,Thursday,Y,Daylight,DEERPARK,OTHER,ORANGE,Straight and Grade,Rain,,Wet,,Not Applicable,"Tree, Collision With Fixed Object",1,415088,36071,4753,2.6,13857119.0,5167.5,1527
2024,Property Damage Accident,22:15,2024-05-16,Thursday,Y,Dark-Road Unlighted,WAWAYANDA,OTHER,ORANGE,Straight and Level,Cloudy,No Passing Zone,Wet,,Not Applicable,Deer,1,415088,36071,4753,2.6,13857119.0,5167.5,1527
2024,Property Damage & Injury Accident,9:23,2024-05-16,Thursday,Y,Daylight,PATTERSON,OTHER,PUTNAM,Straight and Level,Rain,No Passing Zone,Wet,,Not Applicable,"Tree, Collision With Fixed Object",1,98842,36079,509,0.7,2746105.0,4089.2,375
2024,Property Damage Accident,9:10,2024-05-16,Thursday,Y,Daylight,STONY POINT,OTHER,ROCKLAND,Straight and Level,Rain,,Wet,987C85011192,Not Applicable,"Animal, Collision With",1,354829,36087,259,0.3,7336134.0,9989.2,886
2024,Property Damage Accident,16:01,2024-05-16,Thursday,Y,Daylight,ROSENDALE,OTHER,ULSTER,Straight and Grade,Cloudy,,Dry,,Not Applicable,"Light Support/Utility Pole, Collision With Fixed Object",1,183095,36111,3565,1.2,6410502.0,3939.4,999
2024,Property Damage & Injury Accident,4:14,2024-05-16,Thursday,Y,Dark-Road Unlighted,ROCHESTER,OTHER,ULSTER,Curve and Grade,Rain,No Passing Zone,Wet,44 86011050,Not Applicable,"Earth Embankment/Rock Cut/Ditch, Collision With Fixed Object",1,183095,36111,3565,1.2,6410502.0,3939.4,999
2024,Property Damage Accident,8:59,2024-05-16,Thursday,Y,Daylight,ROSENDALE,REAR END,ULSTER,Curve at Hill Crest,Cloudy,No Passing Zone,Wet,32 86021184,Not Applicable,"Other Motor Vehicle, Collision With",2,183095,36111,3565,1.2,6410502.0,3939.4,999
2024,Property Damage & Injury Accident,16:15,2024-05-16,Thursday,Y,Daylight,LLOYD,OTHER,ULSTER,Curve and Grade,Rain,,Wet,44 86011298,Not Applicable,"Light Support/Utility Pole, Collision With Fixed Object",1,183095,36111,3565,1.2,6410502.0,3939.4,999
2024,Property Damage Accident,7:59,2024-05-16,Thursday,Y,Daylight,ULSTER,OVERTAKING,ULSTER,Straight and Level,Rain,,Wet,9W86035035,Not Applicable,"Other Motor Vehicle, Collision With",2,183095,36111,3565,1.2,6410502.0,3939.4,999
2024,Property Damage Accident,7:30,2024-05-16,Thursday,Y,Daylight,SHAWANGUNK,RIGHT ANGLE,ULSTER,Curve and Level,Rain,,Wet,,Not Applicable,"Other Motor Vehicle, Collision With",2,183095,36111,3565,1.2,6410502.0,3939.4,999
2024,Property Damage Accident,9:46,2024-05-16,Thursday,Y,Daylight,MOUNT PLEASANT,OTHER,WESTCHESTER,Curve and Grade,Rain,,Wet,987D87012097,Not Applicable,"Guide Rail - Not At End, Collision With Fixed Object",1,1009165,36119,850,0.8,18110248.0,6143.2,3354
2024,Property Damage Accident,18:00,2024-05-16,Thursday,Y,Daylight,OSSINING,OTHER,WESTCHESTER,Straight and Grade,Cloudy,,Wet,133 87011008,Not Applicable,"Other Motor Vehicle, Collision With",3,1009165,36119,850,0.8,18110248.0,6143.2,3354
2024,Property Damage Accident,10:40,2024-05-16,Thursday,Y,Daylight,NEW ROCHELLE,RIGHT ANGLE,WESTCHESTER,Straight and Level,Cloudy,,Wet,,Not Applicable,"Other Motor Vehicle, Collision With",2,1009165,36119,850,0.8,18110248.0,6143.2,3354
2024,Property Damage Accident,14:27,2024-05-16,Thursday,Y,Daylight,CORTLANDT,REAR END,WESTCHESTER,Curve and Grade,Rain,,Wet,6 87031033,Not Applicable,"Other Motor Vehicle, Collision With",2,1009165,36119,850,0.8,18110248.0,6143.2,3354
2024,Property Damage Accident,7:38,2024-05-16,Thursday,Y,Daylight,SOMERS,REAR END,WESTCHESTER,Straight and Level,Rain,No Passing Zone,Wet,202 87043155,Not Applicable,"Other Motor Vehicle, Collision With",2,1009165,36119,850,0.8,18110248.0,6143.2,3354
2024,Property Damage Accident,18:25,2024-05-16,Thursday,Y,Daylight,SCARSDALE,REAR END,WESTCHESTER,Straight and Grade,Cloudy,Stop Sign,Wet,,Not Applicable,"Other Motor Vehicle, Collision With",2,1009165,36119,850,0.8,18110248.0,6143.2,3354
2024,Property Damage Accident,7:56,2024-05-16,Thursday,Y,Daylight,PORT CHESTER,REAR END,WESTCHESTER,Straight and Level,Rain,,Wet,,Not Applicable,"Other Motor Vehicle, Collision With",2,1009165,36119,850,0.8,18110248.0,6143.2,3354
2024,Property Damage & Injury Accident,17:27,2024-05-16,Thursday,Y,Daylight,YONKERS,OTHER,WESTCHESTER,Straight and Level,Rain,Unknown,Wet,9A87031036,Not Applicable,"Light Support/Utility Pole, Collision With Fixed Object",1,1009165,36119,850,0.8,18110248.0,6143.2,3354
2024,Property Damage & Injury Accident,6:09,2024-05-16,Thursday,Y,Dawn,SCARSDALE,RIGHT TURN (5),WESTCHESTER,Straight and Level,Rain,Traffic Signal,Wet,,Not Applicable,"Other Motor Vehicle, Collision With",2,1009165,36119,850,0.8,18110248.0,6143.2,3354
2024,Property Damage Accident,13:19,2024-05-16,Thursday,Y,Daylight,MAMARONECK,OVERTAKING,WESTCHESTER,Straight and Level,Clear,,Dry,1 87033028,Not Applicable,"Other Motor Vehicle, Collision With",2,1009165,36119,850,0.8,18110248.0,6143.2,3354
2024,Property Damage Accident,18:10,2024-05-17,Friday,Y,Daylight,POUGHKEEPSIE,OVERTAKING,DUTCHESS,Straight and Level,Cloudy,Traffic Signal,Dry,9 82051095,Not Applicable,"Other Motor Vehicle, Collision With",2,299256,36027,1695,0.8,5987961.0,3975.0,1300
2024,Property Damage Accident,13:00,2024-05-17,Friday,N,Daylight,RHINEBECK,Unknown,DUTCHESS,Straight and Level,Clear,,Dry,308 82011000,Not Applicable,"Other Motor Vehicle, Collision With",2,299256,36027,1695,0.8,5987961.0,3975.0,1300
2024,Property Damage & Injury Accident,19:11,2024-05-17,Friday,Y,Dusk,POUGHKEEPSIE,REAR END,DUTCHESS,Curve and Level,Cloudy,Yield Sign,Dry,,Not Applicable,"Other Motor Vehicle, Collision With",2,299256,36027,1695,0.8,5987961.0,3975.0,1300
2024,Property Damage Accident,12:11,2024-05-17,Friday,Y,Daylight,POUGHKEEPSIE,OVERTAKING,DUTCHESS,Straight and Level,Clear,,Dry,,Not Applicable,"Other Motor Vehicle, Collision With",2,299256,36027,1695,0.8,5987961.0,3975.0,1300
2024,Property Damage Accident,16:43,2024-05-17,Friday,Y,Daylight,POUGHKEEPSIE,REAR END,DUTCHESS,Straight and Level,Clear,Traffic Signal,Dry,113 82011008,Not Applicable,"Other Motor Vehicle, Collision With",2,299256,36027,1695,0.8,5987961.0,3975.0,1300
2024,Property Damage Accident,17:22,2024-05-17,Friday,Y,Daylight,MONROE,REAR END,ORANGE,Straight and Level,Clear,,Dry,17M83013174,Not Applicable,"Other Motor Vehicle, Collision With",2,415088,36071,4753,2.6,13857119.0,5167.5,1527
2024,Property Damage & Injury Accident,21:04,2024-05-17,Friday,Y,Dark-Road Lighted,WOODBURY,REAR END,ORANGE,Straight and Level,Cloudy,No Passing Zone,Dry,32 83011014,Not Applicable,"Other Motor Vehicle, Collision With",2,415088,36071,4753,2.6,13857119.0,5167.5,1527
2024,Property Damage & Injury Accident,14:18,2024-05-17,Friday,Y,Daylight,WALLKILL,REAR END,ORANGE,Straight and Level,Cloudy,,Dry,17 83101001,Not Applicable,"Other Motor Vehicle, Collision With",2,415088,36071,4753,2.6,13857119.0,5167.5,1527
2024,Property Damage Accident,15:08,2024-05-17,Friday,Y,Daylight,WALLKILL,REAR END,ORANGE,Straight and Level,Cloudy,,Dry,211 83013008,Not Applicable,"Other Motor Vehicle, Collision With",2,415088,36071,4753,2.6,13857119.0,5167.5,1527
2024,Property Damage & Injury Accident,17:20,2024-05-17,Friday,Y,Daylight,BLOOMING GROVE,SIDESWIPE,ORANGE,Straight at Hill Crest,Cloudy,No Passing Zone,Dry,94 83011245,Not Applicable,"Other Motor Vehicle, Collision With",2,415088,36071,4753,2.6,13857119.0,5167.5,1527
2024,Property Damage Accident,11:20,2024-05-17,Friday,Y,Daylight,,RIGHT ANGLE,ROCKLAND,Straight and Level,Cloudy,Stop Sign,Dry,,Not Applicable,"Other Motor Vehicle, Collision With",2,354829,36087,259,0.3,7336134.0,9989.2,886
2024,Injury Accident,13:45,2024-05-17,Friday,Y,Daylight,,REAR END,ROCKLAND,Straight and Level,Cloudy,,Dry,59 85011039,Not Applicable,"Other Motor Vehicle, Collision With",2,354829,36087,259,0.3,7336134.0,9989.2,886
2024,Property Damage & Injury Accident,14:27,2024-05-17,Friday,Y,Daylight,HAVERSTRAW,HEAD ON,ROCKLAND,Straight and Grade,Clear,Traffic Signal,Dry,202 85011091,Not Applicable,"Other Motor Vehicle, Collision With",2,354829,36087,259,0.3,7336134.0,9989.2,886
2024,Property Damage Accident,14:10,2024-05-17,Friday,Y,Daylight,SPRING VALLEY,SIDESWIPE,ROCKLAND,Straight and Grade,Cloudy,Traffic Signal,Dry,,Not Applicable,"Other Motor Vehicle, Collision With",2,354829,36087,259,0.3,7336134.0,9989.2,886
2024,Property Damage & Injury Accident,6:44,2024-05-17,Friday,Y,Daylight,CLARKSTOWN,RIGHT ANGLE,ROCKLAND,Straight and Level,Cloudy,Stop Sign,Dry,,Not Applicable,"Other Motor Vehicle, Collision With",2,354829,36087,259,0.3,7336134.0,9989.2,886
2024,Property Damage Accident,10:57,2024-05-17,Friday,Y,Daylight,ULSTER,RIGHT ANGLE,ULSTER,Straight and Level,Clear,No Passing Zone,Dry,9W86035014,Not Applicable,"Other Motor Vehicle, Collision With",2,183095,36111,3565,1.2,6410502.0,3939.4,999
2024,Property Damage Accident,10:32,2024-05-17,Friday,Y,Daylight,SAUGERTIES,REAR END,ULSTER,Straight and Level,Clear,,Dry,,Not Applicable,"Other Motor Vehicle, Collision With",2,183095,36111,3565,1.2,6410502.0,3939.4,999
2024,Property Damage & Injury Accident,14:55,2024-05-17,Friday,Y,Daylight,HURLEY,RIGHT TURN (5),ULSTER,Straight and Level,Clear,,Dry,375 86011000,Not Applicable,"Other Motor Vehicle, Collision With",2,183095,36111,3565,1.2,6410502.0,3939.4,999
2024,Property Damage & Injury Accident,12:39,2024-05-17,Friday,Y,Daylight,SAUGERTIES,OTHER,ULSTER,Curve and Level,Clear,No Passing Zone,Dry,,Not Applicable,"Fence, Collision With Fixed Object",1,183095,36111,3565,1.2,6410502.0,3939.4,999
2024,Property Damage Accident,19:40,2024-05-17,Friday,Y,Daylight,MARBLETOWN,OTHER,ULSTER,Straight and Level,Cloudy,No Passing Zone,Dry,,Not Applicable,Deer,1,183095,36111,3565,1.2,6410502.0,3939.4,999
2024,Property Damage Accident,1:15,2024-05-17,Friday,Y,Dark-Road Lighted,HARRISON,OVERTAKING,WESTCHESTER,Curve and Level,Cloudy,,Dry,,Not Applicable,"Other Motor Vehicle, Collision With",2,1009165,36119,850,0.8,18110248.0,6143.2,3354
2024,Property Damage Accident,11:16,2024-05-17,Friday,Y,Unknown,YONKERS,SIDESWIPE,WESTCHESTER,Straight and Grade,Unknown,,Unknown,,Not Applicable,"Other Motor Vehicle, Collision With",2,1009165,36119,850,0.8,18110248.0,6143.2,3354
2024,Property Damage Accident,8:30,2024-05-17,Friday,Y,Daylight,MOUNT PLEASANT,HEAD ON,WESTCHESTER,Straight and Level,Clear,,Dry,,Not Applicable,"Other Motor Vehicle, Collision With",2,1009165,36119,850,0.8,18110248.0,6143.2,3354
2024,Property Damage & Injury Accident,20:03,2024-05-17,Friday,Y,Dawn,CORTLANDT,SIDESWIPE,WESTCHESTER,Straight and Grade,Clear,No Passing Zone,Dry,,Not Applicable,"Other Motor Vehicle, Collision With",2,1009165,36119,850,0.8,18110248.0,6143.2,3354
2024,Property Damage Accident,2:40,2024-05-17,Friday,Y,Dark-Road Unlighted,YORKTOWN,OTHER,WESTCHESTER,Straight and Level,Cloudy,,Dry,6N87011003,Not Applicable,"Light Support/Utility Pole, Collision With Fixed Object",1,1009165,36119,850,0.8,18110248.0,6143.2,3354
2024,Property Damage Accident,10:51,2024-05-17,Friday,Y,Daylight,ELMSFORD,OVERTAKING,WESTCHESTER,Curve and Level,Cloudy,,Dry,287I87011018,Not Applicable,"Other Motor Vehicle, Collision With",2,1009165,36119,850,0.8,18110248.0,6143.2,3354
2024,Property Damage Accident,11:18,2024-05-17,Friday,Y,Daylight,WHITE PLAINS,LEFT TURN (3),WESTCHESTER,Straight and Level,Cloudy,Traffic Signal,Dry,125 87012008,Not Applicable,"Other Motor Vehicle, Collision With",2,1009165,36119,850,0.8,18110248.0,6143.2,3354
2024,Property Damage Accident,8:19,2024-05-17,Friday,Y,Daylight,NEW CASTLE,OVERTAKING,WESTCHESTER,Curve and Grade,Cloudy,,Dry,,Not Applicable,"Other Motor Vehicle, Collision With",2,1009165,36119,850,0.8,18110248.0,6143.2,3354
2024,Property Damage Accident,7:49,2024-05-17,Friday,Y,Daylight,CORTLANDT,LEFT TURN (3),WESTCHESTER,Straight and Level,Cloudy,Stop Sign,Dry,,Not Applicable,"Other Motor Vehicle, Collision With",2,1009165,36119,850,0.8,18110248.0,6143.2,3354
2024,Property Damage Accident,18:33,2024-05-17,Friday,Y,Daylight,MAMARONECK,LEFT TURN (3),WESTCHESTER,Straight and Level,Clear,Stop Sign,Dry,,Not Applicable,"Other Motor Vehicle, Collision With",2,1009165,36119,850,0.8,18110248.0,6143.2,3354
2024,Property Damage & Injury Accident,5:59,2024-05-17,Friday,Y,Dawn,RYE,OTHER,WESTCHESTER,Curve and Level,Rain,,Wet,,Not Applicable,"Guide Rail - End, Collision With Fixed Object",1,1009165,36119,850,0.8,18110248.0,6143.2,3354
2024,Property Damage Accident,17:45,2024-05-17,Friday,Y,Daylight,PELHAM MANOR,REAR END,WESTCHESTER,Curve and Grade,Clear,Yield Sign,Dry,1 87031002,Not Applicable,"Other Motor Vehicle, Collision With",2,1009165,36119,850,0.8,18110248.0,6143.2,3354
2024,Property Damage Accident,14:30,2024-05-17,Friday,Y,Daylight,SOMERS,OTHER,WESTCHESTER,Straight and Level,Cloudy,,Dry,,Not Applicable,"Other Motor Vehicle, Collision With",2,1009165,36119,850,0.8,18110248.0,6143.2,3354
2024,Property Damage Accident,21:00,2024-05-18,Saturday,Y,Dark-Road Unlighted,DOVER,OTHER,DUTCHESS,Straight and Level,Clear,No Passing Zone,Dry,343 82011035,Not Applicable,Deer,1,299256,36027,1695,0.8,5987961.0,3975.0,1300
2024,Property Damage & Injury Accident,2:30,2024-05-18,Saturday,Y,Dark-Road Unlighted,PAWLING,OTHER,DUTCHESS,Straight and Grade,Clear,Traffic Signal,Dry,22 82041035,Not Applicable,"Tree, Collision With Fixed Object",1,299256,36027,1695,0.8,5987961.0,3975.0,1300
2024,Property Damage Accident,12:30,2024-05-18,Saturday,Y,Daylight,NORTHEAST,REAR END,DUTCHESS,Straight and Grade,Clear,,Dry,22 82041370,Not Applicable,"Other Motor Vehicle, Collision With",2,299256,36027,1695,0.8,5987961.0,3975.0,1300
2024,Property Damage Accident,21:56,2024-05-18,Saturday,Y,Dark-Road Lighted,BEACON,OTHER,DUTCHESS,Straight and Level,Clear,,Dry,,Not Applicable,"Light Support/Utility Pole, Collision With Fixed Object",1,299256,36027,1695,0.8,5987961.0,3975.0,1300
2024,Property Damage Accident,5:31,2024-05-18,Saturday,Y,Daylight,WARWICK,OTHER,ORANGE,Curve and Grade,Clear,,Dry,94 83011001,Not Applicable,Deer,1,415088,36071,4753,2.6,13857119.0,5167.5,1527
2024,Property Damage Accident,8:40,2024-05-18,Saturday,Y,Daylight,CORNWALL,RIGHT ANGLE,ORANGE,Straight and Level,Cloudy,,Dry,,Not Applicable,"Other Motor Vehicle, Collision With",2,415088,36071,4753,2.6,13857119.0,5167.5,1527
2024,Property Damage & Injury Accident,17:30,2024-05-18,Saturday,Y,Daylight,NEWBURGH,REAR END,ORANGE,Straight and Level,Cloudy,,Dry,300 83021086,Not Applicable,"Other Motor Vehicle, Collision With",2,415088,36071,4753,2.6,13857119.0,5167.5,1527
2024,Property Damage Accident,6:44,2024-05-18,Saturday,Y,Daylight,WALLKILL,OTHER,ORANGE,Straight and Level,Cloudy,,Dry,17 83101042,Not Applicable,Deer,1,415088,36071,4753,2.6,13857119.0,5167.5,1527
2024,Property Damage Accident,9:21,2024-05-18,Saturday,Y,Daylight,CORNWALL,OVERTAKING,ORANGE,Curve and Level,Cloudy,,Dry,,Not Applicable,"Other Motor Vehicle, Collision With",2,415088,36071,4753,2.6,13857119.0,5167.5,1527
2024,Property Damage Accident,17:25,2024-05-18,Saturday,Y,Daylight,PUTNAM VALLEY,OVERTAKING,PUTNAM,Curve and Grade,Cloudy,,Dry,987G84021059,Not Applicable,"Other Motor Vehicle, Collision With",2,98842,36079,509,0.7,2746105.0,4089.2,375
2024,Property Damage & Injury Accident,0:55,2024-05-18,Saturday,Y,Dark-Road Unlighted,PUTNAM VALLEY,OTHER,PUTNAM,Straight and Level,Clear,,Dry,,Not Applicable,"Ran Off Roadway Only, Non-Collision",1,98842,36079,509,0.7,2746105.0,4089.2,375
2024,Property Damage Accident,16:05,2024-05-18,Saturday,Y,Daylight,CLARKSTOWN,LEFT TURN (0),ROCKLAND,Straight and Level,Cloudy,Traffic Signal,Dry,59 85011083,Not Applicable,"Other Motor Vehicle, Collision With",2,354829,36087,259,0.3,7336134.0,9989.2,886
2024,Property Damage Accident,13:10,2024-05-18,Saturday,Y,Daylight,NYACK,OVERTAKING,ROCKLAND,Straight and Level,Clear,,Dry,,Not Applicable,"Other Motor Vehicle, Collision With",2,354829,36087,259,0.3,7336134.0,9989.2,886
2024,Property Damage Accident,20:09,2024-05-18,Saturday,Y,Dusk,SLOATSBURG,OVERTAKING,ROCKLAND,Straight and Level,Clear,,Dry,,Not Applicable,"Other Motor Vehicle, Collision With",2,354829,36087,259,0.3,7336134.0,9989.2,886
2024,Property Damage Accident,15:26,2024-05-18,Saturday,Y,Daylight,WEST HAVERSTRAW,RIGHT ANGLE,ROCKLAND,Curve and Grade,Cloudy,,Dry,,Not Applicable,"Other Motor Vehicle, Collision With",2,354829,36087,259,0.3,7336134.0,9989.2,886
2024,Property Damage Accident,8:09,2024-05-18,Saturday,Y,Daylight,STONY POINT,OVERTAKING,ROCKLAND,Curve and Grade,Cloudy,,Dry,987C85011185,Not Applicable,"Other Motor Vehicle, Collision With",2,354829,36087,259,0.3,7336134.0,9989.2,886
2024,Property Damage Accident,19:07,2024-05-18,Saturday,Y,Daylight,WAWARSING,REAR END,ULSTER,Straight and Level,Clear,,Dry,,Not Applicable,"Other Motor Vehicle, Collision With",2,183095,36111,3565,1.2,6410502.0,3939.4,999
2024,Property Damage & Injury Accident,0:42,2024-05-18,Saturday,Y,Dark-Road Unlighted,MAMARONECK,OTHER,WESTCHESTER,Straight and Level,Clear,,Dry,,Not Applicable,"Other Motor Vehicle, Collision With",3,1009165,36119,850,0.8,18110248.0,6143.2,3354
2024,Property Damage Accident,18:27,2024-05-18,Saturday,Y,Daylight,NEW ROCHELLE,OVERTAKING,WESTCHESTER,Straight and Grade,Rain,,Wet,981V87011006,Not Applicable,"Other Motor Vehicle, Collision With",2,1009165,36119,850,0.8,18110248.0,6143.2,3354
2024,Property Damage & Injury Accident,17:25,2024-05-18,Saturday,Y,Daylight,YORKTOWN,OTHER,WESTCHESTER,Straight and Level,Cloudy,,Dry,6 87033027,Not Applicable,"Other Motor Vehicle, Collision With",4,1009165,36119,850,0.8,18110248.0,6143.2,3354
2024,Property Damage Accident,10:41,2024-05-18,Saturday,Y,Daylight,WHITE PLAINS,OTHER,WESTCHESTER,Curve and Level,Clear,Traffic Signal,Dry,119 87012010,Not Applicable,"Light Support/Utility Pole, Collision With Fixed Object",1,1009165,36119,850,0.8,18110248.0,6143.2,3354
2024,Property Damage & Injury Accident,11:58,2024-05-18,Saturday,Y,Daylight,OSSINING,RIGHT ANGLE,WESTCHESTER,Straight and Level,Clear,Stop Sign,Dry,134 87011001,Not Applicable,"Other Motor Vehicle, Collision With",2,1009165,36119,850,0.8,18110248.0,6143.2,3354
2024,Property Damage Accident,15:44,2024-05-18,Saturday,Y,Daylight,YORKTOWN,REAR END,WESTCHESTER,Straight and Level,Cloudy,Traffic Signal,Dry,6 87033038,Not Applicable,"Other Motor Vehicle, Collision With",2,1009165,36119,850,0.8,18110248.0,6143.2,3354
2024,Property Damage Accident,11:00,2024-05-18,Saturday,N,Unknown,YONKERS,Unknown,WESTCHESTER,Unknown,Unknown,Unknown,Unknown,,Not Applicable,"Other Motor Vehicle, Collision With",2,1009165,36119,850,0.8,18110248.0,6143.2,3354
2024,Property Damage Accident,23:08,2024-05-19,Sunday,Y,Dark-Road Unlighted,LA GRANGE,OTHER,DUTCHESS,Curve and Level,Clear,,Dry,987G82031118,Not Applicable,"Earth Embankment/Rock Cut/Ditch, Collision With Fixed Object",1,299256,36027,1695,0.8,5987961.0,3975.0,1300
2024,Property Damage Accident,13:19,2024-05-19,Sunday,Y,Daylight,FISHKILL,REAR END,DUTCHESS,Curve and Level,Clear,Traffic Signal,Dry,,Not Applicable,"Other Motor Vehicle, Collision With",2,299256,36027,1695,0.8,5987961.0,3975.0,1300
2024,Property Damage & Injury Accident,14:25,2024-05-19,Sunday,Y,Daylight,DOVER,LEFT TURN (3),DUTCHESS,Straight and Level,Clear,,Dry,,Not Applicable,"Other Motor Vehicle, Collision With",2,299256,36027,1695,0.8,5987961.0,3975.0,1300
2024,Property Damage Accident,18:08,2024-05-19,Sunday,Y,Daylight,EAST FISHKILL,OVERTAKING,DUTCHESS,Straight and Level,Clear,,Dry,84I82021122,Not Applicable,"Other Motor Vehicle, Collision With",2,299256,36027,1695,0.8,5987961.0,3975.0,1300
2024,Property Damage Accident,19:07,2024-05-19,Sunday,Y,Daylight,BEACON,REAR END,DUTCHESS,Straight and Level,Clear,Other,Dry,84I82021010,Not Applicable,"Other Motor Vehicle, Collision With",2,299256,36027,1695,0.8,5987961.0,3975.0,1300
2024,Property Damage Accident,12:30,2024-05-19,Sunday,Y,Daylight,RHINEBECK,OVERTAKING,DUTCHESS,Straight and Level,Clear,,Dry,9 82053155,Not Applicable,"Other Motor Vehicle, Collision With",2,299256,36027,1695,0.8,5987961.0,3975.0,1300
2024,Property Damage Accident,10:15,2024-05-19,Sunday,Y,Daylight,FISHKILL,RIGHT ANGLE,DUTCHESS,Straight and Level,Clear,Stop Sign,Dry,,Not Applicable,"Other Motor Vehicle, Collision With",2,299256,36027,1695,0.8,5987961.0,3975.0,1300
2024,Property Damage Accident,16:25,2024-05-19,Sunday,Y,Daylight,MIDDLETOWN,OVERTAKING,ORANGE,Straight and Level,Clear,,Dry,17M83012007,Not Applicable,"Other Motor Vehicle, Collision With",2,415088,36071,4753,2.6,13857119.0,5167.5,1527
2024,Property Damage Accident,20:50,2024-05-19,Sunday,Y,Dark-Road Unlighted,NEWBURGH,OTHER,ORANGE,Straight and Level,Clear,,Dry,,Not Applicable,Deer,1,415088,36071,4753,2.6,13857119.0,5167.5,1527
2024,Property Damage & Injury Accident,15:08,2024-05-19,Sunday,Y,Daylight,WARWICK,OTHER,ORANGE,Curve and Grade,Clear,,Dry,,Not Applicable,"Ran Off Roadway Only, Non-Collision",1,415088,36071,4753,2.6,13857119.0,5167.5,1527
2024,Property Damage Accident,14:43,2024-05-19,Sunday,Y,Daylight,CLARKSTOWN,LEFT TURN (3),ROCKLAND,Straight and Level,Clear,,Dry,,Not Applicable,"Other Motor Vehicle, Collision With",2,354829,36087,259,0.3,7336134.0,9989.2,886
2024,Property Damage Accident,11:41,2024-05-19,Sunday,Y,Daylight,ORANGETOWN,OVERTAKING,ROCKLAND,Straight and Grade,Clear,,Dry,,Not Applicable,"Other Motor Vehicle, Collision With",2,354829,36087,259,0.3,7336134.0,9989.2,886
2024,Property Damage Accident,17:25,2024-05-19,Sunday,Y,Daylight,STONY POINT,REAR END,ROCKLAND,Straight and Level,Cloudy,,Dry,,Not Applicable,"Other Motor Vehicle, Collision With",2,354829,36087,259,0.3,7336134.0,9989.2,886
2024,Property Damage Accident,21:11,2024-05-19,Sunday,Y,Dark-Road Lighted,HAVERSTRAW,RIGHT ANGLE,ROCKLAND,Straight and Level,Clear,Traffic Signal,Dry,,Not Applicable,"Other Motor Vehicle, Collision With",2,354829,36087,259,0.3,7336134.0,9989.2,886
2024,Property Damage & Injury Accident,10:34,2024-05-19,Sunday,Y,Daylight,STONY POINT,OTHER,ROCKLAND,Curve and Level,Clear,,Dry,987C85011184,Not Applicable,"Earth Embankment/Rock Cut/Ditch, Collision With Fixed Object",1,354829,36087,259,0.3,7336134.0,9989.2,886
2024,Property Damage & Injury Accident,20:33,2024-05-19,Sunday,Y,Dark-Road Unlighted,GARDINER,OTHER,ULSTER,Straight and Level,Clear,,Dry,,Not Applicable,Deer,1,183095,36111,3565,1.2,6410502.0,3939.4,999
2024,Property Damage & Injury Accident,14:49,2024-05-19,Sunday,Y,Daylight,ULSTER,REAR END,ULSTER,Straight and Level,Clear,,Dry,9W86035034,Not Applicable,"Other Motor Vehicle, Collision With",2,183095,36111,3565,1.2,6410502.0,3939.4,999