year,accident_descriptor,time,date,day_of_week,police_report,lighting_conditions,municipality,collision_type_descriptor,county_name,road_descriptor,weather_conditions,traffic_control_device,road_surface_conditions,dot_reference_marker_location,pedestrian_bicyclist_action,event_descriptor,number_of_vehicles_involved,county_population_2024,county_fips,county_deer_take_2024,county_antlerless_deer_per_sqmi_2024,county_daily_vmt_2019,county_mean_aadt_2019,county_aadt_segments_2019
2024,Property Damage Accident,11:20,2024-05-22,Wednesday,Y,Daylight,SOUTH NYACK,OTHER,ROCKLAND,Straight and Grade,Clear,,Dry,9W85011064,Not Applicable,Deer,1,354829,36087,259,0.3,7336134.0,9989.2,886
2024,Property Damage Accident,17:20,2024-05-22,Wednesday,Y,Daylight,CLARKSTOWN,RIGHT ANGLE,ROCKLAND,Straight and Level,Clear,Stop Sign,Dry,,Not Applicable,"Other Motor Vehicle, Collision With",2,354829,36087,259,0.3,7336134.0,9989.2,886
2024,Property Damage Accident,6:42,2024-05-22,Wednesday,Y,Dawn,CLARKSTOWN,REAR END,ROCKLAND,Straight and Level,Clear,,Dry,,Not Applicable,"Other Motor Vehicle, Collision With",2,354829,36087,259,0.3,7336134.0,9989.2,886
2024,Property Damage Accident,9:57,2024-05-22,Wednesday,Y,Dawn,CLARKSTOWN,OTHER,ROCKLAND,Curve and Grade,Clear,,Dry,,Not Applicable,"Light Support/Utility Pole, Collision With Fixed Object",1,354829,36087,259,0.3,7336134.0,9989.2,886
2024,Property Damage & Injury Accident,10:47,2024-05-22,Wednesday,Y,Daylight,CLARKSTOWN,REAR END,ROCKLAND,Straight and Level,Clear,,Dry,,Not Applicable,"Other Motor Vehicle, Collision With",2,354829,36087,259,0.3,7336134.0,9989.2,886
2024,Property Damage Accident,15:57,2024-05-22,Wednesday,Y,Daylight,RAMAPO,OVERTAKING,ROCKLAND,Straight and Level,Clear,Traffic Signal,Dry,,Not Applicable,"Other Motor Vehicle, Collision With",2,354829,36087,259,0.3,7336134.0,9989.2,886
2024,Property Damage Accident,15:22,2024-05-22,Wednesday,Y,Daylight,ULSTER,OTHER,ULSTER,Straight and Level,Clear,,Dry,209 86031326,Not Applicable,"Animal, Collision With",1,183095,36111,3565,1.2,6410502.0,3939.4,999
2024,Property Damage Accident,16:31,2024-05-22,Wednesday,Y,Daylight,GARDINER,OTHER,ULSTER,Straight and Level,Clear,Stop Sign,Dry,,Not Applicable,"Sign Post, Collision With Fixed Object",1,183095,36111,3565,1.2,6410502.0,3939.4,999
2024,Property Damage & Injury Accident,15:21,2024-05-22,Wednesday,Y,Daylight,ULSTER,REAR END,ULSTER,Curve and Level,Clear,,Dry,,Not Applicable,"Other Motor Vehicle, Collision With",2,183095,36111,3565,1.2,6410502.0,3939.4,999
2024,Property Damage & Injury Accident,23:30,2024-05-22,Wednesday,Y,Dark-Road Unlighted,PLATTEKILL,OTHER,ULSTER,Straight and Level,Rain,,Wet,32 86021013,Not Applicable,Deer,1,183095,36111,3565,1.2,6410502.0,3939.4,999
2024,Property Damage Accident,8:01,2024-05-22,Wednesday,Y,Daylight,ESOPUS,LEFT TURN (0),ULSTER,Straight and Level,Clear,Stop Sign,Dry,,Not Applicable,"Other Motor Vehicle, Collision With",2,183095,36111,3565,1.2,6410502.0,3939.4,999
2024,Property Damage & Injury Accident,15:16,2024-05-22,Wednesday,Y,Daylight,ULSTER,LEFT TURN (0),ULSTER,Straight and Level,Clear,Traffic Signal,Dry,9W86035028,Not Applicable,"Other Motor Vehicle, Collision With",2,183095,36111,3565,1.2,6410502.0,3939.4,999
2024,Property Damage Accident,20:39,2024-05-22,Wednesday,Y,Dark-Road Unlighted,KINGSTON,OTHER,ULSTER,Straight and Level,Clear,,Dry,28 86012038,Not Applicable,"Tree, Collision With Fixed Object",1,183095,36111,3565,1.2,6410502.0,3939.4,999
2024,Property Damage Accident,11:09,2024-05-22,Wednesday,Y,Daylight,ROSENDALE,OTHER,ULSTER,Straight and Grade,Cloudy,,Dry,,Not Applicable,Deer,1,183095,36111,3565,1.2,6410502.0,3939.4,999
2024,Property Damage Accident,17:34,2024-05-22,Wednesday,Y,Daylight,PORT CHESTER,OVERTAKING,WESTCHESTER,Straight and Level,Clear,Traffic Signal,Dry,1 87035003,Not Applicable,"Other Motor Vehicle, Collision With",2,1009165,36119,850,0.8,18110248.0,6143.2,3354
2024,Property Damage Accident,14:40,2024-05-22,Wednesday,Y,Daylight,NEW ROCHELLE,OVERTAKING,WESTCHESTER,Straight and Level,Clear,Traffic Signal,Dry,,Not Applicable,"Other Motor Vehicle, Collision With",2,1009165,36119,850,0.8,18110248.0,6143.2,3354
2024,Property Damage Accident,16:09,2024-05-22,Wednesday,Y,Daylight,OSSINING,REAR END,WESTCHESTER,Straight and Grade,Clear,,Dry,,Not Applicable,"Other Motor Vehicle, Collision With",2,1009165,36119,850,0.8,18110248.0,6143.2,3354
2024,Property Damage Accident,16:00,2024-05-22,Wednesday,Y,Daylight,MOUNT PLEASANT,REAR END,WESTCHESTER,Straight and Level,Clear,Stop Sign,Dry,,Not Applicable,"Other Motor Vehicle, Collision With",2,1009165,36119,850,0.8,18110248.0,6143.2,3354
2024,Property Damage Accident,17:26,2024-05-22,Wednesday,Y,Daylight,MOUNT PLEASANT,REAR END,WESTCHESTER,Straight and Level,Clear,,Dry,987F87012082,Not Applicable,"Other Motor Vehicle, Collision With",2,1009165,36119,850,0.8,18110248.0,6143.2,3354
2024,Injury Accident,15:30,2024-05-22,Wednesday,N,Unknown,NEW ROCHELLE,Unknown,WESTCHESTER,Unknown,Unknown,Unknown,Unknown,1 87032004,Not Applicable,"Other Motor Vehicle, Collision With",2,1009165,36119,850,0.8,18110248.0,6143.2,3354
2024,Property Damage Accident,16:11,2024-05-22,Wednesday,Y,Daylight,SCARSDALE,RIGHT ANGLE,WESTCHESTER,Straight and Level,Clear,Flashing Light,Dry,125 87011023,Not Applicable,"Other Motor Vehicle, Collision With",2,1009165,36119,850,0.8,18110248.0,6143.2,3354
2024,Property Damage Accident,15:15,2024-05-22,Wednesday,Y,Daylight,MAMARONECK,REAR END,WESTCHESTER,Curve and Level,Clear,Stop Sign,Dry,,Not Applicable,"Other Motor Vehicle, Collision With",2,1009165,36119,850,0.8,18110248.0,6143.2,3354
2024,Property Damage Accident,15:07,2024-05-22,Wednesday,Y,Daylight,NORTH CASTLE,OVERTAKING,WESTCHESTER,Curve and Grade,Clear,Traffic Signal,Dry,22 87024007,Not Applicable,"Other Motor Vehicle, Collision With",2,1009165,36119,850,0.8,18110248.0,6143.2,3354
2024,Property Damage & Injury Accident,16:05,2024-05-22,Wednesday,Y,Daylight,YONKERS,OVERTAKING,WESTCHESTER,Straight and Level,Clear,Yield Sign,Dry,987D87011002,Not Applicable,"Other Motor Vehicle, Collision With",2,1009165,36119,850,0.8,18110248.0,6143.2,3354
2024,Property Damage Accident,18:34,2024-05-22,Wednesday,Y,Daylight,RYE BROOKE,OVERTAKING,WESTCHESTER,Curve and Level,Clear,,Dry,,Not Applicable,"Other Motor Vehicle, Collision With",2,1009165,36119,850,0.8,18110248.0,6143.2,3354
2024,Property Damage Accident,12:01,2024-05-22,Wednesday,Y,Daylight,ELMSFORD,OVERTAKING,WESTCHESTER,Curve and Level,Clear,,Dry,287I87011009,Not Applicable,"Other Motor Vehicle, Collision With",2,1009165,36119,850,0.8,18110248.0,6143.2,3354
2024,Property Damage Accident,15:58,2024-05-22,Wednesday,Y,Daylight,HARRISON,OTHER,WESTCHESTER,Straight and Level,Clear,,Dry,287I87011080,Not Applicable,"Other Object (Not Fixed)*, Collision With",1,1009165,36119,850,0.8,18110248.0,6143.2,3354
2024,Property Damage Accident,12:36,2024-05-22,Wednesday,Y,Daylight,MOUNT KISCO,OVERTAKING,WESTCHESTER,Straight and Level,Clear,,Dry,117 87011117,Not Applicable,"Other Motor Vehicle, Collision With",2,1009165,36119,850,0.8,18110248.0,6143.2,3354
2024,Property Damage & Injury Accident,17:37,2024-05-23,Thursday,Y,Daylight,POUGHKEEPSIE,LEFT TURN (3),DUTCHESS,Straight and Level,Clear,,Dry,,Not Applicable,"Other Motor Vehicle, Collision With",2,299256,36027,1695,0.8,5987961.0,3975.0,1300
2024,Property Damage Accident,17:00,2024-05-23,Thursday,Y,Daylight,WAPPINGER FALLS,OVERTAKING,DUTCHESS,Straight and Level,Clear,Traffic Signal,Dry,9 82051079,Not Applicable,"Other Motor Vehicle, Collision With",2,299256,36027,1695,0.8,5987961.0,3975.0,1300
2024,Property Damage Accident,17:18,2024-05-23,Thursday,Y,Daylight,POUGHKEEPSIE,RIGHT ANGLE,DUTCHESS,Straight and Level,Clear,Traffic Signal,Dry,,Not Applicable,"Other Motor Vehicle, Collision With",2,299256,36027,1695,0.8,5987961.0,3975.0,1300
2024,Property Damage Accident,8:36,2024-05-23,Thursday,Y,Daylight,DOVER,OTHER,DUTCHESS,Straight and Grade,Rain,No Passing Zone,Wet,22 82041068,Not Applicable,Deer,1,299256,36027,1695,0.8,5987961.0,3975.0,1300
2024,Property Damage Accident,8:00,2024-05-23,Thursday,Y,Daylight,HIGHLAND FALLS,LEFT TURN (3),ORANGE,Straight and Level,Rain,Stop Sign,Wet,218 83011011,Not Applicable,"Other Motor Vehicle, Collision With",2,415088,36071,4753,2.6,13857119.0,5167.5,1527
2024,Property Damage Accident,16:55,2024-05-23,Thursday,Y,Daylight,WALLKILL,REAR END,ORANGE,Straight and Level,Clear,,Dry,,Not Applicable,"Other Motor Vehicle, Collision With",2,415088,36071,4753,2.6,13857119.0,5167.5,1527
2024,Property Damage Accident,10:00,2024-05-23,Thursday,Y,Daylight,CRAWFORD,LEFT TURN (3),ORANGE,Curve and Level,Rain,,Wet,302 83011047,Not Applicable,"Other Motor Vehicle, Collision With",2,415088,36071,4753,2.6,13857119.0,5167.5,1527
2024,Property Damage & Injury Accident,11:33,2024-05-23,Thursday,Y,Daylight,PHILLIPSTOWN,LEFT TURN (3),PUTNAM,Straight and Level,Clear,No Passing Zone,Dry,9 84041097,Not Applicable,"Other Motor Vehicle, Collision With",2,98842,36079,509,0.7,2746105.0,4089.2,375
2024,Property Damage Accident,16:00,2024-05-23,Thursday,Y,Daylight,PATTERSON,OTHER,PUTNAM,Straight and Level,Clear,No Passing Zone,Dry,,Not Applicable,"Earth Embankment/Rock Cut/Ditch, Collision With Fixed Object",1,98842,36079,509,0.7,2746105.0,4089.2,375
2024,Property Damage Accident,9:40,2024-05-23,Thursday,Y,Daylight,PUTNAM VALLEY,OTHER,PUTNAM,Curve and Grade,Rain,,Wet,987G84021001,Not Applicable,"Guide Rail - Not At End, Collision With Fixed Object",1,98842,36079,509,0.7,2746105.0,4089.2,375
2024,Property Damage Accident,12:39,2024-05-23,Thursday,Y,Daylight,SOUTHEAST,REAR END,PUTNAM,Straight and Level,Cloudy,Traffic Signal,Dry,,Not Applicable,"Other Motor Vehicle, Collision With",2,98842,36079,509,0.7,2746105.0,4089.2,375
2024,Property Damage Accident,14:28,2024-05-23,Thursday,Y,Daylight,NYACK,OVERTAKING,ROCKLAND,Straight and Level,Clear,,Dry,,Not Applicable,"Other Motor Vehicle, Collision With",2,354829,36087,259,0.3,7336134.0,9989.2,886
2024,Property Damage Accident,9:14,2024-05-23,Thursday,Y,Daylight,ORANGETOWN,OVERTAKING,ROCKLAND,Curve and Level,Rain,,Wet,,Not Applicable,"Other Motor Vehicle, Collision With",2,354829,36087,259,0.3,7336134.0,9989.2,886
2024,Property Damage Accident,16:15,2024-05-23,Thursday,Y,Daylight,CLARKSTOWN,OVERTAKING,ROCKLAND,Straight and Level,Clear,,Dry,,Not Applicable,"Other Motor Vehicle, Collision With",2,354829,36087,259,0.3,7336134.0,9989.2,886
2024,Property Damage & Injury Accident,18:39,2024-05-23,Thursday,Y,Daylight,CLARKSTOWN,OVERTAKING,ROCKLAND,Straight at Hill Crest,Clear,,Dry,,Not Applicable,"Other Motor Vehicle, Collision With",2,354829,36087,259,0.3,7336134.0,9989.2,886
2024,Property Damage Accident,16:10,2024-05-23,Thursday,Y,Daylight,CLARKSTOWN,REAR END,ROCKLAND,Straight and Grade,Cloudy,,Dry,987C85011074,Not Applicable,"Other Motor Vehicle, Collision With",2,354829,36087,259,0.3,7336134.0,9989.2,886
2024,Property Damage Accident,21:45,2024-05-23,Thursday,Y,Dark-Road Unlighted,STONY POINT,OTHER,ROCKLAND,Straight and Level,Clear,No Passing Zone,Dry,9W85011255,Not Applicable,Deer,1,354829,36087,259,0.3,7336134.0,9989.2,886
2024,Property Damage Accident,10:31,2024-05-23,Thursday,Y,Daylight,STONY POINT,OTHER,ROCKLAND,Straight and Level,Rain,,Wet,987C85011196,Not Applicable,"Sign Post, Collision With Fixed Object",1,354829,36087,259,0.3,7336134.0,9989.2,886
2024,Property Damage Accident,10:32,2024-05-23,Thursday,Y,Daylight,CLARKSTOWN,OVERTAKING,ROCKLAND,Straight and Level,Rain,,Wet,,Not Applicable,"Other Motor Vehicle, Collision With",2,354829,36087,259,0.3,7336134.0,9989.2,886
2024,Property Damage & Injury Accident,15:20,2024-05-23,Thursday,Y,Daylight,ORANGETOWN,OVERTAKING,ROCKLAND,Curve and Level,Cloudy,,Dry,987C85011035,Not Applicable,"Other Motor Vehicle, Collision With",2,354829,36087,259,0.3,7336134.0,9989.2,886
2024,Property Damage Accident,9:20,2024-05-23,Thursday,Y,Daylight,NEW PALTZ,OTHER,ULSTER,Straight and Level,Rain,,Wet,,Not Applicable,"Building/Wall, Collision With Fixed Object",1,183095,36111,3565,1.2,6410502.0,3939.4,999
2024,Property Damage Accident,11:32,2024-05-23,Thursday,Y,Daylight,ULSTER,RIGHT ANGLE,ULSTER,Straight and Grade,Rain,Other,Wet,,Not Applicable,"Other Motor Vehicle, Collision With",2,183095,36111,3565,1.2,6410502.0,3939.4,999
2024,Property Damage Accident,16:22,2024-05-23,Thursday,Y,Daylight,MARLBOROUGH,REAR END,ULSTER,Straight and Level,Clear,No Passing Zone,Dry,9W86031010,Not Applicable,"Other Motor Vehicle, Collision With",2,183095,36111,3565,1.2,6410502.0,3939.4,999
2024,Property Damage & Injury Accident,17:00,2024-05-23,Thursday,Y,Daylight,WAWARSING,OTHER,ULSTER,Curve and Level,Clear,No Passing Zone,Dry,,Not Applicable,"Light Support/Utility Pole, Collision With Fixed Object",1,183095,36111,3565,1.2,6410502.0,3939.4,999
2024,Property Damage & Injury Accident,13:27,2024-05-23,Thursday,Y,Daylight,PLATTEKILL,RIGHT ANGLE,ULSTER,Curve and Level,Clear,Stop Sign,Dry,32 86021025,Not Applicable,"Other Motor Vehicle, Collision With",2,183095,36111,3565,1.2,6410502.0,3939.4,999
2024,Property Damage & Injury Accident,12:10,2024-05-23,Thursday,Y,Daylight,TARRYTOWN,OTHER,WESTCHESTER,Straight and Level,Clear,,Dry,9 87032068,Riding/Walking/Skating Along Highway With Traffic,"Bicyclist, Collision With",1,1009165,36119,850,0.8,18110248.0,6143.2,3354
2024,Property Damage Accident,15:29,2024-05-23,Thursday,Y,Daylight,MAMARONECK,Unknown,WESTCHESTER,Curve and Level,Cloudy,,Dry,,Not Applicable,"Other Motor Vehicle, Collision With",2,1009165,36119,850,0.8,18110248.0,6143.2,3354
2024,Property Damage Accident,8:10,2024-05-23,Thursday,Y,Daylight,CORTLANDT,Unknown,WESTCHESTER,Straight and Level,Sleet/Hail/Freezing Rain,,Wet,,Not Applicable,"Other Motor Vehicle, Collision With",2,1009165,36119,850,0.8,18110248.0,6143.2,3354
2024,Property Damage Accident,9:55,2024-05-23,Thursday,Y,Daylight,CORTLANDT,REAR END,WESTCHESTER,Straight and Level,Rain,Police/Fire Emergency,Wet,6 87033013,Not Applicable,"Other Motor Vehicle, Collision With",2,1009165,36119,850,0.8,18110248.0,6143.2,3354
2024,Property Damage & Injury Accident,14:39,2024-05-23,Thursday,Y,Daylight,GREENBURGH,LEFT TURN (3),WESTCHESTER,Straight and Level,Clear,,Dry,100A87011035,Not Applicable,"Other Motor Vehicle, Collision With",2,1009165,36119,850,0.8,18110248.0,6143.2,3354
2024,Property Damage Accident,13:59,2024-05-23,Thursday,Y,Daylight,WHITE PLAINS,OVERTAKING,WESTCHESTER,Straight and Level,Clear,,Dry,,Not Applicable,"Other Motor Vehicle, Collision With",2,1009165,36119,850,0.8,18110248.0,6143.2,3354
2024,Property Damage Accident,0:02,2024-05-23,Thursday,Y,Dark-Road Lighted,YONKERS,OTHER,WESTCHESTER,Curve and Level,Clear,,Dry,,Not Applicable,"Other Motor Vehicle, Collision With",2,1009165,36119,850,0.8,18110248.0,6143.2,3354
2024,Property Damage Accident,10:52,2024-05-23,Thursday,Y,Daylight,HARRISON,RIGHT ANGLE,WESTCHESTER,Straight and Level,Rain,Stop Sign,Wet,,Not Applicable,"Other Motor Vehicle, Collision With",2,1009165,36119,850,0.8,18110248.0,6143.2,3354
2024,Property Damage Accident,8:22,2024-05-23,Thursday,Y,Daylight,YORKTOWN,REAR END,WESTCHESTER,Straight and Level,Rain,,Wet,35 87012025,Not Applicable,"Other Motor Vehicle, Collision With",2,1009165,36119,850,0.8,18110248.0,6143.2,3354
2024,Property Damage & Injury Accident,18:43,2024-05-23,Thursday,Y,Daylight,GREENBURGH,OVERTAKING,WESTCHESTER,Straight and Level,Clear,,Dry,,Not Applicable,"Other Motor Vehicle, Collision With",2,1009165,36119,850,0.8,18110248.0,6143.2,3354
2024,Property Damage Accident,8:00,2024-05-23,Thursday,Y,Daylight,CORTLANDT,OTHER,WESTCHESTER,Straight and Level,Rain,No Passing Zone,Flooded Water,9A87032218,Not Applicable,"Tree, Collision With Fixed Object",1,1009165,36119,850,0.8,18110248.0,6143.2,3354
2024,Property Damage Accident,7:14,2024-05-23,Thursday,Y,Daylight,PELHAM,SIDESWIPE,WESTCHESTER,Straight and Level,Cloudy,,Dry,,Not Applicable,"Other Motor Vehicle, Collision With",2,1009165,36119,850,0.8,18110248.0,6143.2,3354
2024,Injury Accident,22:20,2024-05-23,Thursday,Y,Dark-Road Lighted,MAMARONECK,OTHER,WESTCHESTER,Curve and Grade,Clear,,Dry,,Other Actions in Roadway,"Pedestrian, Collision With",1,1009165,36119,850,0.8,18110248.0,6143.2,3354
2024,Property Damage Accident,14:57,2024-05-23,Thursday,Y,Daylight,NORTH CASTLE,LEFT TURN (3),WESTCHESTER,Straight and Level,Clear,Traffic Signal,Dry,,Not Applicable,"Other Motor Vehicle, Collision With",2,1009165,36119,850,0.8,18110248.0,6143.2,3354
2024,Property Damage Accident,12:58,2024-05-23,Thursday,Y,Daylight,YONKERS,Unknown,WESTCHESTER,Straight and Level,Clear,,Dry,,Not Applicable,"Other Motor Vehicle, Collision With",2,1009165,36119,850,0.8,18110248.0,6143.2,3354
2024,Property Damage Accident,11:00,2024-05-23,Thursday,N,Daylight,WHITE PLAINS,OVERTAKING,WESTCHESTER,Straight and Level,Clear,,Dry,125 87012020,Not Applicable,"Other Motor Vehicle, Collision With",2,1009165,36119,850,0.8,18110248.0,6143.2,3354
2024,Property Damage Accident,10:17,2024-05-23,Thursday,N,Unknown,WHITE PLAINS,OTHER,WESTCHESTER,Unknown,Unknown,Unknown,Unknown,,Not Applicable,"Submersion, Non-Collision",1,1009165,36119,850,0.8,18110248.0,6143.2,3354
2024,Property Damage Accident,20:20,2024-05-23,Thursday,Y,Dusk,CORTLANDT,OTHER,WESTCHESTER,Straight and Level,Clear,Stop Sign,Dry,,Not Applicable,"Other Motor Vehicle, Collision With",2,1009165,36119,850,0.8,18110248.0,6143.2,3354
2024,Property Damage Accident,10:20,2024-05-23,Thursday,Y,Daylight,BEDFORD,OTHER,WESTCHESTER,Straight and Level,Rain,,Wet,684I87011133,Not Applicable,"Tree, Collision With Fixed Object",1,1009165,36119,850,0.8,18110248.0,6143.2,3354
2024,Property Damage & Injury Accident,14:08,2024-05-23,Thursday,Y,Daylight,BEDFORD,REAR END,WESTCHESTER,Straight and Level,Clear,,Wet,,Not Applicable,"Other Motor Vehicle, Collision With",2,1009165,36119,850,0.8,18110248.0,6143.2,3354
2024,Property Damage Accident,13:14,2024-05-24,Friday,Y,Daylight,POUGHKEEPSIE,REAR END,DUTCHESS,Straight and Level,Clear,Other,Dry,,Not Applicable,"Other Motor Vehicle, Collision With",2,299256,36027,1695,0.8,5987961.0,3975.0,1300
2024,Property Damage Accident,13:47,2024-05-24,Friday,Y,Daylight,PLEASANT VALLEY,OTHER,DUTCHESS,Straight and Level,Clear,,Dry,987G82031186,Not Applicable,"Guide Rail - Not At End, Collision With Fixed Object",1,299256,36027,1695,0.8,5987961.0,3975.0,1300
2024,Property Damage & Injury Accident,18:18,2024-05-24,Friday,Y,Daylight,POUGHKEEPSIE,LEFT TURN (3),DUTCHESS,Straight and Level,Clear,Traffic Signal,Dry,,Not Applicable,"Other Motor Vehicle, Collision With",2,299256,36027,1695,0.8,5987961.0,3975.0,1300
2024,Property Damage Accident,9:21,2024-05-24,Friday,Y,Daylight,PLEASANT VALLEY,OTHER,DUTCHESS,Straight and Level,Clear,,Dry,44 82022075,Not Applicable,"Other Motor Vehicle, Collision With",3,299256,36027,1695,0.8,5987961.0,3975.0,1300
2024,Property Damage Accident,8:24,2024-05-24,Friday,Y,Daylight,POUGHKEEPSIE,OTHER,DUTCHESS,Straight and Level,Clear,,Dry,44 82022015,Not Applicable,"Fence, Collision With Fixed Object",1,299256,36027,1695,0.8,5987961.0,3975.0,1300
2024,Property Damage Accident,15:10,2024-05-24,Friday,Y,Daylight,GOSHEN,OVERTAKING,ORANGE,Straight and Grade,Clear,,Dry,17 83101106,Not Applicable,"Other Motor Vehicle, Collision With",2,415088,36071,4753,2.6,13857119.0,5167.5,1527
2024,Property Damage Accident,10:37,2024-05-24,Friday,Y,Daylight,WALLKILL,REAR END,ORANGE,Straight and Level,Clear,,Dry,17 83101082,Not Applicable,"Other Motor Vehicle, Collision With",2,415088,36071,4753,2.6,13857119.0,5167.5,1527
2024,Property Damage Accident,7:49,2024-05-24,Friday,Y,Daylight,CHESTER,REAR END,ORANGE,Straight and Level,Cloudy,,Dry,17 83101195,Not Applicable,"Other Motor Vehicle, Collision With",2,415088,36071,4753,2.6,13857119.0,5167.5,1527
2024,Property Damage Accident,10:20,2024-05-24,Friday,Y,Daylight,NEWBURGH,RIGHT TURN (5),ORANGE,Straight and Level,Clear,Traffic Signal,Dry,300 83021071,Not Applicable,"Other Motor Vehicle, Collision With",2,415088,36071,4753,2.6,13857119.0,5167.5,1527
2024,Property Damage & Injury Accident,13:29,2024-05-24,Friday,Y,Daylight,MONROE,OTHER,ORANGE,Straight and Level,Clear,,Dry,17 83101230,Not Applicable,"Earth Embankment/Rock Cut/Ditch, Collision With Fixed Object",1,415088,36071,4753,2.6,13857119.0,5167.5,1527
2024,Property Damage Accident,15:19,2024-05-24,Friday,Y,Daylight,WARWICK,OTHER,ORANGE,Straight and Level,Clear,,Dry,,Not Applicable,"Other Motor Vehicle, Collision With",2,415088,36071,4753,2.6,13857119.0,5167.5,1527
2024,Property Damage Accident,0:33,2024-05-24,Friday,Y,Dark-Road Unlighted,CORNWALL,OTHER,ORANGE,Straight and Level,Cloudy,,Dry,,Not Applicable,"Guide Rail - Not At End, Collision With Fixed Object",1,415088,36071,4753,2.6,13857119.0,5167.5,1527
2024,Property Damage Accident,10:03,2024-05-24,Friday,Y,Daylight,WARWICK,OTHER,ORANGE,Curve and Level,Clear,,Dry,,Not Applicable,Deer,1,415088,36071,4753,2.6,13857119.0,5167.5,1527
2024,Property Damage & Injury Accident,17:06,2024-05-24,Friday,Y,Daylight,WARWICK,LEFT TURN (3),ORANGE,Straight and Level,Clear,,Dry,,Not Applicable,"Other Motor Vehicle, Collision With",2,415088,36071,4753,2.6,13857119.0,5167.5,1527
2024,Property Damage Accident,19:44,2024-05-24,Friday,Y,Dusk,WAWAYANDA,OTHER,ORANGE,Curve and Level,Clear,,Dry,84I83011113,Not Applicable,Deer,1,415088,36071,4753,2.6,13857119.0,5167.5,1527
2024,Property Damage & Injury Accident,11:40,2024-05-24,Friday,Y,Daylight,NEW HEMPSTEAD,LEFT TURN (3),ROCKLAND,Straight and Level,Clear,,Dry,,Not Applicable,"Other Motor Vehicle, Collision With",2,354829,36087,259,0.3,7336134.0,9989.2,886
2024,Property Damage Accident,13:00,2024-05-24,Friday,Y,Daylight,RAMAPO,OTHER,ROCKLAND,Straight and Level,Clear,,Dry,987C85011128,Not Applicable,Deer,1,354829,36087,259,0.3,7336134.0,9989.2,886
2024,Property Damage Accident,10:24,2024-05-24,Friday,Y,Daylight,RAMAPO,OTHER,ROCKLAND,Straight and Level,Clear,,Dry,,Not Applicable,"Other Motor Vehicle, Collision With",2,354829,36087,259,0.3,7336134.0,9989.2,886
2024,Property Damage Accident,15:22,2024-05-24,Friday,N,Unknown,HAVERSTRAW,RIGHT ANGLE,ROCKLAND,Unknown,Unknown,Unknown,Unknown,,Not Applicable,"Other Motor Vehicle, Collision With",2,354829,36087,259,0.3,7336134.0,9989.2,886
2024,Property Damage Accident,18:18,2024-05-24,Friday,Y,Daylight,CLARKSTOWN,OVERTAKING,ROCKLAND,Straight and Grade,Clear,,Dry,,Not Applicable,"Other Motor Vehicle, Collision With",2,354829,36087,259,0.3,7336134.0,9989.2,886
2024,Injury Accident,12:20,2024-05-24,Friday,Y,Daylight,RAMAPO,OTHER,ROCKLAND,Straight and Grade,Clear,,Dry,,Riding/Walking/Skating Along Highway Against Traffic,"Pedestrian, Collision With",1,354829,36087,259,0.3,7336134.0,9989.2,886
2024,Property Damage Accident,11:22,2024-05-24,Friday,Y,Daylight,CLARKSTOWN,REAR END,ROCKLAND,Straight and Level,Clear,,Dry,987C85011069,Not Applicable,"Other Motor Vehicle, Collision With",2,354829,36087,259,0.3,7336134.0,9989.2,886
2024,Property Damage Accident,6:00,2024-05-24,Friday,Y,Daylight,CLARKSTOWN,REAR END,ROCKLAND,Straight and Level,Clear,,Dry,,Not Applicable,"Other Motor Vehicle, Collision With",2,354829,36087,259,0.3,7336134.0,9989.2,886
2024,Property Damage Accident,10:35,2024-05-24,Friday,Y,Daylight,CLARKSTOWN,HEAD ON,ROCKLAND,Straight and Grade,Clear,Officer/Guard,Dry,9W85011122,Not Applicable,"Other Motor Vehicle, Collision With",2,354829,36087,259,0.3,7336134.0,9989.2,886
2024,Injury Accident,7:10,2024-05-24,Friday,Y,Daylight,RAMAPO,OTHER,ROCKLAND,Straight and Level,Clear,,Dry,59 85011063,Riding/Walking/Skating Along Highway Against Traffic,"Bicyclist, Collision With",1,354829,36087,259,0.3,7336134.0,9989.2,886
2024,Property Damage Accident,21:16,2024-05-24,Friday,Y,Dark-Road Unlighted,SAUGERTIES,OTHER,ULSTER,Straight and Level,Clear,No Passing Zone,Dry,,Not Applicable,Deer,1,183095,36111,3565,1.2,6410502.0,3939.4,999
2024,Property Damage Accident,19:45,2024-05-24,Friday,Y,Daylight,WOODSTOCK,REAR END,ULSTER,Straight and Level,Clear,,Dry,212 86011107,Not Applicable,"Other Motor Vehicle, Collision With",2,183095,36111,3565,1.2,6410502.0,3939.4,999
2024,Property Damage Accident,14:00,2024-05-24,Friday,Y,Daylight,OSSINING,OVERTAKING,WESTCHESTER,Straight and Level,Clear,,Dry,,Not Applicable,"Other Motor Vehicle, Collision With",2,1009165,36119,850,0.8,18110248.0,6143.2,3354
2024,Property Damage Accident,15:50,2024-05-24,Friday,Y,Daylight,MOUNT VERNON,OTHER,WESTCHESTER,Straight and Level,Clear,,Dry,,Not Applicable,"Other Motor Vehicle, Collision With",3,1009165,36119,850,0.8,18110248.0,6143.2,3354