year,accident_descriptor,time,date,day_of_week,police_report,lighting_conditions,municipality,collision_type_descriptor,county_name,road_descriptor,weather_conditions,traffic_control_device,road_surface_conditions,dot_reference_marker_location,pedestrian_bicyclist_action,event_descriptor,number_of_vehicles_involved,county_population_2024,county_fips,county_deer_take_2024,county_antlerless_deer_per_sqmi_2024,county_daily_vmt_2019,county_mean_aadt_2019,county_aadt_segments_2019
2024,Property Damage Accident,12:40,2024-05-24,Friday,Y,Daylight,MAMARONECK,OVERTAKING,WESTCHESTER,Straight and Level,Clear,,Dry,,Not Applicable,"Other Motor Vehicle, Collision With",2,1009165,36119,850,0.8,18110248.0,6143.2,3354
2024,Property Damage Accident,15:34,2024-05-24,Friday,Y,Daylight,NEW CASTLE,Unknown,WESTCHESTER,Straight and Level,Clear,,Dry,987D87012171,Not Applicable,"Other Motor Vehicle, Collision With",2,1009165,36119,850,0.8,18110248.0,6143.2,3354
2024,Property Damage & Injury Accident,11:35,2024-05-24,Friday,Y,Daylight,GREENBURGH,LEFT TURN (3),WESTCHESTER,Straight and Level,Clear,Traffic Signal,Dry,100 87012004,Not Applicable,"Other Motor Vehicle, Collision With",2,1009165,36119,850,0.8,18110248.0,6143.2,3354
2024,Property Damage Accident,17:35,2024-05-24,Friday,Y,Daylight,CORTLANDT,RIGHT ANGLE,WESTCHESTER,Straight at Hill Crest,Clear,Stop Sign,Dry,,Not Applicable,"Other Motor Vehicle, Collision With",2,1009165,36119,850,0.8,18110248.0,6143.2,3354
2024,Property Damage Accident,12:00,2024-05-24,Friday,N,Daylight,HARRISON,REAR END,WESTCHESTER,Straight and Level,Clear,Unknown,Dry,,Not Applicable,"Other Motor Vehicle, Collision With",2,1009165,36119,850,0.8,18110248.0,6143.2,3354
2024,Property Damage & Injury Accident,1:37,2024-05-24,Friday,Y,Dark-Road Lighted,PLEASANTVILLE,OTHER,WESTCHESTER,Straight and Level,Clear,,Dry,141 87011028,Not Applicable,"Light Support/Utility Pole, Collision With Fixed Object",1,1009165,36119,850,0.8,18110248.0,6143.2,3354
2024,Property Damage Accident,13:35,2024-05-24,Friday,Y,Daylight,GREENBURGH,OVERTAKING,WESTCHESTER,Straight and Level,Clear,,Dry,9A87032070,Not Applicable,"Other Motor Vehicle, Collision With",2,1009165,36119,850,0.8,18110248.0,6143.2,3354
2024,Property Damage Accident,18:47,2024-05-24,Friday,Y,Daylight,PEEKSKILL,REAR END,WESTCHESTER,Straight and Level,Clear,Traffic Signal,Dry,6 87032015,Not Applicable,"Other Motor Vehicle, Collision With",2,1009165,36119,850,0.8,18110248.0,6143.2,3354
2024,Property Damage Accident,16:00,2024-05-24,Friday,Y,Daylight,MOUNT KISCO,LEFT TURN (3),WESTCHESTER,Straight and Grade,Unknown,Traffic Signal,Dry,117 87011116,Not Applicable,"Other Motor Vehicle, Collision With",2,1009165,36119,850,0.8,18110248.0,6143.2,3354
2024,Property Damage Accident,7:26,2024-05-24,Friday,Y,Daylight,HARRISON,OTHER,WESTCHESTER,Curve and Level,Clear,,Dry,,Not Applicable,"Guide Rail - Not At End, Collision With Fixed Object",1,1009165,36119,850,0.8,18110248.0,6143.2,3354
2024,Property Damage & Injury Accident,13:08,2024-05-24,Friday,Y,Daylight,OSSINING,OTHER,WESTCHESTER,Curve and Level,Clear,,Dry,9A87032159,Not Applicable,"Ran Off Roadway Only, Non-Collision",1,1009165,36119,850,0.8,18110248.0,6143.2,3354
2024,Property Damage Accident,14:25,2024-05-24,Friday,Y,Daylight,LARCHMONT,REAR END,WESTCHESTER,Straight and Level,Clear,,Dry,,Not Applicable,"Other Motor Vehicle, Collision With",2,1009165,36119,850,0.8,18110248.0,6143.2,3354
2024,Property Damage & Injury Accident,7:20,2024-05-24,Friday,Y,Daylight,MOUNT VERNON,OTHER,WESTCHESTER,Straight and Level,Clear,,Dry,,Not Applicable,"Other Motor Vehicle, Collision With",3,1009165,36119,850,0.8,18110248.0,6143.2,3354
2024,Property Damage & Injury Accident,17:48,2024-05-24,Friday,Y,Daylight,YORKTOWN,OTHER,WESTCHESTER,Straight and Level,Clear,,Dry,,Not Applicable,"Tree, Collision With Fixed Object",1,1009165,36119,850,0.8,18110248.0,6143.2,3354
2024,Property Damage & Injury Accident,15:30,2024-05-24,Friday,Y,Daylight,SOMERS,REAR END,WESTCHESTER,Straight and Level,Clear,,Dry,118 87011101,Not Applicable,"Other Motor Vehicle, Collision With",2,1009165,36119,850,0.8,18110248.0,6143.2,3354
2024,Property Damage Accident,12:00,2024-05-24,Friday,Y,Daylight,ELMSFORD,OVERTAKING,WESTCHESTER,Straight and Level,Clear,,Dry,287I87011005,Not Applicable,"Other Motor Vehicle, Collision With",2,1009165,36119,850,0.8,18110248.0,6143.2,3354
2024,Property Damage Accident,17:00,2024-05-24,Friday,Y,Daylight,HARRISON,REAR END,WESTCHESTER,Straight and Grade,Clear,,Dry,127 87011032,Not Applicable,"Other Motor Vehicle, Collision With",2,1009165,36119,850,0.8,18110248.0,6143.2,3354
2024,Property Damage Accident,20:17,2024-05-24,Friday,Y,Dark-Road Lighted,WHITE PLAINS,OTHER,WESTCHESTER,Straight and Level,Clear,Traffic Signal,Dry,,Not Applicable,"Sign Post, Collision With Fixed Object",1,1009165,36119,850,0.8,18110248.0,6143.2,3354
2024,Property Damage Accident,20:00,2024-05-24,Friday,Y,Dusk,YORKTOWN,OTHER,WESTCHESTER,Curve and Grade,Clear,,Dry,987G87011153,Not Applicable,"Animal, Collision With",1,1009165,36119,850,0.8,18110248.0,6143.2,3354
2024,Property Damage Accident,13:25,2024-05-25,Saturday,Y,Daylight,HYDE PARK,REAR END,DUTCHESS,Straight and Level,Clear,,Dry,9G82013027,Not Applicable,"Other Motor Vehicle, Collision With",2,299256,36027,1695,0.8,5987961.0,3975.0,1300
2024,Property Damage Accident,15:54,2024-05-25,Saturday,Y,Daylight,PLEASANT VALLEY,LEFT TURN (3),DUTCHESS,Curve and Level,Clear,,Dry,115 82012061,Not Applicable,"Other Motor Vehicle, Collision With",2,299256,36027,1695,0.8,5987961.0,3975.0,1300
2024,Property Damage & Injury Accident,19:55,2024-05-25,Saturday,Y,Dusk,PINE PLAINS,OTHER,DUTCHESS,Curve and Level,Clear,,Dry,,Not Applicable,"Light Support/Utility Pole, Collision With Fixed Object",1,299256,36027,1695,0.8,5987961.0,3975.0,1300
2024,Property Damage & Injury Accident,16:44,2024-05-25,Saturday,Y,Daylight,MILAN,RIGHT ANGLE,DUTCHESS,Straight and Level,Clear,Stop Sign,Dry,,Not Applicable,"Other Motor Vehicle, Collision With",2,299256,36027,1695,0.8,5987961.0,3975.0,1300
2024,Property Damage Accident,11:20,2024-05-25,Saturday,Y,Daylight,MILAN,OTHER,DUTCHESS,Straight and Level,Clear,,Dry,987G82031319,Not Applicable,Deer,1,299256,36027,1695,0.8,5987961.0,3975.0,1300
2024,Property Damage Accident,2:12,2024-05-25,Saturday,Y,Dark-Road Lighted,POUGHKEEPSIE,OTHER,DUTCHESS,Straight and Level,Clear,Traffic Signal,Dry,376 82011139,Not Applicable,"Light Support/Utility Pole, Collision With Fixed Object",1,299256,36027,1695,0.8,5987961.0,3975.0,1300
2024,Property Damage Accident,8:23,2024-05-25,Saturday,Y,Daylight,GOSHEN,OTHER,ORANGE,Straight and Grade,Cloudy,,Dry,17 83101148,Not Applicable,Deer,1,415088,36071,4753,2.6,13857119.0,5167.5,1527
2024,Property Damage Accident,10:52,2024-05-25,Saturday,Y,Daylight,WOODBURY,OTHER,ORANGE,Straight and Level,Clear,,Dry,6 83012343,Not Applicable,Deer,1,415088,36071,4753,2.6,13857119.0,5167.5,1527
2024,Property Damage Accident,13:50,2024-05-25,Saturday,Y,Daylight,NEWBURGH,REAR END,ORANGE,Straight and Level,Clear,Traffic Signal,Dry,84I83011342,Not Applicable,"Other Motor Vehicle, Collision With",2,415088,36071,4753,2.6,13857119.0,5167.5,1527
2024,Property Damage & Injury Accident,20:00,2024-05-25,Saturday,Y,Dusk,WALLKILL,OTHER,ORANGE,Straight and Level,Clear,,Dry,84I83011199,Not Applicable,Deer,1,415088,36071,4753,2.6,13857119.0,5167.5,1527
2024,Property Damage & Injury Accident,13:18,2024-05-25,Saturday,Y,Daylight,MIDDLETOWN,OTHER,ORANGE,Straight and Level,Clear,Traffic Signal,Dry,17M83012016,"Crossing, No Signal or Crosswalk","Pedestrian, Collision With",1,415088,36071,4753,2.6,13857119.0,5167.5,1527
2024,Property Damage & Injury Accident,6:45,2024-05-25,Saturday,Y,Dawn,MINISINK,OTHER,ORANGE,Curve at Hill Crest,Clear,No Passing Zone,Dry,284 83011041,Not Applicable,"Tree, Collision With Fixed Object",1,415088,36071,4753,2.6,13857119.0,5167.5,1527
2024,Property Damage & Injury Accident,17:42,2024-05-25,Saturday,Y,Daylight,CHESTER,RIGHT ANGLE,ORANGE,Straight and Grade,Clear,No Passing Zone,Dry,,Not Applicable,"Other Motor Vehicle, Collision With",2,415088,36071,4753,2.6,13857119.0,5167.5,1527
2024,Property Damage & Injury Accident,14:39,2024-05-25,Saturday,Y,Daylight,MIDDLETOWN,RIGHT ANGLE,ORANGE,Straight at Hill Crest,Clear,Stop Sign,Dry,,Not Applicable,"Other Motor Vehicle, Collision With",2,415088,36071,4753,2.6,13857119.0,5167.5,1527
2024,Property Damage & Injury Accident,14:08,2024-05-25,Saturday,Y,Daylight,MIDDLETOWN,RIGHT ANGLE,ORANGE,Straight and Level,Clear,Stop Sign,Dry,,Not Applicable,"Other Motor Vehicle, Collision With",2,415088,36071,4753,2.6,13857119.0,5167.5,1527
2024,Property Damage Accident,21:25,2024-05-25,Saturday,Y,Dark-Road Lighted,MONTGOMERY,OVERTAKING,ORANGE,Straight and Level,Cloudy,Traffic Signal,Dry,,Not Applicable,"Other Motor Vehicle, Collision With",2,415088,36071,4753,2.6,13857119.0,5167.5,1527
2024,Property Damage & Injury Accident,11:16,2024-05-25,Saturday,Y,Daylight,TUXEDO,RIGHT ANGLE,ORANGE,Straight and Level,Clear,,Dry,17 83101293,Not Applicable,"Other Motor Vehicle, Collision With",2,415088,36071,4753,2.6,13857119.0,5167.5,1527
2024,Property Damage Accident,12:40,2024-05-25,Saturday,Y,Daylight,CLARKSTOWN,OTHER,ROCKLAND,Straight and Level,Clear,,Dry,987C85011092,Not Applicable,Deer,1,354829,36087,259,0.3,7336134.0,9989.2,886
2024,Property Damage Accident,19:50,2024-05-25,Saturday,Y,Daylight,CLARKSTOWN,REAR END,ROCKLAND,Straight and Level,Cloudy,,Dry,987C85011090,Not Applicable,"Other Motor Vehicle, Collision With",2,354829,36087,259,0.3,7336134.0,9989.2,886
2024,Property Damage Accident,6:00,2024-05-25,Saturday,N,Unknown,HILLBURN,OTHER,ROCKLAND,Unknown,Unknown,Unknown,Unknown,,Not Applicable,"Animal, Collision With",1,354829,36087,259,0.3,7336134.0,9989.2,886
2024,Property Damage & Injury Accident,3:40,2024-05-25,Saturday,Y,Dark-Road Lighted,SPRING VALLEY,SIDESWIPE,ROCKLAND,Straight and Level,Clear,,Dry,59 85011066,Not Applicable,"Other Motor Vehicle, Collision With",2,354829,36087,259,0.3,7336134.0,9989.2,886
2024,Property Damage Accident,19:00,2024-05-25,Saturday,Y,Daylight,,LEFT TURN (3),ROCKLAND,Straight and Level,Clear,Traffic Signal,Dry,59 85011037,Not Applicable,"Other Motor Vehicle, Collision With",2,354829,36087,259,0.3,7336134.0,9989.2,886
2024,Property Damage & Injury Accident,12:05,2024-05-25,Saturday,Y,Daylight,CLARKSTOWN,RIGHT ANGLE,ROCKLAND,Straight and Level,Clear,,Dry,,Not Applicable,"Other Motor Vehicle, Collision With",2,354829,36087,259,0.3,7336134.0,9989.2,886
2024,Property Damage Accident,20:14,2024-05-25,Saturday,Y,Dark-Road Unlighted,OLIVE,OTHER,ULSTER,Straight and Level,Clear,,Dry,28 86012137,Not Applicable,"Animal, Collision With",1,183095,36111,3565,1.2,6410502.0,3939.4,999
2024,Fatal Accident,20:20,2024-05-25,Saturday,Y,Dark-Road Unlighted,OLIVE,OTHER,ULSTER,Straight and Level,Clear,No Passing Zone,Dry,,Not Applicable,Deer,1,183095,36111,3565,1.2,6410502.0,3939.4,999
2024,Property Damage Accident,13:05,2024-05-25,Saturday,Y,Daylight,OSSINING,RIGHT ANGLE,WESTCHESTER,Straight and Level,Cloudy,Traffic Signal,Dry,134 87011002,Not Applicable,"Other Motor Vehicle, Collision With",2,1009165,36119,850,0.8,18110248.0,6143.2,3354
2024,Property Damage Accident,21:10,2024-05-25,Saturday,Y,Dark-Road Unlighted,NORTH SALEM,OTHER,WESTCHESTER,Straight and Level,Clear,,Dry,684I87011227,Not Applicable,Deer,1,1009165,36119,850,0.8,18110248.0,6143.2,3354
2024,Property Damage Accident,13:01,2024-05-25,Saturday,Y,Daylight,PEEKSKILL,REAR END,WESTCHESTER,Straight and Grade,Cloudy,Stop Sign,Dry,,Not Applicable,"Other Motor Vehicle, Collision With",2,1009165,36119,850,0.8,18110248.0,6143.2,3354
2024,Property Damage Accident,14:54,2024-05-25,Saturday,Y,Daylight,OSSINING,LEFT TURN (3),WESTCHESTER,Straight at Hill Crest,Clear,,Dry,9 87032121,Not Applicable,"Other Motor Vehicle, Collision With",2,1009165,36119,850,0.8,18110248.0,6143.2,3354
2024,Property Damage Accident,22:43,2024-05-25,Saturday,Y,Dark-Road Lighted,PORT CHESTER,RIGHT ANGLE,WESTCHESTER,Straight and Grade,Clear,,Dry,,Not Applicable,"Other Motor Vehicle, Collision With",2,1009165,36119,850,0.8,18110248.0,6143.2,3354
2024,Property Damage Accident,10:30,2024-05-25,Saturday,N,Unknown,YONKERS,Unknown,WESTCHESTER,Unknown,Unknown,Unknown,Unknown,,Not Applicable,"Other Motor Vehicle, Collision With",2,1009165,36119,850,0.8,18110248.0,6143.2,3354
2024,Property Damage & Injury Accident,12:21,2024-05-26,Sunday,Y,Daylight,RHINEBECK,OTHER,DUTCHESS,Curve and Level,Clear,No Passing Zone,Dry,9 82053161,Not in Roadway (Indicate),"Other Motor Vehicle, Collision With",3,299256,36027,1695,0.8,5987961.0,3975.0,1300
2024,Property Damage & Injury Accident,18:38,2024-05-26,Sunday,Y,Daylight,POUGHKEEPSIE,REAR END,DUTCHESS,Straight and Level,Clear,Traffic Signal,Dry,,Not Applicable,"Other Motor Vehicle, Collision With",2,299256,36027,1695,0.8,5987961.0,3975.0,1300
2024,Property Damage & Injury Accident,20:36,2024-05-26,Sunday,Y,Dark-Road Unlighted,BEEKMAN,OTHER,DUTCHESS,Straight and Grade,Cloudy,No Passing Zone,Dry,,Not Applicable,"Animal, Collision With",1,299256,36027,1695,0.8,5987961.0,3975.0,1300
2024,Property Damage & Injury Accident,22:19,2024-05-26,Sunday,Y,Dark-Road Lighted,EAST FISHKILL,OTHER,DUTCHESS,Straight and Level,Clear,Traffic Signal,Dry,376 82011043,Not Applicable,"Other Motor Vehicle, Collision With",2,299256,36027,1695,0.8,5987961.0,3975.0,1300
2024,Property Damage & Injury Accident,14:33,2024-05-26,Sunday,Y,Daylight,MIDDLETOWN,RIGHT ANGLE,ORANGE,Straight and Level,Clear,,Dry,211 83012023,Not Applicable,"Other Motor Vehicle, Collision With",2,415088,36071,4753,2.6,13857119.0,5167.5,1527
2024,Property Damage Accident,13:30,2024-05-26,Sunday,Y,Daylight,NEWBURGH,OTHER,ORANGE,Straight and Level,Clear,,Dry,84I83011369,Not Applicable,Deer,1,415088,36071,4753,2.6,13857119.0,5167.5,1527
2024,Property Damage Accident,1:45,2024-05-26,Sunday,Y,Dark-Road Unlighted,GREENVILLE,OTHER,ORANGE,Straight and Level,Cloudy,No Passing Zone,Dry,,Not Applicable,Deer,1,415088,36071,4753,2.6,13857119.0,5167.5,1527
2024,Property Damage Accident,15:06,2024-05-26,Sunday,Y,Daylight,NEW WINDSOR,OVERTAKING,ORANGE,Straight and Level,Clear,,Dry,,Not Applicable,"Other Motor Vehicle, Collision With",2,415088,36071,4753,2.6,13857119.0,5167.5,1527
2024,Property Damage Accident,0:00,2024-05-26,Sunday,N,Daylight,MONROE,OTHER,ORANGE,Straight and Level,Clear,Unknown,Dry,,Not Applicable,"Other*, Non-Collision",1,415088,36071,4753,2.6,13857119.0,5167.5,1527
2024,Property Damage & Injury Accident,6:20,2024-05-26,Sunday,Y,Dawn,BLOOMING GROVE,OTHER,ORANGE,Curve and Level,Clear,No Passing Zone,Dry,208 83011059,Not Applicable,"Light Support/Utility Pole, Collision With Fixed Object",1,415088,36071,4753,2.6,13857119.0,5167.5,1527
2024,Property Damage Accident,11:15,2024-05-26,Sunday,Y,Daylight,SOUTHEAST,REAR END,PUTNAM,Straight and Level,Clear,Traffic Signal,Dry,,Not Applicable,"Other Motor Vehicle, Collision With",2,98842,36079,509,0.7,2746105.0,4089.2,375
2024,Property Damage Accident,10:38,2024-05-26,Sunday,Y,Daylight,PUTNAM VALLEY,OTHER,PUTNAM,Straight and Level,Clear,,Dry,987G84021107,Not Applicable,"Earth Embankment/Rock Cut/Ditch, Collision With Fixed Object",1,98842,36079,509,0.7,2746105.0,4089.2,375
2024,Property Damage Accident,11:40,2024-05-26,Sunday,Y,Daylight,HAVERSTRAW,OVERTAKING,ROCKLAND,Straight and Level,Clear,,Dry,,Not Applicable,"Other Motor Vehicle, Collision With",2,354829,36087,259,0.3,7336134.0,9989.2,886
2024,Property Damage Accident,6:45,2024-05-26,Sunday,Y,Dawn,RAMAPO,OTHER,ROCKLAND,Straight and Level,Cloudy,,Wet,,Not Applicable,"Curbing, Collision With Fixed Object",1,354829,36087,259,0.3,7336134.0,9989.2,886
2024,Property Damage Accident,21:00,2024-05-26,Sunday,Y,Dark-Road Unlighted,CLARKSTOWN,OTHER,ROCKLAND,Straight and Level,Clear,,Dry,,Not Applicable,Deer,1,354829,36087,259,0.3,7336134.0,9989.2,886
2024,Property Damage Accident,2:30,2024-05-26,Sunday,Y,Dark-Road Lighted,CLARKSTOWN,OTHER,ROCKLAND,Straight and Level,Clear,,Dry,59 85011084,Not Applicable,"Animal, Collision With",1,354829,36087,259,0.3,7336134.0,9989.2,886
2024,Property Damage Accident,14:41,2024-05-26,Sunday,Y,Daylight,CLARKSTOWN,REAR END,ROCKLAND,Straight and Level,Clear,,Dry,,Not Applicable,"Other Motor Vehicle, Collision With",2,354829,36087,259,0.3,7336134.0,9989.2,886
2024,Property Damage & Injury Accident,20:09,2024-05-26,Sunday,Y,Dark-Road Lighted,SPRING VALLEY,HEAD ON,ROCKLAND,Straight and Level,Cloudy,Stop Sign,Dry,59 85011071,Not Applicable,"Other Motor Vehicle, Collision With",2,354829,36087,259,0.3,7336134.0,9989.2,886
2024,Injury Accident,14:10,2024-05-26,Sunday,Y,Daylight,RAMAPO,REAR END,ROCKLAND,Straight and Level,Clear,Traffic Signal,Dry,,Not Applicable,"Other Motor Vehicle, Collision With",2,354829,36087,259,0.3,7336134.0,9989.2,886
2024,Property Damage & Injury Accident,12:48,2024-05-26,Sunday,Y,Daylight,ULSTER,OVERTAKING,ULSTER,Curve and Grade,Clear,No Passing Zone,Dry,,Not Applicable,"Other Motor Vehicle, Collision With",2,183095,36111,3565,1.2,6410502.0,3939.4,999
2024,Property Damage Accident,10:38,2024-05-26,Sunday,Y,Daylight,ULSTER,RIGHT ANGLE,ULSTER,Straight and Level,Clear,,Dry,,Not Applicable,"Other Motor Vehicle, Collision With",2,183095,36111,3565,1.2,6410502.0,3939.4,999
2024,Property Damage Accident,17:00,2024-05-26,Sunday,Y,Daylight,GARDINER,OTHER,ULSTER,Straight and Level,Clear,No Passing Zone,Dry,,Not Applicable,"Earth Embankment/Rock Cut/Ditch, Collision With Fixed Object",1,183095,36111,3565,1.2,6410502.0,3939.4,999
2024,Property Damage Accident,15:10,2024-05-26,Sunday,N,Daylight,MOUNT PLEASANT,LEFT TURN (3),WESTCHESTER,Straight and Level,Clear,Traffic Signal,Dry,,Not Applicable,"Other Motor Vehicle, Collision With",2,1009165,36119,850,0.8,18110248.0,6143.2,3354
2024,Property Damage Accident,14:00,2024-05-26,Sunday,Y,Daylight,YONKERS,OVERTAKING,WESTCHESTER,Curve and Grade,Clear,,Dry,,Not Applicable,"Other Motor Vehicle, Collision With",2,1009165,36119,850,0.8,18110248.0,6143.2,3354
2024,Property Damage Accident,19:35,2024-05-26,Sunday,Y,Daylight,HARRISON,OTHER,WESTCHESTER,Straight and Level,Clear,Traffic Signal,Dry,,Not Applicable,Deer,1,1009165,36119,850,0.8,18110248.0,6143.2,3354
2024,Property Damage & Injury Accident,13:15,2024-05-26,Sunday,Y,Daylight,YORKTOWN,OTHER,WESTCHESTER,Straight and Level,Clear,,Dry,134 87011038,Other Actions in Roadway,"Bicyclist, Collision With",1,1009165,36119,850,0.8,18110248.0,6143.2,3354
2024,Property Damage Accident,8:26,2024-05-26,Sunday,Y,Daylight,CROTON ON HUDSON,OVERTAKING,WESTCHESTER,Straight and Level,Clear,,Dry,,Not Applicable,"Other Motor Vehicle, Collision With",2,1009165,36119,850,0.8,18110248.0,6143.2,3354
2024,Property Damage Accident,9:04,2024-05-26,Sunday,Y,Daylight,PORT CHESTER,RIGHT ANGLE,WESTCHESTER,Straight and Level,Clear,Stop Sign,Dry,120A87011029,Not Applicable,"Other Motor Vehicle, Collision With",2,1009165,36119,850,0.8,18110248.0,6143.2,3354
2024,Property Damage Accident,14:24,2024-05-26,Sunday,Y,Daylight,PORT CHESTER,RIGHT TURN (6),WESTCHESTER,Straight and Level,Clear,,Dry,1 87035000,Not Applicable,"Other Motor Vehicle, Collision With",2,1009165,36119,850,0.8,18110248.0,6143.2,3354
2024,Property Damage Accident,23:13,2024-05-26,Sunday,Y,Dark-Road Lighted,NEW ROCHELLE,OTHER,WESTCHESTER,Straight and Level,Clear,,Dry,,Not Applicable,"Other Motor Vehicle, Collision With",2,1009165,36119,850,0.8,18110248.0,6143.2,3354
2024,Property Damage Accident,18:50,2024-05-26,Sunday,Y,Dusk,CORTLANDT,OVERTAKING,WESTCHESTER,Straight and Grade,Clear,,Dry,,Not Applicable,"Other Motor Vehicle, Collision With",2,1009165,36119,850,0.8,18110248.0,6143.2,3354
2024,Property Damage Accident,14:05,2024-05-26,Sunday,Y,Daylight,BRIARCLIFF MANOR,OTHER,WESTCHESTER,Curve and Level,Clear,Stop Sign,Dry,,Not Applicable,"Light Support/Utility Pole, Collision With Fixed Object",1,1009165,36119,850,0.8,18110248.0,6143.2,3354
2024,Property Damage Accident,12:45,2024-05-26,Sunday,Y,Daylight,YONKERS,REAR END,WESTCHESTER,Straight and Level,Clear,,Dry,,Not Applicable,"Other Motor Vehicle, Collision With",2,1009165,36119,850,0.8,18110248.0,6143.2,3354
2024,Property Damage Accident,11:14,2024-05-27,Monday,Y,Daylight,POUGHKEEPSIE,RIGHT TURN (5),DUTCHESS,Straight and Level,Cloudy,Traffic Signal,Dry,,Not Applicable,"Other Motor Vehicle, Collision With",2,299256,36027,1695,0.8,5987961.0,3975.0,1300
2024,Property Damage Accident,18:37,2024-05-27,Monday,Y,Daylight,LA GRANGE,OVERTAKING,DUTCHESS,Straight and Level,Rain,,Wet,987G82031101,Not Applicable,"Other Motor Vehicle, Collision With",2,299256,36027,1695,0.8,5987961.0,3975.0,1300
2024,Property Damage Accident,13:32,2024-05-27,Monday,Y,Daylight,EAST FISHKILL,LEFT TURN (3),DUTCHESS,Curve and Grade,Cloudy,No Passing Zone,Dry,376 82011026,Not Applicable,"Other Motor Vehicle, Collision With",2,299256,36027,1695,0.8,5987961.0,3975.0,1300
2024,Property Damage & Injury Accident,18:36,2024-05-27,Monday,Y,Daylight,STANFORD,OTHER,DUTCHESS,Straight and Level,Rain,,Wet,987G82031292,Not Applicable,"Guide Rail - Not At End, Collision With Fixed Object",1,299256,36027,1695,0.8,5987961.0,3975.0,1300
2024,Property Damage Accident,10:40,2024-05-27,Monday,Y,Daylight,NEW WINDSOR,REAR END,ORANGE,Curve and Grade,Cloudy,,Dry,747 83011020,Not Applicable,"Other Motor Vehicle, Collision With",2,415088,36071,4753,2.6,13857119.0,5167.5,1527
2024,Property Damage Accident,12:49,2024-05-27,Monday,Y,Daylight,MIDDLETOWN,SIDESWIPE,ORANGE,Straight and Grade,Cloudy,,Dry,,Not Applicable,"Other Motor Vehicle, Collision With",2,415088,36071,4753,2.6,13857119.0,5167.5,1527
2024,Property Damage Accident,22:05,2024-05-27,Monday,Y,Dark-Road Lighted,NEWBURGH,OTHER,ORANGE,Straight and Grade,Clear,,Wet,207 83011182,Not Applicable,"Fence, Collision With Fixed Object",1,415088,36071,4753,2.6,13857119.0,5167.5,1527
2024,Property Damage Accident,11:34,2024-05-27,Monday,Y,Daylight,MONROE,REAR END,ORANGE,Straight and Level,Cloudy,Traffic Signal,Dry,17M83013167,Not Applicable,"Other Motor Vehicle, Collision With",2,415088,36071,4753,2.6,13857119.0,5167.5,1527
2024,Property Damage Accident,15:13,2024-05-27,Monday,Y,Daylight,WOODBURY,REAR END,ORANGE,Straight and Grade,Cloudy,,Wet,,Not Applicable,"Other Motor Vehicle, Collision With",2,415088,36071,4753,2.6,13857119.0,5167.5,1527
2024,Property Damage Accident,10:21,2024-05-27,Monday,Y,Daylight,NEW WINDSOR,OTHER,ORANGE,Straight and Grade,Cloudy,,Dry,207 83011125,Not Applicable,"Tree, Collision With Fixed Object",1,415088,36071,4753,2.6,13857119.0,5167.5,1527
2024,Property Damage & Injury Accident,16:25,2024-05-27,Monday,Y,Daylight,OTISVILLE,OTHER,ORANGE,Curve and Level,Rain,,Wet,,Not Applicable,"Light Support/Utility Pole, Collision With Fixed Object",1,415088,36071,4753,2.6,13857119.0,5167.5,1527
2024,Property Damage & Injury Accident,13:11,2024-05-27,Monday,Y,Daylight,HILLBURN,REAR END,ROCKLAND,Straight and Level,Cloudy,,Dry,59 85011002,Not Applicable,"Other Motor Vehicle, Collision With",2,354829,36087,259,0.3,7336134.0,9989.2,886
2024,Property Damage Accident,15:45,2024-05-27,Monday,Y,Daylight,RAMAPO,REAR END,ROCKLAND,Straight and Level,Rain,,Wet,987C85011129,Not Applicable,"Other Motor Vehicle, Collision With",2,354829,36087,259,0.3,7336134.0,9989.2,886
2024,Property Damage Accident,0:56,2024-05-27,Monday,Y,Dark-Road Unlighted,RAMAPO,REAR END,ROCKLAND,Straight and Level,Cloudy,,Dry,987C85011121,Not Applicable,"Other Motor Vehicle, Collision With",2,354829,36087,259,0.3,7336134.0,9989.2,886
2024,Property Damage & Injury Accident,19:07,2024-05-27,Monday,Y,Daylight,CLARKSTOWN,REAR END,ROCKLAND,Curve and Level,Rain,Yield Sign,Wet,,Not Applicable,"Other Motor Vehicle, Collision With",2,354829,36087,259,0.3,7336134.0,9989.2,886
2024,Property Damage Accident,13:49,2024-05-27,Monday,Y,Daylight,RAMAPO,REAR END,ROCKLAND,Straight and Level,Cloudy,,Dry,17 85111036,Not Applicable,"Other Motor Vehicle, Collision With",2,354829,36087,259,0.3,7336134.0,9989.2,886
2024,Property Damage Accident,13:11,2024-05-27,Monday,Y,Daylight,MARLBOROUGH,OTHER,ULSTER,Curve and Level,Cloudy,No Passing Zone,Dry,44 86011242,Not Applicable,Deer,1,183095,36111,3565,1.2,6410502.0,3939.4,999
2024,Property Damage Accident,15:15,2024-05-27,Monday,Y,Daylight,BUCHANAN,SIDESWIPE,WESTCHESTER,Straight and Grade,Rain,,Wet,,Not Applicable,"Other Motor Vehicle, Collision With",2,1009165,36119,850,0.8,18110248.0,6143.2,3354
2024,Property Damage & Injury Accident,16:30,2024-05-27,Monday,Y,Dawn,SOMERS,OTHER,WESTCHESTER,Straight and Grade,Rain,,Wet,,Not Applicable,"Tree, Collision With Fixed Object",1,1009165,36119,850,0.8,18110248.0,6143.2,3354