year,accident_descriptor,time,date,day_of_week,police_report,lighting_conditions,municipality,collision_type_descriptor,county_name,road_descriptor,weather_conditions,traffic_control_device,road_surface_conditions,dot_reference_marker_location,pedestrian_bicyclist_action,event_descriptor,number_of_vehicles_involved,county_population_2024,county_fips,county_deer_take_2024,county_antlerless_deer_per_sqmi_2024,county_daily_vmt_2019,county_mean_aadt_2019,county_aadt_segments_2019
2024,Property Damage Accident,14:35,2024-05-27,Monday,Y,Daylight,MOUNT VERNON,OTHER,WESTCHESTER,Straight and Level,Rain,,Wet,907K87011017,Not Applicable,"Median - Not At End, Collision With Fixed Object",1,1009165,36119,850,0.8,18110248.0,6143.2,3354
2024,Property Damage Accident,19:18,2024-05-27,Monday,Y,Dusk,YONKERS,OTHER,WESTCHESTER,Curve and Grade,Rain,,Wet,,Not Applicable,"Light Support/Utility Pole, Collision With Fixed Object",1,1009165,36119,850,0.8,18110248.0,6143.2,3354
2024,Property Damage Accident,15:00,2024-05-27,Monday,Y,Daylight,MOUNT VERNON,OTHER,WESTCHESTER,Straight and Level,Rain,,Wet,907K87012001,Not Applicable,"Other Motor Vehicle, Collision With",3,1009165,36119,850,0.8,18110248.0,6143.2,3354
2024,Property Damage Accident,13:04,2024-05-27,Monday,Y,Daylight,RYE,REAR END,WESTCHESTER,Straight and Level,Cloudy,,Dry,287I87011111,Not Applicable,"Other Motor Vehicle, Collision With",2,1009165,36119,850,0.8,18110248.0,6143.2,3354
2024,Property Damage & Injury Accident,15:18,2024-05-27,Monday,Y,Daylight,YONKERS,OTHER,WESTCHESTER,Straight and Level,Rain,,Wet,,Not Applicable,"Tree, Collision With Fixed Object",1,1009165,36119,850,0.8,18110248.0,6143.2,3354
2024,Property Damage & Injury Accident,16:23,2024-05-27,Monday,Y,Daylight,PEEKSKILL,HEAD ON,WESTCHESTER,Straight and Grade,Rain,,Wet,,Not Applicable,"Other Motor Vehicle, Collision With",2,1009165,36119,850,0.8,18110248.0,6143.2,3354
2024,Property Damage & Injury Accident,19:04,2024-05-27,Monday,Y,Daylight,OSSINING,OTHER,WESTCHESTER,Curve and Level,Rain,,Wet,9A87032159,Not Applicable,"Overturned, Non-Collision",1,1009165,36119,850,0.8,18110248.0,6143.2,3354
2024,Injury Accident,14:14,2024-05-27,Monday,N,Unknown,MOUNT VERNON,Unknown,WESTCHESTER,Unknown,Unknown,Unknown,Unknown,,Not Applicable,"Other Motor Vehicle, Collision With",2,1009165,36119,850,0.8,18110248.0,6143.2,3354
2024,Property Damage & Injury Accident,16:23,2024-05-27,Monday,Y,Daylight,YONKERS,OVERTAKING,WESTCHESTER,Straight and Level,Rain,,Wet,,Not Applicable,"Other Motor Vehicle, Collision With",2,1009165,36119,850,0.8,18110248.0,6143.2,3354
2024,Property Damage Accident,14:36,2024-05-27,Monday,Y,Daylight,MOUNT VERNON,REAR END,WESTCHESTER,Straight and Level,Rain,,Wet,907K87012000,Not Applicable,"Other Motor Vehicle, Collision With",2,1009165,36119,850,0.8,18110248.0,6143.2,3354
2024,Property Damage Accident,17:36,2024-05-27,Monday,Y,Daylight,YORKTOWN,OTHER,WESTCHESTER,Straight and Level,Rain,,Flooded Water,,Not Applicable,"Other Fixed Object*, Collision With Fixed Object",1,1009165,36119,850,0.8,18110248.0,6143.2,3354
2024,Property Damage Accident,5:40,2024-05-27,Monday,Y,Daylight,RYE,Unknown,WESTCHESTER,Straight and Level,Clear,,Dry,,Not Applicable,"Other Motor Vehicle, Collision With",2,1009165,36119,850,0.8,18110248.0,6143.2,3354
2024,Property Damage Accident,18:16,2024-05-27,Monday,Y,Daylight,WHITE PLAINS,OVERTAKING,WESTCHESTER,Straight and Level,Cloudy,Traffic Signal,Wet,,Not Applicable,"Other Motor Vehicle, Collision With",2,1009165,36119,850,0.8,18110248.0,6143.2,3354
2024,Property Damage & Injury Accident,8:41,2024-05-28,Tuesday,Y,Daylight,POUGHKEEPSIE,OVERTAKING,DUTCHESS,Straight and Level,Clear,,Dry,115 82011002,Not Applicable,"Other Motor Vehicle, Collision With",2,299256,36027,1695,0.8,5987961.0,3975.0,1300
2024,Property Damage & Injury Accident,11:29,2024-05-28,Tuesday,Y,Daylight,CORNWALL ON HUDSON,OTHER,ORANGE,Straight and Level,Cloudy,,Dry,,Not Applicable,"Tree, Collision With Fixed Object",1,415088,36071,4753,2.6,13857119.0,5167.5,1527
2024,Property Damage Accident,17:20,2024-05-28,Tuesday,Y,Daylight,WAWAYANDA,REAR END,ORANGE,Straight and Level,Clear,,Dry,,Not Applicable,"Other Motor Vehicle, Collision With",2,415088,36071,4753,2.6,13857119.0,5167.5,1527
2024,Property Damage Accident,10:11,2024-05-28,Tuesday,Y,Daylight,MIDDLETOWN,REAR END,ORANGE,Straight and Grade,Clear,,Dry,,Not Applicable,"Other Motor Vehicle, Collision With",2,415088,36071,4753,2.6,13857119.0,5167.5,1527
2024,Property Damage Accident,8:08,2024-05-28,Tuesday,Y,Daylight,WAWAYANDA,REAR END,ORANGE,Straight and Level,Clear,Stop Sign,Dry,,Not Applicable,"Other Motor Vehicle, Collision With",2,415088,36071,4753,2.6,13857119.0,5167.5,1527
2024,Property Damage Accident,21:40,2024-05-28,Tuesday,Y,Dark-Road Unlighted,MONROE,OTHER,ORANGE,Curve and Grade,Clear,,Dry,,Not Applicable,"Animal, Collision With",1,415088,36071,4753,2.6,13857119.0,5167.5,1527
2024,Property Damage Accident,15:00,2024-05-28,Tuesday,N,Unknown,DEERPARK,OTHER,ORANGE,Unknown,Unknown,Unknown,Unknown,,Not Applicable,Deer,1,415088,36071,4753,2.6,13857119.0,5167.5,1527
2024,Property Damage Accident,14:00,2024-05-28,Tuesday,Y,Daylight,TUXEDO,OTHER,ORANGE,Straight and Level,Clear,,Dry,,Not Applicable,"Other Object (Not Fixed)*, Collision With",1,415088,36071,4753,2.6,13857119.0,5167.5,1527
2024,Property Damage & Injury Accident,8:40,2024-05-28,Tuesday,Y,Daylight,WAWAYANDA,OTHER,ORANGE,Straight and Level,Cloudy,,Dry,6 83012122,Not Applicable,"Light Support/Utility Pole, Collision With Fixed Object",1,415088,36071,4753,2.6,13857119.0,5167.5,1527
2024,Property Damage Accident,0:55,2024-05-28,Tuesday,Y,Dark-Road Unlighted,SOUTH BLOOMING GROVE,OTHER,ORANGE,Curve and Level,Cloudy,No Passing Zone,Wet,208 83011018,Not Applicable,Deer,1,415088,36071,4753,2.6,13857119.0,5167.5,1527
2024,Property Damage & Injury Accident,14:23,2024-05-28,Tuesday,Y,Daylight,NEWBURGH,RIGHT ANGLE,ORANGE,Straight and Level,Clear,,Dry,300 83021089,Not Applicable,"Other Motor Vehicle, Collision With",2,415088,36071,4753,2.6,13857119.0,5167.5,1527
2024,Property Damage Accident,12:00,2024-05-28,Tuesday,Y,Daylight,WARWICK,REAR END,ORANGE,Straight at Hill Crest,Clear,Maintenance Work Area,Dry,17A83011144,Not Applicable,"Other Motor Vehicle, Collision With",2,415088,36071,4753,2.6,13857119.0,5167.5,1527
2024,Property Damage Accident,12:45,2024-05-28,Tuesday,Y,Daylight,TUXEDO,OVERTAKING,ORANGE,Straight and Level,Clear,,Dry,,Not Applicable,"Other Motor Vehicle, Collision With",2,415088,36071,4753,2.6,13857119.0,5167.5,1527
2024,Property Damage & Injury Accident,17:50,2024-05-28,Tuesday,Y,Daylight,PUTNAM VALLEY,OTHER,PUTNAM,Straight and Grade,Clear,,Dry,987G84021037,Not Applicable,"Guide Rail - Not At End, Collision With Fixed Object",1,98842,36079,509,0.7,2746105.0,4089.2,375
2024,Property Damage Accident,17:40,2024-05-28,Tuesday,Y,Daylight,SOUTHEAST,OTHER,PUTNAM,Straight and Grade,Clear,No Passing Zone,Dry,,Not Applicable,Deer,1,98842,36079,509,0.7,2746105.0,4089.2,375
2024,Property Damage Accident,12:17,2024-05-28,Tuesday,Y,Daylight,RAMAPO,OTHER,ROCKLAND,Straight and Level,Clear,,Dry,,Not Applicable,"Other Motor Vehicle, Collision With",2,354829,36087,259,0.3,7336134.0,9989.2,886
2024,Property Damage Accident,13:25,2024-05-28,Tuesday,Y,Daylight,HAVERSTRAW,OTHER,ROCKLAND,Straight and Level,Clear,,Dry,,Not Applicable,"Other Fixed Object*, Collision With Fixed Object",1,354829,36087,259,0.3,7336134.0,9989.2,886
2024,Property Damage Accident,8:04,2024-05-28,Tuesday,Y,Daylight,CLARKSTOWN,REAR END,ROCKLAND,Straight and Level,Clear,,Dry,987C85011089,Not Applicable,"Other Motor Vehicle, Collision With",2,354829,36087,259,0.3,7336134.0,9989.2,886
2024,Property Damage Accident,18:35,2024-05-28,Tuesday,Y,Daylight,CLARKSTOWN,OTHER,ROCKLAND,Straight and Level,Clear,Traffic Signal,Dry,,"Crossing, No Signal, Marked Crosswalk","Bicyclist, Collision With",1,354829,36087,259,0.3,7336134.0,9989.2,886
2024,Property Damage & Injury Accident,9:22,2024-05-28,Tuesday,Y,Daylight,RAMAPO,REAR END,ROCKLAND,Straight and Level,Clear,,Dry,,Not Applicable,"Other Motor Vehicle, Collision With",2,354829,36087,259,0.3,7336134.0,9989.2,886
2024,Property Damage Accident,19:43,2024-05-28,Tuesday,Y,Daylight,WEST HAVERSTRAW,OVERTAKING,ROCKLAND,Straight and Level,Clear,,Dry,,Not Applicable,"Other Motor Vehicle, Collision With",2,354829,36087,259,0.3,7336134.0,9989.2,886
2024,Property Damage Accident,8:41,2024-05-28,Tuesday,Y,Daylight,RAMAPO,REAR END,ROCKLAND,Straight and Level,Clear,Stop Sign,Dry,,Not Applicable,"Other Motor Vehicle, Collision With",2,354829,36087,259,0.3,7336134.0,9989.2,886
2024,Property Damage Accident,15:13,2024-05-28,Tuesday,Y,Daylight,,RIGHT ANGLE,ROCKLAND,Straight and Level,Clear,Traffic Signal,Dry,59 85011045,Not Applicable,"Other Motor Vehicle, Collision With",2,354829,36087,259,0.3,7336134.0,9989.2,886
2024,Property Damage Accident,10:15,2024-05-28,Tuesday,Y,Daylight,KINGSTON,RIGHT ANGLE,ULSTER,Curve and Level,Cloudy,Yield Sign,Dry,983G86011002,Not Applicable,"Other Motor Vehicle, Collision With",2,183095,36111,3565,1.2,6410502.0,3939.4,999
2024,Property Damage Accident,6:35,2024-05-28,Tuesday,Y,Daylight,NEW PALTZ,OTHER,ULSTER,Straight and Level,Clear,,Dry,,Not Applicable,"Guide Rail - End, Collision With Fixed Object",1,183095,36111,3565,1.2,6410502.0,3939.4,999
2024,Property Damage & Injury Accident,21:41,2024-05-28,Tuesday,Y,Dark-Road Unlighted,WOODSTOCK,OTHER,ULSTER,Curve and Level,Clear,,Wet,,Not Applicable,"Other Fixed Object*, Collision With Fixed Object",1,183095,36111,3565,1.2,6410502.0,3939.4,999
2024,Property Damage Accident,16:03,2024-05-28,Tuesday,Y,Daylight,KINGSTON,OVERTAKING,ULSTER,Straight and Level,Clear,Traffic Signal,Dry,,Not Applicable,"Other Motor Vehicle, Collision With",2,183095,36111,3565,1.2,6410502.0,3939.4,999
2024,Property Damage & Injury Accident,11:36,2024-05-28,Tuesday,Y,Daylight,ELLENVILLE,LEFT TURN (3),ULSTER,Straight and Level,Clear,,Dry,209 86031047,Not Applicable,"Other Motor Vehicle, Collision With",2,183095,36111,3565,1.2,6410502.0,3939.4,999
2024,Property Damage Accident,15:27,2024-05-28,Tuesday,Y,Daylight,OSSINING,OTHER,WESTCHESTER,Straight and Grade,Clear,,Dry,9 87032132,Not Applicable,"Other Motor Vehicle, Collision With",3,1009165,36119,850,0.8,18110248.0,6143.2,3354
2024,Property Damage Accident,17:02,2024-05-28,Tuesday,Y,Daylight,PELHAM MANOR,OVERTAKING,WESTCHESTER,Straight and Level,Clear,,Dry,,Not Applicable,"Other Motor Vehicle, Collision With",2,1009165,36119,850,0.8,18110248.0,6143.2,3354
2024,Property Damage Accident,19:55,2024-05-28,Tuesday,Y,Unknown,YONKERS,RIGHT ANGLE,WESTCHESTER,Straight and Level,Unknown,,Unknown,,Not Applicable,"Other Motor Vehicle, Collision With",2,1009165,36119,850,0.8,18110248.0,6143.2,3354
2024,Property Damage Accident,9:05,2024-05-28,Tuesday,Y,Daylight,LEWISBORO,OVERTAKING,WESTCHESTER,Straight and Level,Clear,,Dry,684I87011194,Not Applicable,"Other Motor Vehicle, Collision With",2,1009165,36119,850,0.8,18110248.0,6143.2,3354
2024,Property Damage Accident,16:48,2024-05-28,Tuesday,Y,Daylight,NEW ROCHELLE,OTHER,WESTCHESTER,Straight and Level,Clear,Traffic Signal,Dry,,Not Applicable,"Other Motor Vehicle, Collision With",3,1009165,36119,850,0.8,18110248.0,6143.2,3354
2024,Property Damage & Injury Accident,21:59,2024-05-28,Tuesday,Y,Dark-Road Lighted,YONKERS,OTHER,WESTCHESTER,Straight and Level,Clear,,Dry,,Not Applicable,"Other Motor Vehicle, Collision With",3,1009165,36119,850,0.8,18110248.0,6143.2,3354
2024,Property Damage & Injury Accident,9:45,2024-05-28,Tuesday,Y,Daylight,SCARSDALE,OTHER,WESTCHESTER,Straight and Level,Clear,,Dry,,Not Applicable,"Light Support/Utility Pole, Collision With Fixed Object",1,1009165,36119,850,0.8,18110248.0,6143.2,3354
2024,Property Damage Accident,13:50,2024-05-28,Tuesday,Y,Daylight,GREENBURGH,OVERTAKING,WESTCHESTER,Straight and Level,Clear,,Dry,119 87011042,Not Applicable,"Other Motor Vehicle, Collision With",2,1009165,36119,850,0.8,18110248.0,6143.2,3354
2024,Property Damage Accident,13:03,2024-05-28,Tuesday,Y,Daylight,TARRYTOWN,REAR END,WESTCHESTER,Curve and Level,Cloudy,,Dry,,Not Applicable,"Other Motor Vehicle, Collision With",2,1009165,36119,850,0.8,18110248.0,6143.2,3354
2024,Property Damage Accident,18:14,2024-05-28,Tuesday,Y,Daylight,GREENBURGH,OTHER,WESTCHESTER,Straight and Level,Clear,,Dry,287I87011033,Not Applicable,"Other Motor Vehicle, Collision With",4,1009165,36119,850,0.8,18110248.0,6143.2,3354
2024,Property Damage Accident,18:06,2024-05-28,Tuesday,Y,Daylight,BRIARCLIFF MANOR,OVERTAKING,WESTCHESTER,Straight and Grade,Clear,,Dry,9A87032128,Not Applicable,"Other Motor Vehicle, Collision With",2,1009165,36119,850,0.8,18110248.0,6143.2,3354
2024,Property Damage Accident,11:34,2024-05-28,Tuesday,Y,Daylight,MOUNT KISCO,OVERTAKING,WESTCHESTER,Straight and Level,Clear,Traffic Signal,Dry,117 87011102,Not Applicable,"Other Motor Vehicle, Collision With",2,1009165,36119,850,0.8,18110248.0,6143.2,3354
2024,Property Damage & Injury Accident,18:30,2024-05-29,Wednesday,Y,Daylight,LA GRANGE,LEFT TURN (3),DUTCHESS,Straight and Grade,Clear,Traffic Signal,Dry,,Not Applicable,"Other Motor Vehicle, Collision With",2,299256,36027,1695,0.8,5987961.0,3975.0,1300
2024,Property Damage Accident,16:17,2024-05-29,Wednesday,Y,Daylight,EAST FISHKILL,OTHER,DUTCHESS,Straight and Level,Clear,,Dry,82 82011041,Not Applicable,"Other Motor Vehicle, Collision With",2,299256,36027,1695,0.8,5987961.0,3975.0,1300
2024,Property Damage Accident,12:47,2024-05-29,Wednesday,Y,Daylight,HIGHLANDS,OTHER,ORANGE,Curve and Level,Clear,,Dry,6 83012434,Not Applicable,"Other Motor Vehicle, Collision With",2,415088,36071,4753,2.6,13857119.0,5167.5,1527
2024,Injury Accident,13:15,2024-05-29,Wednesday,Y,Daylight,MONROE,OTHER,ORANGE,Straight and Level,Clear,,Dry,17M83013161,"Crossing, No Signal or Crosswalk","Pedestrian, Collision With",1,415088,36071,4753,2.6,13857119.0,5167.5,1527
2024,Property Damage Accident,16:05,2024-05-29,Wednesday,Y,Daylight,WALLKILL,OTHER,ORANGE,Straight and Level,Clear,,Dry,,Not Applicable,"Guide Rail - End, Collision With Fixed Object",1,415088,36071,4753,2.6,13857119.0,5167.5,1527
2024,Property Damage Accident,15:54,2024-05-29,Wednesday,Y,Daylight,CORNWALL,REAR END,ORANGE,Straight and Level,Clear,No Passing Zone,Dry,32 83011070,Not Applicable,"Other Motor Vehicle, Collision With",2,415088,36071,4753,2.6,13857119.0,5167.5,1527
2024,Property Damage Accident,18:24,2024-05-29,Wednesday,Y,Daylight,NEWBURGH,OTHER,ORANGE,Straight and Grade,Cloudy,,Wet,,Not Applicable,"Tree, Collision With Fixed Object",1,415088,36071,4753,2.6,13857119.0,5167.5,1527
2024,Property Damage & Injury Accident,17:05,2024-05-29,Wednesday,Y,Daylight,SOUTH BLOOMING GROVE,OTHER,ORANGE,Straight and Level,Cloudy,No Passing Zone,Dry,208 83011025,Not Applicable,"Other Motor Vehicle, Collision With",3,415088,36071,4753,2.6,13857119.0,5167.5,1527
2024,Property Damage Accident,18:11,2024-05-29,Wednesday,Y,Daylight,NEWBURGH,REAR END,ORANGE,Straight and Level,Clear,,Dry,9W83023000,Not Applicable,"Other Motor Vehicle, Collision With",2,415088,36071,4753,2.6,13857119.0,5167.5,1527
2024,Property Damage & Injury Accident,15:21,2024-05-29,Wednesday,Y,Daylight,WALLKILL,REAR END,ORANGE,Straight and Level,Clear,,Dry,,Not Applicable,"Other Motor Vehicle, Collision With",2,415088,36071,4753,2.6,13857119.0,5167.5,1527
2024,Property Damage & Injury Accident,17:42,2024-05-29,Wednesday,Y,Daylight,SPRING VALLEY,OTHER,ROCKLAND,Straight and Level,Cloudy,Traffic Signal,Dry,,Not Applicable,"Other Motor Vehicle, Collision With",3,354829,36087,259,0.3,7336134.0,9989.2,886
2024,Property Damage & Injury Accident,11:40,2024-05-29,Wednesday,Y,Daylight,RAMAPO,RIGHT ANGLE,ROCKLAND,Straight and Level,Clear,Traffic Signal,Dry,45 85011047,Not Applicable,"Other Motor Vehicle, Collision With",2,354829,36087,259,0.3,7336134.0,9989.2,886
2024,Property Damage & Injury Accident,16:36,2024-05-29,Wednesday,Y,Daylight,,REAR END,ROCKLAND,Straight and Level,Clear,,Dry,59 85011039,Not Applicable,"Other Motor Vehicle, Collision With",2,354829,36087,259,0.3,7336134.0,9989.2,886
2024,Property Damage Accident,18:39,2024-05-29,Wednesday,Y,Daylight,CLARKSTOWN,OVERTAKING,ROCKLAND,Straight and Level,Cloudy,,Dry,,Not Applicable,"Other Motor Vehicle, Collision With",2,354829,36087,259,0.3,7336134.0,9989.2,886
2024,Property Damage Accident,15:39,2024-05-29,Wednesday,Y,Daylight,ORANGETOWN,REAR END,ROCKLAND,Straight and Level,Clear,,Dry,,Not Applicable,"Other Motor Vehicle, Collision With",2,354829,36087,259,0.3,7336134.0,9989.2,886
2024,Injury Accident,18:02,2024-05-29,Wednesday,Y,Daylight,ORANGETOWN,OTHER,ROCKLAND,Straight and Level,Clear,,Dry,,Riding/Walking/Skating Along Highway Against Traffic,"Pedestrian, Collision With",1,354829,36087,259,0.3,7336134.0,9989.2,886
2024,Property Damage Accident,7:45,2024-05-29,Wednesday,Y,Daylight,CHESTNUT RIDGE,REAR END,ROCKLAND,Straight and Level,Clear,Traffic Signal,Dry,,Not Applicable,"Other Motor Vehicle, Collision With",2,354829,36087,259,0.3,7336134.0,9989.2,886
2024,Property Damage Accident,16:12,2024-05-29,Wednesday,Y,Daylight,ULSTER,REAR END,ULSTER,Curve and Level,Clear,,Dry,28 86012016,Not Applicable,"Other Motor Vehicle, Collision With",2,183095,36111,3565,1.2,6410502.0,3939.4,999
2024,Property Damage Accident,10:40,2024-05-29,Wednesday,Y,Daylight,WHITE PLAINS,REAR END,WESTCHESTER,Straight and Level,Clear,Traffic Signal,Dry,125 87012020,Not Applicable,"Other Motor Vehicle, Collision With",2,1009165,36119,850,0.8,18110248.0,6143.2,3354
2024,Property Damage Accident,8:54,2024-05-29,Wednesday,Y,Daylight,PELHAM,OTHER,WESTCHESTER,Straight and Level,Clear,Other,Dry,,Not Applicable,"Other Object (Not Fixed)*, Collision With",1,1009165,36119,850,0.8,18110248.0,6143.2,3354
2024,Property Damage Accident,8:52,2024-05-29,Wednesday,Y,Daylight,WHITE PLAINS,OVERTAKING,WESTCHESTER,Straight and Level,Clear,,Dry,119 87012003,Not Applicable,"Other Motor Vehicle, Collision With",2,1009165,36119,850,0.8,18110248.0,6143.2,3354
2024,Property Damage Accident,16:29,2024-05-29,Wednesday,Y,Daylight,PORT CHESTER,OTHER,WESTCHESTER,Straight and Level,Cloudy,,Dry,287I87011104,Not Applicable,"Other Motor Vehicle, Collision With",3,1009165,36119,850,0.8,18110248.0,6143.2,3354
2024,Property Damage & Injury Accident,7:51,2024-05-29,Wednesday,Y,Daylight,HARRISON,REAR END,WESTCHESTER,Straight and Level,Clear,,Dry,287I87011097,Not Applicable,"Other Motor Vehicle, Collision With",2,1009165,36119,850,0.8,18110248.0,6143.2,3354
2024,Property Damage Accident,18:05,2024-05-29,Wednesday,Y,Daylight,ELMSFORD,REAR END,WESTCHESTER,Straight and Level,Clear,Traffic Signal,Dry,119 87011020,Not Applicable,"Other Motor Vehicle, Collision With",2,1009165,36119,850,0.8,18110248.0,6143.2,3354
2024,Property Damage Accident,23:03,2024-05-29,Wednesday,Y,Dark-Road Unlighted,YONKERS,OTHER,WESTCHESTER,Straight and Level,Rain,,Wet,,Not Applicable,"Other Fixed Object*, Collision With Fixed Object",1,1009165,36119,850,0.8,18110248.0,6143.2,3354
2024,Property Damage Accident,16:03,2024-05-29,Wednesday,Y,Daylight,NORTH CASTLE,OTHER,WESTCHESTER,Straight and Level,Clear,Traffic Signal,Dry,,Not Applicable,"Light Support/Utility Pole, Collision With Fixed Object",1,1009165,36119,850,0.8,18110248.0,6143.2,3354
2024,Property Damage & Injury Accident,22:00,2024-05-29,Wednesday,Y,Dark-Road Unlighted,CORTLANDT,RIGHT TURN (5),WESTCHESTER,Curve and Grade,Rain,No Passing Zone,Wet,,Not Applicable,"Other Motor Vehicle, Collision With",2,1009165,36119,850,0.8,18110248.0,6143.2,3354
2024,Property Damage Accident,7:05,2024-05-30,Thursday,Y,Daylight,LA GRANGE,OTHER,DUTCHESS,Curve and Grade,Clear,,Wet,,Not Applicable,"Tree, Collision With Fixed Object",1,299256,36027,1695,0.8,5987961.0,3975.0,1300
2024,Property Damage Accident,8:56,2024-05-30,Thursday,Y,Daylight,EAST FISHKILL,REAR END,DUTCHESS,Straight and Level,Clear,Traffic Signal,Dry,,Not Applicable,"Other Motor Vehicle, Collision With",2,299256,36027,1695,0.8,5987961.0,3975.0,1300
2024,Property Damage Accident,22:39,2024-05-30,Thursday,Y,Dark-Road Unlighted,POUGHKEEPSIE,OTHER,DUTCHESS,Straight and Level,Clear,Other,Dry,,Not Applicable,"Other Motor Vehicle, Collision With",2,299256,36027,1695,0.8,5987961.0,3975.0,1300
2024,Property Damage Accident,19:45,2024-05-30,Thursday,Y,Daylight,RED HOOK,OTHER,DUTCHESS,Straight and Level,Clear,,Dry,,Not Applicable,"Other Motor Vehicle, Collision With",2,299256,36027,1695,0.8,5987961.0,3975.0,1300
2024,Property Damage & Injury Accident,21:24,2024-05-30,Thursday,Y,Dark-Road Lighted,POUGHKEEPSIE,OTHER,DUTCHESS,Straight and Level,Clear,Traffic Signal,Dry,,Not Applicable,"Other Motor Vehicle, Collision With",3,299256,36027,1695,0.8,5987961.0,3975.0,1300
2024,Property Damage Accident,16:03,2024-05-30,Thursday,Y,Daylight,POUGHKEEPSIE,OVERTAKING,DUTCHESS,Straight and Level,Clear,,Dry,9 82051120,Not Applicable,"Other Motor Vehicle, Collision With",2,299256,36027,1695,0.8,5987961.0,3975.0,1300
2024,Property Damage Accident,13:35,2024-05-30,Thursday,Y,Daylight,NORTHEAST,OTHER,DUTCHESS,Straight and Level,Clear,,Dry,,Not Applicable,"Other Object (Not Fixed)*, Collision With",1,299256,36027,1695,0.8,5987961.0,3975.0,1300
2024,Property Damage Accident,1:53,2024-05-30,Thursday,Y,Dark-Road Lighted,NEWBURGH,OTHER,ORANGE,Straight and Level,Rain,,Wet,,Not Applicable,"Other Motor Vehicle, Collision With",3,415088,36071,4753,2.6,13857119.0,5167.5,1527
2024,Property Damage Accident,20:10,2024-05-30,Thursday,Y,Dusk,GREENVILLE,OTHER,ORANGE,Straight and Level,Cloudy,,Dry,84I83011024,Not Applicable,Deer,1,415088,36071,4753,2.6,13857119.0,5167.5,1527
2024,Property Damage Accident,13:56,2024-05-30,Thursday,Y,Daylight,NEWBURGH,RIGHT ANGLE,ORANGE,Straight and Level,Clear,,Dry,17K83011160,Not Applicable,"Other Motor Vehicle, Collision With",2,415088,36071,4753,2.6,13857119.0,5167.5,1527
2024,Property Damage & Injury Accident,14:06,2024-05-30,Thursday,Y,Daylight,TUXEDO,LEFT TURN (0),ORANGE,Curve at Hill Crest,Clear,Stop Sign,Dry,17 83101297,Not Applicable,"Other Motor Vehicle, Collision With",2,415088,36071,4753,2.6,13857119.0,5167.5,1527
2024,Property Damage & Injury Accident,12:09,2024-05-30,Thursday,Y,Daylight,SOUTH BLOOMING GROVE,OTHER,ORANGE,Curve and Level,Clear,No Passing Zone,Dry,208 83011024,Not Applicable,"Other Motor Vehicle, Collision With",4,415088,36071,4753,2.6,13857119.0,5167.5,1527
2024,Property Damage Accident,19:45,2024-05-30,Thursday,Y,Daylight,SOUTH BLOOMING GROVE,RIGHT ANGLE,ORANGE,Curve and Grade,Clear,Traffic Signal,Dry,208 83011019,Not Applicable,"Other Motor Vehicle, Collision With",2,415088,36071,4753,2.6,13857119.0,5167.5,1527
2024,Property Damage Accident,1:39,2024-05-30,Thursday,Y,Dark-Road Unlighted,TUXEDO,OTHER,ORANGE,Straight and Level,Rain,,Wet,,Not Applicable,Deer,1,415088,36071,4753,2.6,13857119.0,5167.5,1527
2024,Property Damage Accident,12:42,2024-05-30,Thursday,Y,Daylight,SOUTHEAST,REAR END,PUTNAM,Straight and Level,Clear,,Dry,84I84031103,Not Applicable,"Other Motor Vehicle, Collision With",2,98842,36079,509,0.7,2746105.0,4089.2,375
2024,Property Damage & Injury Accident,19:00,2024-05-30,Thursday,Y,Daylight,KENT,OTHER,PUTNAM,Curve and Level,Clear,,Dry,,Not Applicable,"Earth Embankment/Rock Cut/Ditch, Collision With Fixed Object",1,98842,36079,509,0.7,2746105.0,4089.2,375
2024,Property Damage Accident,21:00,2024-05-30,Thursday,Y,Dusk,NEW SQUARE,SIDESWIPE,ROCKLAND,Straight and Level,Clear,,Dry,,Not Applicable,"Other Motor Vehicle, Collision With",2,354829,36087,259,0.3,7336134.0,9989.2,886
2024,Property Damage Accident,10:51,2024-05-30,Thursday,Y,Daylight,RAMAPO,RIGHT TURN (5),ROCKLAND,Straight and Level,Clear,Traffic Signal,Dry,45 85011042,Not Applicable,"Other Motor Vehicle, Collision With",2,354829,36087,259,0.3,7336134.0,9989.2,886
2024,Property Damage Accident,16:41,2024-05-30,Thursday,Y,Daylight,WAWARSING,REAR END,ULSTER,Straight and Level,Clear,No Passing Zone,Dry,209 86031059,Not Applicable,"Other Motor Vehicle, Collision With",2,183095,36111,3565,1.2,6410502.0,3939.4,999
2024,Property Damage & Injury Accident,15:43,2024-05-30,Thursday,Y,Daylight,OLIVE,OTHER,ULSTER,Curve and Grade,Clear,,Dry,,Not Applicable,"Earth Embankment/Rock Cut/Ditch, Collision With Fixed Object",1,183095,36111,3565,1.2,6410502.0,3939.4,999
2024,Property Damage Accident,11:30,2024-05-30,Thursday,Y,Daylight,NEW ROCHELLE,REAR END,WESTCHESTER,Straight and Level,Clear,,Dry,125 87011029,Not Applicable,"Other Motor Vehicle, Collision With",2,1009165,36119,850,0.8,18110248.0,6143.2,3354