year,accident_descriptor,time,date,day_of_week,police_report,lighting_conditions,municipality,collision_type_descriptor,county_name,road_descriptor,weather_conditions,traffic_control_device,road_surface_conditions,dot_reference_marker_location,pedestrian_bicyclist_action,event_descriptor,number_of_vehicles_involved,county_population_2024,county_fips,county_deer_take_2024,county_antlerless_deer_per_sqmi_2024,county_daily_vmt_2019,county_mean_aadt_2019,county_aadt_segments_2019
2024,Property Damage Accident,19:30,2024-05-30,Thursday,Y,Daylight,PORT CHESTER,OTHER,WESTCHESTER,Straight and Level,Clear,,Dry,120A87011018,Not Applicable,"Other Motor Vehicle, Collision With",2,1009165,36119,850,0.8,18110248.0,6143.2,3354
2024,Property Damage Accident,16:50,2024-05-30,Thursday,Y,Daylight,RYE BROOKE,OTHER,WESTCHESTER,Straight and Level,Clear,,Dry,,Not Applicable,"Other Motor Vehicle, Collision With",2,1009165,36119,850,0.8,18110248.0,6143.2,3354
2024,Property Damage Accident,7:25,2024-05-30,Thursday,Y,Daylight,NEW CASTLE,REAR END,WESTCHESTER,Straight and Level,Cloudy,,Dry,987G87011040,Not Applicable,"Other Motor Vehicle, Collision With",2,1009165,36119,850,0.8,18110248.0,6143.2,3354
2024,Property Damage Accident,17:49,2024-05-30,Thursday,Y,Daylight,BEDFORD,OVERTAKING,WESTCHESTER,Curve and Level,Clear,Yield Sign,Dry,,Not Applicable,"Other Motor Vehicle, Collision With",2,1009165,36119,850,0.8,18110248.0,6143.2,3354
2024,Property Damage Accident,9:29,2024-05-30,Thursday,Y,Daylight,YONKERS,REAR END,WESTCHESTER,Curve and Grade,Cloudy,Traffic Signal,Dry,,Not Applicable,"Other Motor Vehicle, Collision With",2,1009165,36119,850,0.8,18110248.0,6143.2,3354
2024,Property Damage Accident,16:20,2024-05-30,Thursday,Y,Daylight,LARCHMONT,OTHER,WESTCHESTER,Straight and Level,Clear,,Dry,,Not Applicable,"Other Motor Vehicle, Collision With",2,1009165,36119,850,0.8,18110248.0,6143.2,3354
2024,Property Damage Accident,7:21,2024-05-30,Thursday,Y,Daylight,ELMSFORD,OTHER,WESTCHESTER,Straight and Level,Clear,,Wet,,Not Applicable,"Guide Rail - End, Collision With Fixed Object",1,1009165,36119,850,0.8,18110248.0,6143.2,3354
2024,Property Damage & Injury Accident,9:47,2024-05-30,Thursday,Y,Daylight,ELMSFORD,REAR END,WESTCHESTER,Straight and Grade,Clear,,Dry,987F87012054,Not Applicable,"Other Motor Vehicle, Collision With",2,1009165,36119,850,0.8,18110248.0,6143.2,3354
2024,Property Damage Accident,11:12,2024-05-30,Thursday,Y,Daylight,DOBBS FERRY,OVERTAKING,WESTCHESTER,Straight and Level,Clear,,Dry,,Not Applicable,"Other Motor Vehicle, Collision With",2,1009165,36119,850,0.8,18110248.0,6143.2,3354
2024,Property Damage Accident,16:00,2024-05-30,Thursday,Y,Daylight,YORKTOWN,REAR END,WESTCHESTER,Straight and Level,Clear,,Dry,,Not Applicable,"Other Motor Vehicle, Collision With",2,1009165,36119,850,0.8,18110248.0,6143.2,3354
2024,Property Damage Accident,9:27,2024-05-30,Thursday,Y,Daylight,NEW ROCHELLE,OTHER,WESTCHESTER,Curve and Level,Clear,Construction Work Area,Dry,,Not Applicable,"Other Motor Vehicle, Collision With",3,1009165,36119,850,0.8,18110248.0,6143.2,3354
2024,Property Damage & Injury Accident,17:11,2024-05-30,Thursday,Y,Daylight,WHITE PLAINS,OTHER,WESTCHESTER,Curve and Grade,Clear,Stop Sign,Dry,,Not Applicable,"Fence, Collision With Fixed Object",1,1009165,36119,850,0.8,18110248.0,6143.2,3354
2024,Property Damage & Injury Accident,14:38,2024-05-30,Thursday,Y,Daylight,MOUNT PLEASANT,LEFT TURN (3),WESTCHESTER,Straight and Level,Clear,Traffic Signal,Dry,141 87011004,Not Applicable,"Other Motor Vehicle, Collision With",2,1009165,36119,850,0.8,18110248.0,6143.2,3354
2024,Property Damage & Injury Accident,9:30,2024-05-30,Thursday,Y,Daylight,YONKERS,OTHER,WESTCHESTER,Straight and Level,Clear,,Dry,987F87011011,Not Applicable,"Other Motor Vehicle, Collision With",3,1009165,36119,850,0.8,18110248.0,6143.2,3354
2024,Property Damage & Injury Accident,16:01,2024-05-31,Friday,Y,Daylight,BEACON,REAR END,DUTCHESS,Straight and Grade,Clear,Traffic Signal,Dry,9D82032013,Not Applicable,"Other Motor Vehicle, Collision With",2,299256,36027,1695,0.8,5987961.0,3975.0,1300
2024,Property Damage Accident,19:08,2024-05-31,Friday,Y,Daylight,POUGHKEEPSIE,OVERTAKING,DUTCHESS,Straight and Level,Clear,,Dry,9 82051106,Not Applicable,"Other Motor Vehicle, Collision With",2,299256,36027,1695,0.8,5987961.0,3975.0,1300
2024,Property Damage Accident,6:53,2024-05-31,Friday,Y,Daylight,FISHKILL,OTHER,DUTCHESS,Curve and Grade,Clear,,Dry,,Not Applicable,"Other Fixed Object*, Collision With Fixed Object",1,299256,36027,1695,0.8,5987961.0,3975.0,1300
2024,Property Damage Accident,17:20,2024-05-31,Friday,Y,Daylight,WAPPINGER,REAR END,DUTCHESS,Straight and Grade,Clear,No Passing Zone,Dry,,Not Applicable,"Other Motor Vehicle, Collision With",2,299256,36027,1695,0.8,5987961.0,3975.0,1300
2024,Property Damage Accident,17:12,2024-05-31,Friday,Y,Daylight,EAST FISHKILL,LEFT TURN (3),DUTCHESS,Straight and Grade,Clear,Stop Sign,Dry,,Not Applicable,"Other Motor Vehicle, Collision With",2,299256,36027,1695,0.8,5987961.0,3975.0,1300
2024,Property Damage Accident,8:02,2024-05-31,Friday,Y,Daylight,POUGHKEEPSIE,OVERTAKING,DUTCHESS,Straight and Level,Clear,,Dry,,Not Applicable,"Other Motor Vehicle, Collision With",2,299256,36027,1695,0.8,5987961.0,3975.0,1300
2024,Property Damage Accident,19:43,2024-05-31,Friday,Y,Daylight,STANFORD,OTHER,DUTCHESS,Straight and Level,Clear,,Dry,82 82011304,Not Applicable,Deer,1,299256,36027,1695,0.8,5987961.0,3975.0,1300
2024,Property Damage Accident,11:35,2024-05-31,Friday,Y,Daylight,NEWBURGH,REAR END,ORANGE,Straight and Level,Cloudy,,Dry,300 83021084,Not Applicable,"Other Motor Vehicle, Collision With",2,415088,36071,4753,2.6,13857119.0,5167.5,1527
2024,Property Damage Accident,6:45,2024-05-31,Friday,Y,Daylight,WAWAYANDA,OTHER,ORANGE,Straight and Level,Clear,,Dry,84I83011138,Not Applicable,Deer,1,415088,36071,4753,2.6,13857119.0,5167.5,1527
2024,Property Damage Accident,9:58,2024-05-31,Friday,Y,Daylight,SOUTH BLOOMING GROVE,HEAD ON,ORANGE,Curve and Level,Clear,Stop Sign,Dry,,Not Applicable,"Other Motor Vehicle, Collision With",2,415088,36071,4753,2.6,13857119.0,5167.5,1527
2024,Property Damage Accident,19:24,2024-05-31,Friday,Y,Daylight,WALLKILL,RIGHT ANGLE,ORANGE,Straight and Level,Clear,No Passing Zone,Dry,,Not Applicable,"Other Motor Vehicle, Collision With",2,415088,36071,4753,2.6,13857119.0,5167.5,1527
2024,Property Damage Accident,9:10,2024-05-31,Friday,Y,Daylight,WOODBURY,OTHER,ORANGE,Straight and Grade,Clear,No Passing Zone,Dry,6 83012378,Not Applicable,Deer,1,415088,36071,4753,2.6,13857119.0,5167.5,1527
2024,Property Damage Accident,6:50,2024-05-31,Friday,N,Dawn,BLOOMING GROVE,RIGHT TURN (6),ORANGE,Straight and Level,Clear,Stop Sign,Dry,,Not Applicable,"Other Motor Vehicle, Collision With",2,415088,36071,4753,2.6,13857119.0,5167.5,1527
2024,Property Damage & Injury Accident,6:49,2024-05-31,Friday,Y,Daylight,WALLKILL,REAR END,ORANGE,Straight and Level,Clear,Traffic Signal,Dry,,Not Applicable,"Other Motor Vehicle, Collision With",2,415088,36071,4753,2.6,13857119.0,5167.5,1527
2024,Property Damage Accident,16:45,2024-05-31,Friday,N,Daylight,GOSHEN,OTHER,ORANGE,Straight and Grade,Clear,,Dry,,Not Applicable,Deer,1,415088,36071,4753,2.6,13857119.0,5167.5,1527
2024,Injury Accident,13:34,2024-05-31,Friday,Y,Daylight,CHESTER,OTHER,ORANGE,Straight and Grade,Clear,No Passing Zone,Dry,,Riding/Walking/Skating Along Highway With Traffic,"Bicyclist, Collision With",1,415088,36071,4753,2.6,13857119.0,5167.5,1527
2024,Property Damage & Injury Accident,7:20,2024-05-31,Friday,Y,Daylight,PATTERSON,OTHER,PUTNAM,Straight and Level,Clear,,Dry,84I84031034,Not Applicable,"Ran Off Roadway Only, Non-Collision",1,98842,36079,509,0.7,2746105.0,4089.2,375
2024,Property Damage Accident,20:57,2024-05-31,Friday,Y,Dark-Road Unlighted,SOUTHEAST,OTHER,PUTNAM,Straight and Level,Clear,,Dry,84I84031073,Not Applicable,Deer,1,98842,36079,509,0.7,2746105.0,4089.2,375
2024,Property Damage & Injury Accident,7:15,2024-05-31,Friday,Y,Daylight,SOUTHEAST,OTHER,PUTNAM,Straight and Level,Clear,,Dry,6 84041160,Not Applicable,"Other Motor Vehicle, Collision With",3,98842,36079,509,0.7,2746105.0,4089.2,375
2024,Property Damage Accident,14:43,2024-05-31,Friday,Y,Daylight,,LEFT TURN (3),ROCKLAND,Straight and Grade,Clear,Traffic Signal,Dry,59 85011045,Not Applicable,"Other Motor Vehicle, Collision With",2,354829,36087,259,0.3,7336134.0,9989.2,886
2024,Property Damage & Injury Accident,16:30,2024-05-31,Friday,Y,Daylight,NEW HEMPSTEAD,REAR END,ROCKLAND,Straight and Level,Clear,,Dry,,Not Applicable,"Other Motor Vehicle, Collision With",2,354829,36087,259,0.3,7336134.0,9989.2,886
2024,Property Damage Accident,12:40,2024-05-31,Friday,Y,Daylight,ORANGETOWN,OTHER,ROCKLAND,Straight and Grade,Cloudy,,Dry,987C85011005,Not Applicable,Deer,1,354829,36087,259,0.3,7336134.0,9989.2,886
2024,Property Damage Accident,11:20,2024-05-31,Friday,Y,Daylight,MONTEBELLO,RIGHT TURN (6),ROCKLAND,Straight and Level,Clear,Yield Sign,Dry,,Not Applicable,"Other Motor Vehicle, Collision With",2,354829,36087,259,0.3,7336134.0,9989.2,886
2024,Property Damage Accident,7:30,2024-05-31,Friday,Y,Daylight,SOUTH NYACK,OVERTAKING,ROCKLAND,Curve and Grade,Clear,Traffic Signal,Dry,,Not Applicable,"Other Motor Vehicle, Collision With",2,354829,36087,259,0.3,7336134.0,9989.2,886
2024,Property Damage & Injury Accident,7:40,2024-05-31,Friday,N,Unknown,RAMAPO,Unknown,ROCKLAND,Unknown,Unknown,Unknown,Unknown,,Not Applicable,"Other Motor Vehicle, Collision With",2,354829,36087,259,0.3,7336134.0,9989.2,886
2024,Property Damage Accident,18:45,2024-05-31,Friday,Y,Daylight,RAMAPO,OTHER,ROCKLAND,Straight and Level,Clear,,Dry,,Not Applicable,Deer,1,354829,36087,259,0.3,7336134.0,9989.2,886
2024,Property Damage Accident,12:20,2024-05-31,Friday,Y,Daylight,CLARKSTOWN,REAR END,ROCKLAND,Curve and Level,Cloudy,,Dry,,Not Applicable,"Other Motor Vehicle, Collision With",2,354829,36087,259,0.3,7336134.0,9989.2,886
2024,Property Damage Accident,17:05,2024-05-31,Friday,Y,Daylight,STONY POINT,REAR END,ROCKLAND,Straight and Level,Clear,,Dry,,Not Applicable,"Other Motor Vehicle, Collision With",2,354829,36087,259,0.3,7336134.0,9989.2,886
2024,Property Damage Accident,15:57,2024-05-31,Friday,Y,Daylight,SPRING VALLEY,REAR END,ROCKLAND,Straight and Level,Clear,Traffic Signal,Dry,,Not Applicable,"Other Motor Vehicle, Collision With",2,354829,36087,259,0.3,7336134.0,9989.2,886
2024,Property Damage & Injury Accident,21:45,2024-05-31,Friday,Y,Dark-Road Unlighted,SPRING VALLEY,OTHER,ROCKLAND,Straight and Level,Clear,,Dry,,Other Actions in Roadway,"Bicyclist, Collision With",1,354829,36087,259,0.3,7336134.0,9989.2,886
2024,Property Damage Accident,17:30,2024-05-31,Friday,Y,Daylight,SAUGERTIES,RIGHT ANGLE,ULSTER,Straight and Level,Clear,Stop Sign,Dry,32 86023081,Not Applicable,"Other Motor Vehicle, Collision With",2,183095,36111,3565,1.2,6410502.0,3939.4,999
2024,Property Damage Accident,16:38,2024-05-31,Friday,Y,Daylight,LLOYD,OTHER,ULSTER,Curve and Level,Clear,,Dry,,Not Applicable,"Tree, Collision With Fixed Object",1,183095,36111,3565,1.2,6410502.0,3939.4,999
2024,Property Damage Accident,5:17,2024-05-31,Friday,Y,Dawn,SHAWANGUNK,OTHER,ULSTER,Curve and Level,Clear,,Dry,52 86021168,Not Applicable,Deer,1,183095,36111,3565,1.2,6410502.0,3939.4,999
2024,Property Damage Accident,7:25,2024-05-31,Friday,N,Daylight,NEW ROCHELLE,REAR END,WESTCHESTER,Straight and Level,Clear,Stop Sign,Dry,,Not Applicable,"Other Motor Vehicle, Collision With",2,1009165,36119,850,0.8,18110248.0,6143.2,3354
2024,Property Damage Accident,14:47,2024-05-31,Friday,Y,Daylight,RYE,SIDESWIPE,WESTCHESTER,Straight and Level,Clear,Stop Sign,Dry,,Not Applicable,"Other Motor Vehicle, Collision With",2,1009165,36119,850,0.8,18110248.0,6143.2,3354
2024,Property Damage Accident,18:40,2024-05-31,Friday,Y,Daylight,PORT CHESTER,REAR END,WESTCHESTER,Straight at Hill Crest,Clear,,Dry,,Not Applicable,"Other Motor Vehicle, Collision With",2,1009165,36119,850,0.8,18110248.0,6143.2,3354
2024,Property Damage Accident,14:49,2024-05-31,Friday,Y,Daylight,MOUNT PLEASANT,OTHER,WESTCHESTER,Straight and Level,Clear,,Dry,,Not Applicable,"Guide Rail - End, Collision With Fixed Object",1,1009165,36119,850,0.8,18110248.0,6143.2,3354
2024,Property Damage & Injury Accident,8:30,2024-05-31,Friday,Y,Daylight,NEW ROCHELLE,HEAD ON,WESTCHESTER,Curve and Level,Clear,,Dry,,Not Applicable,"Other Motor Vehicle, Collision With",2,1009165,36119,850,0.8,18110248.0,6143.2,3354
2024,Property Damage Accident,22:31,2024-05-31,Friday,Y,Dark-Road Unlighted,GREENBURGH,OVERTAKING,WESTCHESTER,Straight and Level,Clear,,Dry,,Not Applicable,"Other Motor Vehicle, Collision With",2,1009165,36119,850,0.8,18110248.0,6143.2,3354
2024,Property Damage Accident,15:06,2024-05-31,Friday,Y,Daylight,NEW CASTLE,Unknown,WESTCHESTER,Straight and Level,Clear,,Dry,987G87011040,Not Applicable,"Other Motor Vehicle, Collision With",2,1009165,36119,850,0.8,18110248.0,6143.2,3354
2024,Property Damage & Injury Accident,15:48,2024-05-31,Friday,Y,Daylight,YONKERS,LEFT TURN (0),WESTCHESTER,Straight and Level,Clear,,Dry,,Not Applicable,"Other Motor Vehicle, Collision With",2,1009165,36119,850,0.8,18110248.0,6143.2,3354
2024,Property Damage Accident,13:02,2024-05-31,Friday,Y,Daylight,YONKERS,OTHER,WESTCHESTER,Straight and Level,Clear,,Dry,,Not Applicable,"Other Motor Vehicle, Collision With",4,1009165,36119,850,0.8,18110248.0,6143.2,3354
2024,Property Damage Accident,9:00,2024-05-31,Friday,Y,Daylight,GREENBURGH,OVERTAKING,WESTCHESTER,Straight and Level,Clear,,Dry,,Not Applicable,"Other Motor Vehicle, Collision With",2,1009165,36119,850,0.8,18110248.0,6143.2,3354
2024,Property Damage Accident,0:00,2024-05-31,Friday,N,Daylight,GREENBURGH,OTHER,WESTCHESTER,Straight and Level,Clear,,Dry,,Not Applicable,"Other Object (Not Fixed)*, Collision With",1,1009165,36119,850,0.8,18110248.0,6143.2,3354
2024,Property Damage Accident,18:19,2024-05-31,Friday,Y,Daylight,GREENBURGH,OVERTAKING,WESTCHESTER,Straight and Grade,Clear,,Dry,,Not Applicable,"Other Motor Vehicle, Collision With",2,1009165,36119,850,0.8,18110248.0,6143.2,3354
2024,Property Damage Accident,18:01,2024-05-31,Friday,Y,Daylight,PEEKSKILL,REAR END,WESTCHESTER,Straight and Level,Clear,Traffic Signal,Dry,,Not Applicable,"Other Motor Vehicle, Collision With",2,1009165,36119,850,0.8,18110248.0,6143.2,3354
2024,Property Damage Accident,21:52,2024-05-31,Friday,Y,Dark-Road Unlighted,YORKTOWN,OTHER,WESTCHESTER,Straight and Grade,Clear,,Dry,,Not Applicable,"Other Motor Vehicle, Collision With",2,1009165,36119,850,0.8,18110248.0,6143.2,3354
2024,Property Damage Accident,18:43,2024-05-31,Friday,Y,Daylight,OSSINING,RIGHT TURN (6),WESTCHESTER,Straight and Level,Clear,Traffic Signal,Dry,9 87032132,Not Applicable,"Other Motor Vehicle, Collision With",2,1009165,36119,850,0.8,18110248.0,6143.2,3354
2024,Property Damage Accident,19:27,2024-06-01,Saturday,Y,Daylight,WAPPINGER FALLS,OVERTAKING,DUTCHESS,Straight and Grade,Clear,No Passing Zone,Other,,Not Applicable,"Other Motor Vehicle, Collision With",2,299256,36027,1695,0.8,5987961.0,3975.0,1300
2024,Property Damage Accident,16:06,2024-06-01,Saturday,Y,Daylight,WAPPINGER FALLS,OTHER,DUTCHESS,Straight and Grade,Clear,Traffic Signal,Dry,9 82051080,Not Applicable,"Other Motor Vehicle, Collision With",3,299256,36027,1695,0.8,5987961.0,3975.0,1300
2024,Property Damage Accident,18:47,2024-06-01,Saturday,Y,Daylight,GREENWOOD LAKE,RIGHT TURN (6),ORANGE,Curve and Level,Clear,,Dry,210 83011036,Not Applicable,"Other Motor Vehicle, Collision With",2,415088,36071,4753,2.6,13857119.0,5167.5,1527
2024,Property Damage Accident,19:51,2024-06-01,Saturday,Y,Dusk,NEWBURGH,OVERTAKING,ORANGE,Straight and Grade,Clear,,Dry,,Not Applicable,"Other Motor Vehicle, Collision With",2,415088,36071,4753,2.6,13857119.0,5167.5,1527
2024,Property Damage & Injury Accident,12:32,2024-06-01,Saturday,Y,Daylight,GOSHEN,OTHER,ORANGE,Straight and Level,Clear,No Passing Zone,Dry,17A83011017,Not Applicable,"Sign Post, Collision With Fixed Object",1,415088,36071,4753,2.6,13857119.0,5167.5,1527
2024,Property Damage Accident,14:01,2024-06-01,Saturday,Y,Daylight,NEW WINDSOR,OTHER,ORANGE,Straight and Level,Clear,,Dry,,Not Applicable,"Light Support/Utility Pole, Collision With Fixed Object",1,415088,36071,4753,2.6,13857119.0,5167.5,1527
2024,Property Damage Accident,18:39,2024-06-01,Saturday,Y,Daylight,MONROE,OTHER,ORANGE,Curve and Level,Clear,No Passing Zone,Dry,,Not Applicable,"Other Fixed Object*, Collision With Fixed Object",1,415088,36071,4753,2.6,13857119.0,5167.5,1527
2024,Property Damage & Injury Accident,15:08,2024-06-01,Saturday,Y,Daylight,NEWBURGH,OVERTAKING,ORANGE,Straight and Level,Clear,Stop Sign,Dry,207 83011182,Not Applicable,"Other Motor Vehicle, Collision With",2,415088,36071,4753,2.6,13857119.0,5167.5,1527
2024,Property Damage Accident,21:02,2024-06-01,Saturday,Y,Dark-Road Unlighted,DEERPARK,OTHER,ORANGE,Straight and Level,Clear,,Dry,209 83012103,Not Applicable,Deer,1,415088,36071,4753,2.6,13857119.0,5167.5,1527
2024,Property Damage Accident,18:36,2024-06-01,Saturday,Y,Daylight,BLOOMING GROVE,OTHER,ORANGE,Straight and Level,Clear,,Dry,17 83101209,Not Applicable,Deer,1,415088,36071,4753,2.6,13857119.0,5167.5,1527
2024,Property Damage Accident,7:50,2024-06-01,Saturday,Y,Daylight,NEWBURGH,OTHER,ORANGE,Straight and Level,Clear,,Dry,,Not Applicable,Deer,1,415088,36071,4753,2.6,13857119.0,5167.5,1527
2024,Property Damage Accident,6:18,2024-06-01,Saturday,Y,Daylight,WALLKILL,OTHER,ORANGE,Straight and Level,Clear,,Dry,17 83101019,Not Applicable,Deer,1,415088,36071,4753,2.6,13857119.0,5167.5,1527
2024,Property Damage Accident,3:26,2024-06-01,Saturday,Y,Dark-Road Lighted,NEWBURGH,OVERTAKING,ORANGE,Straight and Level,Clear,,Dry,,Not Applicable,"Building/Wall, Collision With Fixed Object",2,415088,36071,4753,2.6,13857119.0,5167.5,1527
2024,Property Damage Accident,15:00,2024-06-01,Saturday,Y,Daylight,SOUTHEAST,REAR END,PUTNAM,Straight and Grade,Clear,,Dry,684I84021026,Not Applicable,"Other Motor Vehicle, Collision With",2,98842,36079,509,0.7,2746105.0,4089.2,375
2024,Property Damage Accident,14:53,2024-06-01,Saturday,Y,Daylight,CARMEL,OTHER,PUTNAM,Curve and Level,Clear,Traffic Signal,Dry,6N84021033,Not Applicable,"Building/Wall, Collision With Fixed Object",1,98842,36079,509,0.7,2746105.0,4089.2,375
2024,Property Damage Accident,13:00,2024-06-01,Saturday,Y,Daylight,CLARKSTOWN,RIGHT ANGLE,ROCKLAND,Straight and Level,Cloudy,,Dry,,Not Applicable,"Other Motor Vehicle, Collision With",2,354829,36087,259,0.3,7336134.0,9989.2,886
2024,Property Damage Accident,22:08,2024-06-01,Saturday,Y,Dark-Road Lighted,HAVERSTRAW,REAR END,ROCKLAND,Straight and Level,Clear,Traffic Signal,Dry,,Not Applicable,"Other Motor Vehicle, Collision With",2,354829,36087,259,0.3,7336134.0,9989.2,886
2024,Property Damage & Injury Accident,17:47,2024-06-01,Saturday,Y,Daylight,KINGSTON,OTHER,ULSTER,Straight and Level,Clear,No Passing Zone,Dry,,Not Applicable,"Other Motor Vehicle, Collision With",3,183095,36111,3565,1.2,6410502.0,3939.4,999
2024,Property Damage Accident,9:14,2024-06-01,Saturday,Y,Daylight,SAUGERTIES,OTHER,ULSTER,Straight and Level,Clear,,Dry,,Not Applicable,"Animal, Collision With",1,183095,36111,3565,1.2,6410502.0,3939.4,999
2024,Property Damage Accident,15:45,2024-06-01,Saturday,Y,Daylight,SAUGERTIES,OVERTAKING,ULSTER,Straight and Level,Clear,Traffic Signal,Dry,,Not Applicable,"Other Motor Vehicle, Collision With",2,183095,36111,3565,1.2,6410502.0,3939.4,999
2024,Property Damage Accident,17:21,2024-06-01,Saturday,Y,Daylight,WAWARSING,RIGHT ANGLE,ULSTER,Straight and Level,Clear,,Dry,,Not Applicable,"Other Motor Vehicle, Collision With",2,183095,36111,3565,1.2,6410502.0,3939.4,999
2024,Property Damage Accident,21:52,2024-06-01,Saturday,Y,Daylight,NEW ROCHELLE,OTHER,WESTCHESTER,Straight and Level,Clear,,Dry,,Not Applicable,"Other Motor Vehicle, Collision With",3,1009165,36119,850,0.8,18110248.0,6143.2,3354
2024,Property Damage & Injury Accident,14:18,2024-06-01,Saturday,Y,Daylight,NORTH SALEM,RIGHT ANGLE,WESTCHESTER,Curve and Grade,Clear,,Dry,116 87011015,Not Applicable,"Other Motor Vehicle, Collision With",2,1009165,36119,850,0.8,18110248.0,6143.2,3354
2024,Property Damage Accident,7:48,2024-06-01,Saturday,Y,Daylight,GREENBURGH,OVERTAKING,WESTCHESTER,Curve and Level,Clear,,Dry,287I87011028,Not Applicable,"Other Motor Vehicle, Collision With",2,1009165,36119,850,0.8,18110248.0,6143.2,3354
2024,Property Damage & Injury Accident,13:12,2024-06-01,Saturday,Y,Daylight,YONKERS,LEFT TURN (3),WESTCHESTER,Straight at Hill Crest,Clear,,Dry,,Not Applicable,"Other Motor Vehicle, Collision With",2,1009165,36119,850,0.8,18110248.0,6143.2,3354
2024,Property Damage Accident,14:48,2024-06-01,Saturday,Y,Daylight,WHITE PLAINS,OVERTAKING,WESTCHESTER,Straight and Grade,Clear,Traffic Signal,Dry,119 87012004,Not Applicable,"Other Motor Vehicle, Collision With",2,1009165,36119,850,0.8,18110248.0,6143.2,3354
2024,Property Damage Accident,23:57,2024-06-01,Saturday,Y,Dark-Road Unlighted,YONKERS,OTHER,WESTCHESTER,Curve and Grade,Clear,,Dry,907K87011003,Not Applicable,"Guide Rail - Not At End, Collision With Fixed Object",1,1009165,36119,850,0.8,18110248.0,6143.2,3354
2024,Property Damage & Injury Accident,19:36,2024-06-01,Saturday,Y,Daylight,MOUNT PLEASANT,REAR END,WESTCHESTER,Straight and Level,Clear,,Dry,987G87011047,Not Applicable,"Other Motor Vehicle, Collision With",2,1009165,36119,850,0.8,18110248.0,6143.2,3354
2024,Property Damage Accident,22:05,2024-06-01,Saturday,Y,Dark-Road Lighted,LARCHMONT,OTHER,WESTCHESTER,Straight and Level,Clear,,Dry,1 87033009,Not Applicable,"Other Motor Vehicle, Collision With",3,1009165,36119,850,0.8,18110248.0,6143.2,3354
2024,Property Damage Accident,10:20,2024-06-01,Saturday,Y,Daylight,MOUNT PLEASANT,RIGHT ANGLE,WESTCHESTER,Straight and Level,Clear,,Dry,100 87014056,Not Applicable,"Other Motor Vehicle, Collision With",2,1009165,36119,850,0.8,18110248.0,6143.2,3354
2024,Property Damage Accident,0:03,2024-06-01,Saturday,Y,Daylight,GREENBURGH,OVERTAKING,WESTCHESTER,Curve and Level,Clear,No Passing Zone,Dry,987F87012004,Not Applicable,"Other Motor Vehicle, Collision With",2,1009165,36119,850,0.8,18110248.0,6143.2,3354
2024,Property Damage Accident,12:50,2024-06-01,Saturday,Y,Daylight,MOUNT PLEASANT,REAR END,WESTCHESTER,Straight and Grade,Clear,Stop Sign,Dry,117 87011057,Not Applicable,"Other Motor Vehicle, Collision With",2,1009165,36119,850,0.8,18110248.0,6143.2,3354
2024,Property Damage Accident,22:57,2024-06-01,Saturday,Y,Dark-Road Unlighted,MOUNT PLEASANT,OTHER,WESTCHESTER,Straight and Level,Cloudy,,Dry,,Not Applicable,Deer,1,1009165,36119,850,0.8,18110248.0,6143.2,3354
2024,Property Damage Accident,12:09,2024-06-02,Sunday,Y,Daylight,POUGHKEEPSIE,RIGHT ANGLE,DUTCHESS,Straight and Level,Clear,Traffic Signal,Dry,,Not Applicable,"Other Motor Vehicle, Collision With",2,299256,36027,1695,0.8,5987961.0,3975.0,1300
2024,Property Damage Accident,0:56,2024-06-02,Sunday,Y,Dark-Road Unlighted,BEEKMAN,OTHER,DUTCHESS,Curve and Grade,Clear,,Dry,,Not Applicable,"Other Fixed Object*, Collision With Fixed Object",1,299256,36027,1695,0.8,5987961.0,3975.0,1300
2024,Property Damage & Injury Accident,17:41,2024-06-02,Sunday,Y,Daylight,CLINTON,OTHER,DUTCHESS,Straight and Level,Clear,,Dry,987G82031238,Not Applicable,"Guide Rail - Not At End, Collision With Fixed Object",1,299256,36027,1695,0.8,5987961.0,3975.0,1300
2024,Property Damage Accident,12:55,2024-06-02,Sunday,Y,Daylight,RED HOOK,OTHER,DUTCHESS,Straight and Level,Clear,,Dry,9 82053205,Not Applicable,"Curbing, Collision With Fixed Object",1,299256,36027,1695,0.8,5987961.0,3975.0,1300
2024,Property Damage & Injury Accident,17:33,2024-06-02,Sunday,Y,Daylight,NEWBURGH,OTHER,ORANGE,Straight and Level,Clear,Stop Sign,Dry,980P83012013,Not Applicable,"Other Motor Vehicle, Collision With",3,415088,36071,4753,2.6,13857119.0,5167.5,1527
2024,Property Damage Accident,2:25,2024-06-02,Sunday,Y,Dark-Road Unlighted,NEWBURGH,OTHER,ORANGE,Straight and Level,Clear,,Dry,,Not Applicable,"Other Motor Vehicle, Collision With",4,415088,36071,4753,2.6,13857119.0,5167.5,1527
2024,Property Damage Accident,18:51,2024-06-02,Sunday,Y,Daylight,NEWBURGH,OTHER,ORANGE,Straight and Level,Clear,,Dry,,Not Applicable,"Other Motor Vehicle, Collision With",2,415088,36071,4753,2.6,13857119.0,5167.5,1527
2024,Property Damage Accident,18:42,2024-06-02,Sunday,Y,Daylight,HIGHLANDS,OTHER,ORANGE,Straight and Level,Cloudy,,Dry,300 83021406,Not Applicable,"Guide Rail - Not At End, Collision With Fixed Object",1,415088,36071,4753,2.6,13857119.0,5167.5,1527