year,accident_descriptor,time,date,day_of_week,police_report,lighting_conditions,municipality,collision_type_descriptor,county_name,road_descriptor,weather_conditions,traffic_control_device,road_surface_conditions,dot_reference_marker_location,pedestrian_bicyclist_action,event_descriptor,number_of_vehicles_involved,county_population_2024,county_fips,county_deer_take_2024,county_antlerless_deer_per_sqmi_2024,county_daily_vmt_2019,county_mean_aadt_2019,county_aadt_segments_2019
2024,Injury Accident,14:05,2024-06-02,Sunday,N,Unknown,NEWBURGH,Unknown,ORANGE,Unknown,Unknown,Unknown,Unknown,17K83012004,Not Applicable,"Other Motor Vehicle, Collision With",2,415088,36071,4753,2.6,13857119.0,5167.5,1527
2024,Property Damage Accident,7:40,2024-06-02,Sunday,Y,Daylight,MONROE,OVERTAKING,ORANGE,Straight and Level,Unknown,,Unknown,,Not Applicable,"Other Motor Vehicle, Collision With",2,415088,36071,4753,2.6,13857119.0,5167.5,1527
2024,Property Damage Accident,10:34,2024-06-02,Sunday,Y,Daylight,PATTERSON,LEFT TURN (0),PUTNAM,Straight and Grade,Clear,,Dry,,Not Applicable,"Other Motor Vehicle, Collision With",2,98842,36079,509,0.7,2746105.0,4089.2,375
2024,Property Damage Accident,10:20,2024-06-02,Sunday,Y,Daylight,ORANGETOWN,OTHER,ROCKLAND,Straight and Level,Clear,,Dry,987C85011040,Not Applicable,Deer,1,354829,36087,259,0.3,7336134.0,9989.2,886
2024,Property Damage Accident,11:52,2024-06-02,Sunday,Y,Daylight,ORANGETOWN,RIGHT ANGLE,ROCKLAND,Straight and Level,Clear,,Dry,9W85011010,Not Applicable,"Other Motor Vehicle, Collision With",2,354829,36087,259,0.3,7336134.0,9989.2,886
2024,Property Damage Accident,14:04,2024-06-02,Sunday,Y,Daylight,HAVERSTRAW,REAR END,ROCKLAND,Straight and Level,Clear,,Dry,,Not Applicable,"Other Motor Vehicle, Collision With",2,354829,36087,259,0.3,7336134.0,9989.2,886
2024,Property Damage Accident,10:30,2024-06-02,Sunday,Y,Daylight,SPRING VALLEY,SIDESWIPE,ROCKLAND,Straight and Level,Clear,Police/Fire Emergency,Dry,,Not Applicable,"Other Motor Vehicle, Collision With",2,354829,36087,259,0.3,7336134.0,9989.2,886
2024,Property Damage & Injury Accident,18:49,2024-06-02,Sunday,Y,Daylight,SHANDAKEN,OTHER,ULSTER,Straight and Level,Clear,,Dry,28 86012187,Not Applicable,Deer,2,183095,36111,3565,1.2,6410502.0,3939.4,999
2024,Property Damage Accident,17:10,2024-06-02,Sunday,Y,Daylight,PORT CHESTER,OVERTAKING,WESTCHESTER,Straight and Level,Clear,Traffic Signal,Dry,,Not Applicable,"Other Motor Vehicle, Collision With",2,1009165,36119,850,0.8,18110248.0,6143.2,3354
2024,Property Damage Accident,6:02,2024-06-02,Sunday,Y,Daylight,NEW ROCHELLE,OTHER,WESTCHESTER,Straight at Hill Crest,Clear,,Dry,,Not Applicable,"Other Motor Vehicle, Collision With",3,1009165,36119,850,0.8,18110248.0,6143.2,3354
2024,Property Damage & Injury Accident,21:02,2024-06-02,Sunday,Y,Dark-Road Lighted,PORT CHESTER,REAR END,WESTCHESTER,Straight and Level,Clear,,Dry,120A87011016,Not Applicable,"Other Motor Vehicle, Collision With",2,1009165,36119,850,0.8,18110248.0,6143.2,3354
2024,Property Damage & Injury Accident,14:14,2024-06-02,Sunday,Y,Daylight,SOMERS,OTHER,WESTCHESTER,Straight and Grade,Clear,,Dry,,Not Applicable,"Tree, Collision With Fixed Object",1,1009165,36119,850,0.8,18110248.0,6143.2,3354
2024,Property Damage Accident,13:31,2024-06-02,Sunday,Y,Daylight,PEEKSKILL,OVERTAKING,WESTCHESTER,Straight and Level,Clear,,Dry,,Not Applicable,"Other Motor Vehicle, Collision With",2,1009165,36119,850,0.8,18110248.0,6143.2,3354
2024,Injury Accident,17:42,2024-06-02,Sunday,Y,Daylight,ARDSLEY,OTHER,WESTCHESTER,Straight and Level,Clear,Stop Sign,Dry,,Riding/Walking/Skating Along Highway With Traffic,"Bicyclist, Collision With",1,1009165,36119,850,0.8,18110248.0,6143.2,3354
2024,Injury Accident,23:11,2024-06-02,Sunday,Y,Dark-Road Lighted,IRVINGTON,OTHER,WESTCHESTER,Straight and Level,Clear,,Dry,,Not Applicable,"Other*, Non-Collision",1,1009165,36119,850,0.8,18110248.0,6143.2,3354
2024,Property Damage Accident,11:15,2024-06-02,Sunday,Y,Daylight,MOUNT PLEASANT,OVERTAKING,WESTCHESTER,Straight and Level,Clear,,Dry,,Not Applicable,"Other Motor Vehicle, Collision With",2,1009165,36119,850,0.8,18110248.0,6143.2,3354
2024,Property Damage Accident,14:05,2024-06-02,Sunday,Y,Daylight,CROTON ON HUDSON,OTHER,WESTCHESTER,Straight and Level,Clear,,Dry,,Not Applicable,"Other Motor Vehicle, Collision With",3,1009165,36119,850,0.8,18110248.0,6143.2,3354
2024,Property Damage Accident,18:22,2024-06-02,Sunday,Y,Daylight,NEW ROCHELLE,SIDESWIPE,WESTCHESTER,Straight and Level,Clear,,Dry,,Not Applicable,"Other Motor Vehicle, Collision With",2,1009165,36119,850,0.8,18110248.0,6143.2,3354
2024,Property Damage & Injury Accident,17:49,2024-06-02,Sunday,Y,Daylight,HARRISON,REAR END,WESTCHESTER,Straight and Grade,Clear,,Dry,,Not Applicable,"Other Motor Vehicle, Collision With",2,1009165,36119,850,0.8,18110248.0,6143.2,3354
2024,Property Damage & Injury Accident,17:32,2024-06-02,Sunday,Y,Daylight,MAMARONECK,RIGHT ANGLE,WESTCHESTER,Straight and Level,Clear,,Dry,,Not Applicable,"Other Motor Vehicle, Collision With",2,1009165,36119,850,0.8,18110248.0,6143.2,3354
2024,Property Damage & Injury Accident,18:39,2024-06-02,Sunday,Y,Daylight,YONKERS,OTHER,WESTCHESTER,Straight and Grade,Clear,,Dry,,Riding/Walking/Skating Along Highway With Traffic,"Bicyclist, Collision With",1,1009165,36119,850,0.8,18110248.0,6143.2,3354
2024,Property Damage Accident,17:10,2024-06-03,Monday,Y,Daylight,LA GRANGE,REAR END,DUTCHESS,Curve and Level,Clear,Yield Sign,Dry,,Not Applicable,"Other Motor Vehicle, Collision With",2,299256,36027,1695,0.8,5987961.0,3975.0,1300
2024,Property Damage Accident,10:00,2024-06-03,Monday,N,Daylight,RHINEBECK,OTHER,DUTCHESS,Straight and Level,Clear,,Dry,9G82013186,Not Applicable,"Ran Off Roadway Only, Non-Collision",1,299256,36027,1695,0.8,5987961.0,3975.0,1300
2024,Property Damage Accident,23:04,2024-06-03,Monday,Y,Dark-Road Unlighted,RHINEBECK,OTHER,DUTCHESS,Curve and Level,Clear,No Passing Zone,Dry,308 82011048,Not Applicable,Deer,1,299256,36027,1695,0.8,5987961.0,3975.0,1300
2024,Property Damage & Injury Accident,9:47,2024-06-03,Monday,Y,Daylight,PINE PLAINS,RIGHT ANGLE,DUTCHESS,Straight at Hill Crest,Clear,Stop Sign,Dry,199 82021194,Not Applicable,"Other Motor Vehicle, Collision With",2,299256,36027,1695,0.8,5987961.0,3975.0,1300
2024,Property Damage Accident,6:41,2024-06-03,Monday,Y,Dark-Road Lighted,HIGHLAND FALLS,Unknown,ORANGE,Straight and Level,Clear,,Dry,,Not Applicable,"Other Motor Vehicle, Collision With",2,415088,36071,4753,2.6,13857119.0,5167.5,1527
2024,Property Damage Accident,15:07,2024-06-03,Monday,Y,Daylight,BLOOMING GROVE,LEFT TURN (3),ORANGE,Curve and Level,Clear,Stop Sign,Dry,17M83013152,Not Applicable,"Other Motor Vehicle, Collision With",2,415088,36071,4753,2.6,13857119.0,5167.5,1527
2024,Property Damage Accident,17:57,2024-06-03,Monday,Y,Daylight,NEWBURGH,OTHER,ORANGE,Straight and Level,Clear,,Dry,,Not Applicable,"Building/Wall, Collision With Fixed Object",1,415088,36071,4753,2.6,13857119.0,5167.5,1527
2024,Property Damage Accident,18:55,2024-06-03,Monday,Y,Daylight,CHESTER,OVERTAKING,ORANGE,Straight and Level,Clear,,Dry,,Not Applicable,"Other Motor Vehicle, Collision With",2,415088,36071,4753,2.6,13857119.0,5167.5,1527
2024,Property Damage Accident,8:30,2024-06-03,Monday,Y,Daylight,FLORIDA,OTHER,ORANGE,Straight and Level,Clear,,Dry,94 83011105,Not Applicable,Deer,1,415088,36071,4753,2.6,13857119.0,5167.5,1527
2024,Property Damage Accident,6:15,2024-06-03,Monday,Y,Daylight,CHESTER,OTHER,ORANGE,Straight and Level,Clear,,Dry,17 83101186,Not Applicable,Deer,1,415088,36071,4753,2.6,13857119.0,5167.5,1527
2024,Property Damage Accident,2:30,2024-06-03,Monday,Y,Daylight,WALLKILL,OVERTAKING,ORANGE,Straight and Level,Clear,,Dry,211 83013080,Not Applicable,"Other Motor Vehicle, Collision With",2,415088,36071,4753,2.6,13857119.0,5167.5,1527
2024,Property Damage Accident,4:05,2024-06-03,Monday,Y,Dawn,DEERPARK,OTHER,ORANGE,Straight and Level,Clear,,Dry,,Not Applicable,"Tree, Collision With Fixed Object",1,415088,36071,4753,2.6,13857119.0,5167.5,1527
2024,Property Damage & Injury Accident,8:02,2024-06-03,Monday,Y,Daylight,KENT,OTHER,PUTNAM,Curve and Level,Clear,No Passing Zone,Dry,,Not Applicable,"Light Support/Utility Pole, Collision With Fixed Object",1,98842,36079,509,0.7,2746105.0,4089.2,375
2024,Property Damage Accident,3:51,2024-06-03,Monday,Y,Dark-Road Unlighted,CARMEL,OTHER,PUTNAM,Straight and Grade,Clear,No Passing Zone,Dry,,Not Applicable,Deer,1,98842,36079,509,0.7,2746105.0,4089.2,375
2024,Property Damage Accident,15:36,2024-06-03,Monday,Y,Daylight,WESLEY HILLS,RIGHT ANGLE,ROCKLAND,Straight and Level,Clear,,Dry,,Not Applicable,"Other Motor Vehicle, Collision With",2,354829,36087,259,0.3,7336134.0,9989.2,886
2024,Property Damage Accident,9:45,2024-06-03,Monday,Y,Daylight,NYACK,OVERTAKING,ROCKLAND,Straight and Level,Clear,,Dry,,Not Applicable,"Other Motor Vehicle, Collision With",2,354829,36087,259,0.3,7336134.0,9989.2,886
2024,Property Damage Accident,16:44,2024-06-03,Monday,Y,Daylight,CLARKSTOWN,OTHER,ROCKLAND,Straight at Hill Crest,Clear,,Dry,,Not Applicable,"Other Motor Vehicle, Collision With",2,354829,36087,259,0.3,7336134.0,9989.2,886
2024,Property Damage Accident,15:30,2024-06-03,Monday,Y,Daylight,RAMAPO,RIGHT TURN (6),ROCKLAND,Straight and Level,Clear,,Dry,,Not Applicable,"Other Motor Vehicle, Collision With",2,354829,36087,259,0.3,7336134.0,9989.2,886
2024,Property Damage Accident,11:00,2024-06-03,Monday,Y,Daylight,STONY POINT,REAR END,ROCKLAND,Straight and Level,Clear,Police/Fire Emergency,Dry,987C85011189,Not Applicable,"Other Motor Vehicle, Collision With",2,354829,36087,259,0.3,7336134.0,9989.2,886
2024,Property Damage Accident,16:33,2024-06-03,Monday,Y,Daylight,CLARKSTOWN,RIGHT ANGLE,ROCKLAND,Curve and Grade,Clear,,Dry,,Not Applicable,"Other Motor Vehicle, Collision With",2,354829,36087,259,0.3,7336134.0,9989.2,886
2024,Property Damage Accident,14:33,2024-06-03,Monday,Y,Daylight,HAVERSTRAW,LEFT TURN (3),ROCKLAND,Straight and Level,Clear,Traffic Signal,Dry,981F85011005,Not Applicable,"Other Motor Vehicle, Collision With",2,354829,36087,259,0.3,7336134.0,9989.2,886
2024,Injury Accident,20:36,2024-06-03,Monday,Y,Dark-Road Lighted,CLARKSTOWN,OTHER,ROCKLAND,Straight and Level,Clear,Traffic Signal,Dry,59 85011123,"Crossing, With Signal","Pedestrian, Collision With",1,354829,36087,259,0.3,7336134.0,9989.2,886
2024,Property Damage Accident,5:37,2024-06-03,Monday,Y,Daylight,NEW PALTZ,OTHER,ULSTER,Straight and Level,Clear,,Dry,,Not Applicable,Deer,1,183095,36111,3565,1.2,6410502.0,3939.4,999
2024,Property Damage Accident,0:14,2024-06-03,Monday,Y,Dark-Road Lighted,MARLBOROUGH,OTHER,ULSTER,Straight and Level,Cloudy,,Dry,9W86031060,Not Applicable,Deer,1,183095,36111,3565,1.2,6410502.0,3939.4,999
2024,Property Damage Accident,5:35,2024-06-03,Monday,N,Dark-Road Unlighted,NEW PALTZ,OTHER,ULSTER,Straight and Level,Clear,,Dry,,Not Applicable,Deer,1,183095,36111,3565,1.2,6410502.0,3939.4,999
2024,Property Damage & Injury Accident,21:09,2024-06-03,Monday,Y,Dark-Road Unlighted,WAWARSING,REAR END,ULSTER,Straight and Grade,Clear,,Dry,52 86021155,Not Applicable,"Other Motor Vehicle, Collision With",2,183095,36111,3565,1.2,6410502.0,3939.4,999
2024,Property Damage Accident,7:20,2024-06-03,Monday,Y,Daylight,CORTLANDT,LEFT TURN (3),WESTCHESTER,Curve and Grade,Clear,Stop Sign,Dry,,Not Applicable,"Other Motor Vehicle, Collision With",2,1009165,36119,850,0.8,18110248.0,6143.2,3354
2024,Property Damage & Injury Accident,10:21,2024-06-03,Monday,Y,Daylight,CORTLANDT,OTHER,WESTCHESTER,Straight and Level,Clear,,Dry,9D87011002,Not Applicable,"Other Motor Vehicle, Collision With",3,1009165,36119,850,0.8,18110248.0,6143.2,3354
2024,Property Damage Accident,18:01,2024-06-03,Monday,Y,Daylight,MOUNT PLEASANT,REAR END,WESTCHESTER,Curve and Level,Clear,,Dry,9W86031213,Not Applicable,"Other Motor Vehicle, Collision With",2,1009165,36119,850,0.8,18110248.0,6143.2,3354
2024,Property Damage Accident,15:29,2024-06-03,Monday,Y,Daylight,GREENBURGH,OTHER,WESTCHESTER,Straight and Level,Clear,,Dry,287I87011036,Not Applicable,"Barrier, Collision With Fixed Object",1,1009165,36119,850,0.8,18110248.0,6143.2,3354
2024,Property Damage Accident,11:06,2024-06-03,Monday,Y,Daylight,WHITE PLAINS,REAR END,WESTCHESTER,Straight and Level,Clear,,Dry,,Not Applicable,"Other Motor Vehicle, Collision With",2,1009165,36119,850,0.8,18110248.0,6143.2,3354
2024,Property Damage Accident,20:35,2024-06-03,Monday,Y,Dusk,YORKTOWN,OTHER,WESTCHESTER,Straight and Grade,Clear,,Dry,,Not Applicable,Deer,1,1009165,36119,850,0.8,18110248.0,6143.2,3354
2024,Property Damage & Injury Accident,12:27,2024-06-03,Monday,Y,Daylight,YONKERS,LEFT TURN (3),WESTCHESTER,Curve and Level,Clear,,Dry,984E87011003,Not Applicable,"Other Motor Vehicle, Collision With",2,1009165,36119,850,0.8,18110248.0,6143.2,3354
2024,Property Damage Accident,19:34,2024-06-03,Monday,Y,Daylight,PELHAM MANOR,OVERTAKING,WESTCHESTER,Straight and Level,Clear,,Dry,,Not Applicable,"Other Motor Vehicle, Collision With",2,1009165,36119,850,0.8,18110248.0,6143.2,3354
2024,Injury Accident,19:13,2024-06-03,Monday,Y,Daylight,PORT CHESTER,OTHER,WESTCHESTER,Straight and Level,Clear,,Dry,120A87011029,"Crossing, No Signal, Marked Crosswalk","Pedestrian, Collision With",1,1009165,36119,850,0.8,18110248.0,6143.2,3354
2024,Injury Accident,9:11,2024-06-03,Monday,Y,Daylight,YONKERS,OTHER,WESTCHESTER,Straight and Level,Clear,Traffic Signal,Dry,984E87011025,"Crossing, With Signal","Pedestrian, Collision With",1,1009165,36119,850,0.8,18110248.0,6143.2,3354
2024,Property Damage & Injury Accident,17:59,2024-06-03,Monday,Y,Daylight,HARRISON,HEAD ON,WESTCHESTER,Straight and Level,Clear,Other,Dry,,Not Applicable,"Other Motor Vehicle, Collision With",2,1009165,36119,850,0.8,18110248.0,6143.2,3354
2024,Property Damage & Injury Accident,13:50,2024-06-03,Monday,Y,Daylight,MOUNT PLEASANT,RIGHT ANGLE,WESTCHESTER,Straight and Grade,Clear,,Dry,,Not Applicable,"Other Motor Vehicle, Collision With",2,1009165,36119,850,0.8,18110248.0,6143.2,3354
2024,Property Damage Accident,2:08,2024-06-03,Monday,Y,Daylight,YONKERS,OVERTAKING,WESTCHESTER,Straight and Level,Clear,,Dry,,Not Applicable,"Other Motor Vehicle, Collision With",2,1009165,36119,850,0.8,18110248.0,6143.2,3354
2024,Property Damage Accident,7:52,2024-06-03,Monday,Y,Daylight,OSSINING,RIGHT ANGLE,WESTCHESTER,Straight and Level,Clear,Traffic Signal,Dry,,Not Applicable,"Other Motor Vehicle, Collision With",2,1009165,36119,850,0.8,18110248.0,6143.2,3354
2024,Property Damage Accident,6:02,2024-06-03,Monday,Y,Dark-Road Lighted,BEDFORD,OTHER,WESTCHESTER,Straight and Level,Clear,,Dry,,Not Applicable,"Other Motor Vehicle, Collision With",2,1009165,36119,850,0.8,18110248.0,6143.2,3354
2024,Property Damage Accident,11:52,2024-06-03,Monday,Y,Daylight,NEW ROCHELLE,REAR END,WESTCHESTER,Straight and Level,Cloudy,Traffic Signal,Dry,1 87032011,Not Applicable,"Other Motor Vehicle, Collision With",2,1009165,36119,850,0.8,18110248.0,6143.2,3354
2024,Property Damage Accident,0:03,2024-06-03,Monday,Y,Dark-Road Lighted,NEW ROCHELLE,OTHER,WESTCHESTER,Curve and Level,Cloudy,,Dry,907W87022000,Not Applicable,"Other*, Non-Collision",1,1009165,36119,850,0.8,18110248.0,6143.2,3354
2024,Property Damage Accident,16:09,2024-06-03,Monday,Y,Daylight,ELMSFORD,REAR END,WESTCHESTER,Straight and Level,Clear,Traffic Signal,Dry,,Not Applicable,"Other Motor Vehicle, Collision With",2,1009165,36119,850,0.8,18110248.0,6143.2,3354
2024,Property Damage Accident,12:05,2024-06-04,Tuesday,Y,Daylight,FISHKILL,OVERTAKING,DUTCHESS,Straight and Level,Clear,Traffic Signal,Dry,,Not Applicable,"Other Motor Vehicle, Collision With",2,299256,36027,1695,0.8,5987961.0,3975.0,1300
2024,Property Damage Accident,5:30,2024-06-04,Tuesday,Y,Daylight,WAWAYANDA,OTHER,ORANGE,Straight and Grade,Clear,No Passing Zone,Dry,,Not Applicable,Deer,1,415088,36071,4753,2.6,13857119.0,5167.5,1527
2024,Property Damage Accident,0:50,2024-06-04,Tuesday,Y,Dark-Road Unlighted,TUXEDO,OTHER,ORANGE,Straight and Level,Cloudy,,Dry,,Not Applicable,Deer,1,415088,36071,4753,2.6,13857119.0,5167.5,1527
2024,Property Damage & Injury Accident,16:13,2024-06-04,Tuesday,Y,Daylight,KENT,LEFT TURN (3),PUTNAM,Straight and Grade,Clear,,Dry,301 84011125,Not Applicable,"Other Motor Vehicle, Collision With",2,98842,36079,509,0.7,2746105.0,4089.2,375
2024,Property Damage Accident,10:20,2024-06-04,Tuesday,Y,Daylight,CARMEL,REAR END,PUTNAM,Curve at Hill Crest,Cloudy,Stop Sign,Dry,6N84021015,Not Applicable,"Other Motor Vehicle, Collision With",2,98842,36079,509,0.7,2746105.0,4089.2,375
2024,Property Damage Accident,20:18,2024-06-04,Tuesday,Y,Dawn,SPRING VALLEY,SIDESWIPE,ROCKLAND,Straight at Hill Crest,Clear,Stop Sign,Dry,,Not Applicable,"Other Motor Vehicle, Collision With",2,354829,36087,259,0.3,7336134.0,9989.2,886
2024,Property Damage Accident,17:01,2024-06-04,Tuesday,Y,Daylight,RAMAPO,OTHER,ROCKLAND,Straight and Level,Clear,,Dry,59 85011052,Not Applicable,Deer,1,354829,36087,259,0.3,7336134.0,9989.2,886
2024,Property Damage Accident,15:25,2024-06-04,Tuesday,Y,Daylight,RAMAPO,REAR END,ROCKLAND,Straight and Level,Clear,,Dry,,Not Applicable,"Other Motor Vehicle, Collision With",2,354829,36087,259,0.3,7336134.0,9989.2,886
2024,Property Damage & Injury Accident,10:49,2024-06-04,Tuesday,Y,Daylight,ORANGETOWN,RIGHT ANGLE,ROCKLAND,Straight and Level,Clear,Maintenance Work Area,Dry,,Not Applicable,"Other Motor Vehicle, Collision With",2,354829,36087,259,0.3,7336134.0,9989.2,886
2024,Property Damage Accident,12:53,2024-06-04,Tuesday,Y,Daylight,SPRING VALLEY,OVERTAKING,ROCKLAND,Straight and Level,Clear,Traffic Signal,Dry,,Not Applicable,"Other Motor Vehicle, Collision With",2,354829,36087,259,0.3,7336134.0,9989.2,886
2024,Property Damage Accident,13:00,2024-06-04,Tuesday,N,Unknown,ORANGETOWN,OTHER,ROCKLAND,Unknown,Unknown,Unknown,Unknown,,Not Applicable,"Other*, Non-Collision",1,354829,36087,259,0.3,7336134.0,9989.2,886
2024,Property Damage Accident,9:37,2024-06-04,Tuesday,Y,Daylight,RAMAPO,REAR END,ROCKLAND,Straight and Level,Clear,Traffic Signal,Dry,,Not Applicable,"Other Motor Vehicle, Collision With",2,354829,36087,259,0.3,7336134.0,9989.2,886
2024,Property Damage Accident,5:48,2024-06-04,Tuesday,Y,Daylight,PLATTEKILL,OTHER,ULSTER,Curve and Level,Clear,No Passing Zone,Dry,,Not Applicable,"Light Support/Utility Pole, Collision With Fixed Object",1,183095,36111,3565,1.2,6410502.0,3939.4,999
2024,Property Damage Accident,11:57,2024-06-04,Tuesday,Y,Daylight,SAUGERTIES,RIGHT ANGLE,ULSTER,Straight and Level,Clear,,Dry,,Not Applicable,"Other Motor Vehicle, Collision With",2,183095,36111,3565,1.2,6410502.0,3939.4,999
2024,Property Damage Accident,12:20,2024-06-04,Tuesday,Y,Daylight,ULSTER,OVERTAKING,ULSTER,Straight and Grade,Clear,,Dry,,Not Applicable,"Other Motor Vehicle, Collision With",2,183095,36111,3565,1.2,6410502.0,3939.4,999
2024,Injury Accident,23:15,2024-06-04,Tuesday,Y,Dark-Road Lighted,RYE,OTHER,WESTCHESTER,Straight and Level,Clear,,Dry,,"Crossing, No Signal or Crosswalk","Pedestrian, Collision With",1,1009165,36119,850,0.8,18110248.0,6143.2,3354
2024,Property Damage Accident,8:55,2024-06-04,Tuesday,Y,Daylight,MAMARONECK,OVERTAKING,WESTCHESTER,Straight and Level,Clear,Stop Sign,Dry,,Not Applicable,"Other Motor Vehicle, Collision With",2,1009165,36119,850,0.8,18110248.0,6143.2,3354
2024,Property Damage Accident,0:00,2024-06-04,Tuesday,N,Dark-Road Lighted,RYE,Unknown,WESTCHESTER,Straight and Level,Clear,Unknown,Dry,,Not Applicable,"Other Motor Vehicle, Collision With",2,1009165,36119,850,0.8,18110248.0,6143.2,3354
2024,Property Damage Accident,17:50,2024-06-04,Tuesday,Y,Daylight,YORKTOWN,OTHER,WESTCHESTER,Curve and Level,Clear,,Dry,134 87011061,Not Applicable,"Guide Rail - Not At End, Collision With Fixed Object",1,1009165,36119,850,0.8,18110248.0,6143.2,3354
2024,Property Damage Accident,11:43,2024-06-04,Tuesday,Y,Daylight,NEW ROCHELLE,OTHER,WESTCHESTER,Straight and Level,Cloudy,,Dry,982J87011010,Not Applicable,"Other Object (Not Fixed)*, Collision With",1,1009165,36119,850,0.8,18110248.0,6143.2,3354
2024,Property Damage & Injury Accident,13:40,2024-06-04,Tuesday,Y,Daylight,MOUNT VERNON,REAR END,WESTCHESTER,Curve at Hill Crest,Clear,,Dry,,Not Applicable,"Other Motor Vehicle, Collision With",2,1009165,36119,850,0.8,18110248.0,6143.2,3354
2024,Property Damage Accident,17:55,2024-06-04,Tuesday,Y,Daylight,MOUNT PLEASANT,REAR END,WESTCHESTER,Straight and Level,Clear,Traffic Signal,Dry,,Not Applicable,"Other Motor Vehicle, Collision With",2,1009165,36119,850,0.8,18110248.0,6143.2,3354
2024,Property Damage Accident,11:46,2024-06-04,Tuesday,Y,Daylight,RYE BROOKE,REAR END,WESTCHESTER,Straight and Grade,Clear,Stop Sign,Dry,,Not Applicable,"Other Motor Vehicle, Collision With",2,1009165,36119,850,0.8,18110248.0,6143.2,3354
2024,Property Damage Accident,19:00,2024-06-04,Tuesday,Y,Daylight,MOUNT PLEASANT,OTHER,WESTCHESTER,Straight and Level,Clear,,Dry,987G87011030,Not Applicable,"Other Motor Vehicle, Collision With",2,1009165,36119,850,0.8,18110248.0,6143.2,3354
2024,Property Damage Accident,7:45,2024-06-04,Tuesday,Y,Daylight,PELHAM,OVERTAKING,WESTCHESTER,Straight and Level,Clear,,Dry,,Not Applicable,"Other Motor Vehicle, Collision With",2,1009165,36119,850,0.8,18110248.0,6143.2,3354
2024,Property Damage Accident,8:34,2024-06-04,Tuesday,Y,Daylight,NORTH SALEM,REAR END,WESTCHESTER,Straight and Level,Clear,,Dry,684I87011228,Not Applicable,"Other Motor Vehicle, Collision With",2,1009165,36119,850,0.8,18110248.0,6143.2,3354
2024,Property Damage Accident,11:54,2024-06-04,Tuesday,Y,Unknown,YONKERS,OTHER,WESTCHESTER,Straight and Level,Unknown,,Unknown,,Not Applicable,"Other Motor Vehicle, Collision With",2,1009165,36119,850,0.8,18110248.0,6143.2,3354
2024,Property Damage Accident,15:21,2024-06-04,Tuesday,Y,Daylight,HARRISON,OTHER,WESTCHESTER,Straight and Level,Cloudy,,Dry,287I87011085,Not Applicable,"Other Object (Not Fixed)*, Collision With",1,1009165,36119,850,0.8,18110248.0,6143.2,3354
2024,Property Damage Accident,14:01,2024-06-04,Tuesday,Y,Daylight,NEW CASTLE,SIDESWIPE,WESTCHESTER,Curve and Grade,Clear,No Passing Zone,Dry,120 87012163,Not Applicable,"Other Motor Vehicle, Collision With",2,1009165,36119,850,0.8,18110248.0,6143.2,3354
2024,Property Damage Accident,16:05,2024-06-04,Tuesday,Y,Daylight,YONKERS,REAR END,WESTCHESTER,Straight and Level,Clear,,Dry,984E87011014,Not Applicable,"Other Motor Vehicle, Collision With",2,1009165,36119,850,0.8,18110248.0,6143.2,3354
2024,Property Damage Accident,11:46,2024-06-05,Wednesday,Y,Daylight,EAST FISHKILL,OTHER,DUTCHESS,Straight and Level,Cloudy,,Dry,216 82011000,Not Applicable,"Other Motor Vehicle, Collision With",2,299256,36027,1695,0.8,5987961.0,3975.0,1300
2024,Property Damage Accident,16:52,2024-06-05,Wednesday,Y,Daylight,POUGHKEEPSIE,OTHER,DUTCHESS,Straight and Level,Clear,Traffic Signal,Dry,9 82051114,Not Applicable,"Other Motor Vehicle, Collision With",3,299256,36027,1695,0.8,5987961.0,3975.0,1300
2024,Property Damage Accident,12:15,2024-06-05,Wednesday,Y,Daylight,NORTHEAST,OTHER,DUTCHESS,Straight and Level,Clear,No Passing Zone,Dry,199 82021286,Not Applicable,Deer,1,299256,36027,1695,0.8,5987961.0,3975.0,1300
2024,Property Damage Accident,16:05,2024-06-05,Wednesday,Y,Daylight,PLEASANT VALLEY,REAR END,DUTCHESS,Straight and Level,Clear,No Passing Zone,Dry,,Not Applicable,"Other Motor Vehicle, Collision With",2,299256,36027,1695,0.8,5987961.0,3975.0,1300
2024,Property Damage & Injury Accident,15:37,2024-06-05,Wednesday,Y,Daylight,DOVER,REAR END,DUTCHESS,Straight and Level,Clear,Traffic Signal,Dry,22 82041164,Not Applicable,"Other Motor Vehicle, Collision With",2,299256,36027,1695,0.8,5987961.0,3975.0,1300
2024,Property Damage Accident,12:50,2024-06-05,Wednesday,Y,Daylight,WAPPINGER,REAR END,DUTCHESS,Straight and Level,Clear,Traffic Signal,Dry,9 82051067,Not Applicable,"Other Motor Vehicle, Collision With",2,299256,36027,1695,0.8,5987961.0,3975.0,1300
2024,Property Damage & Injury Accident,4:10,2024-06-05,Wednesday,Y,Daylight,LA GRANGE,OTHER,DUTCHESS,Straight and Level,Cloudy,No Passing Zone,Dry,82 82011092,Not Applicable,"Light Support/Utility Pole, Collision With Fixed Object",1,299256,36027,1695,0.8,5987961.0,3975.0,1300
2024,Property Damage Accident,15:00,2024-06-05,Wednesday,Y,Daylight,WALDEN,OVERTAKING,ORANGE,Straight and Level,Clear,,Dry,52 83031075,Not Applicable,"Other Motor Vehicle, Collision With",2,415088,36071,4753,2.6,13857119.0,5167.5,1527