year,accident_descriptor,time,date,day_of_week,police_report,lighting_conditions,municipality,collision_type_descriptor,county_name,road_descriptor,weather_conditions,traffic_control_device,road_surface_conditions,dot_reference_marker_location,pedestrian_bicyclist_action,event_descriptor,number_of_vehicles_involved,county_population_2024,county_fips,county_deer_take_2024,county_antlerless_deer_per_sqmi_2024,county_daily_vmt_2019,county_mean_aadt_2019,county_aadt_segments_2019
2024,Property Damage Accident,17:46,2024-06-05,Wednesday,Y,Daylight,BLOOMING GROVE,OTHER,ORANGE,Straight at Hill Crest,Clear,No Passing Zone,Dry,208 83011090,Not Applicable,"Other Object (Not Fixed)*, Collision With",3,415088,36071,4753,2.6,13857119.0,5167.5,1527
2024,Property Damage & Injury Accident,23:13,2024-06-05,Wednesday,Y,Dark-Road Unlighted,WARWICK,OTHER,ORANGE,Curve and Grade,Clear,,Dry,17A83011151,Not Applicable,"Guide Rail - Not At End, Collision With Fixed Object",1,415088,36071,4753,2.6,13857119.0,5167.5,1527
2024,Property Damage & Injury Accident,14:39,2024-06-05,Wednesday,Y,Daylight,KENT,RIGHT TURN (6),PUTNAM,Straight and Level,Clear,,Dry,,Not Applicable,"Other Motor Vehicle, Collision With",2,98842,36079,509,0.7,2746105.0,4089.2,375
2024,Property Damage Accident,7:30,2024-06-05,Wednesday,Y,Daylight,CLARKSTOWN,RIGHT TURN (5),ROCKLAND,Straight and Level,Clear,,Dry,,Not Applicable,"Other Motor Vehicle, Collision With",2,354829,36087,259,0.3,7336134.0,9989.2,886
2024,Property Damage Accident,7:36,2024-06-05,Wednesday,Y,Daylight,CLARKSTOWN,OTHER,ROCKLAND,Straight and Level,Cloudy,,Dry,987C85011079,Not Applicable,"Other Motor Vehicle, Collision With",3,354829,36087,259,0.3,7336134.0,9989.2,886
2024,Property Damage Accident,14:41,2024-06-05,Wednesday,Y,Daylight,ORANGETOWN,OTHER,ROCKLAND,Straight and Level,Clear,Traffic Signal,Dry,,Not Applicable,"Other Motor Vehicle, Collision With",3,354829,36087,259,0.3,7336134.0,9989.2,886
2024,Property Damage & Injury Accident,19:11,2024-06-05,Wednesday,Y,Daylight,RAMAPO,OTHER,ROCKLAND,Straight and Level,Clear,Traffic Signal,Dry,202 85011084,Not Applicable,"Other Motor Vehicle, Collision With",3,354829,36087,259,0.3,7336134.0,9989.2,886
2024,Property Damage Accident,16:54,2024-06-05,Wednesday,Y,Daylight,HAVERSTRAW,REAR END,ROCKLAND,Straight and Level,Cloudy,Traffic Signal,Dry,981F85011005,Not Applicable,"Other Motor Vehicle, Collision With",2,354829,36087,259,0.3,7336134.0,9989.2,886
2024,Property Damage & Injury Accident,9:56,2024-06-05,Wednesday,Y,Daylight,,RIGHT ANGLE,ROCKLAND,Straight and Level,Cloudy,Traffic Signal,Dry,59 85011037,Not Applicable,"Other Motor Vehicle, Collision With",2,354829,36087,259,0.3,7336134.0,9989.2,886
2024,Property Damage & Injury Accident,7:14,2024-06-05,Wednesday,Y,Daylight,CLARKSTOWN,RIGHT ANGLE,ROCKLAND,Straight and Level,Cloudy,Stop Sign,Dry,,Not Applicable,"Other Motor Vehicle, Collision With",2,354829,36087,259,0.3,7336134.0,9989.2,886
2024,Property Damage Accident,5:10,2024-06-05,Wednesday,Y,Dawn,WAWARSING,OTHER,ULSTER,Curve and Grade,Clear,No Passing Zone,Dry,52 86021126,Not Applicable,"Earth Embankment/Rock Cut/Ditch, Collision With Fixed Object",1,183095,36111,3565,1.2,6410502.0,3939.4,999
2024,Property Damage Accident,5:30,2024-06-05,Wednesday,Y,Daylight,SHAWANGUNK,OTHER,ULSTER,Straight and Level,Clear,No Passing Zone,Dry,52 86021212,Not Applicable,Deer,1,183095,36111,3565,1.2,6410502.0,3939.4,999
2024,Property Damage Accident,14:19,2024-06-05,Wednesday,Y,Daylight,BEDFORD,LEFT TURN (3),WESTCHESTER,Straight and Level,Clear,Stop Sign,Dry,,Not Applicable,"Other Motor Vehicle, Collision With",2,1009165,36119,850,0.8,18110248.0,6143.2,3354
2024,Property Damage Accident,15:37,2024-06-05,Wednesday,Y,Daylight,MOUNT VERNON,REAR END,WESTCHESTER,Curve and Grade,Clear,,Dry,,Not Applicable,"Other Motor Vehicle, Collision With",2,1009165,36119,850,0.8,18110248.0,6143.2,3354
2024,Property Damage Accident,19:56,2024-06-05,Wednesday,Y,Daylight,NEW ROCHELLE,REAR END,WESTCHESTER,Straight and Level,Clear,,Dry,907W87022026,Not Applicable,"Other Motor Vehicle, Collision With",2,1009165,36119,850,0.8,18110248.0,6143.2,3354
2024,Property Damage Accident,11:50,2024-06-05,Wednesday,Y,Daylight,SOMERS,OVERTAKING,WESTCHESTER,Straight and Level,Clear,,Dry,100 87014246,Not Applicable,"Other Motor Vehicle, Collision With",2,1009165,36119,850,0.8,18110248.0,6143.2,3354
2024,Property Damage & Injury Accident,16:15,2024-06-05,Wednesday,Y,Daylight,MOUNT PLEASANT,OTHER,WESTCHESTER,Straight and Level,Clear,,Flooded Water,987G87011029,Not Applicable,"Other Motor Vehicle, Collision With",3,1009165,36119,850,0.8,18110248.0,6143.2,3354
2024,Injury Accident,10:40,2024-06-05,Wednesday,Y,Daylight,YONKERS,OTHER,WESTCHESTER,Straight and Level,Clear,Traffic Signal,Dry,,"Crossing, With Signal","Pedestrian, Collision With",1,1009165,36119,850,0.8,18110248.0,6143.2,3354
2024,Property Damage Accident,20:00,2024-06-05,Wednesday,Y,Dusk,YONKERS,OVERTAKING,WESTCHESTER,Straight and Level,Clear,,Dry,,Not Applicable,"Other Motor Vehicle, Collision With",2,1009165,36119,850,0.8,18110248.0,6143.2,3354
2024,Property Damage Accident,16:45,2024-06-05,Wednesday,Y,Daylight,NORTH CASTLE,OVERTAKING,WESTCHESTER,Curve and Grade,Cloudy,Traffic Signal,Dry,22 87024007,Not Applicable,"Other Motor Vehicle, Collision With",2,1009165,36119,850,0.8,18110248.0,6143.2,3354
2024,Property Damage Accident,15:51,2024-06-05,Wednesday,Y,Daylight,TARRYTOWN,OTHER,WESTCHESTER,Straight and Level,Cloudy,,Dry,,Not Applicable,"Other Object (Not Fixed)*, Collision With",1,1009165,36119,850,0.8,18110248.0,6143.2,3354
2024,Property Damage Accident,16:00,2024-06-05,Wednesday,Y,Daylight,YONKERS,OVERTAKING,WESTCHESTER,Straight and Level,Cloudy,,Dry,,Not Applicable,"Other Motor Vehicle, Collision With",2,1009165,36119,850,0.8,18110248.0,6143.2,3354
2024,Injury Accident,16:47,2024-06-05,Wednesday,Y,Daylight,RYE,OTHER,WESTCHESTER,Straight and Level,Cloudy,,Dry,,"Crossing, No Signal or Crosswalk","Bicyclist, Collision With",1,1009165,36119,850,0.8,18110248.0,6143.2,3354
2024,Property Damage Accident,12:11,2024-06-05,Wednesday,Y,Daylight,MOUNT KISCO,LEFT TURN (3),WESTCHESTER,Straight and Level,Cloudy,,Dry,133 87011087,Not Applicable,"Other Motor Vehicle, Collision With",2,1009165,36119,850,0.8,18110248.0,6143.2,3354
2024,Property Damage Accident,10:53,2024-06-05,Wednesday,Y,Daylight,PEEKSKILL,LEFT TURN (3),WESTCHESTER,Straight and Level,Clear,,Dry,,Not Applicable,"Other Motor Vehicle, Collision With",2,1009165,36119,850,0.8,18110248.0,6143.2,3354
2024,Property Damage Accident,16:45,2024-06-05,Wednesday,Y,Daylight,NEW ROCHELLE,OVERTAKING,WESTCHESTER,Curve and Level,Clear,,Dry,,Not Applicable,"Other Motor Vehicle, Collision With",2,1009165,36119,850,0.8,18110248.0,6143.2,3354
2024,Property Damage Accident,7:38,2024-06-06,Thursday,Y,Daylight,EAST FISHKILL,SIDESWIPE,DUTCHESS,Curve and Level,Cloudy,,Wet,,Not Applicable,"Other Motor Vehicle, Collision With",2,299256,36027,1695,0.8,5987961.0,3975.0,1300
2024,Property Damage Accident,15:53,2024-06-06,Thursday,Y,Daylight,POUGHKEEPSIE,REAR END,DUTCHESS,Straight and Level,Cloudy,,Wet,9 82051138,Not Applicable,"Other Motor Vehicle, Collision With",2,299256,36027,1695,0.8,5987961.0,3975.0,1300
2024,Property Damage Accident,12:27,2024-06-06,Thursday,Y,Daylight,FISHKILL,RIGHT ANGLE,DUTCHESS,Straight and Level,Cloudy,,Dry,,Not Applicable,"Other Motor Vehicle, Collision With",2,299256,36027,1695,0.8,5987961.0,3975.0,1300
2024,Property Damage Accident,11:56,2024-06-06,Thursday,Y,Daylight,WASHINGTON,OTHER,DUTCHESS,Straight and Grade,Clear,,Dry,44 82022113,Not Applicable,"Tree, Collision With Fixed Object",1,299256,36027,1695,0.8,5987961.0,3975.0,1300
2024,Property Damage Accident,11:36,2024-06-06,Thursday,Y,Daylight,BEEKMAN,REAR END,DUTCHESS,Straight and Grade,Clear,,Dry,55 82032127,Not Applicable,"Other Motor Vehicle, Collision With",2,299256,36027,1695,0.8,5987961.0,3975.0,1300
2024,Property Damage Accident,17:24,2024-06-06,Thursday,Y,Daylight,FISHKILL,OVERTAKING,DUTCHESS,Straight at Hill Crest,Rain,Traffic Signal,Wet,9D82033022,Not Applicable,"Other Motor Vehicle, Collision With",2,299256,36027,1695,0.8,5987961.0,3975.0,1300
2024,Property Damage Accident,21:02,2024-06-06,Thursday,Y,Dark-Road Unlighted,HYDE PARK,OTHER,DUTCHESS,Curve at Hill Crest,Rain,,Wet,9 82053110,Not Applicable,"Guide Rail - Not At End, Collision With Fixed Object",1,299256,36027,1695,0.8,5987961.0,3975.0,1300
2024,Property Damage & Injury Accident,12:33,2024-06-06,Thursday,Y,Daylight,MONTGOMERY,RIGHT ANGLE,ORANGE,Straight and Level,Cloudy,Traffic Signal,Dry,208 83011161,Not Applicable,"Other Motor Vehicle, Collision With",2,415088,36071,4753,2.6,13857119.0,5167.5,1527
2024,Property Damage Accident,21:13,2024-06-06,Thursday,Y,Dark-Road Unlighted,WALLKILL,REAR END,ORANGE,Curve and Level,Rain,,Wet,,Not Applicable,"Other Motor Vehicle, Collision With",2,415088,36071,4753,2.6,13857119.0,5167.5,1527
2024,Property Damage Accident,12:24,2024-06-06,Thursday,Y,Daylight,NEWBURGH,RIGHT ANGLE,ORANGE,Straight and Grade,Clear,,Dry,17K83011195,Not Applicable,"Other Motor Vehicle, Collision With",2,415088,36071,4753,2.6,13857119.0,5167.5,1527
2024,Property Damage Accident,6:59,2024-06-06,Thursday,Y,Daylight,CARMEL,RIGHT ANGLE,PUTNAM,Curve and Level,Cloudy,No Passing Zone,Wet,6N84021036,Not Applicable,"Other Motor Vehicle, Collision With",2,98842,36079,509,0.7,2746105.0,4089.2,375
2024,Property Damage & Injury Accident,8:20,2024-06-06,Thursday,Y,Daylight,SOUTHEAST,LEFT TURN (3),PUTNAM,Straight and Level,Rain,Traffic Signal,Wet,312 84011027,Not Applicable,"Other Motor Vehicle, Collision With",2,98842,36079,509,0.7,2746105.0,4089.2,375
2024,Property Damage Accident,22:22,2024-06-06,Thursday,Y,Dark-Road Unlighted,CARMEL,OTHER,PUTNAM,Curve and Grade,Cloudy,No Passing Zone,Wet,,Not Applicable,"Other Fixed Object*, Collision With Fixed Object",1,98842,36079,509,0.7,2746105.0,4089.2,375
2024,Property Damage Accident,16:35,2024-06-06,Thursday,Y,Daylight,HAVERSTRAW,REAR END,ROCKLAND,Straight and Grade,Clear,Traffic Signal,Dry,,Not Applicable,"Other Motor Vehicle, Collision With",2,354829,36087,259,0.3,7336134.0,9989.2,886
2024,Property Damage Accident,5:00,2024-06-06,Thursday,Y,Dark-Road Lighted,HAVERSTRAW,OVERTAKING,ROCKLAND,Curve and Level,Cloudy,,Wet,,Not Applicable,"Other Motor Vehicle, Collision With",2,354829,36087,259,0.3,7336134.0,9989.2,886
2024,Property Damage Accident,14:29,2024-06-06,Thursday,Y,Daylight,CLARKSTOWN,REAR END,ROCKLAND,Straight and Level,Clear,,Dry,,Not Applicable,"Other Motor Vehicle, Collision With",2,354829,36087,259,0.3,7336134.0,9989.2,886
2024,Property Damage Accident,20:00,2024-06-06,Thursday,Y,Daylight,HAVERSTRAW,OVERTAKING,ROCKLAND,Straight and Level,Cloudy,,Dry,,Not Applicable,"Other Motor Vehicle, Collision With",2,354829,36087,259,0.3,7336134.0,9989.2,886
2024,Property Damage & Injury Accident,18:51,2024-06-06,Thursday,Y,Dark-Road Unlighted,SLOATSBURG,OTHER,ROCKLAND,Curve and Grade,Rain,,Wet,,Not Applicable,"Guide Rail - Not At End, Collision With Fixed Object",1,354829,36087,259,0.3,7336134.0,9989.2,886
2024,Property Damage Accident,12:48,2024-06-06,Thursday,Y,Daylight,CLARKSTOWN,OVERTAKING,ROCKLAND,Straight and Level,Cloudy,,Dry,303 85011059,Not Applicable,"Other Motor Vehicle, Collision With",2,354829,36087,259,0.3,7336134.0,9989.2,886
2024,Property Damage Accident,21:13,2024-06-06,Thursday,Y,Dark-Road Unlighted,RAMAPO,OTHER,ROCKLAND,Straight and Grade,Cloudy,,Wet,,Not Applicable,"Tree, Collision With Fixed Object",1,354829,36087,259,0.3,7336134.0,9989.2,886
2024,Property Damage & Injury Accident,22:00,2024-06-06,Thursday,Y,Dark-Road Lighted,YONKERS,OTHER,WESTCHESTER,Curve at Hill Crest,Rain,Traffic Signal,Wet,,Not Applicable,"Fence, Collision With Fixed Object",1,1009165,36119,850,0.8,18110248.0,6143.2,3354
2024,Property Damage Accident,14:45,2024-06-06,Thursday,Y,Daylight,HARRISON,REAR END,WESTCHESTER,Straight and Level,Clear,Traffic Signal,Dry,,Not Applicable,"Other Motor Vehicle, Collision With",2,1009165,36119,850,0.8,18110248.0,6143.2,3354
2024,Property Damage Accident,22:30,2024-06-06,Thursday,Y,Dark-Road Lighted,DOBBS FERRY,RIGHT ANGLE,WESTCHESTER,Straight and Level,Cloudy,,Wet,,Not Applicable,"Other Motor Vehicle, Collision With",2,1009165,36119,850,0.8,18110248.0,6143.2,3354
2024,Property Damage Accident,9:30,2024-06-06,Thursday,Y,Daylight,GREENBURGH,OTHER,WESTCHESTER,Straight and Level,Clear,,Dry,,Not Applicable,"Sign Post, Collision With Fixed Object",1,1009165,36119,850,0.8,18110248.0,6143.2,3354
2024,Property Damage Accident,0:52,2024-06-06,Thursday,Y,Dark-Road Unlighted,HARRISON,OTHER,WESTCHESTER,Curve and Level,Clear,,Dry,287I87011094,Not Applicable,Deer,1,1009165,36119,850,0.8,18110248.0,6143.2,3354
2024,Property Damage Accident,17:12,2024-06-06,Thursday,Y,Daylight,WHITE PLAINS,REAR END,WESTCHESTER,Straight and Grade,Clear,Stop Sign,Dry,22 87023016,Not Applicable,"Other Motor Vehicle, Collision With",2,1009165,36119,850,0.8,18110248.0,6143.2,3354
2024,Property Damage Accident,11:21,2024-06-06,Thursday,Y,Daylight,SCARSDALE,OTHER,WESTCHESTER,Straight and Level,Cloudy,,Dry,,Not Applicable,"Other Motor Vehicle, Collision With",2,1009165,36119,850,0.8,18110248.0,6143.2,3354
2024,Property Damage Accident,20:24,2024-06-06,Thursday,Y,Dark-Road Unlighted,NORTH CASTLE,OTHER,WESTCHESTER,Straight and Grade,Cloudy,,Dry,22 87024075,Not Applicable,"Building/Wall, Collision With Fixed Object",1,1009165,36119,850,0.8,18110248.0,6143.2,3354
2024,Property Damage Accident,9:05,2024-06-06,Thursday,Y,Daylight,CROTON ON HUDSON,OVERTAKING,WESTCHESTER,Straight and Level,Cloudy,,Dry,9A87032197,Not Applicable,"Other Motor Vehicle, Collision With",2,1009165,36119,850,0.8,18110248.0,6143.2,3354
2024,Property Damage & Injury Accident,7:45,2024-06-06,Thursday,Y,Daylight,SCARSDALE,REAR END,WESTCHESTER,Straight and Level,Rain,,Wet,907W87024000,Not Applicable,"Other Motor Vehicle, Collision With",2,1009165,36119,850,0.8,18110248.0,6143.2,3354
2024,Property Damage Accident,13:15,2024-06-06,Thursday,Y,Daylight,BRIARCLIFF MANOR,RIGHT TURN (5),WESTCHESTER,Straight and Grade,Cloudy,Traffic Signal,Dry,9 87032116,Not Applicable,"Other Motor Vehicle, Collision With",2,1009165,36119,850,0.8,18110248.0,6143.2,3354
2024,Property Damage Accident,10:45,2024-06-06,Thursday,N,Daylight,SLEEPY HOLLOW,OVERTAKING,WESTCHESTER,Straight and Level,Clear,School Zone,Dry,9 87032079,Not Applicable,"Other Motor Vehicle, Collision With",2,1009165,36119,850,0.8,18110248.0,6143.2,3354
2024,Property Damage Accident,21:18,2024-06-06,Thursday,Y,Dark-Road Unlighted,BEDFORD,OTHER,WESTCHESTER,Curve and Level,Rain,,Wet,684I87011139,Not Applicable,"Earth Embankment/Rock Cut/Ditch, Collision With Fixed Object",1,1009165,36119,850,0.8,18110248.0,6143.2,3354
2024,Property Damage Accident,18:16,2024-06-06,Thursday,Y,Daylight,HARRISON,REAR END,WESTCHESTER,Curve and Grade,Clear,Traffic Signal,Dry,,Not Applicable,"Other Motor Vehicle, Collision With",2,1009165,36119,850,0.8,18110248.0,6143.2,3354
2024,Property Damage Accident,1:10,2024-06-07,Friday,Y,Dark-Road Unlighted,FISHKILL,SIDESWIPE,DUTCHESS,Curve at Hill Crest,Cloudy,,Wet,,Not Applicable,"Other Motor Vehicle, Collision With",2,299256,36027,1695,0.8,5987961.0,3975.0,1300
2024,Property Damage Accident,20:16,2024-06-07,Friday,Y,Daylight,PAWLING,OVERTAKING,DUTCHESS,Straight and Level,Rain,,Wet,,Not Applicable,"Other Motor Vehicle, Collision With",2,299256,36027,1695,0.8,5987961.0,3975.0,1300
2024,Property Damage Accident,15:35,2024-06-07,Friday,Y,Daylight,MILAN,REAR END,DUTCHESS,Straight and Level,Clear,Yield Sign,Dry,987G82031335,Not Applicable,"Other Motor Vehicle, Collision With",2,299256,36027,1695,0.8,5987961.0,3975.0,1300
2024,Injury Accident,22:04,2024-06-07,Friday,Y,Dark-Road Lighted,HYDE PARK,OTHER,DUTCHESS,Straight and Level,Cloudy,,Dry,,Riding/Walking/Skating Along Highway With Traffic,"Bicyclist, Collision With",1,299256,36027,1695,0.8,5987961.0,3975.0,1300
2024,Property Damage Accident,13:30,2024-06-07,Friday,Y,Daylight,WAPPINGER,RIGHT ANGLE,DUTCHESS,Straight and Level,Cloudy,Stop Sign,Dry,,Not Applicable,"Other Motor Vehicle, Collision With",2,299256,36027,1695,0.8,5987961.0,3975.0,1300
2024,Property Damage & Injury Accident,12:45,2024-06-07,Friday,Y,Daylight,EAST FISHKILL,REAR END,DUTCHESS,Curve and Level,Cloudy,,Dry,,Not Applicable,"Other Motor Vehicle, Collision With",2,299256,36027,1695,0.8,5987961.0,3975.0,1300
2024,Property Damage Accident,17:25,2024-06-07,Friday,Y,Daylight,RHINEBECK,REAR END,DUTCHESS,Straight and Level,Cloudy,No Passing Zone,Dry,199 82021005,Not Applicable,"Other Motor Vehicle, Collision With",2,299256,36027,1695,0.8,5987961.0,3975.0,1300
2024,Property Damage Accident,15:25,2024-06-07,Friday,Y,Daylight,HIGHLANDS,OVERTAKING,ORANGE,Straight and Level,Clear,,Dry,9W83021005,Not Applicable,"Other Motor Vehicle, Collision With",2,415088,36071,4753,2.6,13857119.0,5167.5,1527
2024,Property Damage Accident,12:45,2024-06-07,Friday,Y,Daylight,NEW WINDSOR,LEFT TURN (3),ORANGE,Straight and Grade,Cloudy,Traffic Signal,Dry,300 83021105,Not Applicable,"Other Motor Vehicle, Collision With",2,415088,36071,4753,2.6,13857119.0,5167.5,1527
2024,Property Damage Accident,15:10,2024-06-07,Friday,Y,Daylight,WALLKILL,OTHER,ORANGE,Curve and Level,Clear,,Dry,,Not Applicable,"Other Fixed Object*, Collision With Fixed Object",1,415088,36071,4753,2.6,13857119.0,5167.5,1527
2024,Property Damage Accident,5:20,2024-06-07,Friday,Y,Dawn,NEWBURGH,OTHER,ORANGE,Straight and Level,Clear,,Wet,52 83031163,Not Applicable,Deer,1,415088,36071,4753,2.6,13857119.0,5167.5,1527
2024,Property Damage Accident,12:24,2024-06-07,Friday,Y,Daylight,CORNWALL,OTHER,ORANGE,Curve and Grade,Clear,,Dry,,Not Applicable,"Tree, Collision With Fixed Object",1,415088,36071,4753,2.6,13857119.0,5167.5,1527
2024,Property Damage Accident,14:30,2024-06-07,Friday,Y,Daylight,MONROE,REAR END,ORANGE,Straight and Level,Cloudy,No Passing Zone,Dry,,Not Applicable,"Other Motor Vehicle, Collision With",2,415088,36071,4753,2.6,13857119.0,5167.5,1527
2024,Property Damage Accident,9:15,2024-06-07,Friday,Y,Daylight,WARWICK,REAR END,ORANGE,Straight and Level,Clear,Stop Sign,Dry,,Not Applicable,"Other Motor Vehicle, Collision With",2,415088,36071,4753,2.6,13857119.0,5167.5,1527
2024,Property Damage Accident,14:00,2024-06-07,Friday,N,Daylight,WOODBURY,OTHER,ORANGE,Straight and Level,Clear,,Dry,,Not Applicable,"Other Fixed Object*, Collision With Fixed Object",1,415088,36071,4753,2.6,13857119.0,5167.5,1527
2024,Property Damage Accident,15:35,2024-06-07,Friday,Y,Daylight,NEWBURGH,OVERTAKING,ORANGE,Straight and Level,Cloudy,,Dry,84I83013000,Not Applicable,"Other Motor Vehicle, Collision With",2,415088,36071,4753,2.6,13857119.0,5167.5,1527
2024,Property Damage & Injury Accident,11:00,2024-06-07,Friday,N,Unknown,WALLKILL,OTHER,ORANGE,Unknown,Unknown,Unknown,Unknown,84I83011153,Not Applicable,"Other Fixed Object*, Collision With Fixed Object",1,415088,36071,4753,2.6,13857119.0,5167.5,1527
2024,Property Damage & Injury Accident,11:49,2024-06-07,Friday,Y,Daylight,MIDDLETOWN,LEFT TURN (3),ORANGE,Straight and Level,Cloudy,Construction Work Area,Dry,,Not Applicable,"Other Motor Vehicle, Collision With",2,415088,36071,4753,2.6,13857119.0,5167.5,1527
2024,Property Damage Accident,12:57,2024-06-07,Friday,Y,Daylight,NEWBURGH,RIGHT ANGLE,ORANGE,Straight and Level,Clear,,Dry,32 83013003,Not Applicable,"Other Motor Vehicle, Collision With",2,415088,36071,4753,2.6,13857119.0,5167.5,1527
2024,Property Damage Accident,15:58,2024-06-07,Friday,Y,Daylight,CLARKSTOWN,RIGHT ANGLE,ROCKLAND,Straight and Level,Clear,Stop Sign,Dry,,Not Applicable,"Other Motor Vehicle, Collision With",2,354829,36087,259,0.3,7336134.0,9989.2,886
2024,Property Damage Accident,7:21,2024-06-07,Friday,Y,Daylight,CLARKSTOWN,OVERTAKING,ROCKLAND,Curve and Level,Cloudy,,Dry,,Not Applicable,"Other Motor Vehicle, Collision With",2,354829,36087,259,0.3,7336134.0,9989.2,886
2024,Property Damage Accident,8:57,2024-06-07,Friday,Y,Daylight,HAVERSTRAW,RIGHT ANGLE,ROCKLAND,Straight and Grade,Clear,Traffic Signal,Dry,45 85011086,Not Applicable,"Other Motor Vehicle, Collision With",2,354829,36087,259,0.3,7336134.0,9989.2,886
2024,Property Damage Accident,17:15,2024-06-07,Friday,Y,Daylight,,RIGHT ANGLE,ROCKLAND,Straight and Level,Clear,Traffic Signal,Dry,59 85011037,Not Applicable,"Other Motor Vehicle, Collision With",2,354829,36087,259,0.3,7336134.0,9989.2,886
2024,Property Damage Accident,7:00,2024-06-07,Friday,Y,Daylight,RAMAPO,REAR END,ROCKLAND,Straight and Level,Cloudy,Traffic Signal,Dry,59 85011028,Not Applicable,"Other Motor Vehicle, Collision With",2,354829,36087,259,0.3,7336134.0,9989.2,886
2024,Property Damage Accident,15:08,2024-06-07,Friday,Y,Daylight,SPRING VALLEY,OVERTAKING,ROCKLAND,Straight and Level,Clear,,Dry,,Not Applicable,"Other Motor Vehicle, Collision With",2,354829,36087,259,0.3,7336134.0,9989.2,886
2024,Property Damage Accident,17:00,2024-06-07,Friday,Y,Daylight,ORANGETOWN,REAR END,ROCKLAND,Straight and Level,Clear,Stop Sign,Dry,,Not Applicable,"Other Motor Vehicle, Collision With",2,354829,36087,259,0.3,7336134.0,9989.2,886
2024,Property Damage Accident,12:50,2024-06-07,Friday,Y,Daylight,ORANGETOWN,REAR END,ROCKLAND,Straight and Level,Clear,,Dry,,Not Applicable,"Other Motor Vehicle, Collision With",2,354829,36087,259,0.3,7336134.0,9989.2,886
2024,Property Damage Accident,19:30,2024-06-07,Friday,Y,Daylight,HAVERSTRAW,LEFT TURN (0),ROCKLAND,Straight and Level,Clear,,Dry,,Not Applicable,"Other Motor Vehicle, Collision With",2,354829,36087,259,0.3,7336134.0,9989.2,886
2024,Property Damage Accident,17:22,2024-06-07,Friday,Y,Daylight,NYACK,LEFT TURN (3),ROCKLAND,Straight and Level,Clear,Police/Fire Emergency,Dry,,Not Applicable,"Other Motor Vehicle, Collision With",2,354829,36087,259,0.3,7336134.0,9989.2,886
2024,Property Damage Accident,16:05,2024-06-07,Friday,Y,Daylight,NYACK,OVERTAKING,ROCKLAND,Straight and Grade,Clear,,Dry,,Not Applicable,"Other Motor Vehicle, Collision With",2,354829,36087,259,0.3,7336134.0,9989.2,886
2024,Property Damage & Injury Accident,15:22,2024-06-07,Friday,Y,Daylight,ULSTER,REAR END,ULSTER,Straight and Level,Cloudy,,Dry,9W86035009,Not Applicable,"Other Motor Vehicle, Collision With",2,183095,36111,3565,1.2,6410502.0,3939.4,999
2024,Property Damage Accident,15:09,2024-06-07,Friday,Y,Daylight,LLOYD,OTHER,ULSTER,Curve and Grade,Cloudy,No Passing Zone,Dry,,Not Applicable,"Guide Rail - Not At End, Collision With Fixed Object",1,183095,36111,3565,1.2,6410502.0,3939.4,999
2024,Property Damage & Injury Accident,19:51,2024-06-07,Friday,Y,Dusk,HURLEY,OTHER,ULSTER,Straight and Level,Cloudy,No Passing Zone,Dry,,Not Applicable,"Earth Embankment/Rock Cut/Ditch, Collision With Fixed Object",1,183095,36111,3565,1.2,6410502.0,3939.4,999
2024,Property Damage Accident,11:24,2024-06-07,Friday,Y,Daylight,HURLEY,OTHER,ULSTER,Straight and Level,Clear,,Dry,,Not Applicable,Deer,1,183095,36111,3565,1.2,6410502.0,3939.4,999
2024,Property Damage & Injury Accident,8:56,2024-06-07,Friday,Y,Daylight,ROSENDALE,REAR END,ULSTER,Straight and Grade,Clear,Maintenance Work Area,Dry,,Not Applicable,"Other Motor Vehicle, Collision With",2,183095,36111,3565,1.2,6410502.0,3939.4,999
2024,Property Damage & Injury Accident,16:08,2024-06-07,Friday,Y,Daylight,OSSINING,RIGHT ANGLE,WESTCHESTER,Straight and Grade,Clear,Stop Sign,Dry,,Not Applicable,"Other Motor Vehicle, Collision With",2,1009165,36119,850,0.8,18110248.0,6143.2,3354
2024,Property Damage Accident,13:46,2024-06-07,Friday,Y,Daylight,DOBBS FERRY,REAR END,WESTCHESTER,Straight and Level,Clear,,Dry,,Not Applicable,"Other Motor Vehicle, Collision With",2,1009165,36119,850,0.8,18110248.0,6143.2,3354
2024,Property Damage & Injury Accident,7:10,2024-06-07,Friday,Y,Daylight,MOUNT PLEASANT,REAR END,WESTCHESTER,Straight and Grade,Cloudy,Traffic Signal,Dry,,Not Applicable,"Other Motor Vehicle, Collision With",2,1009165,36119,850,0.8,18110248.0,6143.2,3354
2024,Property Damage Accident,16:25,2024-06-07,Friday,Y,Daylight,YONKERS,SIDESWIPE,WESTCHESTER,Straight and Level,Clear,,Dry,,Not Applicable,"Other Motor Vehicle, Collision With",2,1009165,36119,850,0.8,18110248.0,6143.2,3354
2024,Property Damage & Injury Accident,12:53,2024-06-07,Friday,Y,Daylight,BEDFORD,OTHER,WESTCHESTER,Straight and Level,Clear,,Dry,172 87011005,Not Applicable,"Other Motor Vehicle, Collision With",3,1009165,36119,850,0.8,18110248.0,6143.2,3354
2024,Property Damage Accident,15:05,2024-06-07,Friday,Y,Daylight,RYE BROOKE,RIGHT ANGLE,WESTCHESTER,Straight and Level,Clear,Stop Sign,Dry,,Not Applicable,"Other Motor Vehicle, Collision With",2,1009165,36119,850,0.8,18110248.0,6143.2,3354