year,accident_descriptor,time,date,day_of_week,police_report,lighting_conditions,municipality,collision_type_descriptor,county_name,road_descriptor,weather_conditions,traffic_control_device,road_surface_conditions,dot_reference_marker_location,pedestrian_bicyclist_action,event_descriptor,number_of_vehicles_involved,county_population_2024,county_fips,county_deer_take_2024,county_antlerless_deer_per_sqmi_2024,county_daily_vmt_2019,county_mean_aadt_2019,county_aadt_segments_2019
2024,Property Damage Accident,7:45,2024-06-07,Friday,Y,Daylight,NORTH SALEM,REAR END,WESTCHESTER,Straight and Level,Cloudy,,Dry,22 87024252,Not Applicable,"Other Motor Vehicle, Collision With",2,1009165,36119,850,0.8,18110248.0,6143.2,3354
2024,Property Damage Accident,12:29,2024-06-07,Friday,Y,Daylight,ELMSFORD,RIGHT ANGLE,WESTCHESTER,Straight and Level,Clear,,Dry,,Not Applicable,"Other Motor Vehicle, Collision With",2,1009165,36119,850,0.8,18110248.0,6143.2,3354
2024,Property Damage Accident,15:08,2024-06-07,Friday,Y,Daylight,CORTLANDT,OTHER,WESTCHESTER,Straight and Level,Clear,,Dry,6 87033015,Not Applicable,"Other Motor Vehicle, Collision With",2,1009165,36119,850,0.8,18110248.0,6143.2,3354
2024,Property Damage Accident,15:05,2024-06-07,Friday,Y,Daylight,EASTCHESTER,REAR END,WESTCHESTER,Straight and Level,Cloudy,Traffic Signal,Dry,22 87022018,Not Applicable,"Other Motor Vehicle, Collision With",2,1009165,36119,850,0.8,18110248.0,6143.2,3354
2024,Property Damage & Injury Accident,12:30,2024-06-07,Friday,Y,Daylight,GREENBURGH,REAR END,WESTCHESTER,Straight and Level,Clear,Traffic Signal,Dry,,Not Applicable,"Other Motor Vehicle, Collision With",2,1009165,36119,850,0.8,18110248.0,6143.2,3354
2024,Property Damage Accident,13:54,2024-06-07,Friday,Y,Daylight,BEDFORD,RIGHT ANGLE,WESTCHESTER,Straight and Grade,Cloudy,Stop Sign,Dry,,Not Applicable,"Other Motor Vehicle, Collision With",2,1009165,36119,850,0.8,18110248.0,6143.2,3354
2024,Property Damage & Injury Accident,14:10,2024-06-07,Friday,Y,Daylight,GREENBURGH,OTHER,WESTCHESTER,Straight and Grade,Clear,,Dry,,Not Applicable,"Other Motor Vehicle, Collision With",3,1009165,36119,850,0.8,18110248.0,6143.2,3354
2024,Property Damage Accident,14:15,2024-06-07,Friday,Y,Daylight,GREENBURGH,OVERTAKING,WESTCHESTER,Straight and Level,Clear,,Dry,,Not Applicable,"Other Motor Vehicle, Collision With",2,1009165,36119,850,0.8,18110248.0,6143.2,3354
2024,Property Damage Accident,12:17,2024-06-07,Friday,Y,Daylight,LARCHMONT,REAR END,WESTCHESTER,Straight and Level,Clear,,Dry,,Not Applicable,"Other Motor Vehicle, Collision With",2,1009165,36119,850,0.8,18110248.0,6143.2,3354
2024,Property Damage & Injury Accident,15:26,2024-06-07,Friday,Y,Daylight,WHITE PLAINS,LEFT TURN (3),WESTCHESTER,Straight and Level,Clear,,Dry,,Not Applicable,"Other Motor Vehicle, Collision With",2,1009165,36119,850,0.8,18110248.0,6143.2,3354
2024,Property Damage Accident,17:22,2024-06-07,Friday,Y,Daylight,YONKERS,OTHER,WESTCHESTER,Straight and Grade,Clear,No Passing Zone,Dry,,Not Applicable,"Other Object (Not Fixed)*, Collision With",1,1009165,36119,850,0.8,18110248.0,6143.2,3354
2024,Property Damage Accident,14:15,2024-06-07,Friday,Y,Daylight,YONKERS,OVERTAKING,WESTCHESTER,Straight and Level,Clear,,Dry,984H87011012,Not Applicable,"Other Motor Vehicle, Collision With",2,1009165,36119,850,0.8,18110248.0,6143.2,3354
2024,Property Damage Accident,10:48,2024-06-08,Saturday,Y,Daylight,WAPPINGER FALLS,RIGHT ANGLE,DUTCHESS,Straight and Level,Clear,Traffic Signal,Dry,9 82051079,Not Applicable,"Other Motor Vehicle, Collision With",2,299256,36027,1695,0.8,5987961.0,3975.0,1300
2024,Property Damage Accident,3:00,2024-06-08,Saturday,Y,Dark-Road Unlighted,LA GRANGE,OTHER,DUTCHESS,Curve and Grade,Unknown,No Passing Zone,Dry,,Not Applicable,"Earth Embankment/Rock Cut/Ditch, Collision With Fixed Object",2,299256,36027,1695,0.8,5987961.0,3975.0,1300
2024,Property Damage Accident,11:39,2024-06-08,Saturday,Y,Daylight,POUGHKEEPSIE,OVERTAKING,DUTCHESS,Straight and Level,Clear,,Dry,,Not Applicable,"Other Motor Vehicle, Collision With",2,299256,36027,1695,0.8,5987961.0,3975.0,1300
2024,Property Damage & Injury Accident,2:32,2024-06-08,Saturday,Y,Dark-Road Unlighted,LA GRANGE,OTHER,DUTCHESS,Curve and Grade,Clear,No Passing Zone,Dry,,Not Applicable,"Light Support/Utility Pole, Collision With Fixed Object",1,299256,36027,1695,0.8,5987961.0,3975.0,1300
2024,Property Damage Accident,10:33,2024-06-08,Saturday,Y,Daylight,HIGHLANDS,OTHER,ORANGE,Straight at Hill Crest,Clear,,Dry,9W83021023,Not Applicable,"Animal, Collision With",1,415088,36071,4753,2.6,13857119.0,5167.5,1527
2024,Property Damage Accident,16:18,2024-06-08,Saturday,Y,Daylight,MIDDLETOWN,RIGHT ANGLE,ORANGE,Straight and Level,Clear,Stop Sign,Dry,,Not Applicable,"Other Motor Vehicle, Collision With",2,415088,36071,4753,2.6,13857119.0,5167.5,1527
2024,Property Damage & Injury Accident,10:46,2024-06-08,Saturday,Y,Daylight,NEWBURGH,OTHER,ORANGE,Straight and Level,Cloudy,Traffic Signal,Dry,52 83031120,Not Applicable,"Earth Embankment/Rock Cut/Ditch, Collision With Fixed Object",1,415088,36071,4753,2.6,13857119.0,5167.5,1527
2024,Property Damage Accident,0:00,2024-06-08,Saturday,N,Dark-Road Unlighted,,REAR END,ORANGE,Straight and Level,Clear,,Dry,,Not Applicable,"Other Motor Vehicle, Collision With",2,415088,36071,4753,2.6,13857119.0,5167.5,1527
2024,Property Damage & Injury Accident,8:27,2024-06-08,Saturday,Y,Daylight,TUXEDO,OTHER,ORANGE,Straight and Level,Clear,,Dry,17 83101361,Not Applicable,"Barrier, Collision With Fixed Object",1,415088,36071,4753,2.6,13857119.0,5167.5,1527
2024,Property Damage Accident,14:22,2024-06-08,Saturday,Y,Daylight,BLOOMING GROVE,REAR END,ORANGE,Straight and Grade,Clear,No Passing Zone,Dry,17M83013152,Not Applicable,"Other Motor Vehicle, Collision With",2,415088,36071,4753,2.6,13857119.0,5167.5,1527
2024,Property Damage Accident,10:00,2024-06-08,Saturday,Y,Daylight,CLARKSTOWN,OTHER,ROCKLAND,Straight and Level,Clear,,Dry,,Not Applicable,"Other Motor Vehicle, Collision With",2,354829,36087,259,0.3,7336134.0,9989.2,886
2024,Property Damage Accident,22:12,2024-06-08,Saturday,Y,Dark-Road Lighted,SPRING VALLEY,REAR END,ROCKLAND,Straight and Grade,Clear,Traffic Signal,Dry,,Not Applicable,"Other Motor Vehicle, Collision With",2,354829,36087,259,0.3,7336134.0,9989.2,886
2024,Property Damage Accident,14:05,2024-06-08,Saturday,Y,Daylight,WAWARSING,OTHER,ULSTER,Straight and Level,Clear,,Dry,,Not Applicable,"Light Support/Utility Pole, Collision With Fixed Object",1,183095,36111,3565,1.2,6410502.0,3939.4,999
2024,Property Damage Accident,11:40,2024-06-08,Saturday,Y,Daylight,ESOPUS,RIGHT ANGLE,ULSTER,Straight and Level,Clear,,Dry,,Not Applicable,"Other Motor Vehicle, Collision With",2,183095,36111,3565,1.2,6410502.0,3939.4,999
2024,Property Damage Accident,14:22,2024-06-08,Saturday,Y,Daylight,SAUGERTIES,REAR END,ULSTER,Straight and Grade,Clear,,Dry,,Not Applicable,"Other Motor Vehicle, Collision With",2,183095,36111,3565,1.2,6410502.0,3939.4,999
2024,Property Damage Accident,19:44,2024-06-08,Saturday,Y,Daylight,ELLENVILLE,SIDESWIPE,ULSTER,Straight and Level,Clear,,Dry,209 86031046,Not Applicable,"Other Motor Vehicle, Collision With",2,183095,36111,3565,1.2,6410502.0,3939.4,999
2024,Property Damage Accident,13:04,2024-06-08,Saturday,Y,Daylight,KINGSTON,REAR END,ULSTER,Straight and Level,Cloudy,,Dry,28 86012051,Not Applicable,"Other Motor Vehicle, Collision With",2,183095,36111,3565,1.2,6410502.0,3939.4,999
2024,Property Damage & Injury Accident,12:27,2024-06-08,Saturday,Y,Daylight,GREENBURGH,LEFT TURN (3),WESTCHESTER,Curve and Grade,Cloudy,No Passing Zone,Dry,100 87012024,Not Applicable,"Other Motor Vehicle, Collision With",2,1009165,36119,850,0.8,18110248.0,6143.2,3354
2024,Property Damage Accident,19:58,2024-06-08,Saturday,Y,Daylight,GREENBURGH,LEFT TURN (3),WESTCHESTER,Straight and Level,Clear,,Dry,,Not Applicable,"Other Motor Vehicle, Collision With",2,1009165,36119,850,0.8,18110248.0,6143.2,3354
2024,Property Damage Accident,16:05,2024-06-08,Saturday,Y,Daylight,YONKERS,RIGHT TURN (6),WESTCHESTER,Straight and Level,Clear,,Dry,,Not Applicable,"Other Motor Vehicle, Collision With",2,1009165,36119,850,0.8,18110248.0,6143.2,3354
2024,Property Damage Accident,10:53,2024-06-08,Saturday,Y,Daylight,MOUNT PLEASANT,LEFT TURN (3),WESTCHESTER,Straight and Grade,Clear,Traffic Signal,Dry,,Not Applicable,"Other Motor Vehicle, Collision With",2,1009165,36119,850,0.8,18110248.0,6143.2,3354
2024,Property Damage Accident,17:30,2024-06-08,Saturday,Y,Daylight,RYE BROOKE,OVERTAKING,WESTCHESTER,Straight and Level,Clear,,Dry,287I87011102,Not Applicable,"Other Motor Vehicle, Collision With",2,1009165,36119,850,0.8,18110248.0,6143.2,3354
2024,Injury Accident,17:51,2024-06-09,Sunday,Y,Daylight,CORNWALL,REAR END,ORANGE,Straight and Level,Clear,Traffic Signal,Dry,9W83021120,Not Applicable,"Other Motor Vehicle, Collision With",2,415088,36071,4753,2.6,13857119.0,5167.5,1527
2024,Property Damage Accident,20:30,2024-06-09,Sunday,Y,Dark-Road Unlighted,BLOOMING GROVE,OTHER,ORANGE,Straight and Level,Clear,No Passing Zone,Dry,17M83013142,Not Applicable,Deer,1,415088,36071,4753,2.6,13857119.0,5167.5,1527
2024,Property Damage Accident,22:22,2024-06-09,Sunday,Y,Dark-Road Unlighted,NEWBURGH,OVERTAKING,ORANGE,Straight and Level,Clear,,Wet,84I83011360,Not Applicable,"Other Motor Vehicle, Collision With",2,415088,36071,4753,2.6,13857119.0,5167.5,1527
2024,Property Damage Accident,9:32,2024-06-09,Sunday,Y,Daylight,MONROE,OTHER,ORANGE,Straight and Level,Cloudy,,Wet,17 83101226,Not Applicable,Deer,1,415088,36071,4753,2.6,13857119.0,5167.5,1527
2024,Property Damage Accident,14:49,2024-06-09,Sunday,Y,Daylight,WOODBURY,OVERTAKING,ORANGE,Straight and Level,Clear,,Dry,984C83011001,Not Applicable,"Other Motor Vehicle, Collision With",2,415088,36071,4753,2.6,13857119.0,5167.5,1527
2024,Property Damage Accident,17:26,2024-06-09,Sunday,Y,Daylight,WOODBURY,OTHER,ORANGE,Straight and Level,Clear,Stop Sign,Dry,,Not Applicable,"Other Motor Vehicle, Collision With",2,415088,36071,4753,2.6,13857119.0,5167.5,1527
2024,Property Damage Accident,3:14,2024-06-09,Sunday,Y,Dark-Road Lighted,NEW WINDSOR,OTHER,ORANGE,Straight and Level,Clear,,Dry,32 83011142,Not Applicable,"Fence, Collision With Fixed Object",1,415088,36071,4753,2.6,13857119.0,5167.5,1527
2024,Property Damage Accident,4:50,2024-06-09,Sunday,Y,Dark-Road Unlighted,NEWBURGH,OTHER,ORANGE,Straight and Level,Clear,,Dry,,Not Applicable,Deer,1,415088,36071,4753,2.6,13857119.0,5167.5,1527
2024,Property Damage & Injury Accident,12:15,2024-06-09,Sunday,Y,Daylight,WALLKILL,OTHER,ORANGE,Curve and Grade,Cloudy,,Dry,,Not Applicable,"Guide Rail - Not At End, Collision With Fixed Object",1,415088,36071,4753,2.6,13857119.0,5167.5,1527
2024,Property Damage & Injury Accident,2:20,2024-06-09,Sunday,Y,Dark-Road Unlighted,CARMEL,OVERTAKING,PUTNAM,Straight and Level,Clear,,Dry,,Not Applicable,"Other Motor Vehicle, Collision With",2,98842,36079,509,0.7,2746105.0,4089.2,375
2024,Property Damage & Injury Accident,14:26,2024-06-09,Sunday,Y,Daylight,,OTHER,ROCKLAND,Straight and Grade,Clear,Traffic Signal,Dry,,Not Applicable,"Other Motor Vehicle, Collision With",3,354829,36087,259,0.3,7336134.0,9989.2,886
2024,Injury Accident,11:43,2024-06-09,Sunday,Y,Daylight,,OTHER,ROCKLAND,Straight and Level,Cloudy,,Dry,,Riding/Walking/Skating Along Highway With Traffic,"Bicyclist, Collision With",1,354829,36087,259,0.3,7336134.0,9989.2,886
2024,Property Damage Accident,1:35,2024-06-09,Sunday,Y,Dark-Road Unlighted,CLARKSTOWN,OTHER,ROCKLAND,Straight and Level,Cloudy,,Dry,987C85011073,Not Applicable,Deer,1,354829,36087,259,0.3,7336134.0,9989.2,886
2024,Property Damage Accident,13:07,2024-06-09,Sunday,Y,Daylight,CLARKSTOWN,OVERTAKING,ROCKLAND,Straight and Grade,Clear,,Dry,59 85011084,Not Applicable,"Other Motor Vehicle, Collision With",2,354829,36087,259,0.3,7336134.0,9989.2,886
2024,Property Damage & Injury Accident,1:24,2024-06-09,Sunday,Y,Dark-Road Lighted,NYACK,RIGHT TURN (6),ROCKLAND,Straight and Level,Clear,Traffic Signal,Dry,59 85011136,Not Applicable,"Other Motor Vehicle, Collision With",2,354829,36087,259,0.3,7336134.0,9989.2,886
2024,Property Damage Accident,1:54,2024-06-09,Sunday,Y,Dark-Road Unlighted,ORANGETOWN,OTHER,ROCKLAND,Straight at Hill Crest,Clear,,Dry,987C85011042,Not Applicable,Deer,1,354829,36087,259,0.3,7336134.0,9989.2,886
2024,Property Damage Accident,20:36,2024-06-09,Sunday,Y,Dusk,CLARKSTOWN,OTHER,ROCKLAND,Straight and Level,Clear,,Dry,987C85011035,Not Applicable,Deer,1,354829,36087,259,0.3,7336134.0,9989.2,886
2024,Property Damage Accident,12:42,2024-06-09,Sunday,Y,Daylight,ULSTER,REAR END,ULSTER,Straight and Level,Clear,Traffic Signal,Dry,9W86035021,Not Applicable,"Other Motor Vehicle, Collision With",2,183095,36111,3565,1.2,6410502.0,3939.4,999
2024,Property Damage Accident,19:27,2024-06-09,Sunday,Y,Daylight,MARBLETOWN,OTHER,ULSTER,Curve and Level,Clear,,Dry,209 86031250,Not Applicable,"Guide Rail - Not At End, Collision With Fixed Object",1,183095,36111,3565,1.2,6410502.0,3939.4,999
2024,Property Damage Accident,22:00,2024-06-09,Sunday,Y,Dark-Road Lighted,DOBBS FERRY,Unknown,WESTCHESTER,Straight and Grade,Clear,,Dry,,Not Applicable,"Other Motor Vehicle, Collision With",2,1009165,36119,850,0.8,18110248.0,6143.2,3354
2024,Property Damage Accident,16:22,2024-06-09,Sunday,Y,Daylight,YORKTOWN,OTHER,WESTCHESTER,Straight and Level,Clear,,Dry,35 87012074,Not Applicable,Deer,1,1009165,36119,850,0.8,18110248.0,6143.2,3354
2024,Property Damage Accident,18:15,2024-06-09,Sunday,Y,Daylight,YONKERS,REAR END,WESTCHESTER,Straight and Level,Clear,,Dry,,Not Applicable,"Other Motor Vehicle, Collision With",2,1009165,36119,850,0.8,18110248.0,6143.2,3354
2024,Property Damage Accident,3:44,2024-06-09,Sunday,Y,Dark-Road Lighted,PEEKSKILL,OTHER,WESTCHESTER,Straight and Level,Clear,,Dry,,Not Applicable,"Other Motor Vehicle, Collision With",3,1009165,36119,850,0.8,18110248.0,6143.2,3354
2024,Property Damage Accident,0:09,2024-06-09,Sunday,Y,Dark-Road Lighted,NORTH CASTLE,OTHER,WESTCHESTER,Straight and Level,Clear,,Dry,,Not Applicable,"Building/Wall, Collision With Fixed Object",1,1009165,36119,850,0.8,18110248.0,6143.2,3354
2024,Property Damage & Injury Accident,6:00,2024-06-09,Sunday,Y,Daylight,YONKERS,RIGHT TURN (5),WESTCHESTER,Straight and Level,Clear,,Dry,987F87011013,Not Applicable,"Other Motor Vehicle, Collision With",2,1009165,36119,850,0.8,18110248.0,6143.2,3354
2024,Property Damage & Injury Accident,11:40,2024-06-09,Sunday,Y,Daylight,MOUNT VERNON,REAR END,WESTCHESTER,Straight and Grade,Clear,,Dry,907K87012004,Not Applicable,"Other Motor Vehicle, Collision With",2,1009165,36119,850,0.8,18110248.0,6143.2,3354
2024,Property Damage Accident,17:20,2024-06-09,Sunday,Y,Daylight,MOUNT VERNON,OVERTAKING,WESTCHESTER,Curve and Level,Clear,,Dry,907K87012007,Not Applicable,"Other Motor Vehicle, Collision With",2,1009165,36119,850,0.8,18110248.0,6143.2,3354
2024,Property Damage Accident,11:44,2024-06-09,Sunday,Y,Daylight,RYE,RIGHT ANGLE,WESTCHESTER,Straight at Hill Crest,Cloudy,,Wet,,Not Applicable,"Other Motor Vehicle, Collision With",2,1009165,36119,850,0.8,18110248.0,6143.2,3354
2024,Property Damage & Injury Accident,3:22,2024-06-09,Sunday,Y,Dark-Road Lighted,YONKERS,OTHER,WESTCHESTER,Straight and Level,Clear,,Dry,,Not Applicable,"Other Motor Vehicle, Collision With",3,1009165,36119,850,0.8,18110248.0,6143.2,3354
2024,Property Damage Accident,15:57,2024-06-09,Sunday,Y,Daylight,WHITE PLAINS,RIGHT TURN (5),WESTCHESTER,Straight and Level,Clear,Traffic Signal,Dry,,Not Applicable,"Other Motor Vehicle, Collision With",2,1009165,36119,850,0.8,18110248.0,6143.2,3354
2024,Property Damage Accident,13:20,2024-06-09,Sunday,Y,Daylight,NORTH CASTLE,OTHER,WESTCHESTER,Straight and Level,Clear,,Dry,684I87011085,Not Applicable,Deer,1,1009165,36119,850,0.8,18110248.0,6143.2,3354
2024,Property Damage & Injury Accident,20:49,2024-06-09,Sunday,Y,Dusk,CORTLANDT,OTHER,WESTCHESTER,Straight and Level,Clear,,Dry,9 87032203,Not Applicable,"Overturned, Non-Collision",1,1009165,36119,850,0.8,18110248.0,6143.2,3354
2024,Property Damage Accident,18:43,2024-06-09,Sunday,Y,Daylight,PELHAM,RIGHT ANGLE,WESTCHESTER,Straight and Level,Clear,,Dry,,Not Applicable,"Other Motor Vehicle, Collision With",2,1009165,36119,850,0.8,18110248.0,6143.2,3354
2024,Property Damage Accident,10:00,2024-06-09,Sunday,Y,Daylight,HARRISON,OVERTAKING,WESTCHESTER,Curve and Level,Cloudy,Yield Sign,Wet,,Not Applicable,"Other Motor Vehicle, Collision With",2,1009165,36119,850,0.8,18110248.0,6143.2,3354
2024,Property Damage Accident,20:15,2024-06-10,Monday,Y,Dusk,POUGHKEEPSIE,OVERTAKING,DUTCHESS,Straight and Level,Clear,,Dry,,Not Applicable,"Other Motor Vehicle, Collision With",2,299256,36027,1695,0.8,5987961.0,3975.0,1300
2024,Property Damage Accident,11:31,2024-06-10,Monday,Y,Daylight,POUGHKEEPSIE,REAR END,DUTCHESS,Curve and Level,Clear,Traffic Signal,Dry,,Not Applicable,"Other Motor Vehicle, Collision With",2,299256,36027,1695,0.8,5987961.0,3975.0,1300
2024,Property Damage Accident,16:05,2024-06-10,Monday,Y,Daylight,LA GRANGE,OTHER,DUTCHESS,Straight and Level,Cloudy,,Dry,,Not Applicable,"Animal, Collision With",1,299256,36027,1695,0.8,5987961.0,3975.0,1300
2024,Property Damage Accident,13:39,2024-06-10,Monday,Y,Daylight,PAWLING,RIGHT ANGLE,DUTCHESS,Straight and Level,Clear,No Passing Zone,Dry,,Not Applicable,"Other Motor Vehicle, Collision With",2,299256,36027,1695,0.8,5987961.0,3975.0,1300
2024,Property Damage Accident,16:13,2024-06-10,Monday,Y,Daylight,HYDE PARK,REAR END,DUTCHESS,Straight and Level,Clear,,Dry,9G82013023,Not Applicable,"Other Motor Vehicle, Collision With",2,299256,36027,1695,0.8,5987961.0,3975.0,1300
2024,Property Damage Accident,16:02,2024-06-10,Monday,Y,Daylight,WALLKILL,REAR END,ORANGE,Straight and Level,Clear,Traffic Signal,Dry,,Not Applicable,"Other Motor Vehicle, Collision With",2,415088,36071,4753,2.6,13857119.0,5167.5,1527
2024,Property Damage Accident,7:15,2024-06-10,Monday,Y,Daylight,CRAWFORD,OTHER,ORANGE,Straight and Level,Clear,,Dry,,Not Applicable,"Animal, Collision With",1,415088,36071,4753,2.6,13857119.0,5167.5,1527
2024,Property Damage & Injury Accident,12:26,2024-06-10,Monday,Y,Daylight,NEWBURGH,OVERTAKING,ORANGE,Curve and Grade,Clear,,Dry,84I83011346,Not Applicable,"Other Motor Vehicle, Collision With",2,415088,36071,4753,2.6,13857119.0,5167.5,1527
2024,Property Damage Accident,7:33,2024-06-10,Monday,Y,Daylight,WOODBURY,OTHER,ORANGE,Straight at Hill Crest,Clear,Unknown,Dry,6 83012373,Not Applicable,"Other Motor Vehicle, Collision With",2,415088,36071,4753,2.6,13857119.0,5167.5,1527
2024,Property Damage Accident,3:09,2024-06-10,Monday,Y,Dark-Road Lighted,NEWBURGH,OTHER,ORANGE,Straight and Level,Clear,,Dry,32 83013010,Not Applicable,"Curbing, Collision With Fixed Object",1,415088,36071,4753,2.6,13857119.0,5167.5,1527
2024,Property Damage Accident,7:55,2024-06-10,Monday,Y,Daylight,WARWICK,RIGHT ANGLE,ORANGE,Straight and Level,Clear,,Dry,,Not Applicable,"Other Motor Vehicle, Collision With",2,415088,36071,4753,2.6,13857119.0,5167.5,1527
2024,Property Damage Accident,7:30,2024-06-10,Monday,Y,Daylight,WAWAYANDA,OTHER,ORANGE,Straight and Grade,Clear,No Passing Zone,Dry,,Not Applicable,Deer,1,415088,36071,4753,2.6,13857119.0,5167.5,1527
2024,Property Damage & Injury Accident,17:23,2024-06-10,Monday,Y,Daylight,CHESTER,LEFT TURN (3),ORANGE,Straight and Grade,Clear,Stop Sign,Dry,94 83011152,Not Applicable,"Other Motor Vehicle, Collision With",2,415088,36071,4753,2.6,13857119.0,5167.5,1527
2024,Property Damage Accident,15:37,2024-06-10,Monday,Y,Daylight,NEW WINDSOR,REAR END,ORANGE,Straight and Level,Clear,,Dry,94 83011308,Not Applicable,"Other Motor Vehicle, Collision With",2,415088,36071,4753,2.6,13857119.0,5167.5,1527
2024,Property Damage Accident,18:30,2024-06-10,Monday,Y,Daylight,SOUTHEAST,OVERTAKING,PUTNAM,Straight and Level,Cloudy,,Dry,684I84021002,Not Applicable,"Other Motor Vehicle, Collision With",2,98842,36079,509,0.7,2746105.0,4089.2,375
2024,Property Damage Accident,10:34,2024-06-10,Monday,Y,Daylight,SOUTHEAST,REAR END,PUTNAM,Curve and Level,Clear,,Dry,84I84031060,Not Applicable,"Other Motor Vehicle, Collision With",2,98842,36079,509,0.7,2746105.0,4089.2,375
2024,Property Damage Accident,10:50,2024-06-10,Monday,Y,Daylight,PUTNAM VALLEY,REAR END,PUTNAM,Curve and Grade,Clear,,Dry,987G84021038,Not Applicable,"Other Motor Vehicle, Collision With",2,98842,36079,509,0.7,2746105.0,4089.2,375
2024,Property Damage & Injury Accident,14:12,2024-06-10,Monday,Y,Daylight,CLARKSTOWN,RIGHT ANGLE,ROCKLAND,Straight and Level,Clear,Stop Sign,Dry,,Not Applicable,"Other Motor Vehicle, Collision With",2,354829,36087,259,0.3,7336134.0,9989.2,886
2024,Property Damage Accident,20:04,2024-06-10,Monday,Y,Dusk,WESLEY HILLS,OTHER,ROCKLAND,Straight and Level,Cloudy,,Dry,306 85011038,Not Applicable,"Animal, Collision With",1,354829,36087,259,0.3,7336134.0,9989.2,886
2024,Property Damage Accident,16:40,2024-06-10,Monday,Y,Daylight,STONY POINT,REAR END,ROCKLAND,Straight and Level,Cloudy,,Dry,987C85011202,Not Applicable,"Other Motor Vehicle, Collision With",2,354829,36087,259,0.3,7336134.0,9989.2,886
2024,Property Damage Accident,17:00,2024-06-10,Monday,Y,Daylight,ORANGETOWN,RIGHT TURN (6),ROCKLAND,Straight and Level,Clear,Stop Sign,Dry,,Not Applicable,"Other Motor Vehicle, Collision With",2,354829,36087,259,0.3,7336134.0,9989.2,886
2024,Property Damage Accident,16:42,2024-06-10,Monday,Y,Daylight,SPRING VALLEY,OVERTAKING,ROCKLAND,Straight and Level,Clear,,Dry,,Not Applicable,"Other Motor Vehicle, Collision With",2,354829,36087,259,0.3,7336134.0,9989.2,886
2024,Property Damage Accident,20:28,2024-06-10,Monday,Y,Dark-Road Unlighted,CLARKSTOWN,OTHER,ROCKLAND,Straight and Level,Clear,,Dry,987C85011091,Not Applicable,Deer,1,354829,36087,259,0.3,7336134.0,9989.2,886
2024,Property Damage Accident,9:09,2024-06-10,Monday,Y,Daylight,SPRING VALLEY,SIDESWIPE,ROCKLAND,Straight and Level,Clear,Stop Sign,Dry,,Not Applicable,"Other Motor Vehicle, Collision With",2,354829,36087,259,0.3,7336134.0,9989.2,886
2024,Property Damage Accident,18:08,2024-06-10,Monday,Y,Daylight,NEW HEMPSTEAD,OTHER,ROCKLAND,Straight and Level,Clear,,Dry,45 85011052,Not Applicable,"Other Motor Vehicle, Collision With",2,354829,36087,259,0.3,7336134.0,9989.2,886
2024,Property Damage Accident,6:30,2024-06-10,Monday,Y,Daylight,ESOPUS,OTHER,ULSTER,Straight and Level,Cloudy,No Passing Zone,Dry,9W86031142,Not Applicable,Deer,1,183095,36111,3565,1.2,6410502.0,3939.4,999
2024,Property Damage & Injury Accident,14:31,2024-06-10,Monday,Y,Daylight,ULSTER,REAR END,ULSTER,Straight and Grade,Clear,,Dry,981M86011012,Not Applicable,"Other Motor Vehicle, Collision With",2,183095,36111,3565,1.2,6410502.0,3939.4,999
2024,Property Damage & Injury Accident,21:07,2024-06-10,Monday,Y,Dark-Road Unlighted,PLATTEKILL,OTHER,ULSTER,Curve and Grade,Clear,,Dry,,Not Applicable,Deer,1,183095,36111,3565,1.2,6410502.0,3939.4,999
2024,Property Damage Accident,1:04,2024-06-10,Monday,Y,Daylight,NEW ROCHELLE,OTHER,WESTCHESTER,Straight and Level,Clear,,Dry,,Not Applicable,"Other Motor Vehicle, Collision With",3,1009165,36119,850,0.8,18110248.0,6143.2,3354
2024,Property Damage & Injury Accident,7:25,2024-06-10,Monday,Y,Daylight,YONKERS,LEFT TURN (0),WESTCHESTER,Straight and Level,Clear,Traffic Signal,Dry,,Not Applicable,"Other Motor Vehicle, Collision With",2,1009165,36119,850,0.8,18110248.0,6143.2,3354
2024,Property Damage Accident,9:24,2024-06-10,Monday,Y,Daylight,HASTINGS ON HUDSON,SIDESWIPE,WESTCHESTER,Curve and Level,Clear,,Dry,,Not Applicable,"Other Motor Vehicle, Collision With",2,1009165,36119,850,0.8,18110248.0,6143.2,3354
2024,Property Damage & Injury Accident,19:20,2024-06-10,Monday,Y,Daylight,NEW ROCHELLE,SIDESWIPE,WESTCHESTER,Straight at Hill Crest,Clear,,Dry,,Not Applicable,"Other Motor Vehicle, Collision With",2,1009165,36119,850,0.8,18110248.0,6143.2,3354
2024,Property Damage Accident,12:02,2024-06-10,Monday,Y,Daylight,CROTON ON HUDSON,REAR END,WESTCHESTER,Straight and Level,Clear,,Dry,9A87032207,Not Applicable,"Other Motor Vehicle, Collision With",2,1009165,36119,850,0.8,18110248.0,6143.2,3354
2024,Property Damage Accident,4:00,2024-06-10,Monday,Y,Dark-Road Unlighted,GREENBURGH,OTHER,WESTCHESTER,Straight and Grade,Clear,,Dry,987F87012001,Not Applicable,"Animal, Collision With",1,1009165,36119,850,0.8,18110248.0,6143.2,3354
2024,Property Damage & Injury Accident,17:27,2024-06-10,Monday,Y,Daylight,BRIARCLIFF MANOR,RIGHT ANGLE,WESTCHESTER,Straight and Grade,Clear,Traffic Signal,Dry,,Not Applicable,"Other Motor Vehicle, Collision With",2,1009165,36119,850,0.8,18110248.0,6143.2,3354