year,accident_descriptor,time,date,day_of_week,police_report,lighting_conditions,municipality,collision_type_descriptor,county_name,road_descriptor,weather_conditions,traffic_control_device,road_surface_conditions,dot_reference_marker_location,pedestrian_bicyclist_action,event_descriptor,number_of_vehicles_involved,county_population_2024,county_fips,county_deer_take_2024,county_antlerless_deer_per_sqmi_2024,county_daily_vmt_2019,county_mean_aadt_2019,county_aadt_segments_2019
2024,Property Damage Accident,15:24,2024-06-10,Monday,Y,Daylight,EASTCHESTER,RIGHT ANGLE,WESTCHESTER,Straight and Level,Cloudy,Traffic Signal,Dry,22 87022017,Not Applicable,"Other Motor Vehicle, Collision With",2,1009165,36119,850,0.8,18110248.0,6143.2,3354
2024,Property Damage & Injury Accident,21:29,2024-06-10,Monday,Y,Dark-Road Unlighted,WHITE PLAINS,OTHER,WESTCHESTER,Curve and Grade,Clear,,Dry,,Not Applicable,"Guide Rail - Not At End, Collision With Fixed Object",1,1009165,36119,850,0.8,18110248.0,6143.2,3354
2024,Property Damage & Injury Accident,18:37,2024-06-10,Monday,Y,Daylight,HARRISON,LEFT TURN (3),WESTCHESTER,Straight and Level,Clear,Stop Sign,Dry,,Not Applicable,"Other Motor Vehicle, Collision With",2,1009165,36119,850,0.8,18110248.0,6143.2,3354
2024,Property Damage Accident,9:06,2024-06-10,Monday,Y,Daylight,NORTH SALEM,OTHER,WESTCHESTER,Straight and Level,Clear,,Dry,684I87011229,Not Applicable,"Other Motor Vehicle, Collision With",3,1009165,36119,850,0.8,18110248.0,6143.2,3354
2024,Property Damage Accident,5:49,2024-06-11,Tuesday,Y,Daylight,POUGHKEEPSIE,RIGHT ANGLE,DUTCHESS,Straight and Level,Clear,Traffic Signal,Dry,9 82051099,Not Applicable,"Other Motor Vehicle, Collision With",2,299256,36027,1695,0.8,5987961.0,3975.0,1300
2024,Property Damage Accident,19:28,2024-06-11,Tuesday,Y,Daylight,POUGHKEEPSIE,REAR END,DUTCHESS,Straight and Level,Cloudy,Traffic Signal,Dry,9 82053008,Not Applicable,"Other Motor Vehicle, Collision With",2,299256,36027,1695,0.8,5987961.0,3975.0,1300
2024,Property Damage Accident,12:38,2024-06-11,Tuesday,Y,Daylight,POUGHKEEPSIE,RIGHT ANGLE,DUTCHESS,Straight and Level,Clear,Stop Sign,Dry,,Not Applicable,"Other Motor Vehicle, Collision With",2,299256,36027,1695,0.8,5987961.0,3975.0,1300
2024,Property Damage & Injury Accident,5:50,2024-06-11,Tuesday,Y,Dawn,LA GRANGE,OTHER,DUTCHESS,Curve at Hill Crest,Clear,No Passing Zone,Dry,55 82032046,Not Applicable,"Other Fixed Object*, Collision With Fixed Object",1,299256,36027,1695,0.8,5987961.0,3975.0,1300
2024,Property Damage Accident,13:51,2024-06-11,Tuesday,Y,Daylight,DOVER,OTHER,DUTCHESS,Curve and Level,Cloudy,,Dry,,Not Applicable,"Bridge Structure, Collision With Fixed Object",1,299256,36027,1695,0.8,5987961.0,3975.0,1300
2024,Property Damage Accident,7:17,2024-06-11,Tuesday,Y,Daylight,NEWBURGH,Unknown,ORANGE,Curve and Level,Clear,Traffic Signal,Dry,980T83012023,Not Applicable,"Other Motor Vehicle, Collision With",2,415088,36071,4753,2.6,13857119.0,5167.5,1527
2024,Property Damage Accident,13:22,2024-06-11,Tuesday,Y,Daylight,CHESTER,REAR END,ORANGE,Straight at Hill Crest,Clear,Traffic Signal,Dry,,Not Applicable,"Other Motor Vehicle, Collision With",2,415088,36071,4753,2.6,13857119.0,5167.5,1527
2024,Property Damage Accident,17:46,2024-06-11,Tuesday,Y,Daylight,GOSHEN,RIGHT TURN (5),ORANGE,Straight and Grade,Clear,No Passing Zone,Dry,17A83011001,Not Applicable,"Other Motor Vehicle, Collision With",2,415088,36071,4753,2.6,13857119.0,5167.5,1527
2024,Property Damage Accident,10:15,2024-06-11,Tuesday,Y,Daylight,NEWBURGH,RIGHT ANGLE,ORANGE,Straight and Level,Clear,Traffic Signal,Dry,300 83021051,Not Applicable,"Other Motor Vehicle, Collision With",2,415088,36071,4753,2.6,13857119.0,5167.5,1527
2024,Property Damage Accident,11:14,2024-06-11,Tuesday,Y,Daylight,WARWICK,SIDESWIPE,ORANGE,Straight and Level,Clear,,Dry,,Not Applicable,"Other Motor Vehicle, Collision With",2,415088,36071,4753,2.6,13857119.0,5167.5,1527
2024,Property Damage Accident,7:35,2024-06-11,Tuesday,Y,Daylight,MONROE,OTHER,ORANGE,Straight and Grade,Clear,,Dry,17M83013170,Not Applicable,"Other Motor Vehicle, Collision With",3,415088,36071,4753,2.6,13857119.0,5167.5,1527
2024,Property Damage & Injury Accident,17:18,2024-06-11,Tuesday,Y,Daylight,NEWBURGH,REAR END,ORANGE,Straight and Level,Clear,Yield Sign,Dry,9W83022018,Not Applicable,"Other Motor Vehicle, Collision With",2,415088,36071,4753,2.6,13857119.0,5167.5,1527
2024,Property Damage Accident,19:00,2024-06-11,Tuesday,N,Unknown,NEWBURGH,Unknown,ORANGE,Unknown,Unknown,Unknown,Unknown,,Not Applicable,"Other Motor Vehicle, Collision With",2,415088,36071,4753,2.6,13857119.0,5167.5,1527
2024,Property Damage Accident,8:55,2024-06-11,Tuesday,N,Unknown,NEWBURGH,REAR END,ORANGE,Unknown,Unknown,Unknown,Unknown,32 83012005,Not Applicable,"Other Motor Vehicle, Collision With",2,415088,36071,4753,2.6,13857119.0,5167.5,1527
2024,Property Damage & Injury Accident,6:30,2024-06-11,Tuesday,Y,Daylight,BREWSTER,REAR END,PUTNAM,Straight and Grade,Clear,No Passing Zone,Dry,,Not Applicable,"Other Motor Vehicle, Collision With",2,98842,36079,509,0.7,2746105.0,4089.2,375
2024,Property Damage & Injury Accident,9:10,2024-06-11,Tuesday,Y,Daylight,RAMAPO,OTHER,ROCKLAND,Straight and Level,Cloudy,,Dry,987C85011115,Not Applicable,"Other Motor Vehicle, Collision With",3,354829,36087,259,0.3,7336134.0,9989.2,886
2024,Property Damage & Injury Accident,14:51,2024-06-11,Tuesday,Y,Daylight,HAVERSTRAW,OTHER,ROCKLAND,Straight and Level,Clear,,Dry,,Playing in Roadway,"Bicyclist, Collision With",1,354829,36087,259,0.3,7336134.0,9989.2,886
2024,Property Damage Accident,13:20,2024-06-11,Tuesday,Y,Daylight,RAMAPO,OVERTAKING,ROCKLAND,Straight and Level,Clear,Traffic Signal,Dry,59 85011064,Not Applicable,"Other Motor Vehicle, Collision With",2,354829,36087,259,0.3,7336134.0,9989.2,886
2024,Property Damage Accident,18:43,2024-06-11,Tuesday,Y,Daylight,ORANGETOWN,OVERTAKING,ROCKLAND,Straight and Level,Cloudy,Yield Sign,Dry,,Not Applicable,"Other Motor Vehicle, Collision With",2,354829,36087,259,0.3,7336134.0,9989.2,886
2024,Property Damage Accident,10:35,2024-06-11,Tuesday,Y,Daylight,SPRING VALLEY,REAR END,ROCKLAND,Straight and Level,Clear,Stop Sign,Dry,59 85011076,Not Applicable,"Other Motor Vehicle, Collision With",2,354829,36087,259,0.3,7336134.0,9989.2,886
2024,Property Damage Accident,16:13,2024-06-11,Tuesday,Y,Daylight,SOUTH NYACK,OVERTAKING,ROCKLAND,Straight and Level,Cloudy,,Dry,9W85011066,Not Applicable,"Other Motor Vehicle, Collision With",2,354829,36087,259,0.3,7336134.0,9989.2,886
2024,Property Damage Accident,14:57,2024-06-11,Tuesday,Y,Daylight,NYACK,OVERTAKING,ROCKLAND,Straight and Level,Clear,,Dry,,Not Applicable,"Other Motor Vehicle, Collision With",2,354829,36087,259,0.3,7336134.0,9989.2,886
2024,Injury Accident,19:15,2024-06-11,Tuesday,Y,Daylight,NEW SQUARE,OTHER,ROCKLAND,Straight and Level,Clear,,Dry,,Emerging from in Front of/Behind Parked Vehicle,"Pedestrian, Collision With",1,354829,36087,259,0.3,7336134.0,9989.2,886
2024,Property Damage Accident,13:40,2024-06-11,Tuesday,Y,Daylight,RAMAPO,OVERTAKING,ROCKLAND,Straight and Level,Cloudy,,Dry,987C85011136,Not Applicable,"Other Motor Vehicle, Collision With",2,354829,36087,259,0.3,7336134.0,9989.2,886
2024,Property Damage Accident,15:51,2024-06-11,Tuesday,Y,Daylight,KINGSTON,OVERTAKING,ULSTER,Straight and Level,Clear,,Dry,,Not Applicable,"Other Motor Vehicle, Collision With",2,183095,36111,3565,1.2,6410502.0,3939.4,999
2024,Property Damage Accident,13:50,2024-06-11,Tuesday,Y,Daylight,NEW PALTZ,REAR END,ULSTER,Straight and Level,Cloudy,Traffic Signal,Dry,299 86011060,Not Applicable,"Other Motor Vehicle, Collision With",2,183095,36111,3565,1.2,6410502.0,3939.4,999
2024,Property Damage Accident,3:53,2024-06-11,Tuesday,Y,Dark-Road Lighted,KINGSTON,RIGHT ANGLE,ULSTER,Straight and Level,Clear,,Dry,,Not Applicable,"Other Motor Vehicle, Collision With",2,183095,36111,3565,1.2,6410502.0,3939.4,999
2024,Property Damage Accident,9:22,2024-06-11,Tuesday,Y,Daylight,RYE,RIGHT ANGLE,WESTCHESTER,Straight and Level,Clear,Traffic Signal,Dry,,Not Applicable,"Other Motor Vehicle, Collision With",2,1009165,36119,850,0.8,18110248.0,6143.2,3354
2024,Property Damage Accident,8:56,2024-06-11,Tuesday,Y,Daylight,PELHAM MANOR,REAR END,WESTCHESTER,Straight and Level,Clear,,Dry,,Not Applicable,"Other Motor Vehicle, Collision With",2,1009165,36119,850,0.8,18110248.0,6143.2,3354
2024,Property Damage Accident,8:52,2024-06-11,Tuesday,Y,Daylight,BEDFORD,OTHER,WESTCHESTER,Straight and Grade,Clear,,Dry,22 87024160,Not Applicable,"Other Object (Not Fixed)*, Collision With",1,1009165,36119,850,0.8,18110248.0,6143.2,3354
2024,Property Damage Accident,23:00,2024-06-11,Tuesday,Y,Dark-Road Lighted,PORT CHESTER,OTHER,WESTCHESTER,Straight and Grade,Clear,,Dry,,Not Applicable,"Light Support/Utility Pole, Collision With Fixed Object",1,1009165,36119,850,0.8,18110248.0,6143.2,3354
2024,Property Damage Accident,8:37,2024-06-11,Tuesday,Y,Daylight,MOUNT PLEASANT,SIDESWIPE,WESTCHESTER,Straight and Grade,Clear,Stop Sign,Dry,100 87014027,Not Applicable,"Other Motor Vehicle, Collision With",2,1009165,36119,850,0.8,18110248.0,6143.2,3354
2024,Property Damage Accident,19:08,2024-06-11,Tuesday,Y,Daylight,MAMARONECK,SIDESWIPE,WESTCHESTER,Straight and Level,Clear,,Dry,,Not Applicable,"Other Motor Vehicle, Collision With",2,1009165,36119,850,0.8,18110248.0,6143.2,3354
2024,Property Damage Accident,22:20,2024-06-11,Tuesday,Y,Dark-Road Unlighted,BEDFORD,OTHER,WESTCHESTER,Curve and Grade,Clear,Stop Sign,Dry,,Not Applicable,"Sign Post, Collision With Fixed Object",1,1009165,36119,850,0.8,18110248.0,6143.2,3354
2024,Property Damage & Injury Accident,14:38,2024-06-11,Tuesday,Y,Daylight,PEEKSKILL,OTHER,WESTCHESTER,Straight and Grade,Cloudy,,Dry,987H87011013,Other Actions in Roadway,"Other Motor Vehicle, Collision With",2,1009165,36119,850,0.8,18110248.0,6143.2,3354
2024,Property Damage Accident,7:46,2024-06-11,Tuesday,Y,Daylight,MOUNT KISCO,OTHER,WESTCHESTER,Straight and Level,Clear,,Dry,117 87011120,Not Applicable,"Other Motor Vehicle, Collision With",3,1009165,36119,850,0.8,18110248.0,6143.2,3354
2024,Property Damage & Injury Accident,15:16,2024-06-11,Tuesday,Y,Daylight,YORKTOWN,OTHER,WESTCHESTER,Curve and Level,Cloudy,,Dry,,Not Applicable,"Light Support/Utility Pole, Collision With Fixed Object",1,1009165,36119,850,0.8,18110248.0,6143.2,3354
2024,Property Damage Accident,17:11,2024-06-11,Tuesday,Y,Daylight,MOUNT PLEASANT,RIGHT TURN (6),WESTCHESTER,Straight and Level,Clear,Traffic Signal,Dry,,Not Applicable,"Other Motor Vehicle, Collision With",2,1009165,36119,850,0.8,18110248.0,6143.2,3354
2024,Property Damage Accident,14:29,2024-06-11,Tuesday,Y,Daylight,BRONXVILLE,OVERTAKING,WESTCHESTER,Straight and Level,Clear,Traffic Signal,Dry,,Not Applicable,"Other Motor Vehicle, Collision With",2,1009165,36119,850,0.8,18110248.0,6143.2,3354
2024,Property Damage & Injury Accident,16:21,2024-06-12,Wednesday,Y,Daylight,WAPPINGER FALLS,REAR END,DUTCHESS,Straight and Grade,Clear,,Dry,9D82033070,Not Applicable,"Other Motor Vehicle, Collision With",2,299256,36027,1695,0.8,5987961.0,3975.0,1300
2024,Property Damage Accident,15:54,2024-06-12,Wednesday,Y,Daylight,POUGHKEEPSIE,REAR END,DUTCHESS,Straight and Level,Cloudy,,Dry,,Not Applicable,"Other Motor Vehicle, Collision With",2,299256,36027,1695,0.8,5987961.0,3975.0,1300
2024,Property Damage Accident,7:02,2024-06-12,Wednesday,Y,Daylight,POUGHKEEPSIE,OTHER,DUTCHESS,Straight and Level,Clear,,Dry,9 82053013,Not Applicable,"Animal, Collision With",1,299256,36027,1695,0.8,5987961.0,3975.0,1300
2024,Property Damage Accident,17:56,2024-06-12,Wednesday,Y,Daylight,WAPPINGER,REAR END,DUTCHESS,Straight and Level,Cloudy,No Passing Zone,Dry,82 82011016,Not Applicable,"Other Motor Vehicle, Collision With",2,299256,36027,1695,0.8,5987961.0,3975.0,1300
2024,Property Damage Accident,14:25,2024-06-12,Wednesday,Y,Daylight,NEWBURGH,OVERTAKING,ORANGE,Straight and Level,Clear,,Dry,,Not Applicable,"Other Motor Vehicle, Collision With",2,415088,36071,4753,2.6,13857119.0,5167.5,1527
2024,Property Damage Accident,6:55,2024-06-12,Wednesday,Y,Daylight,WALLKILL,OVERTAKING,ORANGE,Straight and Grade,Clear,,Dry,17 83101044,Not Applicable,"Other Motor Vehicle, Collision With",2,415088,36071,4753,2.6,13857119.0,5167.5,1527
2024,Property Damage & Injury Accident,19:05,2024-06-12,Wednesday,Y,Dusk,NEWBURGH,OTHER,ORANGE,Straight and Level,Clear,Stop Sign,Dry,,Not Applicable,"Other Motor Vehicle, Collision With",3,415088,36071,4753,2.6,13857119.0,5167.5,1527
2024,Property Damage & Injury Accident,22:15,2024-06-12,Wednesday,Y,Dark-Road Lighted,NEW WINDSOR,OTHER,ORANGE,Straight and Level,Clear,Stop Sign,Dry,,Not Applicable,"Other Motor Vehicle, Collision With",4,415088,36071,4753,2.6,13857119.0,5167.5,1527
2024,Property Damage Accident,16:51,2024-06-12,Wednesday,Y,Daylight,HIGHLANDS,OTHER,ORANGE,Curve and Level,Clear,,Dry,6 83012434,Not Applicable,"Other Motor Vehicle, Collision With",2,415088,36071,4753,2.6,13857119.0,5167.5,1527
2024,Property Damage Accident,15:27,2024-06-12,Wednesday,Y,Daylight,NEWBURGH,OTHER,ORANGE,Straight and Level,Clear,,Dry,52 83031147,Not Applicable,"Other Motor Vehicle, Collision With",2,415088,36071,4753,2.6,13857119.0,5167.5,1527
2024,Property Damage Accident,19:23,2024-06-12,Wednesday,Y,Daylight,NEWBURGH,OTHER,ORANGE,Straight and Level,Cloudy,,Wet,52 83031162,Not Applicable,"Other Motor Vehicle, Collision With",2,415088,36071,4753,2.6,13857119.0,5167.5,1527
2024,Property Damage Accident,16:57,2024-06-12,Wednesday,Y,Daylight,NEW WINDSOR,LEFT TURN (3),ORANGE,Straight and Level,Clear,,Dry,300 83021105,Not Applicable,"Other Motor Vehicle, Collision With",2,415088,36071,4753,2.6,13857119.0,5167.5,1527
2024,Property Damage Accident,8:10,2024-06-12,Wednesday,Y,Daylight,SOUTHEAST,RIGHT ANGLE,PUTNAM,Straight and Level,Clear,,Dry,22 84031079,Not Applicable,"Other Motor Vehicle, Collision With",2,98842,36079,509,0.7,2746105.0,4089.2,375
2024,Property Damage Accident,15:37,2024-06-12,Wednesday,Y,Daylight,CARMEL,OTHER,PUTNAM,Straight and Grade,Clear,No Passing Zone,Dry,6 84041000,Not Applicable,"Other Motor Vehicle, Collision With",3,98842,36079,509,0.7,2746105.0,4089.2,375
2024,Property Damage Accident,22:31,2024-06-12,Wednesday,Y,Dark-Road Unlighted,RAMAPO,OVERTAKING,ROCKLAND,Straight and Level,Cloudy,,Dry,987C85011117,Not Applicable,"Other Motor Vehicle, Collision With",2,354829,36087,259,0.3,7336134.0,9989.2,886
2024,Property Damage Accident,21:52,2024-06-12,Wednesday,Y,Dark-Road Lighted,CLARKSTOWN,LEFT TURN (3),ROCKLAND,Straight and Level,Clear,Traffic Signal,Dry,,Not Applicable,"Other Motor Vehicle, Collision With",2,354829,36087,259,0.3,7336134.0,9989.2,886
2024,Property Damage Accident,14:27,2024-06-12,Wednesday,Y,Daylight,ORANGETOWN,OVERTAKING,ROCKLAND,Straight and Level,Clear,,Dry,987C85011043,Not Applicable,"Other Motor Vehicle, Collision With",2,354829,36087,259,0.3,7336134.0,9989.2,886
2024,Property Damage Accident,7:19,2024-06-12,Wednesday,Y,Daylight,CHESTNUT RIDGE,OTHER,ROCKLAND,Straight and Level,Clear,,Dry,982L85011002,Not Applicable,Deer,1,354829,36087,259,0.3,7336134.0,9989.2,886
2024,Property Damage Accident,14:08,2024-06-12,Wednesday,Y,Daylight,SHANDAKEN,OTHER,ULSTER,Straight and Level,Cloudy,No Passing Zone,Dry,28 86012269,Not Applicable,Deer,1,183095,36111,3565,1.2,6410502.0,3939.4,999
2024,Property Damage Accident,8:13,2024-06-12,Wednesday,Y,Daylight,OLIVE,LEFT TURN (3),ULSTER,Straight and Grade,Clear,No Passing Zone,Dry,28 86012128,Not Applicable,"Other Motor Vehicle, Collision With",2,183095,36111,3565,1.2,6410502.0,3939.4,999
2024,Property Damage & Injury Accident,10:14,2024-06-12,Wednesday,Y,Daylight,ESOPUS,LEFT TURN (3),ULSTER,Straight and Level,Clear,,Dry,9W86031172,Not Applicable,"Other Motor Vehicle, Collision With",2,183095,36111,3565,1.2,6410502.0,3939.4,999
2024,Property Damage Accident,16:40,2024-06-12,Wednesday,Y,Daylight,ULSTER,OTHER,ULSTER,Straight and Level,Clear,,Dry,9W86035020,Not Applicable,"Other Motor Vehicle, Collision With",3,183095,36111,3565,1.2,6410502.0,3939.4,999
2024,Property Damage Accident,11:04,2024-06-12,Wednesday,Y,Daylight,WOODSTOCK,SIDESWIPE,ULSTER,Curve and Grade,Cloudy,,Dry,,Not Applicable,"Other Motor Vehicle, Collision With",2,183095,36111,3565,1.2,6410502.0,3939.4,999
2024,Property Damage & Injury Accident,18:54,2024-06-12,Wednesday,Y,Daylight,WHITE PLAINS,HEAD ON,WESTCHESTER,Curve and Level,Clear,,Dry,,Not Applicable,"Other Motor Vehicle, Collision With",2,1009165,36119,850,0.8,18110248.0,6143.2,3354
2024,Property Damage Accident,17:14,2024-06-12,Wednesday,Y,Daylight,NEW ROCHELLE,SIDESWIPE,WESTCHESTER,Straight and Level,Cloudy,Traffic Signal,Dry,1 87032019,Not Applicable,"Other Motor Vehicle, Collision With",2,1009165,36119,850,0.8,18110248.0,6143.2,3354
2024,Injury Accident,19:31,2024-06-12,Wednesday,N,Unknown,NEW ROCHELLE,REAR END,WESTCHESTER,Unknown,Unknown,Unknown,Unknown,,Not Applicable,"Other Motor Vehicle, Collision With",2,1009165,36119,850,0.8,18110248.0,6143.2,3354
2024,Property Damage Accident,17:31,2024-06-12,Wednesday,Y,Daylight,PORT CHESTER,REAR END,WESTCHESTER,Straight and Grade,Clear,,Dry,1 87035007,Not Applicable,"Other Motor Vehicle, Collision With",2,1009165,36119,850,0.8,18110248.0,6143.2,3354
2024,Property Damage Accident,17:18,2024-06-12,Wednesday,Y,Daylight,YONKERS,OVERTAKING,WESTCHESTER,Straight and Level,Clear,,Dry,987F87011017,Not Applicable,"Other Motor Vehicle, Collision With",2,1009165,36119,850,0.8,18110248.0,6143.2,3354
2024,Property Damage & Injury Accident,15:04,2024-06-12,Wednesday,Y,Daylight,LARCHMONT,OTHER,WESTCHESTER,Straight at Hill Crest,Clear,,Dry,,Not Applicable,"Tree, Collision With Fixed Object",1,1009165,36119,850,0.8,18110248.0,6143.2,3354
2024,Property Damage & Injury Accident,23:15,2024-06-12,Wednesday,Y,Dark-Road Lighted,NEW ROCHELLE,LEFT TURN (3),WESTCHESTER,Straight and Level,Clear,Traffic Signal,Dry,982J87011000,Not Applicable,"Other Motor Vehicle, Collision With",2,1009165,36119,850,0.8,18110248.0,6143.2,3354
2024,Property Damage Accident,18:39,2024-06-12,Wednesday,Y,Daylight,PELHAM,OVERTAKING,WESTCHESTER,Straight and Level,Clear,,Dry,,Not Applicable,"Other Motor Vehicle, Collision With",2,1009165,36119,850,0.8,18110248.0,6143.2,3354
2024,Property Damage Accident,12:51,2024-06-12,Wednesday,Y,Daylight,PELHAM MANOR,OVERTAKING,WESTCHESTER,Straight and Level,Cloudy,,Dry,,Not Applicable,"Other Motor Vehicle, Collision With",2,1009165,36119,850,0.8,18110248.0,6143.2,3354
2024,Property Damage & Injury Accident,7:12,2024-06-13,Thursday,Y,Daylight,EAST FISHKILL,OTHER,DUTCHESS,Straight and Level,Clear,Traffic Signal,Dry,,Not Applicable,"Light Support/Utility Pole, Collision With Fixed Object",1,299256,36027,1695,0.8,5987961.0,3975.0,1300
2024,Injury Accident,0:00,2024-06-13,Thursday,N,Unknown,POUGHKEEPSIE,REAR END,DUTCHESS,Unknown,Unknown,Unknown,Unknown,115 82011002,Not Applicable,"Other Motor Vehicle, Collision With",2,299256,36027,1695,0.8,5987961.0,3975.0,1300
2024,Property Damage Accident,15:02,2024-06-13,Thursday,Y,Daylight,POUGHKEEPSIE,OTHER,DUTCHESS,Straight and Level,Clear,Traffic Signal,Dry,,Not Applicable,"Other Motor Vehicle, Collision With",3,299256,36027,1695,0.8,5987961.0,3975.0,1300
2024,Property Damage Accident,18:31,2024-06-13,Thursday,Y,Daylight,EAST FISHKILL,LEFT TURN (3),DUTCHESS,Curve and Grade,Clear,Stop Sign,Dry,,Not Applicable,"Other Motor Vehicle, Collision With",2,299256,36027,1695,0.8,5987961.0,3975.0,1300
2024,Property Damage Accident,15:45,2024-06-13,Thursday,Y,Daylight,LA GRANGE,LEFT TURN (3),DUTCHESS,Straight and Level,Clear,Traffic Signal,Dry,,Not Applicable,"Other Motor Vehicle, Collision With",2,299256,36027,1695,0.8,5987961.0,3975.0,1300
2024,Property Damage Accident,11:00,2024-06-13,Thursday,Y,Daylight,EAST FISHKILL,REAR END,DUTCHESS,Straight and Level,Clear,Stop Sign,Dry,52 82042076,Not Applicable,"Other Motor Vehicle, Collision With",2,299256,36027,1695,0.8,5987961.0,3975.0,1300
2024,Property Damage Accident,18:05,2024-06-13,Thursday,Y,Daylight,PAWLING,OVERTAKING,DUTCHESS,Straight and Level,Clear,,Dry,22 82041010,Not Applicable,"Other Motor Vehicle, Collision With",2,299256,36027,1695,0.8,5987961.0,3975.0,1300
2024,Property Damage & Injury Accident,17:17,2024-06-13,Thursday,Y,Daylight,RHINEBECK,OTHER,DUTCHESS,Straight and Level,Clear,No Passing Zone,Dry,199 82021016,Not Applicable,"Overturned, Non-Collision",1,299256,36027,1695,0.8,5987961.0,3975.0,1300
2024,Property Damage Accident,10:32,2024-06-13,Thursday,Y,Daylight,POUGHKEEPSIE,OVERTAKING,DUTCHESS,Straight and Level,Clear,,Dry,,Not Applicable,"Other Motor Vehicle, Collision With",2,299256,36027,1695,0.8,5987961.0,3975.0,1300
2024,Property Damage & Injury Accident,15:17,2024-06-13,Thursday,Y,Daylight,WALLKILL,RIGHT TURN (5),ORANGE,Straight and Level,Clear,,Dry,211 83013024,Not Applicable,"Other Motor Vehicle, Collision With",2,415088,36071,4753,2.6,13857119.0,5167.5,1527
2024,Property Damage Accident,14:20,2024-06-13,Thursday,Y,Daylight,BLOOMING GROVE,REAR END,ORANGE,Straight and Level,Clear,,Dry,94 83011184,Not Applicable,"Other Motor Vehicle, Collision With",2,415088,36071,4753,2.6,13857119.0,5167.5,1527
2024,Property Damage & Injury Accident,8:41,2024-06-13,Thursday,Y,Daylight,NEW WINDSOR,REAR END,ORANGE,Straight and Grade,Clear,,Dry,207 83011168,Not Applicable,"Other Motor Vehicle, Collision With",2,415088,36071,4753,2.6,13857119.0,5167.5,1527
2024,Property Damage Accident,14:28,2024-06-13,Thursday,Y,Daylight,GOSHEN,OTHER,ORANGE,Straight and Level,Clear,Traffic Signal,Dry,17M83013091,Not Applicable,"Earth Embankment/Rock Cut/Ditch, Collision With Fixed Object",1,415088,36071,4753,2.6,13857119.0,5167.5,1527
2024,Property Damage Accident,4:58,2024-06-13,Thursday,Y,Daylight,WOODBURY,OTHER,ORANGE,Straight and Grade,Clear,Unknown,Dry,6 83012358,Not Applicable,Deer,1,415088,36071,4753,2.6,13857119.0,5167.5,1527
2024,Property Damage Accident,21:30,2024-06-13,Thursday,Y,Dark-Road Lighted,CRAWFORD,OTHER,ORANGE,Straight at Hill Crest,Clear,,Dry,,Not Applicable,"Animal, Collision With",1,415088,36071,4753,2.6,13857119.0,5167.5,1527
2024,Property Damage Accident,8:06,2024-06-13,Thursday,Y,Daylight,NEWBURGH,OTHER,ORANGE,Straight and Level,Clear,,Dry,,Not Applicable,"Other*, Non-Collision",1,415088,36071,4753,2.6,13857119.0,5167.5,1527
2024,Property Damage Accident,14:22,2024-06-13,Thursday,Y,Daylight,CARMEL,OTHER,PUTNAM,Straight and Level,Clear,No Passing Zone,Dry,6 84041005,Not Applicable,Deer,1,98842,36079,509,0.7,2746105.0,4089.2,375
2024,Property Damage Accident,6:15,2024-06-13,Thursday,N,Unknown,ORANGETOWN,OTHER,ROCKLAND,Unknown,Unknown,Unknown,Unknown,,Not Applicable,Deer,1,354829,36087,259,0.3,7336134.0,9989.2,886
2024,Property Damage Accident,8:14,2024-06-13,Thursday,Y,Daylight,RAMAPO,REAR END,ROCKLAND,Straight and Level,Clear,Traffic Signal,Dry,45 85011073,Not Applicable,"Other Motor Vehicle, Collision With",2,354829,36087,259,0.3,7336134.0,9989.2,886
2024,Property Damage & Injury Accident,19:07,2024-06-13,Thursday,Y,Daylight,CLARKSTOWN,RIGHT ANGLE,ROCKLAND,Straight and Level,Clear,,Dry,,Not Applicable,"Other Motor Vehicle, Collision With",2,354829,36087,259,0.3,7336134.0,9989.2,886
2024,Property Damage & Injury Accident,14:25,2024-06-13,Thursday,Y,Daylight,SPRING VALLEY,RIGHT TURN (5),ROCKLAND,Straight and Level,Clear,Stop Sign,Dry,,Not Applicable,"Other Motor Vehicle, Collision With",2,354829,36087,259,0.3,7336134.0,9989.2,886
2024,Property Damage Accident,8:05,2024-06-13,Thursday,Y,Daylight,SOUTH NYACK,REAR END,ROCKLAND,Straight and Grade,Clear,,Dry,9W85011065,Not Applicable,"Other Motor Vehicle, Collision With",2,354829,36087,259,0.3,7336134.0,9989.2,886
2024,Property Damage & Injury Accident,13:36,2024-06-13,Thursday,Y,Daylight,ULSTER,OTHER,ULSTER,Straight and Level,Clear,Traffic Signal,Dry,981M86011012,Not Applicable,"Other Motor Vehicle, Collision With",3,183095,36111,3565,1.2,6410502.0,3939.4,999
2024,Property Damage Accident,15:23,2024-06-13,Thursday,Y,Daylight,SAUGERTIES,OTHER,ULSTER,Straight and Level,Clear,,Dry,,Not Applicable,"Bridge Structure, Collision With Fixed Object",1,183095,36111,3565,1.2,6410502.0,3939.4,999
2024,Property Damage Accident,7:30,2024-06-13,Thursday,Y,Daylight,NEW CASTLE,OTHER,WESTCHESTER,Straight and Level,Clear,No Passing Zone,Dry,987G87011085,Not Applicable,"Animal, Collision With",1,1009165,36119,850,0.8,18110248.0,6143.2,3354