year,accident_descriptor,time,date,day_of_week,police_report,lighting_conditions,municipality,collision_type_descriptor,county_name,road_descriptor,weather_conditions,traffic_control_device,road_surface_conditions,dot_reference_marker_location,pedestrian_bicyclist_action,event_descriptor,number_of_vehicles_involved,county_population_2024,county_fips,county_deer_take_2024,county_antlerless_deer_per_sqmi_2024,county_daily_vmt_2019,county_mean_aadt_2019,county_aadt_segments_2019
2024,Property Damage Accident,14:52,2024-06-13,Thursday,Y,Daylight,BRIARCLIFF MANOR,REAR END,WESTCHESTER,Straight and Grade,Cloudy,Traffic Signal,Dry,9A87032135,Not Applicable,"Other Motor Vehicle, Collision With",2,1009165,36119,850,0.8,18110248.0,6143.2,3354
2024,Property Damage Accident,15:18,2024-06-13,Thursday,Y,Daylight,WHITE PLAINS,RIGHT ANGLE,WESTCHESTER,Straight and Level,Clear,Traffic Signal,Dry,22 87023015,Not Applicable,"Other Motor Vehicle, Collision With",2,1009165,36119,850,0.8,18110248.0,6143.2,3354
2024,Property Damage Accident,12:28,2024-06-13,Thursday,N,Daylight,MOUNT VERNON,Unknown,WESTCHESTER,Straight and Level,Clear,Traffic Signal,Dry,,Not Applicable,"Other Motor Vehicle, Collision With",2,1009165,36119,850,0.8,18110248.0,6143.2,3354
2024,Property Damage Accident,16:15,2024-06-13,Thursday,Y,Daylight,ELMSFORD,OTHER,WESTCHESTER,Straight and Level,Clear,,Dry,,Not Applicable,"Light Support/Utility Pole, Collision With Fixed Object",1,1009165,36119,850,0.8,18110248.0,6143.2,3354
2024,Property Damage Accident,9:02,2024-06-13,Thursday,Y,Daylight,EASTCHESTER,REAR END,WESTCHESTER,Straight and Level,Cloudy,Stop Sign,Dry,,Not Applicable,"Other Motor Vehicle, Collision With",2,1009165,36119,850,0.8,18110248.0,6143.2,3354
2024,Injury Accident,9:41,2024-06-13,Thursday,Y,Daylight,NEW ROCHELLE,REAR END,WESTCHESTER,Straight and Level,Clear,Traffic Signal,Dry,,Not Applicable,"Other Motor Vehicle, Collision With",2,1009165,36119,850,0.8,18110248.0,6143.2,3354
2024,Property Damage Accident,8:42,2024-06-13,Thursday,Y,Daylight,PEEKSKILL,RIGHT ANGLE,WESTCHESTER,Straight and Grade,Clear,Stop Sign,Dry,,Not Applicable,"Other Motor Vehicle, Collision With",2,1009165,36119,850,0.8,18110248.0,6143.2,3354
2024,Property Damage Accident,15:36,2024-06-13,Thursday,Y,Daylight,IRVINGTON,OVERTAKING,WESTCHESTER,Straight and Level,Clear,,Dry,,Not Applicable,"Other Motor Vehicle, Collision With",2,1009165,36119,850,0.8,18110248.0,6143.2,3354
2024,Property Damage Accident,7:12,2024-06-14,Friday,Y,Daylight,AMENIA,OTHER,DUTCHESS,Straight and Level,Clear,No Passing Zone,Dry,22 82041225,Not Applicable,Deer,1,299256,36027,1695,0.8,5987961.0,3975.0,1300
2024,Property Damage & Injury Accident,9:55,2024-06-14,Friday,Y,Daylight,POUGHKEEPSIE,RIGHT ANGLE,DUTCHESS,Straight and Level,Cloudy,Traffic Signal,Dry,44 82021015,Not Applicable,"Other Motor Vehicle, Collision With",2,299256,36027,1695,0.8,5987961.0,3975.0,1300
2024,Property Damage Accident,16:15,2024-06-14,Friday,Y,Daylight,NEW WINDSOR,REAR END,ORANGE,Straight and Level,Clear,,Dry,,Not Applicable,"Other Motor Vehicle, Collision With",2,415088,36071,4753,2.6,13857119.0,5167.5,1527
2024,Property Damage & Injury Accident,13:42,2024-06-14,Friday,Y,Daylight,NEWBURGH,OTHER,ORANGE,Curve and Grade,Rain,,Wet,,Not Applicable,"Earth Embankment/Rock Cut/Ditch, Collision With Fixed Object",1,415088,36071,4753,2.6,13857119.0,5167.5,1527
2024,Property Damage Accident,15:30,2024-06-14,Friday,Y,Daylight,GOSHEN,REAR END,ORANGE,Straight and Level,Cloudy,Traffic Signal,Wet,6 83012178,Not Applicable,"Other Motor Vehicle, Collision With",2,415088,36071,4753,2.6,13857119.0,5167.5,1527
2024,Property Damage & Injury Accident,16:50,2024-06-14,Friday,Y,Daylight,NEWBURGH,OTHER,ORANGE,Curve and Level,Cloudy,Other,Dry,,Not Applicable,"Overturned, Non-Collision",1,415088,36071,4753,2.6,13857119.0,5167.5,1527
2024,Property Damage Accident,13:18,2024-06-14,Friday,Y,Daylight,WARWICK,RIGHT TURN (5),ORANGE,Straight and Level,Cloudy,Stop Sign,Dry,,Not Applicable,"Other Motor Vehicle, Collision With",2,415088,36071,4753,2.6,13857119.0,5167.5,1527
2024,Property Damage Accident,18:40,2024-06-14,Friday,Y,Daylight,CARMEL,RIGHT ANGLE,PUTNAM,Straight and Level,Rain,,Wet,6 84041082,Not Applicable,"Other Motor Vehicle, Collision With",2,98842,36079,509,0.7,2746105.0,4089.2,375
2024,Property Damage Accident,18:31,2024-06-14,Friday,Y,Daylight,CLARKSTOWN,RIGHT ANGLE,ROCKLAND,Straight and Level,Rain,Traffic Signal,Wet,304 85011055,Not Applicable,"Other Motor Vehicle, Collision With",2,354829,36087,259,0.3,7336134.0,9989.2,886
2024,Property Damage Accident,6:39,2024-06-14,Friday,Y,Daylight,ORANGETOWN,OTHER,ROCKLAND,Straight and Level,Clear,,Dry,,Not Applicable,Deer,1,354829,36087,259,0.3,7336134.0,9989.2,886
2024,Property Damage Accident,21:29,2024-06-14,Friday,Y,Dark-Road Unlighted,ORANGETOWN,OTHER,ROCKLAND,Straight and Level,Rain,,Wet,303 85011024,Not Applicable,"Animal, Collision With",1,354829,36087,259,0.3,7336134.0,9989.2,886
2024,Property Damage Accident,21:26,2024-06-14,Friday,Y,Unknown,RAMAPO,Unknown,ROCKLAND,Straight at Hill Crest,Unknown,,Unknown,,Not Applicable,"Other Motor Vehicle, Collision With",2,354829,36087,259,0.3,7336134.0,9989.2,886
2024,Property Damage Accident,2:41,2024-06-14,Friday,Y,Dark-Road Unlighted,ULSTER,OTHER,ULSTER,Straight and Level,Clear,,Dry,199 86011018,Not Applicable,"Animal, Collision With",1,183095,36111,3565,1.2,6410502.0,3939.4,999
2024,Property Damage Accident,13:02,2024-06-14,Friday,Y,Daylight,MARLBOROUGH,REAR END,ULSTER,Straight and Grade,Cloudy,,Dry,,Not Applicable,"Other Motor Vehicle, Collision With",2,183095,36111,3565,1.2,6410502.0,3939.4,999
2024,Property Damage Accident,13:27,2024-06-14,Friday,Y,Daylight,ULSTER,RIGHT ANGLE,ULSTER,Straight and Level,Clear,Traffic Signal,Dry,,Not Applicable,"Other Motor Vehicle, Collision With",2,183095,36111,3565,1.2,6410502.0,3939.4,999
2024,Property Damage Accident,7:50,2024-06-14,Friday,Y,Daylight,SHAWANGUNK,SIDESWIPE,ULSTER,Straight and Level,Cloudy,,Dry,,Not Applicable,"Other Motor Vehicle, Collision With",2,183095,36111,3565,1.2,6410502.0,3939.4,999
2024,Property Damage Accident,15:08,2024-06-14,Friday,Y,Daylight,ULSTER,OTHER,ULSTER,Straight and Level,Cloudy,Traffic Signal,Wet,9W86035020,Not Applicable,"Other Motor Vehicle, Collision With",3,183095,36111,3565,1.2,6410502.0,3939.4,999
2024,Property Damage & Injury Accident,16:53,2024-06-14,Friday,Y,Daylight,SHAWANGUNK,HEAD ON,ULSTER,Straight and Level,Clear,No Passing Zone,Dry,208 86021004,Not Applicable,"Other Motor Vehicle, Collision With",2,183095,36111,3565,1.2,6410502.0,3939.4,999
2024,Property Damage Accident,15:58,2024-06-14,Friday,Y,Daylight,YONKERS,OTHER,WESTCHESTER,Straight and Grade,Cloudy,,Dry,,Not Applicable,"Other Motor Vehicle, Collision With",3,1009165,36119,850,0.8,18110248.0,6143.2,3354
2024,Property Damage Accident,20:51,2024-06-14,Friday,Y,Dark-Road Lighted,BEDFORD,LEFT TURN (3),WESTCHESTER,Straight and Level,Cloudy,,Wet,117 87011125,Not Applicable,"Other Motor Vehicle, Collision With",2,1009165,36119,850,0.8,18110248.0,6143.2,3354
2024,Property Damage Accident,16:24,2024-06-14,Friday,Y,Daylight,NEW CASTLE,OTHER,WESTCHESTER,Curve at Hill Crest,Cloudy,No Passing Zone,Wet,,Not Applicable,"Tree, Collision With Fixed Object",1,1009165,36119,850,0.8,18110248.0,6143.2,3354
2024,Property Damage & Injury Accident,15:30,2024-06-14,Friday,Y,Daylight,GREENBURGH,LEFT TURN (3),WESTCHESTER,Straight and Level,Clear,Traffic Signal,Dry,9A87032066,Not Applicable,"Other Motor Vehicle, Collision With",2,1009165,36119,850,0.8,18110248.0,6143.2,3354
2024,Property Damage Accident,7:20,2024-06-14,Friday,Y,Daylight,NEW ROCHELLE,OVERTAKING,WESTCHESTER,Curve and Level,Clear,,Dry,982J87011002,Not Applicable,"Other Motor Vehicle, Collision With",2,1009165,36119,850,0.8,18110248.0,6143.2,3354
2024,Property Damage & Injury Accident,15:45,2024-06-14,Friday,Y,Daylight,GREENBURGH,REAR END,WESTCHESTER,Straight and Level,Clear,,Dry,,Not Applicable,"Other Motor Vehicle, Collision With",2,1009165,36119,850,0.8,18110248.0,6143.2,3354
2024,Property Damage & Injury Accident,21:00,2024-06-14,Friday,Y,Dusk,MOUNT VERNON,REAR END,WESTCHESTER,Straight and Level,Rain,Traffic Signal,Wet,,Not Applicable,"Other Motor Vehicle, Collision With",2,1009165,36119,850,0.8,18110248.0,6143.2,3354
2024,Property Damage Accident,15:26,2024-06-14,Friday,Y,Daylight,PORT CHESTER,REAR END,WESTCHESTER,Straight and Grade,Clear,Stop Sign,Dry,,Not Applicable,"Other Motor Vehicle, Collision With",2,1009165,36119,850,0.8,18110248.0,6143.2,3354
2024,Property Damage Accident,17:20,2024-06-14,Friday,Y,Daylight,GREENBURGH,RIGHT ANGLE,WESTCHESTER,Straight and Level,Clear,Stop Sign,Dry,100 87012032,Not Applicable,"Other Motor Vehicle, Collision With",2,1009165,36119,850,0.8,18110248.0,6143.2,3354
2024,Property Damage & Injury Accident,15:25,2024-06-14,Friday,Y,Daylight,YONKERS,REAR END,WESTCHESTER,Straight and Level,Clear,,Dry,987F87011025,Not Applicable,"Other Motor Vehicle, Collision With",2,1009165,36119,850,0.8,18110248.0,6143.2,3354
2024,Property Damage Accident,8:40,2024-06-14,Friday,Y,Daylight,GREENBURGH,OVERTAKING,WESTCHESTER,Straight and Level,Clear,,Dry,,Not Applicable,"Other Motor Vehicle, Collision With",2,1009165,36119,850,0.8,18110248.0,6143.2,3354
2024,Property Damage Accident,16:00,2024-06-14,Friday,Y,Daylight,CORTLANDT,LEFT TURN (3),WESTCHESTER,Straight and Level,Clear,Traffic Signal,Dry,,Not Applicable,"Other Motor Vehicle, Collision With",2,1009165,36119,850,0.8,18110248.0,6143.2,3354
2024,Property Damage & Injury Accident,18:55,2024-06-14,Friday,Y,Daylight,OSSINING,RIGHT ANGLE,WESTCHESTER,Straight at Hill Crest,Rain,Stop Sign,Wet,,Not Applicable,"Other Motor Vehicle, Collision With",2,1009165,36119,850,0.8,18110248.0,6143.2,3354
2024,Injury Accident,18:15,2024-06-14,Friday,Y,Daylight,YONKERS,OTHER,WESTCHESTER,Straight and Level,Cloudy,,Dry,,"Crossing, No Signal or Crosswalk","Pedestrian, Collision With",1,1009165,36119,850,0.8,18110248.0,6143.2,3354
2024,Property Damage Accident,12:05,2024-06-14,Friday,Y,Daylight,NEW ROCHELLE,OVERTAKING,WESTCHESTER,Straight and Level,Clear,,Dry,,Not Applicable,"Other Motor Vehicle, Collision With",2,1009165,36119,850,0.8,18110248.0,6143.2,3354
2024,Property Damage Accident,16:19,2024-06-14,Friday,Y,Daylight,ELMSFORD,OVERTAKING,WESTCHESTER,Curve and Level,Cloudy,,Dry,287I87011015,Not Applicable,"Other Motor Vehicle, Collision With",2,1009165,36119,850,0.8,18110248.0,6143.2,3354
2024,Property Damage Accident,16:19,2024-06-15,Saturday,Y,Daylight,WAPPINGER,REAR END,DUTCHESS,Straight and Level,Clear,No Passing Zone,Dry,9D82033055,Not Applicable,"Other Motor Vehicle, Collision With",2,299256,36027,1695,0.8,5987961.0,3975.0,1300
2024,Property Damage Accident,12:31,2024-06-15,Saturday,Y,Daylight,MILLERTON,OVERTAKING,DUTCHESS,Straight and Grade,Clear,,Dry,44 82022331,Not Applicable,"Other Motor Vehicle, Collision With",2,299256,36027,1695,0.8,5987961.0,3975.0,1300
2024,Property Damage Accident,3:04,2024-06-15,Saturday,Y,Dark-Road Unlighted,HYDE PARK,OTHER,DUTCHESS,Straight and Level,Clear,,Dry,9G82013063,Not Applicable,"Tree, Collision With Fixed Object",1,299256,36027,1695,0.8,5987961.0,3975.0,1300
2024,Property Damage Accident,18:28,2024-06-15,Saturday,Y,Daylight,HAMPTONBURGH,OTHER,ORANGE,Straight and Grade,Clear,No Passing Zone,Dry,,Not Applicable,"Tree, Collision With Fixed Object",1,415088,36071,4753,2.6,13857119.0,5167.5,1527
2024,Property Damage Accident,19:26,2024-06-15,Saturday,Y,Daylight,MIDDLETOWN,OVERTAKING,ORANGE,Straight and Level,Clear,,Dry,211 83012022,Not Applicable,"Other Motor Vehicle, Collision With",2,415088,36071,4753,2.6,13857119.0,5167.5,1527
2024,Property Damage Accident,22:00,2024-06-15,Saturday,N,Unknown,NEWBURGH,Unknown,ORANGE,Unknown,Unknown,Unknown,Unknown,9W83022005,Not Applicable,"Other Motor Vehicle, Collision With",2,415088,36071,4753,2.6,13857119.0,5167.5,1527
2024,Property Damage & Injury Accident,15:23,2024-06-15,Saturday,Y,Daylight,BLOOMING GROVE,OTHER,ORANGE,Curve and Level,Clear,,Dry,208 83011053,Not Applicable,"Earth Embankment/Rock Cut/Ditch, Collision With Fixed Object",1,415088,36071,4753,2.6,13857119.0,5167.5,1527
2024,Property Damage & Injury Accident,17:09,2024-06-15,Saturday,Y,Daylight,KENT,OTHER,PUTNAM,Curve and Level,Clear,,Dry,987G84021111,Not Applicable,"Tree, Collision With Fixed Object",1,98842,36079,509,0.7,2746105.0,4089.2,375
2024,Property Damage Accident,7:15,2024-06-15,Saturday,Y,Daylight,HAVERSTRAW,OVERTAKING,ROCKLAND,Straight and Level,Clear,,Dry,,Not Applicable,"Other Motor Vehicle, Collision With",2,354829,36087,259,0.3,7336134.0,9989.2,886
2024,Property Damage Accident,13:10,2024-06-15,Saturday,Y,Daylight,PIERMONT,REAR END,ROCKLAND,Straight and Level,Clear,,Dry,9W85011027,Not Applicable,"Other Motor Vehicle, Collision With",2,354829,36087,259,0.3,7336134.0,9989.2,886
2024,Property Damage Accident,2:40,2024-06-15,Saturday,Y,Dark-Road Lighted,SUFFERN,SIDESWIPE,ROCKLAND,Straight and Level,Clear,,Dry,,Not Applicable,"Other Motor Vehicle, Collision With",2,354829,36087,259,0.3,7336134.0,9989.2,886
2024,Property Damage Accident,5:55,2024-06-15,Saturday,Y,Dawn,RAMAPO,OVERTAKING,ROCKLAND,Straight and Level,Clear,,Dry,,Not Applicable,"Other Motor Vehicle, Collision With",2,354829,36087,259,0.3,7336134.0,9989.2,886
2024,Property Damage Accident,21:17,2024-06-15,Saturday,Y,Dark-Road Unlighted,RAMAPO,OTHER,ROCKLAND,Straight and Level,Cloudy,,Dry,987C85011134,Not Applicable,Deer,1,354829,36087,259,0.3,7336134.0,9989.2,886
2024,Property Damage & Injury Accident,20:34,2024-06-15,Saturday,Y,Daylight,ELLENVILLE,OTHER,ULSTER,Curve and Grade,Clear,,Dry,52 86021107,Not Applicable,"Guide Rail - Not At End, Collision With Fixed Object",1,183095,36111,3565,1.2,6410502.0,3939.4,999
2024,Property Damage & Injury Accident,18:57,2024-06-15,Saturday,Y,Daylight,SCARSDALE,LEFT TURN (3),WESTCHESTER,Straight and Level,Clear,,Dry,,Not Applicable,"Other Motor Vehicle, Collision With",2,1009165,36119,850,0.8,18110248.0,6143.2,3354
2024,Property Damage Accident,22:33,2024-06-15,Saturday,Y,Dark-Road Lighted,PORT CHESTER,RIGHT ANGLE,WESTCHESTER,Straight and Grade,Clear,Traffic Signal,Dry,,Not Applicable,"Other Motor Vehicle, Collision With",2,1009165,36119,850,0.8,18110248.0,6143.2,3354
2024,Property Damage Accident,21:37,2024-06-15,Saturday,Y,Dark-Road Lighted,MAMARONECK,OTHER,WESTCHESTER,Straight and Level,Clear,,Dry,,Not Applicable,"Other Motor Vehicle, Collision With",2,1009165,36119,850,0.8,18110248.0,6143.2,3354
2024,Property Damage & Injury Accident,22:15,2024-06-15,Saturday,Y,Dark-Road Lighted,PELHAM,OTHER,WESTCHESTER,Straight and Level,Clear,,Dry,,Not Applicable,"Other Motor Vehicle, Collision With",3,1009165,36119,850,0.8,18110248.0,6143.2,3354
2024,Property Damage & Injury Accident,18:00,2024-06-15,Saturday,Y,Daylight,HARRISON,OTHER,WESTCHESTER,Curve and Level,Clear,,Dry,984J87011001,Not Applicable,"Guide Rail - End, Collision With Fixed Object",1,1009165,36119,850,0.8,18110248.0,6143.2,3354
2024,Property Damage & Injury Accident,18:46,2024-06-15,Saturday,Y,Daylight,WHITE PLAINS,OTHER,WESTCHESTER,Straight and Level,Clear,,Dry,,Not Applicable,"Other Motor Vehicle, Collision With",3,1009165,36119,850,0.8,18110248.0,6143.2,3354
2024,Property Damage Accident,11:24,2024-06-15,Saturday,Y,Daylight,LARCHMONT,OTHER,WESTCHESTER,Straight and Level,Clear,,Dry,,Not Applicable,"Other Fixed Object*, Collision With Fixed Object",1,1009165,36119,850,0.8,18110248.0,6143.2,3354
2024,Property Damage Accident,13:35,2024-06-15,Saturday,Y,Daylight,NEW ROCHELLE,OVERTAKING,WESTCHESTER,Straight and Level,Clear,,Dry,,Not Applicable,"Other Motor Vehicle, Collision With",2,1009165,36119,850,0.8,18110248.0,6143.2,3354
2024,Property Damage Accident,9:45,2024-06-16,Sunday,Y,Daylight,DOVER,REAR END,DUTCHESS,Straight and Level,Clear,,Dry,22 82041161,Not Applicable,"Other Motor Vehicle, Collision With",2,299256,36027,1695,0.8,5987961.0,3975.0,1300
2024,Property Damage Accident,6:38,2024-06-16,Sunday,Y,Daylight,PLEASANT VALLEY,OTHER,DUTCHESS,Straight and Grade,Clear,No Passing Zone,Dry,,Not Applicable,"Earth Embankment/Rock Cut/Ditch, Collision With Fixed Object",1,299256,36027,1695,0.8,5987961.0,3975.0,1300
2024,Property Damage Accident,21:44,2024-06-16,Sunday,Y,Dark-Road Lighted,WAWAYANDA,OTHER,ORANGE,Straight and Grade,Clear,,Dry,84I83011103,Not Applicable,Deer,1,415088,36071,4753,2.6,13857119.0,5167.5,1527
2024,Property Damage Accident,10:26,2024-06-16,Sunday,Y,Daylight,NEWBURGH,OVERTAKING,ORANGE,Straight and Level,Clear,,Dry,,Not Applicable,"Other Motor Vehicle, Collision With",2,415088,36071,4753,2.6,13857119.0,5167.5,1527
2024,Property Damage Accident,6:30,2024-06-16,Sunday,Y,Unknown,NEWBURGH,OTHER,ORANGE,Straight and Level,Clear,,Dry,,Not Applicable,"Other Motor Vehicle, Collision With",3,415088,36071,4753,2.6,13857119.0,5167.5,1527
2024,Property Damage Accident,3:18,2024-06-16,Sunday,Y,Dark-Road Unlighted,MONROE,OTHER,ORANGE,Curve and Level,Cloudy,,Dry,,Not Applicable,Deer,1,415088,36071,4753,2.6,13857119.0,5167.5,1527
2024,Property Damage Accident,16:25,2024-06-16,Sunday,Y,Daylight,WALLKILL,REAR END,ORANGE,Straight and Level,Clear,Traffic Signal,Dry,211 83013010,Not Applicable,"Other Motor Vehicle, Collision With",2,415088,36071,4753,2.6,13857119.0,5167.5,1527
2024,Property Damage Accident,10:55,2024-06-16,Sunday,Y,Daylight,HAVERSTRAW,OVERTAKING,ROCKLAND,Straight and Grade,Clear,,Dry,,Not Applicable,"Other Motor Vehicle, Collision With",2,354829,36087,259,0.3,7336134.0,9989.2,886
2024,Property Damage Accident,14:51,2024-06-16,Sunday,Y,Daylight,CLARKSTOWN,OTHER,ROCKLAND,Straight and Level,Clear,,Dry,,Not Applicable,"Tree, Collision With Fixed Object",1,354829,36087,259,0.3,7336134.0,9989.2,886
2024,Property Damage & Injury Accident,17:22,2024-06-16,Sunday,Y,Daylight,ORANGETOWN,OTHER,ROCKLAND,Straight and Grade,Clear,,Dry,,Not Applicable,"Other Fixed Object*, Collision With Fixed Object",1,354829,36087,259,0.3,7336134.0,9989.2,886
2024,Property Damage Accident,17:04,2024-06-16,Sunday,Y,Daylight,HILLBURN,OTHER,ROCKLAND,Straight and Level,Clear,,Dry,17 85111042,Not Applicable,"Other Object (Not Fixed)*, Collision With",2,354829,36087,259,0.3,7336134.0,9989.2,886
2024,Property Damage Accident,17:20,2024-06-16,Sunday,Y,Daylight,KINGSTON,OTHER,ULSTER,Straight and Level,Clear,Traffic Signal,Dry,,Not Applicable,"Other Motor Vehicle, Collision With",3,183095,36111,3565,1.2,6410502.0,3939.4,999
2024,Property Damage Accident,8:19,2024-06-16,Sunday,Y,Daylight,ULSTER,OTHER,ULSTER,Straight and Level,Clear,,Dry,,Not Applicable,Deer,1,183095,36111,3565,1.2,6410502.0,3939.4,999
2024,Property Damage Accident,12:40,2024-06-16,Sunday,Y,Daylight,ULSTER,REAR END,ULSTER,Curve and Grade,Clear,Traffic Signal,Dry,,Not Applicable,"Other Motor Vehicle, Collision With",2,183095,36111,3565,1.2,6410502.0,3939.4,999
2024,Property Damage Accident,12:51,2024-06-16,Sunday,Y,Daylight,MARBLETOWN,OTHER,ULSTER,Curve and Grade,Clear,,Dry,,Not Applicable,"Earth Embankment/Rock Cut/Ditch, Collision With Fixed Object",1,183095,36111,3565,1.2,6410502.0,3939.4,999
2024,Property Damage Accident,20:57,2024-06-16,Sunday,Y,Dark-Road Lighted,MOUNT PLEASANT,OTHER,WESTCHESTER,Curve and Level,Clear,,Dry,987D87012082,Not Applicable,"Animal, Collision With",1,1009165,36119,850,0.8,18110248.0,6143.2,3354
2024,Property Damage Accident,20:39,2024-06-16,Sunday,Y,Dusk,GREENBURGH,SIDESWIPE,WESTCHESTER,Straight and Level,Clear,,Dry,,Not Applicable,"Other Motor Vehicle, Collision With",2,1009165,36119,850,0.8,18110248.0,6143.2,3354
2024,Property Damage Accident,4:00,2024-06-16,Sunday,Y,Dark-Road Lighted,MAMARONECK,OTHER,WESTCHESTER,Straight at Hill Crest,Clear,,Dry,,Not Applicable,"Other Motor Vehicle, Collision With",3,1009165,36119,850,0.8,18110248.0,6143.2,3354
2024,Property Damage & Injury Accident,21:50,2024-06-16,Sunday,N,Unknown,GREENBURGH,RIGHT TURN (5),WESTCHESTER,Unknown,Unknown,Unknown,Unknown,9 87032063,Not Applicable,"Other Motor Vehicle, Collision With",2,1009165,36119,850,0.8,18110248.0,6143.2,3354
2024,Property Damage Accident,12:11,2024-06-16,Sunday,Y,Daylight,YONKERS,OTHER,WESTCHESTER,Curve at Hill Crest,Clear,,Dry,,Not Applicable,"Other Motor Vehicle, Collision With",3,1009165,36119,850,0.8,18110248.0,6143.2,3354
2024,Property Damage Accident,15:05,2024-06-16,Sunday,Y,Daylight,YONKERS,REAR END,WESTCHESTER,Curve and Level,Clear,,Dry,,Not Applicable,"Other Motor Vehicle, Collision With",2,1009165,36119,850,0.8,18110248.0,6143.2,3354
2024,Property Damage & Injury Accident,23:00,2024-06-16,Sunday,Y,Dark-Road Lighted,YONKERS,LEFT TURN (0),WESTCHESTER,Straight and Grade,Clear,Traffic Signal,Dry,984E87011001,Not Applicable,"Other Motor Vehicle, Collision With",2,1009165,36119,850,0.8,18110248.0,6143.2,3354
2024,Property Damage Accident,12:30,2024-06-16,Sunday,Y,Daylight,ELMSFORD,RIGHT TURN (6),WESTCHESTER,Straight and Level,Clear,,Dry,,Not Applicable,"Other Motor Vehicle, Collision With",2,1009165,36119,850,0.8,18110248.0,6143.2,3354
2024,Injury Accident,12:58,2024-06-17,Monday,Y,Daylight,POUGHKEEPSIE,REAR END,DUTCHESS,Straight and Level,Clear,Traffic Signal,Dry,9 82051138,Not Applicable,"Other Motor Vehicle, Collision With",2,299256,36027,1695,0.8,5987961.0,3975.0,1300
2024,Property Damage Accident,17:00,2024-06-17,Monday,Y,Daylight,EAST FISHKILL,OTHER,DUTCHESS,Straight and Level,Clear,Traffic Signal,Dry,,Not Applicable,"Other Motor Vehicle, Collision With",3,299256,36027,1695,0.8,5987961.0,3975.0,1300
2024,Property Damage Accident,15:04,2024-06-17,Monday,Y,Daylight,WAPPINGER,OTHER,DUTCHESS,Straight and Level,Clear,No Passing Zone,Dry,,Not Applicable,Deer,1,299256,36027,1695,0.8,5987961.0,3975.0,1300
2024,Property Damage Accident,5:30,2024-06-17,Monday,Y,Dawn,PLEASANT VALLEY,OTHER,DUTCHESS,Straight and Level,Cloudy,,Dry,,Not Applicable,Deer,1,299256,36027,1695,0.8,5987961.0,3975.0,1300
2024,Property Damage Accident,16:10,2024-06-17,Monday,Y,Daylight,NEWBURGH,RIGHT ANGLE,ORANGE,Straight and Level,Clear,Stop Sign,Dry,,Not Applicable,"Other Motor Vehicle, Collision With",2,415088,36071,4753,2.6,13857119.0,5167.5,1527
2024,Property Damage Accident,21:05,2024-06-17,Monday,Y,Dark-Road Lighted,NEWBURGH,OTHER,ORANGE,Curve at Hill Crest,Clear,,Dry,,Not Applicable,"Guide Rail - Not At End, Collision With Fixed Object",1,415088,36071,4753,2.6,13857119.0,5167.5,1527
2024,Property Damage & Injury Accident,18:32,2024-06-17,Monday,Y,Daylight,WOODBURY,OTHER,ORANGE,Straight and Level,Clear,Stop Sign,Dry,,Not Applicable,"Other Motor Vehicle, Collision With",2,415088,36071,4753,2.6,13857119.0,5167.5,1527
2024,Property Damage Accident,8:59,2024-06-17,Monday,Y,Daylight,NEWBURGH,LEFT TURN (0),ORANGE,Straight and Level,Clear,,Dry,,Not Applicable,"Other Motor Vehicle, Collision With",2,415088,36071,4753,2.6,13857119.0,5167.5,1527
2024,Property Damage Accident,12:08,2024-06-17,Monday,Y,Daylight,NEW WINDSOR,Unknown,ORANGE,Straight and Level,Clear,,Dry,300 83021127,Not Applicable,"Other Motor Vehicle, Collision With",2,415088,36071,4753,2.6,13857119.0,5167.5,1527
2024,Property Damage Accident,9:43,2024-06-17,Monday,Y,Daylight,WOODBURY,OVERTAKING,ORANGE,Straight and Level,Clear,,Dry,,Not Applicable,"Other Motor Vehicle, Collision With",2,415088,36071,4753,2.6,13857119.0,5167.5,1527
2024,Property Damage Accident,8:40,2024-06-17,Monday,Y,Daylight,WAWAYANDA,OTHER,ORANGE,Straight and Level,Cloudy,,Dry,,Not Applicable,Deer,1,415088,36071,4753,2.6,13857119.0,5167.5,1527
2024,Property Damage Accident,11:04,2024-06-17,Monday,Y,Daylight,TUXEDO,OTHER,ORANGE,Curve and Grade,Clear,No Passing Zone,Dry,,Not Applicable,"Ran Off Roadway Only, Non-Collision",1,415088,36071,4753,2.6,13857119.0,5167.5,1527
2024,Property Damage Accident,17:56,2024-06-17,Monday,Y,Daylight,CARMEL,REAR END,PUTNAM,Straight and Grade,Clear,No Passing Zone,Dry,,Not Applicable,"Other Motor Vehicle, Collision With",2,98842,36079,509,0.7,2746105.0,4089.2,375
2024,Property Damage & Injury Accident,15:41,2024-06-17,Monday,Y,Daylight,STONY POINT,REAR END,ROCKLAND,Straight and Level,Clear,,Dry,,Not Applicable,"Other Motor Vehicle, Collision With",2,354829,36087,259,0.3,7336134.0,9989.2,886
2024,Property Damage Accident,22:41,2024-06-17,Monday,Y,Dark-Road Lighted,CLARKSTOWN,RIGHT ANGLE,ROCKLAND,Straight and Level,Clear,,Dry,,Not Applicable,"Other Motor Vehicle, Collision With",2,354829,36087,259,0.3,7336134.0,9989.2,886
2024,Property Damage Accident,8:53,2024-06-17,Monday,Y,Daylight,ORANGETOWN,OTHER,ROCKLAND,Straight and Level,Cloudy,,Dry,987C85011032,Not Applicable,Deer,1,354829,36087,259,0.3,7336134.0,9989.2,886