year,accident_descriptor,time,date,day_of_week,police_report,lighting_conditions,municipality,collision_type_descriptor,county_name,road_descriptor,weather_conditions,traffic_control_device,road_surface_conditions,dot_reference_marker_location,pedestrian_bicyclist_action,event_descriptor,number_of_vehicles_involved,county_population_2024,county_fips,county_deer_take_2024,county_antlerless_deer_per_sqmi_2024,county_daily_vmt_2019,county_mean_aadt_2019,county_aadt_segments_2019
2024,Property Damage Accident,16:38,2024-06-17,Monday,Y,Daylight,WOODSTOCK,RIGHT ANGLE,ULSTER,Curve and Grade,Clear,,Dry,212 86011076,Not Applicable,"Other Motor Vehicle, Collision With",2,183095,36111,3565,1.2,6410502.0,3939.4,999
2024,Property Damage Accident,7:30,2024-06-17,Monday,Y,Daylight,ELMSFORD,REAR END,WESTCHESTER,Straight and Level,Clear,,Dry,287I87011008,Not Applicable,"Other Motor Vehicle, Collision With",2,1009165,36119,850,0.8,18110248.0,6143.2,3354
2024,Injury Accident,19:21,2024-06-17,Monday,Y,Daylight,YONKERS,OTHER,WESTCHESTER,Straight and Level,Clear,,Dry,,"Crossing, No Signal or Crosswalk","Pedestrian, Collision With",1,1009165,36119,850,0.8,18110248.0,6143.2,3354
2024,Property Damage & Injury Accident,19:50,2024-06-17,Monday,Y,Daylight,PEEKSKILL,OVERTAKING,WESTCHESTER,Straight and Level,Clear,,Dry,9 87033006,Not Applicable,"Other Motor Vehicle, Collision With",2,1009165,36119,850,0.8,18110248.0,6143.2,3354
2024,Property Damage Accident,7:19,2024-06-17,Monday,Y,Daylight,MOUNT PLEASANT,OTHER,WESTCHESTER,Straight and Grade,Clear,Traffic Signal,Dry,,Not Applicable,"Light Support/Utility Pole, Collision With Fixed Object",1,1009165,36119,850,0.8,18110248.0,6143.2,3354
2024,Property Damage & Injury Accident,16:56,2024-06-17,Monday,Y,Daylight,HARRISON,REAR END,WESTCHESTER,Straight and Level,Clear,,Dry,120 87012056,Not Applicable,"Other Motor Vehicle, Collision With",2,1009165,36119,850,0.8,18110248.0,6143.2,3354
2024,Property Damage & Injury Accident,3:14,2024-06-17,Monday,Y,Dark-Road Unlighted,MOUNT PLEASANT,OTHER,WESTCHESTER,Straight and Level,Clear,,Dry,,Not Applicable,"Tree, Collision With Fixed Object",1,1009165,36119,850,0.8,18110248.0,6143.2,3354
2024,Property Damage Accident,15:27,2024-06-17,Monday,Y,Daylight,WHITE PLAINS,OVERTAKING,WESTCHESTER,Straight and Level,Clear,Traffic Signal,Dry,119 87012010,Not Applicable,"Other Motor Vehicle, Collision With",2,1009165,36119,850,0.8,18110248.0,6143.2,3354
2024,Property Damage Accident,20:00,2024-06-17,Monday,Y,Dusk,NEW ROCHELLE,OVERTAKING,WESTCHESTER,Straight and Level,Clear,,Dry,,Not Applicable,"Other Motor Vehicle, Collision With",2,1009165,36119,850,0.8,18110248.0,6143.2,3354
2024,Property Damage Accident,16:01,2024-06-17,Monday,Y,Daylight,YONKERS,OVERTAKING,WESTCHESTER,Straight and Level,Clear,,Dry,,Not Applicable,"Other Motor Vehicle, Collision With",2,1009165,36119,850,0.8,18110248.0,6143.2,3354
2024,Property Damage Accident,13:15,2024-06-17,Monday,Y,Daylight,NEW ROCHELLE,LEFT TURN (3),WESTCHESTER,Straight and Level,Clear,,Dry,,Not Applicable,"Other Motor Vehicle, Collision With",2,1009165,36119,850,0.8,18110248.0,6143.2,3354
2024,Property Damage Accident,15:38,2024-06-17,Monday,Y,Daylight,HARRISON,LEFT TURN (3),WESTCHESTER,Straight and Grade,Clear,Stop Sign,Dry,127 87011037,Not Applicable,"Other Motor Vehicle, Collision With",2,1009165,36119,850,0.8,18110248.0,6143.2,3354
2024,Injury Accident,17:09,2024-06-17,Monday,Y,Daylight,HARRISON,OTHER,WESTCHESTER,Curve and Level,Clear,,Dry,,Getting On/Off Vehicle Other than School Bus,"Pedestrian, Collision With",1,1009165,36119,850,0.8,18110248.0,6143.2,3354
2024,Property Damage & Injury Accident,17:55,2024-06-17,Monday,Y,Daylight,MOUNT VERNON,OTHER,WESTCHESTER,Straight and Level,Clear,,Dry,907HX1M12056,Not Applicable,"Crash Cushion, Collision With Fixed Object",1,1009165,36119,850,0.8,18110248.0,6143.2,3354
2024,Property Damage Accident,8:10,2024-06-18,Tuesday,Y,Daylight,WAPPINGER,OTHER,DUTCHESS,Straight and Level,Clear,No Passing Zone,Dry,376 82011086,Not Applicable,Deer,1,299256,36027,1695,0.8,5987961.0,3975.0,1300
2024,Property Damage Accident,13:12,2024-06-18,Tuesday,Y,Daylight,PLEASANT VALLEY,REAR END,DUTCHESS,Straight and Level,Clear,Construction Work Area,Dry,44 82022057,Not Applicable,"Other Motor Vehicle, Collision With",2,299256,36027,1695,0.8,5987961.0,3975.0,1300
2024,Property Damage Accident,12:15,2024-06-18,Tuesday,Y,Daylight,EAST FISHKILL,REAR END,DUTCHESS,Straight and Level,Clear,Traffic Signal,Dry,376 82011047,Not Applicable,"Other Motor Vehicle, Collision With",2,299256,36027,1695,0.8,5987961.0,3975.0,1300
2024,Property Damage & Injury Accident,17:35,2024-06-18,Tuesday,Y,Daylight,POUGHKEEPSIE,REAR END,DUTCHESS,Straight and Level,Clear,No Passing Zone,Dry,,Not Applicable,"Other Motor Vehicle, Collision With",2,299256,36027,1695,0.8,5987961.0,3975.0,1300
2024,Property Damage Accident,15:04,2024-06-18,Tuesday,Y,Daylight,WALLKILL,RIGHT ANGLE,ORANGE,Straight and Level,Clear,,Dry,,Not Applicable,"Other Motor Vehicle, Collision With",2,415088,36071,4753,2.6,13857119.0,5167.5,1527
2024,Property Damage Accident,6:10,2024-06-18,Tuesday,Y,Daylight,WALDEN,OVERTAKING,ORANGE,Straight and Level,Clear,,Dry,,Not Applicable,"Other Motor Vehicle, Collision With",2,415088,36071,4753,2.6,13857119.0,5167.5,1527
2024,Property Damage & Injury Accident,13:57,2024-06-18,Tuesday,Y,Daylight,NEWBURGH,RIGHT ANGLE,ORANGE,Straight and Grade,Clear,Stop Sign,Dry,980P83012019,Not Applicable,"Other Motor Vehicle, Collision With",2,415088,36071,4753,2.6,13857119.0,5167.5,1527
2024,Property Damage Accident,15:36,2024-06-18,Tuesday,Y,Daylight,WOODBURY,REAR END,ORANGE,Straight and Level,Clear,No Passing Zone,Dry,32 83011025,Not Applicable,"Other Motor Vehicle, Collision With",2,415088,36071,4753,2.6,13857119.0,5167.5,1527
2024,Property Damage Accident,11:23,2024-06-18,Tuesday,Y,Daylight,MIDDLETOWN,RIGHT ANGLE,ORANGE,Straight and Grade,Clear,Stop Sign,Dry,,Not Applicable,"Other Motor Vehicle, Collision With",2,415088,36071,4753,2.6,13857119.0,5167.5,1527
2024,Property Damage Accident,16:14,2024-06-18,Tuesday,Y,Daylight,WAWAYANDA,OTHER,ORANGE,Straight and Level,Clear,,Dry,,Not Applicable,"Other Motor Vehicle, Collision With",2,415088,36071,4753,2.6,13857119.0,5167.5,1527
2024,Property Damage Accident,18:40,2024-06-18,Tuesday,Y,Daylight,WAWAYANDA,REAR END,ORANGE,Straight and Level,Clear,,Dry,84I83011143,Not Applicable,"Other Motor Vehicle, Collision With",2,415088,36071,4753,2.6,13857119.0,5167.5,1527
2024,Property Damage Accident,12:05,2024-06-18,Tuesday,N,Daylight,NEWBURGH,Unknown,ORANGE,Straight and Level,Clear,,Dry,,Not Applicable,"Other Motor Vehicle, Collision With",2,415088,36071,4753,2.6,13857119.0,5167.5,1527
2024,Property Damage Accident,21:11,2024-06-18,Tuesday,Y,Unknown,WALDEN,OVERTAKING,ORANGE,Straight and Level,Clear,,Dry,,Not Applicable,"Other Motor Vehicle, Collision With",2,415088,36071,4753,2.6,13857119.0,5167.5,1527
2024,Injury Accident,5:21,2024-06-18,Tuesday,Y,Dawn,CARMEL,OTHER,PUTNAM,Straight and Level,Clear,,Dry,52 84051058,Not in Roadway (Indicate),"Pedestrian, Collision With",1,98842,36079,509,0.7,2746105.0,4089.2,375
2024,Property Damage Accident,14:41,2024-06-18,Tuesday,Y,Daylight,CARMEL,LEFT TURN (3),PUTNAM,Straight and Level,Clear,,Dry,6 84041041,Not Applicable,"Other Motor Vehicle, Collision With",2,98842,36079,509,0.7,2746105.0,4089.2,375
2024,Property Damage Accident,13:20,2024-06-18,Tuesday,Y,Daylight,CLARKSTOWN,REAR END,ROCKLAND,Straight and Level,Clear,,Dry,,Not Applicable,"Other Motor Vehicle, Collision With",2,354829,36087,259,0.3,7336134.0,9989.2,886
2024,Property Damage & Injury Accident,17:26,2024-06-18,Tuesday,Y,Daylight,HAVERSTRAW,HEAD ON,ROCKLAND,Straight and Level,Clear,,Dry,,Not Applicable,"Other Motor Vehicle, Collision With",2,354829,36087,259,0.3,7336134.0,9989.2,886
2024,Property Damage Accident,14:08,2024-06-18,Tuesday,Y,Daylight,CLARKSTOWN,REAR END,ROCKLAND,Straight and Level,Clear,Traffic Signal,Dry,,Not Applicable,"Other Motor Vehicle, Collision With",2,354829,36087,259,0.3,7336134.0,9989.2,886
2024,Property Damage Accident,13:05,2024-06-18,Tuesday,Y,Daylight,CLARKSTOWN,OVERTAKING,ROCKLAND,Straight and Level,Clear,Traffic Signal,Dry,59 85011083,Not Applicable,"Other Motor Vehicle, Collision With",2,354829,36087,259,0.3,7336134.0,9989.2,886
2024,Property Damage Accident,7:30,2024-06-18,Tuesday,Y,Daylight,NYACK,OTHER,ROCKLAND,Straight and Level,Clear,,Dry,,Not Applicable,"Guide Rail - Not At End, Collision With Fixed Object",1,354829,36087,259,0.3,7336134.0,9989.2,886
2024,Property Damage Accident,22:21,2024-06-18,Tuesday,Y,Dark-Road Unlighted,ORANGETOWN,OTHER,ROCKLAND,Curve and Grade,Clear,,Dry,303 85011009,Not Applicable,"Tree, Collision With Fixed Object",1,354829,36087,259,0.3,7336134.0,9989.2,886
2024,Property Damage Accident,2:07,2024-06-18,Tuesday,Y,Dark-Road Unlighted,ROSENDALE,OTHER,ULSTER,Straight at Hill Crest,Cloudy,No Passing Zone,Dry,32 86021223,Not Applicable,Deer,1,183095,36111,3565,1.2,6410502.0,3939.4,999
2024,Property Damage Accident,11:30,2024-06-18,Tuesday,Y,Daylight,SAUGERTIES,LEFT TURN (3),ULSTER,Straight and Level,Clear,No Passing Zone,Dry,32 86023111,Not Applicable,"Other Motor Vehicle, Collision With",2,183095,36111,3565,1.2,6410502.0,3939.4,999
2024,Property Damage Accident,14:38,2024-06-18,Tuesday,Y,Daylight,ULSTER,OVERTAKING,ULSTER,Curve and Level,Clear,,Dry,28 86012006,Not Applicable,"Other Motor Vehicle, Collision With",2,183095,36111,3565,1.2,6410502.0,3939.4,999
2024,Property Damage Accident,15:39,2024-06-18,Tuesday,Y,Daylight,ELLENVILLE,OTHER,ULSTER,Straight and Level,Clear,Traffic Signal,Dry,209 86031047,Not Applicable,"Other Motor Vehicle, Collision With",3,183095,36111,3565,1.2,6410502.0,3939.4,999
2024,Property Damage & Injury Accident,15:44,2024-06-18,Tuesday,Y,Daylight,ULSTER,RIGHT ANGLE,ULSTER,Straight and Level,Cloudy,,Dry,981M86011007,Not Applicable,"Other Motor Vehicle, Collision With",2,183095,36111,3565,1.2,6410502.0,3939.4,999
2024,Property Damage & Injury Accident,12:20,2024-06-18,Tuesday,Y,Daylight,ROCHESTER,OTHER,ULSTER,Curve and Grade,Clear,No Passing Zone,Dry,44 86011052,Not Applicable,"Overturned, Non-Collision",1,183095,36111,3565,1.2,6410502.0,3939.4,999
2024,Property Damage Accident,19:02,2024-06-18,Tuesday,Y,Daylight,BEDFORD,REAR END,WESTCHESTER,Straight and Level,Clear,,Dry,684I87011126,Not Applicable,"Other Motor Vehicle, Collision With",2,1009165,36119,850,0.8,18110248.0,6143.2,3354
2024,Property Damage & Injury Accident,12:20,2024-06-18,Tuesday,Y,Daylight,DOBBS FERRY,OTHER,WESTCHESTER,Straight and Level,Clear,,Dry,987D87012017,Not Applicable,"Other Motor Vehicle, Collision With",3,1009165,36119,850,0.8,18110248.0,6143.2,3354
2024,Property Damage Accident,0:00,2024-06-18,Tuesday,N,Dark-Road Unlighted,YONKERS,LEFT TURN (0),WESTCHESTER,Curve at Hill Crest,Clear,Unknown,Dry,,Not Applicable,"Other Motor Vehicle, Collision With",2,1009165,36119,850,0.8,18110248.0,6143.2,3354
2024,Property Damage Accident,10:30,2024-06-18,Tuesday,Y,Daylight,YONKERS,REAR END,WESTCHESTER,Straight and Level,Clear,Traffic Signal,Dry,,Not Applicable,"Other Motor Vehicle, Collision With",2,1009165,36119,850,0.8,18110248.0,6143.2,3354
2024,Property Damage Accident,14:30,2024-06-18,Tuesday,N,Unknown,MOUNT VERNON,Unknown,WESTCHESTER,Unknown,Unknown,Unknown,Unknown,,Not Applicable,"Other Motor Vehicle, Collision With",2,1009165,36119,850,0.8,18110248.0,6143.2,3354
2024,Property Damage Accident,14:20,2024-06-18,Tuesday,N,Unknown,YONKERS,REAR END,WESTCHESTER,Unknown,Unknown,Unknown,Unknown,,Not Applicable,"Other Motor Vehicle, Collision With",2,1009165,36119,850,0.8,18110248.0,6143.2,3354
2024,Property Damage Accident,17:46,2024-06-18,Tuesday,Y,Daylight,PORT CHESTER,REAR END,WESTCHESTER,Straight and Level,Clear,Stop Sign,Dry,,Not Applicable,"Other Motor Vehicle, Collision With",2,1009165,36119,850,0.8,18110248.0,6143.2,3354
2024,Property Damage & Injury Accident,7:00,2024-06-18,Tuesday,Y,Daylight,LEWISBORO,HEAD ON,WESTCHESTER,Straight and Level,Clear,,Dry,123 87011015,Not Applicable,"Other Motor Vehicle, Collision With",2,1009165,36119,850,0.8,18110248.0,6143.2,3354
2024,Injury Accident,20:00,2024-06-18,Tuesday,Y,Dusk,SCARSDALE,OTHER,WESTCHESTER,Straight and Grade,Clear,,Dry,,Riding/Walking/Skating Along Highway With Traffic,"Bicyclist, Collision With",1,1009165,36119,850,0.8,18110248.0,6143.2,3354
2024,Injury Accident,14:20,2024-06-18,Tuesday,Y,Daylight,RYE,OTHER,WESTCHESTER,Straight at Hill Crest,Clear,,Dry,,"Crossing, No Signal or Crosswalk","Bicyclist, Collision With",1,1009165,36119,850,0.8,18110248.0,6143.2,3354
2024,Property Damage Accident,18:07,2024-06-18,Tuesday,Y,Daylight,RYE,OTHER,WESTCHESTER,Straight and Level,Clear,,Dry,1 87034003,Not Applicable,"Animal, Collision With",1,1009165,36119,850,0.8,18110248.0,6143.2,3354
2024,Property Damage Accident,11:00,2024-06-18,Tuesday,N,Daylight,SCARSDALE,Unknown,WESTCHESTER,Straight and Level,Clear,,Dry,22 87022042,Not Applicable,"Other Motor Vehicle, Collision With",2,1009165,36119,850,0.8,18110248.0,6143.2,3354
2024,Property Damage Accident,14:28,2024-06-18,Tuesday,Y,Daylight,HARRISON,OVERTAKING,WESTCHESTER,Straight and Level,Clear,,Dry,287I87011095,Not Applicable,"Other Motor Vehicle, Collision With",2,1009165,36119,850,0.8,18110248.0,6143.2,3354
2024,Property Damage Accident,10:04,2024-06-18,Tuesday,Y,Daylight,MOUNT PLEASANT,OTHER,WESTCHESTER,Straight and Level,Clear,,Dry,987G87011039,Not Applicable,"Other Motor Vehicle, Collision With",3,1009165,36119,850,0.8,18110248.0,6143.2,3354
2024,Property Damage Accident,17:26,2024-06-19,Wednesday,Y,Daylight,POUGHKEEPSIE,OTHER,DUTCHESS,Straight and Grade,Clear,,Dry,,Not Applicable,"Other Motor Vehicle, Collision With",3,299256,36027,1695,0.8,5987961.0,3975.0,1300
2024,Property Damage & Injury Accident,22:15,2024-06-19,Wednesday,Y,Dark-Road Lighted,POUGHKEEPSIE,REAR END,DUTCHESS,Straight and Level,Clear,Traffic Signal,Dry,9 82051091,Not Applicable,"Other Motor Vehicle, Collision With",2,299256,36027,1695,0.8,5987961.0,3975.0,1300
2024,Property Damage Accident,14:00,2024-06-19,Wednesday,Y,Daylight,UNION VALE,OTHER,DUTCHESS,Straight and Level,Clear,,Dry,,Not Applicable,"Other Fixed Object*, Collision With Fixed Object",1,299256,36027,1695,0.8,5987961.0,3975.0,1300
2024,Property Damage Accident,16:53,2024-06-19,Wednesday,Y,Daylight,POUGHKEEPSIE,RIGHT TURN (6),DUTCHESS,Straight and Level,Clear,Stop Sign,Dry,,Not Applicable,"Other Motor Vehicle, Collision With",2,299256,36027,1695,0.8,5987961.0,3975.0,1300
2024,Property Damage Accident,6:41,2024-06-19,Wednesday,Y,Daylight,WALLKILL,RIGHT ANGLE,ORANGE,Straight and Level,Clear,,Dry,,Not Applicable,"Other Motor Vehicle, Collision With",2,415088,36071,4753,2.6,13857119.0,5167.5,1527
2024,Property Damage Accident,16:58,2024-06-19,Wednesday,Y,Daylight,MONROE,OVERTAKING,ORANGE,Straight and Level,Clear,,Dry,,Not Applicable,"Other Motor Vehicle, Collision With",2,415088,36071,4753,2.6,13857119.0,5167.5,1527
2024,Property Damage Accident,19:44,2024-06-19,Wednesday,Y,Dusk,WALLKILL,OVERTAKING,ORANGE,Curve and Level,Clear,,Dry,17 83101084,Not Applicable,"Other Motor Vehicle, Collision With",2,415088,36071,4753,2.6,13857119.0,5167.5,1527
2024,Property Damage Accident,3:07,2024-06-19,Wednesday,Y,Dusk,NEWBURGH,OTHER,ORANGE,Straight and Level,Clear,,Dry,17K83011204,Not Applicable,Deer,1,415088,36071,4753,2.6,13857119.0,5167.5,1527
2024,Injury Accident,10:46,2024-06-19,Wednesday,Y,Daylight,MIDDLETOWN,OTHER,ORANGE,Straight and Level,Clear,Stop Sign,Dry,,"Crossing, No Signal or Crosswalk","Pedestrian, Collision With",1,415088,36071,4753,2.6,13857119.0,5167.5,1527
2024,Property Damage Accident,15:56,2024-06-19,Wednesday,Y,Daylight,SOUTHEAST,SIDESWIPE,PUTNAM,Straight and Level,Clear,,Dry,,Not Applicable,"Other Motor Vehicle, Collision With",2,98842,36079,509,0.7,2746105.0,4089.2,375
2024,Property Damage & Injury Accident,22:29,2024-06-19,Wednesday,Y,Dark-Road Lighted,SLOATSBURG,OTHER,ROCKLAND,Straight and Level,Clear,Stop Sign,Dry,17 85111007,Not Applicable,"Other Motor Vehicle, Collision With",2,354829,36087,259,0.3,7336134.0,9989.2,886
2024,Property Damage Accident,12:03,2024-06-19,Wednesday,Y,Daylight,RAMAPO,OTHER,ROCKLAND,Straight and Level,Clear,,Dry,,Not Applicable,"Other Motor Vehicle, Collision With",2,354829,36087,259,0.3,7336134.0,9989.2,886
2024,Injury Accident,11:04,2024-06-19,Wednesday,Y,Daylight,KINGSTON,OTHER,ULSTER,Straight and Level,Clear,Traffic Signal,Dry,9W86032003,"Crossing, Against Signal","Bicyclist, Collision With",1,183095,36111,3565,1.2,6410502.0,3939.4,999
2024,Property Damage Accident,9:50,2024-06-19,Wednesday,Y,Daylight,MARBLETOWN,OTHER,ULSTER,Straight and Grade,Cloudy,No Passing Zone,Dry,213 86011021,Not Applicable,"Other Fixed Object*, Collision With Fixed Object",1,183095,36111,3565,1.2,6410502.0,3939.4,999
2024,Property Damage Accident,10:10,2024-06-19,Wednesday,Y,Daylight,KINGSTON,RIGHT ANGLE,ULSTER,Straight and Grade,Clear,Stop Sign,Dry,,Not Applicable,"Other Motor Vehicle, Collision With",2,183095,36111,3565,1.2,6410502.0,3939.4,999
2024,Property Damage Accident,9:20,2024-06-19,Wednesday,Y,Daylight,ROCHESTER,REAR END,ULSTER,Curve and Level,Clear,No Passing Zone,Dry,209 86031152,Not Applicable,"Other Motor Vehicle, Collision With",2,183095,36111,3565,1.2,6410502.0,3939.4,999
2024,Property Damage & Injury Accident,20:10,2024-06-19,Wednesday,Y,Daylight,ELLENVILLE,OTHER,ULSTER,Straight and Level,Clear,,Dry,209 86031046,Riding/Walking/Skating Along Highway With Traffic,Other Pedestrian,1,183095,36111,3565,1.2,6410502.0,3939.4,999
2024,Injury Accident,12:30,2024-06-19,Wednesday,N,Unknown,MOUNT VERNON,Unknown,WESTCHESTER,Unknown,Unknown,Unknown,Unknown,,Not Applicable,"Other Motor Vehicle, Collision With",2,1009165,36119,850,0.8,18110248.0,6143.2,3354
2024,Property Damage & Injury Accident,14:39,2024-06-19,Wednesday,Y,Daylight,NEW ROCHELLE,RIGHT ANGLE,WESTCHESTER,Straight and Level,Clear,Traffic Signal,Dry,1 87032007,Not Applicable,"Other Motor Vehicle, Collision With",2,1009165,36119,850,0.8,18110248.0,6143.2,3354
2024,Property Damage Accident,9:25,2024-06-19,Wednesday,Y,Daylight,WHITE PLAINS,OVERTAKING,WESTCHESTER,Straight and Level,Clear,Traffic Signal,Dry,119 87012010,Not Applicable,"Other Motor Vehicle, Collision With",2,1009165,36119,850,0.8,18110248.0,6143.2,3354
2024,Property Damage Accident,13:18,2024-06-19,Wednesday,Y,Daylight,SCARSDALE,OTHER,WESTCHESTER,Straight and Level,Clear,,Dry,,Not Applicable,"Bridge Structure, Collision With Fixed Object",3,1009165,36119,850,0.8,18110248.0,6143.2,3354
2024,Property Damage Accident,14:00,2024-06-19,Wednesday,Y,Daylight,YONKERS,OVERTAKING,WESTCHESTER,Curve and Level,Cloudy,,Dry,,Not Applicable,"Other Motor Vehicle, Collision With",2,1009165,36119,850,0.8,18110248.0,6143.2,3354
2024,Property Damage Accident,14:05,2024-06-19,Wednesday,Y,Daylight,NEW ROCHELLE,OVERTAKING,WESTCHESTER,Straight and Level,Clear,,Dry,,Not Applicable,"Other Motor Vehicle, Collision With",2,1009165,36119,850,0.8,18110248.0,6143.2,3354
2024,Injury Accident,23:36,2024-06-19,Wednesday,Y,Dark-Road Lighted,YONKERS,OTHER,WESTCHESTER,Straight and Level,Clear,Traffic Signal,Dry,9 87031006,"Crossing, With Signal","Bicyclist, Collision With",1,1009165,36119,850,0.8,18110248.0,6143.2,3354
2024,Property Damage Accident,21:37,2024-06-19,Wednesday,Y,Dark-Road Unlighted,RYE,OTHER,WESTCHESTER,Curve and Grade,Clear,,Dry,287I87011107,Not Applicable,"Barrier, Collision With Fixed Object",1,1009165,36119,850,0.8,18110248.0,6143.2,3354
2024,Property Damage Accident,16:09,2024-06-19,Wednesday,Y,Daylight,NEW CASTLE,OTHER,WESTCHESTER,Straight and Level,Clear,,Dry,987G87011086,Not Applicable,"Other Motor Vehicle, Collision With",3,1009165,36119,850,0.8,18110248.0,6143.2,3354
2024,Property Damage & Injury Accident,16:24,2024-06-19,Wednesday,Y,Daylight,YONKERS,LEFT TURN (3),WESTCHESTER,Straight and Grade,Clear,Traffic Signal,Dry,,Not Applicable,"Other Motor Vehicle, Collision With",2,1009165,36119,850,0.8,18110248.0,6143.2,3354
2024,Fatal Accident,21:39,2024-06-19,Wednesday,Y,Dark-Road Lighted,YONKERS,OTHER,WESTCHESTER,Straight and Level,Clear,,Dry,,Unknown,"Pedestrian, Collision With",1,1009165,36119,850,0.8,18110248.0,6143.2,3354
2024,Property Damage Accident,7:45,2024-06-19,Wednesday,Y,Daylight,YORKTOWN,REAR END,WESTCHESTER,Straight and Level,Clear,,Dry,118 87011006,Not Applicable,"Other Motor Vehicle, Collision With",2,1009165,36119,850,0.8,18110248.0,6143.2,3354
2024,Property Damage Accident,6:22,2024-06-19,Wednesday,Y,Dusk,NORTH SALEM,OTHER,WESTCHESTER,Straight and Level,Clear,,Dry,22 87024232,Not Applicable,Deer,1,1009165,36119,850,0.8,18110248.0,6143.2,3354
2024,Property Damage Accident,16:49,2024-06-20,Thursday,Y,Daylight,FISHKILL,REAR END,DUTCHESS,Straight and Level,Clear,,Dry,84I82021044,Not Applicable,"Other Motor Vehicle, Collision With",2,299256,36027,1695,0.8,5987961.0,3975.0,1300
2024,Property Damage Accident,18:11,2024-06-20,Thursday,Y,Daylight,WAPPINGER,OTHER,DUTCHESS,Curve and Level,Clear,,Dry,,Not Applicable,"Other Motor Vehicle, Collision With",3,299256,36027,1695,0.8,5987961.0,3975.0,1300
2024,Property Damage & Injury Accident,16:45,2024-06-20,Thursday,Y,Daylight,LA GRANGE,OTHER,DUTCHESS,Straight and Level,Clear,No Passing Zone,Dry,,Not Applicable,"Other Motor Vehicle, Collision With",3,299256,36027,1695,0.8,5987961.0,3975.0,1300
2024,Property Damage Accident,17:45,2024-06-20,Thursday,Y,Daylight,POUGHKEEPSIE,REAR END,DUTCHESS,Straight and Level,Clear,,Dry,115 82012016,Not Applicable,"Other Motor Vehicle, Collision With",2,299256,36027,1695,0.8,5987961.0,3975.0,1300
2024,Property Damage Accident,23:43,2024-06-20,Thursday,Y,Dark-Road Lighted,POUGHKEEPSIE,OTHER,DUTCHESS,Straight and Level,Clear,,Dry,9 82051125,Not Applicable,"Animal, Collision With",1,299256,36027,1695,0.8,5987961.0,3975.0,1300
2024,Property Damage & Injury Accident,18:50,2024-06-20,Thursday,Y,Daylight,WALLKILL,LEFT TURN (0),ORANGE,Straight and Level,Clear,Stop Sign,Dry,17K83011001,Not Applicable,"Other Motor Vehicle, Collision With",2,415088,36071,4753,2.6,13857119.0,5167.5,1527
2024,Property Damage Accident,22:45,2024-06-20,Thursday,Y,Dark-Road Unlighted,GREENVILLE,OVERTAKING,ORANGE,Straight and Level,Clear,,Dry,84I83011071,Not Applicable,"Other Motor Vehicle, Collision With",2,415088,36071,4753,2.6,13857119.0,5167.5,1527
2024,Property Damage & Injury Accident,17:35,2024-06-20,Thursday,Y,Daylight,WALLKILL,OTHER,ORANGE,Straight and Level,Clear,No Passing Zone,Dry,17M83011015,Not Applicable,"Other Motor Vehicle, Collision With",3,415088,36071,4753,2.6,13857119.0,5167.5,1527
2024,Property Damage Accident,14:21,2024-06-20,Thursday,Y,Daylight,WAWAYANDA,REAR END,ORANGE,Straight and Level,Clear,Stop Sign,Dry,,Not Applicable,"Other Motor Vehicle, Collision With",2,415088,36071,4753,2.6,13857119.0,5167.5,1527
2024,Property Damage Accident,0:31,2024-06-20,Thursday,Y,Dark-Road Unlighted,HIGHLANDS,OTHER,ORANGE,Curve and Level,Cloudy,Yield Sign,Dry,6 83012435,Not Applicable,"Sign Post, Collision With Fixed Object",1,415088,36071,4753,2.6,13857119.0,5167.5,1527
2024,Property Damage Accident,21:00,2024-06-20,Thursday,Y,Dark-Road Unlighted,KENT,OTHER,PUTNAM,Straight and Grade,Clear,,Dry,,Not Applicable,"Curbing, Collision With Fixed Object",1,98842,36079,509,0.7,2746105.0,4089.2,375
2024,Property Damage Accident,0:33,2024-06-20,Thursday,Y,Dark-Road Unlighted,SOUTHEAST,OTHER,PUTNAM,Straight and Level,Clear,,Dry,84I84031127,Not Applicable,Deer,1,98842,36079,509,0.7,2746105.0,4089.2,375
2024,Property Damage Accident,13:48,2024-06-20,Thursday,Y,Daylight,RAMAPO,REAR END,ROCKLAND,Straight and Level,Clear,,Dry,59 85011034,Not Applicable,"Other Motor Vehicle, Collision With",2,354829,36087,259,0.3,7336134.0,9989.2,886
2024,Property Damage & Injury Accident,9:25,2024-06-20,Thursday,Y,Daylight,STONY POINT,REAR END,ROCKLAND,Straight and Level,Clear,Traffic Signal,Dry,9W85011174,Not Applicable,"Other Motor Vehicle, Collision With",2,354829,36087,259,0.3,7336134.0,9989.2,886
2024,Property Damage & Injury Accident,7:51,2024-06-20,Thursday,Y,Daylight,,RIGHT ANGLE,ROCKLAND,Straight and Level,Clear,,Dry,,Not Applicable,"Other Motor Vehicle, Collision With",2,354829,36087,259,0.3,7336134.0,9989.2,886
2024,Property Damage Accident,13:45,2024-06-20,Thursday,Y,Daylight,CLARKSTOWN,REAR END,ROCKLAND,Straight and Level,Clear,No Passing Zone,Dry,,Not Applicable,"Other Motor Vehicle, Collision With",2,354829,36087,259,0.3,7336134.0,9989.2,886