year,accident_descriptor,time,date,day_of_week,police_report,lighting_conditions,municipality,collision_type_descriptor,county_name,road_descriptor,weather_conditions,traffic_control_device,road_surface_conditions,dot_reference_marker_location,pedestrian_bicyclist_action,event_descriptor,number_of_vehicles_involved,county_population_2024,county_fips,county_deer_take_2024,county_antlerless_deer_per_sqmi_2024,county_daily_vmt_2019,county_mean_aadt_2019,county_aadt_segments_2019
2024,Property Damage Accident,17:00,2024-06-20,Thursday,Y,Daylight,HAVERSTRAW,LEFT TURN (0),ROCKLAND,Straight and Level,Clear,,Dry,987C85011123,Not Applicable,"Other Motor Vehicle, Collision With",2,354829,36087,259,0.3,7336134.0,9989.2,886
2024,Property Damage Accident,17:15,2024-06-20,Thursday,Y,Daylight,HAVERSTRAW,OTHER,ROCKLAND,Straight at Hill Crest,Cloudy,,Dry,987C85011163,Not Applicable,Deer,1,354829,36087,259,0.3,7336134.0,9989.2,886
2024,Property Damage & Injury Accident,15:13,2024-06-20,Thursday,Y,Daylight,ROSENDALE,OTHER,ULSTER,Straight and Level,Clear,Traffic Signal,Dry,32 86021194,Not Applicable,"Other Motor Vehicle, Collision With",4,183095,36111,3565,1.2,6410502.0,3939.4,999
2024,Property Damage Accident,8:24,2024-06-20,Thursday,Y,Daylight,LLOYD,RIGHT TURN (5),ULSTER,Curve and Grade,Clear,,Dry,44 86011293,Not Applicable,"Other Motor Vehicle, Collision With",2,183095,36111,3565,1.2,6410502.0,3939.4,999
2024,Property Damage & Injury Accident,16:30,2024-06-20,Thursday,Y,Daylight,PLATTEKILL,OTHER,ULSTER,Straight and Level,Clear,,Dry,,Not Applicable,"Earth Embankment/Rock Cut/Ditch, Collision With Fixed Object",1,183095,36111,3565,1.2,6410502.0,3939.4,999
2024,Property Damage Accident,17:59,2024-06-20,Thursday,Y,Daylight,RYE,RIGHT ANGLE,WESTCHESTER,Straight and Level,Clear,Stop Sign,Dry,,Not Applicable,"Other Motor Vehicle, Collision With",2,1009165,36119,850,0.8,18110248.0,6143.2,3354
2024,Property Damage Accident,13:45,2024-06-20,Thursday,Y,Daylight,WHITE PLAINS,REAR END,WESTCHESTER,Straight and Level,Clear,Traffic Signal,Dry,,Not Applicable,"Other Motor Vehicle, Collision With",2,1009165,36119,850,0.8,18110248.0,6143.2,3354
2024,Property Damage Accident,15:14,2024-06-20,Thursday,Y,Daylight,HASTINGS ON HUDSON,SIDESWIPE,WESTCHESTER,Straight and Level,Clear,Stop Sign,Dry,9 87032008,Not Applicable,"Other Motor Vehicle, Collision With",2,1009165,36119,850,0.8,18110248.0,6143.2,3354
2024,Property Damage Accident,8:12,2024-06-20,Thursday,Y,Daylight,BEDFORD,REAR END,WESTCHESTER,Straight and Level,Clear,,Dry,117 87011121,Not Applicable,"Other Motor Vehicle, Collision With",2,1009165,36119,850,0.8,18110248.0,6143.2,3354
2024,Injury Accident,15:20,2024-06-20,Thursday,Y,Daylight,YONKERS,OVERTAKING,WESTCHESTER,Straight and Level,Clear,,Dry,,Not Applicable,"Other Motor Vehicle, Collision With",2,1009165,36119,850,0.8,18110248.0,6143.2,3354
2024,Property Damage Accident,8:00,2024-06-20,Thursday,Y,Daylight,MOUNT PLEASANT,OVERTAKING,WESTCHESTER,Straight and Level,Clear,,Dry,141 87011019,Not Applicable,"Other Motor Vehicle, Collision With",2,1009165,36119,850,0.8,18110248.0,6143.2,3354
2024,Property Damage Accident,20:10,2024-06-20,Thursday,Y,Dusk,MOUNT KISCO,OTHER,WESTCHESTER,Straight and Level,Clear,,Dry,,Not Applicable,"Animal, Collision With",1,1009165,36119,850,0.8,18110248.0,6143.2,3354
2024,Property Damage Accident,6:19,2024-06-20,Thursday,Y,Daylight,GREENBURGH,OVERTAKING,WESTCHESTER,Straight and Level,Cloudy,,Dry,287I87011024,Not Applicable,"Other Motor Vehicle, Collision With",2,1009165,36119,850,0.8,18110248.0,6143.2,3354
2024,Property Damage Accident,7:20,2024-06-20,Thursday,Y,Dawn,WHITE PLAINS,OVERTAKING,WESTCHESTER,Straight and Grade,Clear,,Dry,287I87011043,Not Applicable,"Other Motor Vehicle, Collision With",2,1009165,36119,850,0.8,18110248.0,6143.2,3354
2024,Property Damage & Injury Accident,19:09,2024-06-20,Thursday,Y,Daylight,MOUNT PLEASANT,LEFT TURN (3),WESTCHESTER,Straight and Level,Clear,Traffic Signal,Dry,100C87011012,Not Applicable,"Other Motor Vehicle, Collision With",2,1009165,36119,850,0.8,18110248.0,6143.2,3354
2024,Property Damage Accident,16:34,2024-06-20,Thursday,Y,Daylight,NEW ROCHELLE,RIGHT TURN (6),WESTCHESTER,Straight and Level,Clear,Traffic Signal,Dry,,Not Applicable,"Other Motor Vehicle, Collision With",2,1009165,36119,850,0.8,18110248.0,6143.2,3354
2024,Property Damage Accident,8:59,2024-06-20,Thursday,Y,Daylight,CROTON ON HUDSON,RIGHT ANGLE,WESTCHESTER,Straight and Level,Clear,,Dry,,Not Applicable,"Other Motor Vehicle, Collision With",2,1009165,36119,850,0.8,18110248.0,6143.2,3354
2024,Property Damage Accident,7:25,2024-06-20,Thursday,Y,Daylight,MAMARONECK,OVERTAKING,WESTCHESTER,Straight and Level,Clear,,Dry,,Not Applicable,"Other Motor Vehicle, Collision With",2,1009165,36119,850,0.8,18110248.0,6143.2,3354
2024,Property Damage Accident,17:52,2024-06-20,Thursday,Y,Daylight,PORT CHESTER,REAR END,WESTCHESTER,Straight and Level,Clear,,Dry,,Not Applicable,"Other Motor Vehicle, Collision With",2,1009165,36119,850,0.8,18110248.0,6143.2,3354
2024,Injury Accident,16:22,2024-06-20,Thursday,Y,Daylight,NEW ROCHELLE,OTHER,WESTCHESTER,Straight and Level,Clear,Stop Sign,Dry,,"Crossing, No Signal or Crosswalk","Bicyclist, Collision With",1,1009165,36119,850,0.8,18110248.0,6143.2,3354
2024,Property Damage Accident,16:41,2024-06-20,Thursday,Y,Daylight,PEEKSKILL,OVERTAKING,WESTCHESTER,Straight and Level,Clear,Traffic Signal,Dry,6 87032015,Not Applicable,"Other Motor Vehicle, Collision With",2,1009165,36119,850,0.8,18110248.0,6143.2,3354
2024,Property Damage Accident,13:30,2024-06-20,Thursday,Y,Daylight,RYE,SIDESWIPE,WESTCHESTER,Straight and Level,Cloudy,,Dry,120 87011001,Not Applicable,"Other Motor Vehicle, Collision With",2,1009165,36119,850,0.8,18110248.0,6143.2,3354
2024,Property Damage Accident,13:27,2024-06-20,Thursday,Y,Daylight,MAMARONECK,RIGHT ANGLE,WESTCHESTER,Straight and Grade,Clear,,Dry,1 87033028,Not Applicable,"Other Motor Vehicle, Collision With",2,1009165,36119,850,0.8,18110248.0,6143.2,3354
2024,Property Damage Accident,13:38,2024-06-21,Friday,Y,Daylight,LA GRANGE,OVERTAKING,DUTCHESS,Curve and Grade,Cloudy,,Dry,,Not Applicable,"Other Motor Vehicle, Collision With",2,299256,36027,1695,0.8,5987961.0,3975.0,1300
2024,Property Damage Accident,18:00,2024-06-21,Friday,Y,Daylight,HYDE PARK,OTHER,DUTCHESS,Curve and Level,Cloudy,No Passing Zone,Wet,9 82053115,Not Applicable,"Animal, Collision With",1,299256,36027,1695,0.8,5987961.0,3975.0,1300
2024,Property Damage Accident,8:22,2024-06-21,Friday,Y,Daylight,EAST FISHKILL,REAR END,DUTCHESS,Straight and Level,Clear,Traffic Signal,Dry,376 82011022,Not Applicable,"Other Motor Vehicle, Collision With",2,299256,36027,1695,0.8,5987961.0,3975.0,1300
2024,Property Damage Accident,19:40,2024-06-21,Friday,Y,Daylight,MONROE,RIGHT ANGLE,ORANGE,Straight and Level,Cloudy,,Dry,208 83011004,Not Applicable,"Other Motor Vehicle, Collision With",2,415088,36071,4753,2.6,13857119.0,5167.5,1527
2024,Property Damage & Injury Accident,13:44,2024-06-21,Friday,Y,Daylight,WOODBURY,REAR END,ORANGE,Curve and Grade,Rain,,Wet,6 83012382,Not Applicable,"Other Motor Vehicle, Collision With",2,415088,36071,4753,2.6,13857119.0,5167.5,1527
2024,Property Damage Accident,5:35,2024-06-21,Friday,Y,Dawn,WALDEN,OVERTAKING,ORANGE,Straight and Level,Clear,,Dry,52 83031076,Not Applicable,"Other Motor Vehicle, Collision With",2,415088,36071,4753,2.6,13857119.0,5167.5,1527
2024,Property Damage & Injury Accident,17:36,2024-06-21,Friday,Y,Daylight,NEWBURGH,REAR END,ORANGE,Straight and Level,Rain,Stop Sign,Wet,,Not Applicable,"Other Motor Vehicle, Collision With",2,415088,36071,4753,2.6,13857119.0,5167.5,1527
2024,Property Damage Accident,19:57,2024-06-21,Friday,Y,Daylight,TUXEDO,OTHER,ORANGE,Straight and Level,Cloudy,,Wet,,Not Applicable,"Animal, Collision With",1,415088,36071,4753,2.6,13857119.0,5167.5,1527
2024,Property Damage Accident,10:20,2024-06-21,Friday,Y,Daylight,GREENWOOD LAKE,OTHER,ORANGE,Curve and Level,Clear,,Dry,,Not Applicable,"Other Fixed Object*, Collision With Fixed Object",1,415088,36071,4753,2.6,13857119.0,5167.5,1527
2024,Property Damage Accident,17:52,2024-06-21,Friday,Y,Daylight,NEWBURGH,OTHER,ORANGE,Straight and Grade,Cloudy,,Wet,,Not Applicable,"Other Fixed Object*, Collision With Fixed Object",1,415088,36071,4753,2.6,13857119.0,5167.5,1527
2024,Property Damage Accident,8:50,2024-06-21,Friday,Y,Daylight,WALLKILL,OVERTAKING,ORANGE,Straight and Level,Clear,Traffic Signal,Dry,211 83013010,Not Applicable,"Other Motor Vehicle, Collision With",2,415088,36071,4753,2.6,13857119.0,5167.5,1527
2024,Property Damage & Injury Accident,12:13,2024-06-21,Friday,Y,Daylight,GOSHEN,OTHER,ORANGE,Straight and Level,Cloudy,,Dry,17 83101156,Not Applicable,"Other Fixed Object*, Collision With Fixed Object",1,415088,36071,4753,2.6,13857119.0,5167.5,1527
2024,Property Damage Accident,13:37,2024-06-21,Friday,Y,Daylight,SOUTHEAST,REAR END,PUTNAM,Straight and Level,Clear,No Passing Zone,Dry,312 84011004,Not Applicable,"Other Motor Vehicle, Collision With",2,98842,36079,509,0.7,2746105.0,4089.2,375
2024,Property Damage & Injury Accident,16:57,2024-06-21,Friday,Y,Daylight,PATTERSON,REAR END,PUTNAM,Curve and Grade,Rain,,Wet,22 84031111,Not Applicable,"Other Motor Vehicle, Collision With",2,98842,36079,509,0.7,2746105.0,4089.2,375
2024,Property Damage & Injury Accident,11:27,2024-06-21,Friday,Y,Daylight,STONY POINT,RIGHT ANGLE,ROCKLAND,Straight and Level,Clear,,Dry,9W85011180,Not Applicable,"Other Motor Vehicle, Collision With",2,354829,36087,259,0.3,7336134.0,9989.2,886
2024,Property Damage & Injury Accident,14:00,2024-06-21,Friday,Y,Daylight,,REAR END,ROCKLAND,Straight and Level,Clear,Traffic Signal,Dry,59 85011037,Not Applicable,"Other Motor Vehicle, Collision With",2,354829,36087,259,0.3,7336134.0,9989.2,886
2024,Property Damage Accident,20:05,2024-06-21,Friday,Y,Daylight,NYACK,REAR END,ROCKLAND,Straight and Level,Rain,Traffic Signal,Wet,,Not Applicable,"Other Motor Vehicle, Collision With",2,354829,36087,259,0.3,7336134.0,9989.2,886
2024,Property Damage Accident,7:04,2024-06-21,Friday,Y,Daylight,SPRING VALLEY,REAR END,ROCKLAND,Straight and Level,Clear,,Dry,,Not Applicable,"Other Motor Vehicle, Collision With",2,354829,36087,259,0.3,7336134.0,9989.2,886
2024,Property Damage Accident,14:33,2024-06-21,Friday,Y,Daylight,,OTHER,ROCKLAND,Straight and Level,Clear,,Dry,59 85011045,Not Applicable,"Other Motor Vehicle, Collision With",2,354829,36087,259,0.3,7336134.0,9989.2,886
2024,Property Damage Accident,16:06,2024-06-21,Friday,Y,Daylight,ULSTER,RIGHT ANGLE,ULSTER,Straight and Level,Cloudy,,Dry,9W86035036,Not Applicable,"Other Motor Vehicle, Collision With",2,183095,36111,3565,1.2,6410502.0,3939.4,999
2024,Property Damage Accident,17:24,2024-06-21,Friday,Y,Daylight,PLATTEKILL,OTHER,ULSTER,Straight at Hill Crest,Cloudy,,Wet,44 86011182,Not Applicable,"Light Support/Utility Pole, Collision With Fixed Object",1,183095,36111,3565,1.2,6410502.0,3939.4,999
2024,Property Damage Accident,19:37,2024-06-21,Friday,Y,Dawn,OSSINING,OTHER,WESTCHESTER,Straight and Level,Rain,,Wet,,Not Applicable,"Other Motor Vehicle, Collision With",3,1009165,36119,850,0.8,18110248.0,6143.2,3354
2024,Property Damage Accident,16:22,2024-06-21,Friday,Y,Daylight,HARRISON,RIGHT ANGLE,WESTCHESTER,Straight and Level,Clear,,Dry,,Not Applicable,"Other Motor Vehicle, Collision With",2,1009165,36119,850,0.8,18110248.0,6143.2,3354
2024,Property Damage Accident,11:09,2024-06-21,Friday,Y,Daylight,PEEKSKILL,RIGHT TURN (5),WESTCHESTER,Straight and Level,Clear,Traffic Signal,Dry,9 87033001,Not Applicable,"Other Motor Vehicle, Collision With",2,1009165,36119,850,0.8,18110248.0,6143.2,3354
2024,Property Damage Accident,17:39,2024-06-21,Friday,Y,Daylight,OSSINING,REAR END,WESTCHESTER,Straight and Level,Cloudy,,Dry,9 87032131,Not Applicable,"Other Motor Vehicle, Collision With",2,1009165,36119,850,0.8,18110248.0,6143.2,3354
2024,Property Damage Accident,18:04,2024-06-21,Friday,Y,Daylight,OSSINING,RIGHT ANGLE,WESTCHESTER,Straight and Level,Clear,,Dry,,Not Applicable,"Other Motor Vehicle, Collision With",2,1009165,36119,850,0.8,18110248.0,6143.2,3354
2024,Property Damage Accident,12:00,2024-06-21,Friday,Y,Daylight,YORKTOWN,OTHER,WESTCHESTER,Straight and Level,Clear,,Dry,,Not Applicable,"Other Motor Vehicle, Collision With",2,1009165,36119,850,0.8,18110248.0,6143.2,3354
2024,Property Damage Accident,9:48,2024-06-21,Friday,Y,Daylight,PELHAM,OVERTAKING,WESTCHESTER,Straight and Level,Clear,,Dry,,Not Applicable,"Other Motor Vehicle, Collision With",2,1009165,36119,850,0.8,18110248.0,6143.2,3354
2024,Property Damage & Injury Accident,19:34,2024-06-21,Friday,Y,Daylight,LEWISBORO,OTHER,WESTCHESTER,Straight and Grade,Rain,,Wet,684I87011188,Not Applicable,"Barrier, Collision With Fixed Object",2,1009165,36119,850,0.8,18110248.0,6143.2,3354
2024,Property Damage Accident,7:34,2024-06-21,Friday,Y,Daylight,MAMARONECK,OVERTAKING,WESTCHESTER,Straight and Grade,Clear,No Passing Zone,Dry,125 87011002,Not Applicable,"Other Motor Vehicle, Collision With",2,1009165,36119,850,0.8,18110248.0,6143.2,3354
2024,Property Damage Accident,20:00,2024-06-21,Friday,N,Dusk,BUCHANAN,REAR END,WESTCHESTER,Straight and Level,Rain,,Wet,,Not Applicable,"Other Motor Vehicle, Collision With",2,1009165,36119,850,0.8,18110248.0,6143.2,3354
2024,Property Damage Accident,7:58,2024-06-21,Friday,Y,Daylight,PLEASANTVILLE,REAR END,WESTCHESTER,Straight and Level,Clear,Traffic Signal,Dry,,Not Applicable,"Other Motor Vehicle, Collision With",2,1009165,36119,850,0.8,18110248.0,6143.2,3354
2024,Property Damage & Injury Accident,19:00,2024-06-21,Friday,Y,Daylight,PORT CHESTER,OVERTAKING,WESTCHESTER,Straight and Level,Clear,,Dry,,Not Applicable,"Other Motor Vehicle, Collision With",2,1009165,36119,850,0.8,18110248.0,6143.2,3354
2024,Property Damage Accident,11:53,2024-06-21,Friday,Y,Daylight,NORTH CASTLE,REAR END,WESTCHESTER,Straight and Grade,Clear,Stop Sign,Dry,,Not Applicable,"Other Motor Vehicle, Collision With",2,1009165,36119,850,0.8,18110248.0,6143.2,3354
2024,Property Damage & Injury Accident,18:46,2024-06-21,Friday,Y,Daylight,HARRISON,RIGHT TURN (5),WESTCHESTER,Curve and Grade,Clear,Traffic Signal,Dry,,Not Applicable,"Other Motor Vehicle, Collision With",2,1009165,36119,850,0.8,18110248.0,6143.2,3354
2024,Property Damage Accident,18:45,2024-06-21,Friday,Y,Daylight,OSSINING,REAR END,WESTCHESTER,Straight and Grade,Rain,,Wet,133 87011001,Not Applicable,"Other Motor Vehicle, Collision With",2,1009165,36119,850,0.8,18110248.0,6143.2,3354
2024,Property Damage Accident,18:00,2024-06-22,Saturday,Y,Daylight,FISHKILL,RIGHT ANGLE,DUTCHESS,Straight and Level,Clear,,Dry,,Not Applicable,"Other Motor Vehicle, Collision With",2,299256,36027,1695,0.8,5987961.0,3975.0,1300
2024,Property Damage Accident,16:09,2024-06-22,Saturday,Y,Daylight,POUGHKEEPSIE,OVERTAKING,DUTCHESS,Straight and Level,Clear,,Dry,9 82051099,Not Applicable,"Other Motor Vehicle, Collision With",2,299256,36027,1695,0.8,5987961.0,3975.0,1300
2024,Property Damage & Injury Accident,15:58,2024-06-22,Saturday,Y,Daylight,GOSHEN,OTHER,ORANGE,Curve and Level,Cloudy,,Wet,17 83101126,Not Applicable,"Guide Rail - Not At End, Collision With Fixed Object",1,415088,36071,4753,2.6,13857119.0,5167.5,1527
2024,Property Damage Accident,11:00,2024-06-22,Saturday,Y,Daylight,WALLKILL,REAR END,ORANGE,Straight and Level,Clear,Stop Sign,Dry,17M83011029,Not Applicable,"Other Motor Vehicle, Collision With",2,415088,36071,4753,2.6,13857119.0,5167.5,1527
2024,Property Damage Accident,22:42,2024-06-22,Saturday,Y,Dark-Road Lighted,NEWBURGH,RIGHT ANGLE,ORANGE,Straight and Level,Clear,Stop Sign,Dry,,Not Applicable,"Other Motor Vehicle, Collision With",2,415088,36071,4753,2.6,13857119.0,5167.5,1527
2024,Property Damage Accident,6:32,2024-06-22,Saturday,Y,Daylight,CORNWALL,OTHER,ORANGE,Straight and Level,Clear,,Dry,9W83021132,Not Applicable,"Animal, Collision With",1,415088,36071,4753,2.6,13857119.0,5167.5,1527
2024,Property Damage Accident,15:30,2024-06-22,Saturday,Y,Daylight,GOSHEN,OTHER,ORANGE,Straight and Grade,Rain,,Wet,17 83101140,Not Applicable,"Guide Rail - Not At End, Collision With Fixed Object",1,415088,36071,4753,2.6,13857119.0,5167.5,1527
2024,Property Damage & Injury Accident,13:30,2024-06-22,Saturday,Y,Daylight,WALLKILL,HEAD ON,ORANGE,Curve and Level,Clear,,Dry,,Not Applicable,"Other Motor Vehicle, Collision With",2,415088,36071,4753,2.6,13857119.0,5167.5,1527
2024,Property Damage & Injury Accident,11:09,2024-06-22,Saturday,Y,Daylight,NEWBURGH,OTHER,ORANGE,Straight and Level,Clear,,Dry,300 83021082,Not Applicable,"Other Motor Vehicle, Collision With",2,415088,36071,4753,2.6,13857119.0,5167.5,1527
2024,Property Damage Accident,13:20,2024-06-22,Saturday,Y,Daylight,SOUTHEAST,REAR END,PUTNAM,Straight and Level,Clear,Traffic Signal,Dry,312 84011000,Not Applicable,"Other Motor Vehicle, Collision With",2,98842,36079,509,0.7,2746105.0,4089.2,375
2024,Property Damage Accident,22:11,2024-06-22,Saturday,Y,Dark-Road Unlighted,SOUTHEAST,REAR END,PUTNAM,Straight and Level,Clear,,Dry,684I84021030,Not Applicable,"Other Motor Vehicle, Collision With",2,98842,36079,509,0.7,2746105.0,4089.2,375
2024,Property Damage Accident,14:47,2024-06-22,Saturday,Y,Daylight,CARMEL,OTHER,PUTNAM,Straight and Level,Clear,,Dry,301 84011177,Not Applicable,"Building/Wall, Collision With Fixed Object",1,98842,36079,509,0.7,2746105.0,4089.2,375
2024,Property Damage & Injury Accident,20:02,2024-06-22,Saturday,Y,Dusk,CARMEL,REAR END,PUTNAM,Straight and Grade,Cloudy,Traffic Signal,Dry,,Not Applicable,"Other Motor Vehicle, Collision With",2,98842,36079,509,0.7,2746105.0,4089.2,375
2024,Property Damage Accident,15:32,2024-06-22,Saturday,Y,Daylight,MONTEBELLO,OVERTAKING,ROCKLAND,Straight and Level,Clear,,Dry,,Not Applicable,"Other Motor Vehicle, Collision With",2,354829,36087,259,0.3,7336134.0,9989.2,886
2024,Property Damage & Injury Accident,16:25,2024-06-22,Saturday,Y,Daylight,PIERMONT,HEAD ON,ROCKLAND,Curve and Level,Clear,,Dry,,Not Applicable,"Other Motor Vehicle, Collision With",2,354829,36087,259,0.3,7336134.0,9989.2,886
2024,Property Damage Accident,13:36,2024-06-22,Saturday,Y,Daylight,CLARKSTOWN,RIGHT ANGLE,ROCKLAND,Straight and Grade,Rain,,Wet,,Not Applicable,"Other Motor Vehicle, Collision With",2,354829,36087,259,0.3,7336134.0,9989.2,886
2024,Property Damage & Injury Accident,17:28,2024-06-22,Saturday,Y,Daylight,HAVERSTRAW,REAR END,ROCKLAND,Straight and Grade,Rain,Traffic Signal,Wet,9W85011148,Not Applicable,"Other Motor Vehicle, Collision With",2,354829,36087,259,0.3,7336134.0,9989.2,886
2024,Property Damage Accident,17:59,2024-06-22,Saturday,Y,Daylight,CLARKSTOWN,OVERTAKING,ROCKLAND,Straight and Grade,Cloudy,,Wet,,Not Applicable,"Other Motor Vehicle, Collision With",2,354829,36087,259,0.3,7336134.0,9989.2,886
2024,Property Damage Accident,13:48,2024-06-22,Saturday,Y,Daylight,NYACK,OVERTAKING,ROCKLAND,Straight and Level,Cloudy,,Dry,,Not Applicable,"Other Motor Vehicle, Collision With",2,354829,36087,259,0.3,7336134.0,9989.2,886
2024,Property Damage Accident,17:15,2024-06-22,Saturday,Y,Daylight,ROSENDALE,OTHER,ULSTER,Straight and Level,Clear,,Dry,,Not Applicable,"Other Motor Vehicle, Collision With",2,183095,36111,3565,1.2,6410502.0,3939.4,999
2024,Property Damage Accident,14:11,2024-06-22,Saturday,Y,Daylight,ULSTER,OVERTAKING,ULSTER,Straight at Hill Crest,Clear,Stop Sign,Dry,,Not Applicable,"Other Motor Vehicle, Collision With",2,183095,36111,3565,1.2,6410502.0,3939.4,999
2024,Property Damage Accident,22:16,2024-06-22,Saturday,Y,Dark-Road Lighted,KINGSTON,REAR END,ULSTER,Straight and Level,Cloudy,Traffic Signal,Wet,981K86011000,Not Applicable,"Other Motor Vehicle, Collision With",2,183095,36111,3565,1.2,6410502.0,3939.4,999
2024,Property Damage Accident,6:10,2024-06-22,Saturday,Y,Daylight,ULSTER,RIGHT TURN (6),ULSTER,Straight and Level,Clear,No Passing Zone,Dry,9W86035036,Not Applicable,"Other Motor Vehicle, Collision With",2,183095,36111,3565,1.2,6410502.0,3939.4,999
2024,Property Damage Accident,15:13,2024-06-22,Saturday,Y,Daylight,CORTLANDT,OTHER,WESTCHESTER,Curve and Grade,Cloudy,No Passing Zone,Dry,,Not Applicable,"Other Motor Vehicle, Collision With",3,1009165,36119,850,0.8,18110248.0,6143.2,3354
2024,Property Damage Accident,21:50,2024-06-22,Saturday,Y,Dark-Road Unlighted,YONKERS,OVERTAKING,WESTCHESTER,Straight and Level,Cloudy,,Dry,,Not Applicable,"Other Motor Vehicle, Collision With",2,1009165,36119,850,0.8,18110248.0,6143.2,3354
2024,Property Damage Accident,12:05,2024-06-22,Saturday,Y,Daylight,BEDFORD,OVERTAKING,WESTCHESTER,Straight and Level,Clear,,Dry,684I87011168,Not Applicable,"Other Motor Vehicle, Collision With",2,1009165,36119,850,0.8,18110248.0,6143.2,3354
2024,Property Damage Accident,14:17,2024-06-22,Saturday,Y,Daylight,HASTINGS ON HUDSON,OVERTAKING,WESTCHESTER,Straight and Level,Clear,,Dry,,Not Applicable,"Other Motor Vehicle, Collision With",2,1009165,36119,850,0.8,18110248.0,6143.2,3354
2024,Property Damage & Injury Accident,17:15,2024-06-22,Saturday,Y,Daylight,WHITE PLAINS,RIGHT TURN (5),WESTCHESTER,Straight and Level,Clear,Other,Dry,119 87012007,Not Applicable,"Other Motor Vehicle, Collision With",2,1009165,36119,850,0.8,18110248.0,6143.2,3354
2024,Property Damage Accident,18:15,2024-06-22,Saturday,N,Unknown,TARRYTOWN,OTHER,WESTCHESTER,Unknown,Unknown,Unknown,Unknown,,Not Applicable,"Other Fixed Object*, Collision With Fixed Object",1,1009165,36119,850,0.8,18110248.0,6143.2,3354
2024,Property Damage Accident,21:31,2024-06-22,Saturday,Y,Dark-Road Unlighted,BEDFORD,REAR END,WESTCHESTER,Straight and Level,Cloudy,Traffic Signal,Dry,117 87011124,Not Applicable,"Other Motor Vehicle, Collision With",2,1009165,36119,850,0.8,18110248.0,6143.2,3354
2024,Property Damage Accident,15:28,2024-06-22,Saturday,Y,Daylight,YONKERS,LEFT TURN (3),WESTCHESTER,Straight and Level,Clear,Stop Sign,Dry,907K87011013,Not Applicable,"Other Motor Vehicle, Collision With",2,1009165,36119,850,0.8,18110248.0,6143.2,3354
2024,Property Damage Accident,19:07,2024-06-22,Saturday,Y,Daylight,MAMARONECK,OTHER,WESTCHESTER,Straight and Level,Clear,,Dry,,Not Applicable,"Barrier, Collision With Fixed Object",1,1009165,36119,850,0.8,18110248.0,6143.2,3354
2024,Property Damage Accident,15:44,2024-06-22,Saturday,Y,Daylight,NEW ROCHELLE,OTHER,WESTCHESTER,Straight and Level,Clear,,Dry,,Not Applicable,"Other Motor Vehicle, Collision With",3,1009165,36119,850,0.8,18110248.0,6143.2,3354
2024,Property Damage Accident,12:55,2024-06-22,Saturday,Y,Daylight,SOMERS,REAR END,WESTCHESTER,Straight and Level,Clear,Unknown,Dry,35 87012105,Not Applicable,"Other Motor Vehicle, Collision With",2,1009165,36119,850,0.8,18110248.0,6143.2,3354
2024,Property Damage Accident,15:54,2024-06-22,Saturday,Y,Daylight,OSSINING,RIGHT ANGLE,WESTCHESTER,Straight and Level,Cloudy,,Dry,9 87032142,Not Applicable,"Other Motor Vehicle, Collision With",2,1009165,36119,850,0.8,18110248.0,6143.2,3354
2024,Property Damage Accident,8:52,2024-06-22,Saturday,Y,Daylight,YONKERS,REAR END,WESTCHESTER,Straight and Grade,Clear,Traffic Signal,Dry,,Not Applicable,"Other Motor Vehicle, Collision With",2,1009165,36119,850,0.8,18110248.0,6143.2,3354
2024,Property Damage Accident,8:00,2024-06-22,Saturday,Y,Daylight,CORTLANDT,RIGHT TURN (6),WESTCHESTER,Straight and Level,Clear,Stop Sign,Dry,,Not Applicable,"Other Motor Vehicle, Collision With",2,1009165,36119,850,0.8,18110248.0,6143.2,3354
2024,Property Damage Accident,22:44,2024-06-22,Saturday,Y,Dark-Road Lighted,OSSINING,OVERTAKING,WESTCHESTER,Straight and Level,Clear,,Dry,,Not Applicable,"Other Motor Vehicle, Collision With",2,1009165,36119,850,0.8,18110248.0,6143.2,3354
2024,Property Damage Accident,0:00,2024-06-22,Saturday,N,Unknown,GREENBURGH,REAR END,WESTCHESTER,Unknown,Unknown,Unknown,Unknown,,Not Applicable,"Other Motor Vehicle, Collision With",2,1009165,36119,850,0.8,18110248.0,6143.2,3354
2024,Property Damage Accident,0:24,2024-06-23,Sunday,Y,Dark-Road Unlighted,EAST FISHKILL,OTHER,DUTCHESS,Straight and Level,Rain,,Wet,84I82021145,Not Applicable,"Sign Post, Collision With Fixed Object",1,299256,36027,1695,0.8,5987961.0,3975.0,1300
2024,Property Damage Accident,17:50,2024-06-23,Sunday,Y,Daylight,POUGHKEEPSIE,REAR END,DUTCHESS,Straight and Level,Cloudy,Traffic Signal,Dry,,Not Applicable,"Other Motor Vehicle, Collision With",2,299256,36027,1695,0.8,5987961.0,3975.0,1300
2024,Property Damage Accident,16:11,2024-06-23,Sunday,Y,Daylight,POUGHKEEPSIE,REAR END,DUTCHESS,Straight and Level,Clear,Traffic Signal,Dry,,Not Applicable,"Other Motor Vehicle, Collision With",2,299256,36027,1695,0.8,5987961.0,3975.0,1300