year,accident_descriptor,time,date,day_of_week,police_report,lighting_conditions,municipality,collision_type_descriptor,county_name,road_descriptor,weather_conditions,traffic_control_device,road_surface_conditions,dot_reference_marker_location,pedestrian_bicyclist_action,event_descriptor,number_of_vehicles_involved,county_population_2024,county_fips,county_deer_take_2024,county_antlerless_deer_per_sqmi_2024,county_daily_vmt_2019,county_mean_aadt_2019,county_aadt_segments_2019
2024,Property Damage Accident,15:46,2024-06-23,Sunday,Y,Daylight,POUGHKEEPSIE,SIDESWIPE,DUTCHESS,Straight and Level,Cloudy,,Dry,984A82011001,Not Applicable,"Other Motor Vehicle, Collision With",2,299256,36027,1695,0.8,5987961.0,3975.0,1300
2024,Property Damage Accident,7:00,2024-06-23,Sunday,Y,Daylight,TUXEDO,OVERTAKING,ORANGE,Straight and Level,Clear,,Dry,,Not Applicable,"Other Motor Vehicle, Collision With",2,415088,36071,4753,2.6,13857119.0,5167.5,1527
2024,Property Damage Accident,5:00,2024-06-23,Sunday,Y,Dark-Road Unlighted,GOSHEN,OTHER,ORANGE,Straight and Level,Cloudy,,Dry,17 83101146,Not Applicable,"Barrier, Collision With Fixed Object",1,415088,36071,4753,2.6,13857119.0,5167.5,1527
2024,Injury Accident,10:16,2024-06-23,Sunday,Y,Daylight,HIGHLANDS,OTHER,ORANGE,Straight and Level,Clear,No Passing Zone,Dry,987E83021085,Riding/Walking/Skating Along Highway Against Traffic,"Pedestrian, Collision With",1,415088,36071,4753,2.6,13857119.0,5167.5,1527
2024,Property Damage & Injury Accident,17:30,2024-06-23,Sunday,N,Unknown,GOSHEN,REAR END,ORANGE,Unknown,Unknown,Unknown,Unknown,,Not Applicable,"Other Motor Vehicle, Collision With",2,415088,36071,4753,2.6,13857119.0,5167.5,1527
2024,Property Damage Accident,10:05,2024-06-23,Sunday,Y,Daylight,HAVERSTRAW,OTHER,ROCKLAND,Curve and Level,Cloudy,No Passing Zone,Wet,,Not Applicable,"Other*, Non-Collision",1,354829,36087,259,0.3,7336134.0,9989.2,886
2024,Property Damage Accident,16:00,2024-06-23,Sunday,Y,Daylight,CLARKSTOWN,REAR END,ROCKLAND,Straight and Level,Clear,Stop Sign,Dry,,Not Applicable,"Other Motor Vehicle, Collision With",2,354829,36087,259,0.3,7336134.0,9989.2,886
2024,Property Damage Accident,14:18,2024-06-23,Sunday,Y,Daylight,HAVERSTRAW,REAR END,ROCKLAND,Straight and Level,Cloudy,,Dry,987C85011157,Not Applicable,"Other Motor Vehicle, Collision With",2,354829,36087,259,0.3,7336134.0,9989.2,886
2024,Property Damage Accident,11:15,2024-06-23,Sunday,Y,Daylight,SLOATSBURG,REAR END,ROCKLAND,Straight and Level,Clear,Traffic Signal,Dry,981G85011000,Not Applicable,"Other Motor Vehicle, Collision With",2,354829,36087,259,0.3,7336134.0,9989.2,886
2024,Property Damage Accident,13:05,2024-06-23,Sunday,Y,Daylight,ROSENDALE,OVERTAKING,ULSTER,Straight and Level,Cloudy,,Dry,32 86021195,Not Applicable,"Other Motor Vehicle, Collision With",2,183095,36111,3565,1.2,6410502.0,3939.4,999
2024,Property Damage & Injury Accident,12:10,2024-06-23,Sunday,Y,Daylight,ULSTER,REAR END,ULSTER,Straight and Level,Cloudy,Traffic Signal,Dry,28 86012015,Not Applicable,"Other Motor Vehicle, Collision With",2,183095,36111,3565,1.2,6410502.0,3939.4,999
2024,Property Damage Accident,0:15,2024-06-23,Sunday,Y,Dark-Road Unlighted,ESOPUS,OTHER,ULSTER,Straight and Level,Rain,,Wet,213 86011228,Not Applicable,"Tree, Collision With Fixed Object",1,183095,36111,3565,1.2,6410502.0,3939.4,999
2024,Property Damage Accident,0:00,2024-06-23,Sunday,N,Unknown,BEDFORD,REAR END,WESTCHESTER,Unknown,Unknown,Unknown,Unknown,,Not Applicable,"Other Motor Vehicle, Collision With",2,1009165,36119,850,0.8,18110248.0,6143.2,3354
2024,Property Damage & Injury Accident,13:58,2024-06-23,Sunday,Y,Daylight,YONKERS,LEFT TURN (0),WESTCHESTER,Straight and Level,Cloudy,,Dry,,Not Applicable,"Other Motor Vehicle, Collision With",2,1009165,36119,850,0.8,18110248.0,6143.2,3354
2024,Property Damage Accident,13:05,2024-06-23,Sunday,Y,Daylight,PORT CHESTER,REAR END,WESTCHESTER,Straight and Level,Clear,,Dry,287I87011102,Not Applicable,"Other Motor Vehicle, Collision With",2,1009165,36119,850,0.8,18110248.0,6143.2,3354
2024,Property Damage Accident,22:27,2024-06-23,Sunday,Y,Dark-Road Lighted,WHITE PLAINS,OTHER,WESTCHESTER,Straight and Level,Clear,,Dry,,Not Applicable,"Light Support/Utility Pole, Collision With Fixed Object",1,1009165,36119,850,0.8,18110248.0,6143.2,3354
2024,Property Damage Accident,21:34,2024-06-23,Sunday,Y,Dusk,SOMERS,OTHER,WESTCHESTER,Straight and Level,Rain,Stop Sign,Wet,,Not Applicable,"Sign Post, Collision With Fixed Object",1,1009165,36119,850,0.8,18110248.0,6143.2,3354
2024,Property Damage Accident,3:33,2024-06-23,Sunday,Y,Dark-Road Lighted,GREENBURGH,OTHER,WESTCHESTER,Straight and Level,Rain,,Wet,,Not Applicable,"Barrier, Collision With Fixed Object",1,1009165,36119,850,0.8,18110248.0,6143.2,3354
2024,Property Damage Accident,14:10,2024-06-23,Sunday,Y,Daylight,NEW ROCHELLE,OVERTAKING,WESTCHESTER,Straight and Level,Clear,,Dry,,Not Applicable,"Other Motor Vehicle, Collision With",2,1009165,36119,850,0.8,18110248.0,6143.2,3354
2024,Property Damage Accident,3:07,2024-06-23,Sunday,Y,Dark-Road Lighted,GREENBURGH,OTHER,WESTCHESTER,Curve at Hill Crest,Rain,,Wet,,Not Applicable,"Curbing, Collision With Fixed Object",1,1009165,36119,850,0.8,18110248.0,6143.2,3354
2024,Property Damage Accident,19:37,2024-06-23,Sunday,Y,Daylight,SOMERS,OTHER,WESTCHESTER,Curve and Level,Sleet/Hail/Freezing Rain,,Wet,202 87043119,Not Applicable,"Tree, Collision With Fixed Object",1,1009165,36119,850,0.8,18110248.0,6143.2,3354
2024,Property Damage Accident,16:18,2024-06-23,Sunday,Y,Daylight,LARCHMONT,OVERTAKING,WESTCHESTER,Straight and Level,Cloudy,Traffic Signal,Dry,,Not Applicable,"Other Motor Vehicle, Collision With",2,1009165,36119,850,0.8,18110248.0,6143.2,3354
2024,Property Damage & Injury Accident,19:54,2024-06-23,Sunday,Y,Daylight,CROTON ON HUDSON,OVERTAKING,WESTCHESTER,Straight and Level,Rain,,Wet,,Not Applicable,"Other Motor Vehicle, Collision With",2,1009165,36119,850,0.8,18110248.0,6143.2,3354
2024,Property Damage Accident,23:18,2024-06-23,Sunday,Y,Dark-Road Unlighted,BEDFORD,OTHER,WESTCHESTER,Curve and Level,Clear,No Passing Zone,Dry,,Not Applicable,"Animal, Collision With",1,1009165,36119,850,0.8,18110248.0,6143.2,3354
2024,Property Damage & Injury Accident,5:45,2024-06-24,Monday,Y,Daylight,WAPPINGER,OTHER,DUTCHESS,Curve and Grade,Clear,No Passing Zone,Dry,,Not Applicable,"Tree, Collision With Fixed Object",1,299256,36027,1695,0.8,5987961.0,3975.0,1300
2024,Property Damage Accident,15:44,2024-06-24,Monday,Y,Daylight,WASHINGTON,OTHER,DUTCHESS,Straight and Grade,Cloudy,No Passing Zone,Wet,44 82022111,Not Applicable,"Sign Post, Collision With Fixed Object",1,299256,36027,1695,0.8,5987961.0,3975.0,1300
2024,Property Damage Accident,6:24,2024-06-24,Monday,Y,Daylight,EAST FISHKILL,REAR END,DUTCHESS,Straight and Level,Clear,No Passing Zone,Dry,,Not Applicable,"Other Motor Vehicle, Collision With",2,299256,36027,1695,0.8,5987961.0,3975.0,1300
2024,Property Damage Accident,14:46,2024-06-24,Monday,Y,Daylight,POUGHKEEPSIE,OTHER,DUTCHESS,Straight and Level,Cloudy,No Passing Zone,Dry,,Not Applicable,"Other Motor Vehicle, Collision With",3,299256,36027,1695,0.8,5987961.0,3975.0,1300
2024,Property Damage & Injury Accident,11:47,2024-06-24,Monday,Y,Daylight,FISHKILL,RIGHT ANGLE,DUTCHESS,Straight and Level,Clear,No Passing Zone,Dry,52 82042063,Not Applicable,"Other Motor Vehicle, Collision With",2,299256,36027,1695,0.8,5987961.0,3975.0,1300
2024,Property Damage Accident,15:19,2024-06-24,Monday,Y,Daylight,BEACON,OVERTAKING,DUTCHESS,Straight and Level,Clear,No Passing Zone,Dry,,Not Applicable,"Other Motor Vehicle, Collision With",2,299256,36027,1695,0.8,5987961.0,3975.0,1300
2024,Property Damage Accident,9:55,2024-06-24,Monday,Y,Daylight,POUGHKEEPSIE,SIDESWIPE,DUTCHESS,Straight and Level,Clear,,Dry,,Not Applicable,"Other Motor Vehicle, Collision With",2,299256,36027,1695,0.8,5987961.0,3975.0,1300
2024,Property Damage Accident,20:45,2024-06-24,Monday,N,Dusk,WALDEN,OTHER,ORANGE,Straight and Level,Clear,,Dry,,Not Applicable,Deer,1,415088,36071,4753,2.6,13857119.0,5167.5,1527
2024,Property Damage Accident,9:57,2024-06-24,Monday,Y,Daylight,KIRYAS JOEL,REAR END,ORANGE,Straight and Level,Clear,,Dry,,Not Applicable,"Other Motor Vehicle, Collision With",2,415088,36071,4753,2.6,13857119.0,5167.5,1527
2024,Property Damage Accident,10:47,2024-06-24,Monday,Y,Daylight,WOODBURY,OVERTAKING,ORANGE,Straight and Level,Clear,Maintenance Work Area,Dry,,Not Applicable,"Other Motor Vehicle, Collision With",2,415088,36071,4753,2.6,13857119.0,5167.5,1527
2024,Property Damage & Injury Accident,19:27,2024-06-24,Monday,Y,Daylight,WARWICK,OVERTAKING,ORANGE,Straight and Grade,Clear,,Dry,,Not Applicable,"Other Motor Vehicle, Collision With",2,415088,36071,4753,2.6,13857119.0,5167.5,1527
2024,Property Damage Accident,13:50,2024-06-24,Monday,Y,Daylight,WAWAYANDA,OTHER,ORANGE,Straight and Level,Clear,,Dry,,Not Applicable,Deer,1,415088,36071,4753,2.6,13857119.0,5167.5,1527
2024,Property Damage Accident,23:42,2024-06-24,Monday,Y,Dark-Road Unlighted,SOUTHEAST,OTHER,PUTNAM,Straight and Level,Clear,,Dry,84I84031074,Not Applicable,"Guide Rail - Not At End, Collision With Fixed Object",1,98842,36079,509,0.7,2746105.0,4089.2,375
2024,Property Damage Accident,17:25,2024-06-24,Monday,Y,Daylight,CLARKSTOWN,OVERTAKING,ROCKLAND,Straight and Level,Clear,Traffic Signal,Dry,,Not Applicable,"Other Motor Vehicle, Collision With",2,354829,36087,259,0.3,7336134.0,9989.2,886
2024,Property Damage Accident,8:24,2024-06-24,Monday,Y,Daylight,CLARKSTOWN,REAR END,ROCKLAND,Curve and Level,Clear,,Dry,,Not Applicable,"Other Motor Vehicle, Collision With",2,354829,36087,259,0.3,7336134.0,9989.2,886
2024,Property Damage Accident,8:20,2024-06-24,Monday,Y,Daylight,CHESTNUT RIDGE,OVERTAKING,ROCKLAND,Straight and Level,Clear,,Dry,,Not Applicable,"Other Motor Vehicle, Collision With",2,354829,36087,259,0.3,7336134.0,9989.2,886
2024,Property Damage & Injury Accident,2:42,2024-06-24,Monday,Y,Dark-Road Lighted,MOUNT VERNON,OVERTAKING,WESTCHESTER,Straight and Level,Cloudy,,Dry,,Not Applicable,"Other Motor Vehicle, Collision With",2,1009165,36119,850,0.8,18110248.0,6143.2,3354
2024,Property Damage Accident,6:34,2024-06-24,Monday,Y,Daylight,ELMSFORD,REAR END,WESTCHESTER,Straight and Level,Clear,,Dry,,Not Applicable,"Other Motor Vehicle, Collision With",2,1009165,36119,850,0.8,18110248.0,6143.2,3354
2024,Property Damage Accident,8:11,2024-06-24,Monday,Y,Daylight,GREENBURGH,OVERTAKING,WESTCHESTER,Straight and Level,Clear,,Dry,287I87011028,Not Applicable,"Other Motor Vehicle, Collision With",2,1009165,36119,850,0.8,18110248.0,6143.2,3354
2024,Injury Accident,15:24,2024-06-24,Monday,Y,Daylight,NEW ROCHELLE,SIDESWIPE,WESTCHESTER,Straight and Level,Clear,Stop Sign,Dry,,Not Applicable,"Other Motor Vehicle, Collision With",2,1009165,36119,850,0.8,18110248.0,6143.2,3354
2024,Property Damage & Injury Accident,14:32,2024-06-24,Monday,Y,Daylight,GREENBURGH,LEFT TURN (3),WESTCHESTER,Straight and Grade,Clear,Stop Sign,Dry,,Not Applicable,"Other Motor Vehicle, Collision With",2,1009165,36119,850,0.8,18110248.0,6143.2,3354
2024,Property Damage Accident,16:12,2024-06-24,Monday,Y,Daylight,YONKERS,OVERTAKING,WESTCHESTER,Straight and Level,Clear,,Dry,,Not Applicable,"Other Motor Vehicle, Collision With",2,1009165,36119,850,0.8,18110248.0,6143.2,3354
2024,Property Damage & Injury Accident,17:30,2024-06-24,Monday,Y,Daylight,MOUNT VERNON,REAR END,WESTCHESTER,Straight and Level,Clear,,Dry,22 87021024,Not Applicable,"Other Motor Vehicle, Collision With",2,1009165,36119,850,0.8,18110248.0,6143.2,3354
2024,Property Damage Accident,11:46,2024-06-24,Monday,Y,Daylight,NORTH CASTLE,LEFT TURN (0),WESTCHESTER,Straight and Level,Cloudy,Stop Sign,Dry,22 87024001,Not Applicable,"Other Motor Vehicle, Collision With",2,1009165,36119,850,0.8,18110248.0,6143.2,3354
2024,Property Damage Accident,16:08,2024-06-24,Monday,Y,Daylight,DOBBS FERRY,RIGHT ANGLE,WESTCHESTER,Straight and Level,Clear,Other,Dry,,Not Applicable,"Other Motor Vehicle, Collision With",2,1009165,36119,850,0.8,18110248.0,6143.2,3354
2024,Property Damage Accident,12:00,2024-06-25,Tuesday,N,Dark-Road Unlighted,BEACON,OTHER,DUTCHESS,Curve and Grade,Clear,,Dry,,Not Applicable,"Other Fixed Object*, Collision With Fixed Object",1,299256,36027,1695,0.8,5987961.0,3975.0,1300
2024,Property Damage Accident,10:04,2024-06-25,Tuesday,Y,Daylight,WAPPINGER,REAR END,DUTCHESS,Straight and Level,Clear,No Passing Zone,Dry,9D82033055,Not Applicable,"Other Motor Vehicle, Collision With",2,299256,36027,1695,0.8,5987961.0,3975.0,1300
2024,Property Damage Accident,16:35,2024-06-25,Tuesday,Y,Daylight,FISHKILL,REAR END,DUTCHESS,Straight and Level,Clear,Traffic Signal,Dry,,Not Applicable,"Other Motor Vehicle, Collision With",2,299256,36027,1695,0.8,5987961.0,3975.0,1300
2024,Property Damage & Injury Accident,8:27,2024-06-25,Tuesday,Y,Daylight,WASHINGTON,REAR END,DUTCHESS,Straight and Level,Clear,No Passing Zone,Dry,44 82022152,Not Applicable,"Other Motor Vehicle, Collision With",2,299256,36027,1695,0.8,5987961.0,3975.0,1300
2024,Property Damage & Injury Accident,11:30,2024-06-25,Tuesday,Y,Daylight,WOODBURY,REAR END,ORANGE,Straight and Grade,Clear,,Dry,984C83011000,Not Applicable,"Other Motor Vehicle, Collision With",2,415088,36071,4753,2.6,13857119.0,5167.5,1527
2024,Property Damage Accident,13:37,2024-06-25,Tuesday,Y,Daylight,NEW WINDSOR,REAR END,ORANGE,Straight and Level,Clear,,Dry,32 83011112,Not Applicable,"Other Motor Vehicle, Collision With",2,415088,36071,4753,2.6,13857119.0,5167.5,1527
2024,Property Damage Accident,21:23,2024-06-25,Tuesday,Y,Dark-Road Unlighted,TUXEDO,OVERTAKING,ORANGE,Straight and Level,Clear,No Passing Zone,Dry,,Not Applicable,"Other Motor Vehicle, Collision With",2,415088,36071,4753,2.6,13857119.0,5167.5,1527
2024,Property Damage Accident,18:00,2024-06-25,Tuesday,Y,Daylight,NEWBURGH,OTHER,ORANGE,Straight and Level,Clear,,Dry,17K83011182,Not Applicable,"Guide Rail - Not At End, Collision With Fixed Object",1,415088,36071,4753,2.6,13857119.0,5167.5,1527
2024,Property Damage Accident,8:45,2024-06-25,Tuesday,Y,Daylight,MONROE,OTHER,ORANGE,Curve and Level,Clear,,Dry,17 83101223,Not Applicable,"Guide Rail - Not At End, Collision With Fixed Object",1,415088,36071,4753,2.6,13857119.0,5167.5,1527
2024,Property Damage Accident,12:35,2024-06-25,Tuesday,Y,Daylight,WARWICK,OTHER,ORANGE,Straight and Grade,Clear,,Dry,94 83011030,Not Applicable,"Light Support/Utility Pole, Collision With Fixed Object",1,415088,36071,4753,2.6,13857119.0,5167.5,1527
2024,Property Damage Accident,16:03,2024-06-25,Tuesday,Y,Daylight,OTISVILLE,REAR END,ORANGE,Straight and Level,Clear,,Dry,,Not Applicable,"Other Motor Vehicle, Collision With",2,415088,36071,4753,2.6,13857119.0,5167.5,1527
2024,Property Damage Accident,13:20,2024-06-25,Tuesday,Y,Daylight,NEW WINDSOR,OVERTAKING,ORANGE,Curve and Level,Clear,,Dry,,Not Applicable,"Other Motor Vehicle, Collision With",2,415088,36071,4753,2.6,13857119.0,5167.5,1527
2024,Property Damage Accident,12:15,2024-06-25,Tuesday,Y,Daylight,MIDDLETOWN,OTHER,ORANGE,Curve at Hill Crest,Cloudy,Officer/Guard,Dry,,Not Applicable,"Other Motor Vehicle, Collision With",3,415088,36071,4753,2.6,13857119.0,5167.5,1527
2024,Property Damage & Injury Accident,7:43,2024-06-25,Tuesday,Y,Daylight,CARMEL,LEFT TURN (3),PUTNAM,Straight and Grade,Clear,Stop Sign,Dry,,Not Applicable,"Other Motor Vehicle, Collision With",2,98842,36079,509,0.7,2746105.0,4089.2,375
2024,Property Damage Accident,19:00,2024-06-25,Tuesday,Y,Daylight,RAMAPO,OVERTAKING,ROCKLAND,Straight and Level,Clear,,Dry,,Not Applicable,"Other Motor Vehicle, Collision With",2,354829,36087,259,0.3,7336134.0,9989.2,886
2024,Property Damage Accident,19:05,2024-06-25,Tuesday,Y,Daylight,CLARKSTOWN,LEFT TURN (0),ROCKLAND,Straight and Level,Clear,,Dry,,Not Applicable,"Other Motor Vehicle, Collision With",2,354829,36087,259,0.3,7336134.0,9989.2,886
2024,Property Damage Accident,13:54,2024-06-25,Tuesday,Y,Daylight,,REAR END,ROCKLAND,Straight and Grade,Clear,,Dry,59 85011049,Not Applicable,"Other Motor Vehicle, Collision With",2,354829,36087,259,0.3,7336134.0,9989.2,886
2024,Property Damage Accident,12:15,2024-06-25,Tuesday,Y,Daylight,RAMAPO,OVERTAKING,ROCKLAND,Straight and Level,Clear,,Dry,,Not Applicable,"Other Motor Vehicle, Collision With",2,354829,36087,259,0.3,7336134.0,9989.2,886
2024,Property Damage Accident,15:17,2024-06-25,Tuesday,Y,Daylight,CLARKSTOWN,OVERTAKING,ROCKLAND,Straight and Grade,Clear,Traffic Signal,Dry,59 85011083,Not Applicable,"Other Motor Vehicle, Collision With",2,354829,36087,259,0.3,7336134.0,9989.2,886
2024,Property Damage Accident,13:26,2024-06-25,Tuesday,Y,Daylight,CLARKSTOWN,OVERTAKING,ROCKLAND,Straight and Level,Clear,,Dry,,Not Applicable,"Other Motor Vehicle, Collision With",2,354829,36087,259,0.3,7336134.0,9989.2,886
2024,Property Damage Accident,18:05,2024-06-25,Tuesday,Y,Daylight,RAMAPO,SIDESWIPE,ROCKLAND,Straight and Level,Clear,,Dry,45 85011078,Not Applicable,"Other Motor Vehicle, Collision With",2,354829,36087,259,0.3,7336134.0,9989.2,886
2024,Property Damage Accident,14:45,2024-06-25,Tuesday,Y,Daylight,NYACK,LEFT TURN (0),ROCKLAND,Straight and Level,Clear,,Dry,59 85011136,Not Applicable,"Other Motor Vehicle, Collision With",2,354829,36087,259,0.3,7336134.0,9989.2,886
2024,Property Damage & Injury Accident,15:00,2024-06-25,Tuesday,Y,Daylight,WAWARSING,RIGHT ANGLE,ULSTER,Straight and Level,Clear,No Passing Zone,Dry,,Not Applicable,"Other Motor Vehicle, Collision With",2,183095,36111,3565,1.2,6410502.0,3939.4,999
2024,Property Damage & Injury Accident,17:25,2024-06-25,Tuesday,Y,Daylight,ROCHESTER,REAR END,ULSTER,Straight and Level,Clear,,Dry,209 86031180,Not Applicable,"Other Motor Vehicle, Collision With",2,183095,36111,3565,1.2,6410502.0,3939.4,999
2024,Property Damage Accident,6:10,2024-06-25,Tuesday,Y,Daylight,ROCHESTER,OTHER,ULSTER,Straight and Grade,Clear,No Passing Zone,Dry,,Not Applicable,Deer,1,183095,36111,3565,1.2,6410502.0,3939.4,999
2024,Property Damage & Injury Accident,12:50,2024-06-25,Tuesday,Y,Daylight,MAMARONECK,REAR END,WESTCHESTER,Straight and Level,Clear,Traffic Signal,Dry,,Not Applicable,"Other Motor Vehicle, Collision With",2,1009165,36119,850,0.8,18110248.0,6143.2,3354
2024,Property Damage Accident,15:06,2024-06-25,Tuesday,Y,Daylight,YONKERS,RIGHT TURN (5),WESTCHESTER,Straight and Level,Clear,,Dry,,Not Applicable,"Other Motor Vehicle, Collision With",2,1009165,36119,850,0.8,18110248.0,6143.2,3354
2024,Property Damage Accident,13:45,2024-06-25,Tuesday,Y,Daylight,PORT CHESTER,OTHER,WESTCHESTER,Straight at Hill Crest,Clear,Traffic Signal,Dry,,Riding/Walking/Skating Along Highway With Traffic,"Bicyclist, Collision With",1,1009165,36119,850,0.8,18110248.0,6143.2,3354
2024,Property Damage Accident,15:32,2024-06-25,Tuesday,Y,Daylight,YONKERS,OTHER,WESTCHESTER,Straight and Level,Clear,,Dry,,Not Applicable,"Other Motor Vehicle, Collision With",3,1009165,36119,850,0.8,18110248.0,6143.2,3354
2024,Property Damage Accident,11:11,2024-06-25,Tuesday,Y,Daylight,CORTLANDT,OVERTAKING,WESTCHESTER,Straight and Level,Clear,,Dry,,Not Applicable,"Other Motor Vehicle, Collision With",2,1009165,36119,850,0.8,18110248.0,6143.2,3354
2024,Property Damage Accident,15:00,2024-06-25,Tuesday,N,Daylight,EASTCHESTER,RIGHT TURN (5),WESTCHESTER,Straight and Level,Clear,Traffic Signal,Dry,22 87022015,Not Applicable,"Other Motor Vehicle, Collision With",2,1009165,36119,850,0.8,18110248.0,6143.2,3354
2024,Property Damage Accident,8:00,2024-06-25,Tuesday,Y,Daylight,HARRISON,REAR END,WESTCHESTER,Straight and Level,Clear,Traffic Signal,Dry,287I87011075,Not Applicable,"Other Motor Vehicle, Collision With",2,1009165,36119,850,0.8,18110248.0,6143.2,3354
2024,Property Damage Accident,12:05,2024-06-25,Tuesday,Y,Daylight,MOUNT PLEASANT,OVERTAKING,WESTCHESTER,Straight and Level,Clear,,Dry,,Not Applicable,"Other Motor Vehicle, Collision With",2,1009165,36119,850,0.8,18110248.0,6143.2,3354
2024,Property Damage Accident,12:45,2024-06-26,Wednesday,Y,Daylight,POUGHKEEPSIE,REAR END,DUTCHESS,Straight and Grade,Clear,Traffic Signal,Dry,44 82021009,Not Applicable,"Other Motor Vehicle, Collision With",2,299256,36027,1695,0.8,5987961.0,3975.0,1300
2024,Property Damage Accident,21:30,2024-06-26,Wednesday,Y,Dark-Road Unlighted,BEEKMAN,OTHER,DUTCHESS,Straight and Grade,Rain,,Wet,55 82032154,Not Applicable,"Tree, Collision With Fixed Object",1,299256,36027,1695,0.8,5987961.0,3975.0,1300
2024,Property Damage Accident,13:30,2024-06-26,Wednesday,Y,Daylight,RED HOOK,OVERTAKING,DUTCHESS,Straight and Level,Clear,,Dry,9 82053207,Not Applicable,"Other Motor Vehicle, Collision With",2,299256,36027,1695,0.8,5987961.0,3975.0,1300
2024,Property Damage & Injury Accident,11:20,2024-06-26,Wednesday,Y,Daylight,LA GRANGE,Unknown,DUTCHESS,Straight at Hill Crest,Clear,Stop Sign,Dry,55 82032048,Not Applicable,"Other Motor Vehicle, Collision With",2,299256,36027,1695,0.8,5987961.0,3975.0,1300
2024,Property Damage & Injury Accident,7:47,2024-06-26,Wednesday,Y,Daylight,MONTGOMERY,RIGHT ANGLE,ORANGE,Straight and Level,Clear,Stop Sign,Dry,17K83011134,Not Applicable,"Sign Post, Collision With Fixed Object",2,415088,36071,4753,2.6,13857119.0,5167.5,1527
2024,Property Damage Accident,11:40,2024-06-26,Wednesday,Y,Daylight,CRAWFORD,Unknown,ORANGE,Straight and Level,Clear,Stop Sign,Dry,,Not Applicable,"Other Motor Vehicle, Collision With",2,415088,36071,4753,2.6,13857119.0,5167.5,1527
2024,Property Damage Accident,16:59,2024-06-26,Wednesday,Y,Daylight,MIDDLETOWN,HEAD ON,ORANGE,Straight and Level,Clear,,Dry,,Not Applicable,"Other Motor Vehicle, Collision With",2,415088,36071,4753,2.6,13857119.0,5167.5,1527
2024,Property Damage Accident,17:10,2024-06-26,Wednesday,Y,Daylight,HIGHLANDS,RIGHT TURN (6),ORANGE,Curve and Level,Clear,,Dry,987C83021007,Not Applicable,"Other Motor Vehicle, Collision With",2,415088,36071,4753,2.6,13857119.0,5167.5,1527
2024,Property Damage Accident,13:35,2024-06-26,Wednesday,Y,Daylight,MONTGOMERY,LEFT TURN (3),ORANGE,Straight and Level,Clear,Stop Sign,Dry,211 83013106,Not Applicable,"Other Motor Vehicle, Collision With",2,415088,36071,4753,2.6,13857119.0,5167.5,1527
2024,Property Damage Accident,21:46,2024-06-26,Wednesday,Y,Dusk,HIGHLANDS,OVERTAKING,ORANGE,Straight and Level,Rain,,Wet,987C83021006,Not Applicable,"Other Motor Vehicle, Collision With",2,415088,36071,4753,2.6,13857119.0,5167.5,1527
2024,Property Damage Accident,13:40,2024-06-26,Wednesday,Y,Daylight,WALLKILL,OTHER,ORANGE,Straight and Level,Clear,,Dry,17 83101047,Not Applicable,"Other Motor Vehicle, Collision With",3,415088,36071,4753,2.6,13857119.0,5167.5,1527
2024,Property Damage Accident,19:35,2024-06-26,Wednesday,Y,Daylight,WALLKILL,OTHER,ORANGE,Straight and Level,Cloudy,,Dry,17 83101089,Not Applicable,"Guide Rail - Not At End, Collision With Fixed Object",1,415088,36071,4753,2.6,13857119.0,5167.5,1527
2024,Property Damage Accident,17:10,2024-06-26,Wednesday,Y,Daylight,MONROE,OTHER,ORANGE,Straight and Level,Cloudy,No Passing Zone,Dry,208 83011008,Not Applicable,"Other Motor Vehicle, Collision With",3,415088,36071,4753,2.6,13857119.0,5167.5,1527
2024,Property Damage Accident,12:10,2024-06-26,Wednesday,Y,Daylight,BLOOMING GROVE,OTHER,ORANGE,Straight and Grade,Cloudy,,Dry,,Not Applicable,"Guide Rail - End, Collision With Fixed Object",1,415088,36071,4753,2.6,13857119.0,5167.5,1527
2024,Property Damage & Injury Accident,15:45,2024-06-26,Wednesday,Y,Daylight,WALLKILL,REAR END,ORANGE,Straight and Level,Cloudy,,Dry,,Not Applicable,"Other Motor Vehicle, Collision With",2,415088,36071,4753,2.6,13857119.0,5167.5,1527
2024,Property Damage Accident,11:51,2024-06-26,Wednesday,Y,Daylight,SOUTHEAST,OVERTAKING,PUTNAM,Straight and Level,Clear,,Dry,84I84031084,Not Applicable,"Other Motor Vehicle, Collision With",2,98842,36079,509,0.7,2746105.0,4089.2,375
2024,Property Damage Accident,14:05,2024-06-26,Wednesday,Y,Daylight,CLARKSTOWN,REAR END,ROCKLAND,Straight and Level,Clear,Stop Sign,Dry,,Not Applicable,"Other Motor Vehicle, Collision With",2,354829,36087,259,0.3,7336134.0,9989.2,886
2024,Property Damage Accident,13:48,2024-06-26,Wednesday,Y,Daylight,SPRING VALLEY,RIGHT ANGLE,ROCKLAND,Straight and Grade,Clear,Stop Sign,Dry,,Not Applicable,"Other Motor Vehicle, Collision With",2,354829,36087,259,0.3,7336134.0,9989.2,886
2024,Property Damage Accident,22:18,2024-06-26,Wednesday,Y,Dark-Road Lighted,SPRING VALLEY,OTHER,ROCKLAND,Straight and Level,Cloudy,Stop Sign,Wet,,Not Applicable,"Other Motor Vehicle, Collision With",3,354829,36087,259,0.3,7336134.0,9989.2,886
2024,Property Damage Accident,7:00,2024-06-26,Wednesday,Y,Daylight,SPRING VALLEY,OTHER,ROCKLAND,Straight and Grade,Clear,Traffic Signal,Dry,59 85011077,Not Applicable,"Other Motor Vehicle, Collision With",3,354829,36087,259,0.3,7336134.0,9989.2,886