year,accident_descriptor,time,date,day_of_week,police_report,lighting_conditions,municipality,collision_type_descriptor,county_name,road_descriptor,weather_conditions,traffic_control_device,road_surface_conditions,dot_reference_marker_location,pedestrian_bicyclist_action,event_descriptor,number_of_vehicles_involved,county_population_2024,county_fips,county_deer_take_2024,county_antlerless_deer_per_sqmi_2024,county_daily_vmt_2019,county_mean_aadt_2019,county_aadt_segments_2019
2024,Property Damage Accident,13:20,2024-06-26,Wednesday,Y,Daylight,RAMAPO,REAR END,ROCKLAND,Straight and Level,Clear,Yield Sign,Dry,45 85011074,Not Applicable,"Other Motor Vehicle, Collision With",2,354829,36087,259,0.3,7336134.0,9989.2,886
2024,Property Damage Accident,17:32,2024-06-26,Wednesday,Y,Daylight,CLARKSTOWN,REAR END,ROCKLAND,Straight and Level,Clear,,Dry,987C85011070,Not Applicable,"Other Motor Vehicle, Collision With",2,354829,36087,259,0.3,7336134.0,9989.2,886
2024,Property Damage Accident,9:00,2024-06-26,Wednesday,Y,Daylight,SPRING VALLEY,OVERTAKING,ROCKLAND,Straight and Level,Clear,,Dry,,Not Applicable,"Other Motor Vehicle, Collision With",2,354829,36087,259,0.3,7336134.0,9989.2,886
2024,Property Damage Accident,13:11,2024-06-26,Wednesday,Y,Daylight,SAUGERTIES,REAR END,ULSTER,Straight and Level,Clear,No Passing Zone,Dry,,Not Applicable,"Other Motor Vehicle, Collision With",2,183095,36111,3565,1.2,6410502.0,3939.4,999
2024,Property Damage Accident,13:51,2024-06-26,Wednesday,Y,Daylight,SAUGERTIES,REAR END,ULSTER,Straight and Level,Clear,No Passing Zone,Dry,,Not Applicable,"Other Motor Vehicle, Collision With",2,183095,36111,3565,1.2,6410502.0,3939.4,999
2024,Property Damage Accident,18:09,2024-06-26,Wednesday,Y,Daylight,ESOPUS,OVERTAKING,ULSTER,Straight and Level,Clear,,Dry,9W86031228,Not Applicable,"Other Motor Vehicle, Collision With",2,183095,36111,3565,1.2,6410502.0,3939.4,999
2024,Property Damage Accident,16:01,2024-06-26,Wednesday,Y,Daylight,YONKERS,OVERTAKING,WESTCHESTER,Straight and Level,Cloudy,,Dry,987D87011044,Not Applicable,"Other Motor Vehicle, Collision With",2,1009165,36119,850,0.8,18110248.0,6143.2,3354
2024,Property Damage Accident,12:10,2024-06-26,Wednesday,Y,Daylight,LEWISBORO,OTHER,WESTCHESTER,Straight and Level,Clear,,Dry,138 87011047,Not Applicable,Deer,1,1009165,36119,850,0.8,18110248.0,6143.2,3354
2024,Property Damage Accident,20:46,2024-06-26,Wednesday,Y,Dark-Road Lighted,PELHAM,RIGHT ANGLE,WESTCHESTER,Straight and Grade,Rain,Stop Sign,Wet,,Not Applicable,"Other Motor Vehicle, Collision With",2,1009165,36119,850,0.8,18110248.0,6143.2,3354
2024,Property Damage Accident,12:45,2024-06-26,Wednesday,Y,Daylight,HARRISON,OVERTAKING,WESTCHESTER,Straight and Level,Clear,Traffic Signal,Dry,,Not Applicable,"Other Motor Vehicle, Collision With",2,1009165,36119,850,0.8,18110248.0,6143.2,3354
2024,Property Damage Accident,9:23,2024-06-26,Wednesday,Y,Daylight,SCARSDALE,REAR END,WESTCHESTER,Curve and Level,Clear,,Dry,907W87023000,Not Applicable,"Other Motor Vehicle, Collision With",2,1009165,36119,850,0.8,18110248.0,6143.2,3354
2024,Property Damage Accident,13:15,2024-06-26,Wednesday,Y,Daylight,GREENBURGH,LEFT TURN (3),WESTCHESTER,Straight and Grade,Clear,Traffic Signal,Dry,100A87011022,Not Applicable,"Other Motor Vehicle, Collision With",2,1009165,36119,850,0.8,18110248.0,6143.2,3354
2024,Property Damage Accident,2:01,2024-06-26,Wednesday,Y,Dark-Road Lighted,MAMARONECK,OTHER,WESTCHESTER,Straight and Grade,Clear,,Dry,,Not Applicable,"Barrier, Collision With Fixed Object",1,1009165,36119,850,0.8,18110248.0,6143.2,3354
2024,Property Damage Accident,10:14,2024-06-26,Wednesday,Y,Daylight,LEWISBORO,OVERTAKING,WESTCHESTER,Curve and Level,Clear,No Passing Zone,Dry,123 87011017,Not Applicable,"Other Motor Vehicle, Collision With",2,1009165,36119,850,0.8,18110248.0,6143.2,3354
2024,Property Damage Accident,16:19,2024-06-26,Wednesday,Y,Daylight,YONKERS,OVERTAKING,WESTCHESTER,Straight and Grade,Cloudy,,Dry,987D87011019,Not Applicable,"Other Motor Vehicle, Collision With",2,1009165,36119,850,0.8,18110248.0,6143.2,3354
2024,Property Damage & Injury Accident,15:30,2024-06-26,Wednesday,Y,Daylight,PORT CHESTER,RIGHT ANGLE,WESTCHESTER,Straight and Level,Clear,,Dry,1 87035008,Not Applicable,"Other Motor Vehicle, Collision With",2,1009165,36119,850,0.8,18110248.0,6143.2,3354
2024,Property Damage & Injury Accident,8:55,2024-06-26,Wednesday,N,Daylight,YONKERS,Unknown,WESTCHESTER,Straight and Level,Clear,,Dry,,Not Applicable,"Other Motor Vehicle, Collision With",2,1009165,36119,850,0.8,18110248.0,6143.2,3354
2024,Property Damage Accident,16:41,2024-06-26,Wednesday,Y,Daylight,PEEKSKILL,OVERTAKING,WESTCHESTER,Straight and Level,Clear,,Dry,,Not Applicable,"Other Motor Vehicle, Collision With",2,1009165,36119,850,0.8,18110248.0,6143.2,3354
2024,Property Damage Accident,21:15,2024-06-26,Wednesday,N,Dark-Road Unlighted,CROTON ON HUDSON,OTHER,WESTCHESTER,Curve and Grade,Rain,,Wet,,Not Applicable,"Other Object (Not Fixed)*, Collision With",1,1009165,36119,850,0.8,18110248.0,6143.2,3354
2024,Property Damage Accident,19:43,2024-06-27,Thursday,Y,Daylight,AMENIA,OTHER,DUTCHESS,Straight and Grade,Clear,,Dry,44 82022225,Not Applicable,Deer,1,299256,36027,1695,0.8,5987961.0,3975.0,1300
2024,Property Damage Accident,18:02,2024-06-27,Thursday,Y,Daylight,LA GRANGE,REAR END,DUTCHESS,Straight and Level,Clear,No Passing Zone,Dry,55 82032058,Not Applicable,"Other Motor Vehicle, Collision With",2,299256,36027,1695,0.8,5987961.0,3975.0,1300
2024,Property Damage Accident,6:00,2024-06-27,Thursday,N,Unknown,RED HOOK,OTHER,DUTCHESS,Unknown,Unknown,Unknown,Unknown,,Not Applicable,Deer,1,299256,36027,1695,0.8,5987961.0,3975.0,1300
2024,Property Damage Accident,15:30,2024-06-27,Thursday,Y,Daylight,RED HOOK,SIDESWIPE,DUTCHESS,Straight and Level,Clear,,Dry,,Not Applicable,"Other Motor Vehicle, Collision With",2,299256,36027,1695,0.8,5987961.0,3975.0,1300
2024,Property Damage Accident,21:12,2024-06-27,Thursday,Y,Dark-Road Lighted,DOVER,OTHER,DUTCHESS,Straight and Level,Clear,RR Crossing Gates,Dry,,Not Applicable,"Railroad Train, Collision With",1,299256,36027,1695,0.8,5987961.0,3975.0,1300
2024,Injury Accident,16:44,2024-06-27,Thursday,Y,Daylight,POUGHKEEPSIE,OTHER,DUTCHESS,Straight and Level,Clear,Stop Sign,Dry,,"Crossing, No Signal or Crosswalk","Bicyclist, Collision With",1,299256,36027,1695,0.8,5987961.0,3975.0,1300
2024,Property Damage Accident,17:50,2024-06-27,Thursday,Y,Daylight,EAST FISHKILL,OTHER,DUTCHESS,Straight and Grade,Clear,,Dry,987G82031086,Not Applicable,"Other Motor Vehicle, Collision With",3,299256,36027,1695,0.8,5987961.0,3975.0,1300
2024,Property Damage Accident,17:42,2024-06-27,Thursday,Y,Daylight,EAST FISHKILL,OTHER,DUTCHESS,Straight and Level,Clear,,Dry,84I82021131,Not Applicable,"Other Motor Vehicle, Collision With",3,299256,36027,1695,0.8,5987961.0,3975.0,1300
2024,Property Damage & Injury Accident,18:50,2024-06-27,Thursday,Y,Daylight,NEWBURGH,OTHER,ORANGE,Straight and Level,Clear,Traffic Signal,Dry,,Not Applicable,"Other Motor Vehicle, Collision With",3,415088,36071,4753,2.6,13857119.0,5167.5,1527
2024,Property Damage Accident,17:49,2024-06-27,Thursday,Y,Daylight,WARWICK,OTHER,ORANGE,Straight and Grade,Clear,,Dry,17A83011086,Not Applicable,Deer,1,415088,36071,4753,2.6,13857119.0,5167.5,1527
2024,Property Damage Accident,23:03,2024-06-27,Thursday,Y,Dark-Road Unlighted,GOSHEN,OVERTAKING,ORANGE,Straight and Level,Clear,,Dry,17 83101111,Not Applicable,"Other Motor Vehicle, Collision With",2,415088,36071,4753,2.6,13857119.0,5167.5,1527
2024,Property Damage Accident,13:30,2024-06-27,Thursday,N,Daylight,WALLKILL,Unknown,ORANGE,Curve and Grade,Clear,,Dry,,Not Applicable,"Other Motor Vehicle, Collision With",2,415088,36071,4753,2.6,13857119.0,5167.5,1527
2024,Property Damage Accident,20:27,2024-06-27,Thursday,Y,Dusk,NEWBURGH,OTHER,ORANGE,Curve and Grade,Cloudy,,Dry,,Not Applicable,"Sign Post, Collision With Fixed Object",1,415088,36071,4753,2.6,13857119.0,5167.5,1527
2024,Property Damage Accident,5:38,2024-06-27,Thursday,Y,Dawn,TUXEDO,OTHER,ORANGE,Curve and Grade,Clear,,Dry,17 83101295,Not Applicable,"Light Support/Utility Pole, Collision With Fixed Object",1,415088,36071,4753,2.6,13857119.0,5167.5,1527
2024,Property Damage Accident,14:40,2024-06-27,Thursday,Y,Daylight,CHESTER,OVERTAKING,ORANGE,Straight at Hill Crest,Clear,,Dry,,Not Applicable,"Other Motor Vehicle, Collision With",2,415088,36071,4753,2.6,13857119.0,5167.5,1527
2024,Property Damage & Injury Accident,19:20,2024-06-27,Thursday,Y,Daylight,WALLKILL,OTHER,ORANGE,Straight and Level,Clear,,Dry,17 83101047,Not Applicable,"Other Fixed Object*, Collision With Fixed Object",1,415088,36071,4753,2.6,13857119.0,5167.5,1527
2024,Property Damage & Injury Accident,17:48,2024-06-27,Thursday,Y,Daylight,WALLKILL,REAR END,ORANGE,Straight and Grade,Clear,,Dry,17 83101016,Not Applicable,"Other Motor Vehicle, Collision With",2,415088,36071,4753,2.6,13857119.0,5167.5,1527
2024,Property Damage & Injury Accident,1:58,2024-06-27,Thursday,Y,Dark-Road Unlighted,CRAWFORD,OTHER,ORANGE,Straight and Level,Rain,,Wet,302 83011055,Not Applicable,"Other Fixed Object*, Collision With Fixed Object",1,415088,36071,4753,2.6,13857119.0,5167.5,1527
2024,Property Damage Accident,14:00,2024-06-27,Thursday,Y,Daylight,WEST HAVERSTRAW,OVERTAKING,ROCKLAND,Straight and Level,Unknown,,Unknown,,Not Applicable,"Other Motor Vehicle, Collision With",2,354829,36087,259,0.3,7336134.0,9989.2,886
2024,Property Damage & Injury Accident,10:17,2024-06-27,Thursday,Y,Daylight,RAMAPO,OTHER,ROCKLAND,Straight and Level,Clear,,Dry,,Not Applicable,"Other Motor Vehicle, Collision With",2,354829,36087,259,0.3,7336134.0,9989.2,886
2024,Property Damage & Injury Accident,6:50,2024-06-27,Thursday,Y,Daylight,SUFFERN,OTHER,ROCKLAND,Straight and Level,Cloudy,,Wet,,Not Applicable,"Tree, Collision With Fixed Object",1,354829,36087,259,0.3,7336134.0,9989.2,886
2024,Injury Accident,10:58,2024-06-27,Thursday,Y,Daylight,KINGSTON,OTHER,ULSTER,Straight and Level,Clear,Stop Sign,Dry,983F86011005,"Crossing, No Signal, Marked Crosswalk",Other Pedestrian,1,183095,36111,3565,1.2,6410502.0,3939.4,999
2024,Property Damage Accident,10:22,2024-06-27,Thursday,Y,Daylight,ULSTER,REAR END,ULSTER,Straight and Level,Clear,Traffic Signal,Dry,,Not Applicable,"Other Motor Vehicle, Collision With",2,183095,36111,3565,1.2,6410502.0,3939.4,999
2024,Property Damage Accident,16:41,2024-06-27,Thursday,Y,Daylight,ROCHESTER,OTHER,ULSTER,Straight and Grade,Clear,No Passing Zone,Dry,,Not Applicable,"Earth Embankment/Rock Cut/Ditch, Collision With Fixed Object",1,183095,36111,3565,1.2,6410502.0,3939.4,999
2024,Property Damage & Injury Accident,14:22,2024-06-27,Thursday,Y,Daylight,LLOYD,RIGHT ANGLE,ULSTER,Straight and Level,Clear,Other,Dry,9W86031090,Not Applicable,"Other Motor Vehicle, Collision With",2,183095,36111,3565,1.2,6410502.0,3939.4,999
2024,Property Damage Accident,17:46,2024-06-27,Thursday,Y,Daylight,YORKTOWN,OVERTAKING,WESTCHESTER,Straight and Level,Clear,,Dry,132 87011028,Not Applicable,"Other Motor Vehicle, Collision With",2,1009165,36119,850,0.8,18110248.0,6143.2,3354
2024,Property Damage Accident,16:16,2024-06-27,Thursday,Y,Daylight,PORT CHESTER,RIGHT TURN (5),WESTCHESTER,Straight and Level,Clear,,Dry,982B87011001,Not Applicable,"Other Motor Vehicle, Collision With",2,1009165,36119,850,0.8,18110248.0,6143.2,3354
2024,Property Damage Accident,8:30,2024-06-27,Thursday,Y,Daylight,CORTLANDT,REAR END,WESTCHESTER,Straight and Level,Clear,Traffic Signal,Dry,9 87034008,Not Applicable,"Other Motor Vehicle, Collision With",2,1009165,36119,850,0.8,18110248.0,6143.2,3354
2024,Property Damage Accident,19:45,2024-06-27,Thursday,Y,Daylight,PEEKSKILL,OVERTAKING,WESTCHESTER,Straight and Level,Clear,No Passing Zone,Dry,6 87032014,Not Applicable,"Other Motor Vehicle, Collision With",2,1009165,36119,850,0.8,18110248.0,6143.2,3354
2024,Property Damage Accident,15:25,2024-06-27,Thursday,Y,Daylight,WHITE PLAINS,OVERTAKING,WESTCHESTER,Straight and Level,Clear,,Dry,22 87023017,Not Applicable,"Other Motor Vehicle, Collision With",2,1009165,36119,850,0.8,18110248.0,6143.2,3354
2024,Property Damage & Injury Accident,18:55,2024-06-27,Thursday,Y,Daylight,YONKERS,OTHER,WESTCHESTER,Straight and Level,Clear,Traffic Signal,Dry,100 87011033,"Crossing, With Signal","Pedestrian, Collision With",1,1009165,36119,850,0.8,18110248.0,6143.2,3354
2024,Property Damage Accident,11:32,2024-06-27,Thursday,Y,Daylight,CORTLANDT,RIGHT ANGLE,WESTCHESTER,Curve and Grade,Clear,No Passing Zone,Dry,,Not Applicable,"Other Motor Vehicle, Collision With",2,1009165,36119,850,0.8,18110248.0,6143.2,3354
2024,Property Damage Accident,17:28,2024-06-27,Thursday,Y,Daylight,YONKERS,OTHER,WESTCHESTER,Straight and Level,Clear,,Dry,9 87031042,Not Applicable,"Other Object (Not Fixed)*, Collision With",1,1009165,36119,850,0.8,18110248.0,6143.2,3354
2024,Property Damage Accident,18:00,2024-06-27,Thursday,Y,Daylight,YONKERS,RIGHT ANGLE,WESTCHESTER,Straight at Hill Crest,Clear,Other,Dry,,Not Applicable,"Other Motor Vehicle, Collision With",2,1009165,36119,850,0.8,18110248.0,6143.2,3354
2024,Property Damage Accident,20:47,2024-06-28,Friday,Y,Dark-Road Lighted,POUGHKEEPSIE,LEFT TURN (3),DUTCHESS,Straight and Level,Clear,Traffic Signal,Dry,,Not Applicable,"Other Motor Vehicle, Collision With",2,299256,36027,1695,0.8,5987961.0,3975.0,1300
2024,Property Damage & Injury Accident,20:00,2024-06-28,Friday,Y,Dusk,POUGHKEEPSIE,RIGHT ANGLE,DUTCHESS,Straight and Level,Cloudy,Traffic Signal,Dry,44 82021011,Not Applicable,"Other Motor Vehicle, Collision With",2,299256,36027,1695,0.8,5987961.0,3975.0,1300
2024,Property Damage Accident,2:02,2024-06-28,Friday,Y,Daylight,EAST FISHKILL,OTHER,DUTCHESS,Curve at Hill Crest,Clear,RR Crossing Sign,Dry,,Not Applicable,"Sign Post, Collision With Fixed Object",1,299256,36027,1695,0.8,5987961.0,3975.0,1300
2024,Property Damage & Injury Accident,15:15,2024-06-28,Friday,Y,Daylight,EAST FISHKILL,LEFT TURN (3),DUTCHESS,Straight and Level,Clear,,Dry,987G82031032,Not Applicable,"Other Motor Vehicle, Collision With",2,299256,36027,1695,0.8,5987961.0,3975.0,1300
2024,Property Damage Accident,17:58,2024-06-28,Friday,Y,Daylight,LA GRANGE,LEFT TURN (3),DUTCHESS,Straight and Level,Clear,Stop Sign,Dry,,Not Applicable,"Other Motor Vehicle, Collision With",2,299256,36027,1695,0.8,5987961.0,3975.0,1300
2024,Property Damage Accident,17:42,2024-06-28,Friday,Y,Daylight,POUGHKEEPSIE,RIGHT TURN (5),DUTCHESS,Straight and Level,Clear,Stop Sign,Dry,,Not Applicable,"Other Motor Vehicle, Collision With",2,299256,36027,1695,0.8,5987961.0,3975.0,1300
2024,Property Damage Accident,18:16,2024-06-28,Friday,Y,Daylight,WOODBURY,REAR END,ORANGE,Straight and Level,Clear,,Dry,,Not Applicable,"Other Motor Vehicle, Collision With",2,415088,36071,4753,2.6,13857119.0,5167.5,1527
2024,Property Damage Accident,13:00,2024-06-28,Friday,Y,Daylight,WALLKILL,OTHER,ORANGE,Straight and Level,Clear,,Dry,84I83011247,Not Applicable,"Other Motor Vehicle, Collision With",2,415088,36071,4753,2.6,13857119.0,5167.5,1527
2024,Property Damage Accident,6:40,2024-06-28,Friday,Y,Daylight,NEWBURGH,RIGHT ANGLE,ORANGE,Straight and Grade,Clear,Traffic Signal,Dry,9W83022017,Not Applicable,"Other Motor Vehicle, Collision With",2,415088,36071,4753,2.6,13857119.0,5167.5,1527
2024,Property Damage & Injury Accident,23:25,2024-06-28,Friday,Y,Dark-Road Unlighted,WALLKILL,OTHER,ORANGE,Straight and Level,Clear,,Dry,84I83011218,Not Applicable,Deer,1,415088,36071,4753,2.6,13857119.0,5167.5,1527
2024,Property Damage Accident,14:02,2024-06-28,Friday,Y,Daylight,WOODBURY,OTHER,ORANGE,Straight and Level,Clear,Traffic Signal,Dry,17 83101260,Not Applicable,"Other Motor Vehicle, Collision With",2,415088,36071,4753,2.6,13857119.0,5167.5,1527
2024,Property Damage Accident,16:38,2024-06-28,Friday,Y,Daylight,SOUTHEAST,OVERTAKING,PUTNAM,Straight and Level,Clear,Traffic Signal,Dry,,Not Applicable,"Other Motor Vehicle, Collision With",2,98842,36079,509,0.7,2746105.0,4089.2,375
2024,Property Damage Accident,11:51,2024-06-28,Friday,Y,Daylight,WESLEY HILLS,LEFT TURN (3),ROCKLAND,Straight and Level,Clear,Yield Sign,Dry,,Not Applicable,"Other Motor Vehicle, Collision With",2,354829,36087,259,0.3,7336134.0,9989.2,886
2024,Property Damage Accident,20:50,2024-06-28,Friday,Y,Dusk,RAMAPO,RIGHT ANGLE,ROCKLAND,Straight and Level,Clear,,Dry,45 85011044,Not Applicable,"Other Motor Vehicle, Collision With",2,354829,36087,259,0.3,7336134.0,9989.2,886
2024,Property Damage Accident,12:24,2024-06-28,Friday,Y,Daylight,CHESTNUT RIDGE,OVERTAKING,ROCKLAND,Straight and Level,Clear,,Dry,,Not Applicable,"Other Motor Vehicle, Collision With",2,354829,36087,259,0.3,7336134.0,9989.2,886
2024,Property Damage Accident,15:39,2024-06-28,Friday,Y,Daylight,RAMAPO,LEFT TURN (3),ROCKLAND,Straight and Level,Clear,Traffic Signal,Dry,202 85011081,Not Applicable,"Other Motor Vehicle, Collision With",2,354829,36087,259,0.3,7336134.0,9989.2,886
2024,Injury Accident,17:09,2024-06-28,Friday,Y,Daylight,RAMAPO,OTHER,ROCKLAND,Straight and Grade,Clear,,Dry,,"Crossing, No Signal or Crosswalk","Pedestrian, Collision With",1,354829,36087,259,0.3,7336134.0,9989.2,886
2024,Property Damage Accident,16:05,2024-06-28,Friday,Y,Daylight,,Unknown,ROCKLAND,Straight and Level,Clear,,Dry,59 85011041,Not Applicable,"Other Motor Vehicle, Collision With",2,354829,36087,259,0.3,7336134.0,9989.2,886
2024,Property Damage Accident,23:30,2024-06-28,Friday,Y,Dark-Road Lighted,,OTHER,ROCKLAND,Curve and Grade,Clear,,Dry,,Not Applicable,"Other Object (Not Fixed)*, Collision With",1,354829,36087,259,0.3,7336134.0,9989.2,886
2024,Property Damage Accident,7:00,2024-06-28,Friday,Y,Daylight,LLOYD,REAR END,ULSTER,Straight and Level,Clear,Traffic Signal,Dry,,Not Applicable,"Other Motor Vehicle, Collision With",2,183095,36111,3565,1.2,6410502.0,3939.4,999
2024,Property Damage Accident,11:18,2024-06-28,Friday,Y,Daylight,LLOYD,OTHER,ULSTER,Straight and Level,Clear,No Passing Zone,Dry,9W86031075,Not Applicable,Deer,1,183095,36111,3565,1.2,6410502.0,3939.4,999
2024,Property Damage & Injury Accident,15:06,2024-06-28,Friday,Y,Daylight,ULSTER,OTHER,ULSTER,Straight and Level,Clear,,Dry,199 86011000,Not Applicable,"Other Motor Vehicle, Collision With",3,183095,36111,3565,1.2,6410502.0,3939.4,999
2024,Property Damage Accident,11:10,2024-06-28,Friday,Y,Daylight,KINGSTON,RIGHT ANGLE,ULSTER,Curve and Level,Clear,Yield Sign,Dry,,Not Applicable,"Other Motor Vehicle, Collision With",2,183095,36111,3565,1.2,6410502.0,3939.4,999
2024,Property Damage Accident,21:30,2024-06-28,Friday,Y,Dark-Road Unlighted,SHANDAKEN,OTHER,ULSTER,Straight and Level,Cloudy,No Passing Zone,Dry,28 86012269,Not Applicable,"Animal, Collision With",1,183095,36111,3565,1.2,6410502.0,3939.4,999
2024,Property Damage Accident,8:15,2024-06-28,Friday,Y,Daylight,WAWARSING,RIGHT ANGLE,ULSTER,Straight and Level,Clear,No Passing Zone,Dry,52 86021048,Not Applicable,"Other Motor Vehicle, Collision With",2,183095,36111,3565,1.2,6410502.0,3939.4,999
2024,Property Damage Accident,13:15,2024-06-28,Friday,Y,Daylight,CROTON ON HUDSON,SIDESWIPE,WESTCHESTER,Straight and Level,Clear,No Passing Zone,Dry,9A87032192,Not Applicable,"Other Motor Vehicle, Collision With",2,1009165,36119,850,0.8,18110248.0,6143.2,3354
2024,Property Damage Accident,23:05,2024-06-28,Friday,Y,Dark-Road Unlighted,BEDFORD,OTHER,WESTCHESTER,Curve and Level,Clear,,Dry,,Not Applicable,"Tree, Collision With Fixed Object",1,1009165,36119,850,0.8,18110248.0,6143.2,3354
2024,Property Damage & Injury Accident,23:35,2024-06-28,Friday,Y,Dark-Road Unlighted,YONKERS,OTHER,WESTCHESTER,Straight and Level,Clear,,Dry,987F87011008,Not Applicable,"Guide Rail - Not At End, Collision With Fixed Object",1,1009165,36119,850,0.8,18110248.0,6143.2,3354
2024,Property Damage & Injury Accident,0:00,2024-06-28,Friday,N,Daylight,IRVINGTON,OTHER,WESTCHESTER,Curve and Grade,Clear,,Dry,,Not Applicable,"Curbing, Collision With Fixed Object",1,1009165,36119,850,0.8,18110248.0,6143.2,3354
2024,Property Damage Accident,14:52,2024-06-28,Friday,Y,Daylight,PLEASANTVILLE,OTHER,WESTCHESTER,Straight and Level,Clear,Unknown,Dry,,Not Applicable,"Other Motor Vehicle, Collision With",3,1009165,36119,850,0.8,18110248.0,6143.2,3354
2024,Property Damage Accident,9:58,2024-06-28,Friday,Y,Daylight,NEW ROCHELLE,RIGHT ANGLE,WESTCHESTER,Straight and Level,Clear,Traffic Signal,Dry,1 87032004,Not Applicable,"Other Motor Vehicle, Collision With",2,1009165,36119,850,0.8,18110248.0,6143.2,3354
2024,Property Damage Accident,17:23,2024-06-28,Friday,Y,Daylight,DOBBS FERRY,REAR END,WESTCHESTER,Straight and Level,Clear,Yield Sign,Dry,,Not Applicable,"Other Motor Vehicle, Collision With",2,1009165,36119,850,0.8,18110248.0,6143.2,3354
2024,Property Damage Accident,21:19,2024-06-28,Friday,Y,Dark-Road Unlighted,BEDFORD,OTHER,WESTCHESTER,Straight and Level,Cloudy,,Dry,987D87012212,Not Applicable,"Curbing, Collision With Fixed Object",1,1009165,36119,850,0.8,18110248.0,6143.2,3354
2024,Property Damage Accident,17:03,2024-06-28,Friday,Y,Daylight,PELHAM MANOR,OVERTAKING,WESTCHESTER,Straight and Level,Clear,Traffic Signal,Dry,1 87031000,Not Applicable,"Other Motor Vehicle, Collision With",2,1009165,36119,850,0.8,18110248.0,6143.2,3354
2024,Property Damage Accident,18:00,2024-06-28,Friday,Y,Daylight,PEEKSKILL,REAR END,WESTCHESTER,Straight and Level,Clear,,Dry,,Not Applicable,"Other Motor Vehicle, Collision With",2,1009165,36119,850,0.8,18110248.0,6143.2,3354
2024,Property Damage Accident,12:10,2024-06-28,Friday,N,Daylight,BEDFORD,Unknown,WESTCHESTER,Straight and Level,Clear,Stop Sign,Dry,172 87011033,Not Applicable,"Other Motor Vehicle, Collision With",2,1009165,36119,850,0.8,18110248.0,6143.2,3354
2024,Property Damage Accident,21:59,2024-06-28,Friday,Y,Dark-Road Unlighted,YONKERS,OTHER,WESTCHESTER,Straight and Level,Clear,Stop Sign,Dry,,Not Applicable,"Other Motor Vehicle, Collision With",2,1009165,36119,850,0.8,18110248.0,6143.2,3354
2024,Property Damage Accident,16:54,2024-06-28,Friday,Y,Daylight,WHITE PLAINS,LEFT TURN (0),WESTCHESTER,Straight at Hill Crest,Clear,,Dry,125 87012015,Not Applicable,"Other Motor Vehicle, Collision With",2,1009165,36119,850,0.8,18110248.0,6143.2,3354
2024,Property Damage Accident,15:09,2024-06-28,Friday,Y,Daylight,NEW CASTLE,OVERTAKING,WESTCHESTER,Straight and Level,Clear,Traffic Signal,Dry,987D87012171,Not Applicable,"Other Motor Vehicle, Collision With",2,1009165,36119,850,0.8,18110248.0,6143.2,3354
2024,Property Damage Accident,14:00,2024-06-28,Friday,Y,Daylight,ELMSFORD,REAR END,WESTCHESTER,Straight and Level,Clear,,Dry,119 87011023,Not Applicable,"Other Motor Vehicle, Collision With",2,1009165,36119,850,0.8,18110248.0,6143.2,3354
2024,Property Damage & Injury Accident,10:23,2024-06-28,Friday,Y,Daylight,YONKERS,OTHER,WESTCHESTER,Curve and Grade,Clear,,Dry,,Not Applicable,"Tree, Collision With Fixed Object",4,1009165,36119,850,0.8,18110248.0,6143.2,3354
2024,Property Damage & Injury Accident,8:00,2024-06-29,Saturday,Y,Daylight,WAPPINGER,OTHER,DUTCHESS,Straight and Level,Cloudy,,Dry,9D82033041,Not Applicable,"Light Support/Utility Pole, Collision With Fixed Object",1,299256,36027,1695,0.8,5987961.0,3975.0,1300
2024,Injury Accident,4:03,2024-06-29,Saturday,Y,Dark-Road Lighted,POUGHKEEPSIE,OTHER,DUTCHESS,Straight and Level,Cloudy,Traffic Signal,Dry,,"Crossing, Against Signal","Bicyclist, Collision With",1,299256,36027,1695,0.8,5987961.0,3975.0,1300
2024,Property Damage Accident,15:13,2024-06-29,Saturday,Y,Daylight,WAPPINGER,OTHER,DUTCHESS,Straight and Level,Cloudy,No Passing Zone,Dry,376 82011065,Not Applicable,Deer,1,299256,36027,1695,0.8,5987961.0,3975.0,1300
2024,Property Damage Accident,16:40,2024-06-29,Saturday,Y,Daylight,FISHKILL,RIGHT ANGLE,DUTCHESS,Straight and Level,Clear,,Dry,52 82042051,Not Applicable,"Other Motor Vehicle, Collision With",2,299256,36027,1695,0.8,5987961.0,3975.0,1300
2024,Property Damage Accident,14:34,2024-06-29,Saturday,Y,Daylight,NEW WINDSOR,OTHER,ORANGE,Straight and Level,Cloudy,,Dry,,Not Applicable,"Other Fixed Object*, Collision With Fixed Object",1,415088,36071,4753,2.6,13857119.0,5167.5,1527
2024,Property Damage & Injury Accident,13:06,2024-06-29,Saturday,Y,Daylight,CHESTER,OTHER,ORANGE,Curve and Level,Clear,,Dry,94 83011158,Not Applicable,"Other Fixed Object*, Collision With Fixed Object",1,415088,36071,4753,2.6,13857119.0,5167.5,1527
2024,Property Damage Accident,17:51,2024-06-29,Saturday,Y,Daylight,WALLKILL,OTHER,ORANGE,Straight and Level,Rain,,Wet,,Not Applicable,"Other*, Non-Collision",1,415088,36071,4753,2.6,13857119.0,5167.5,1527