year,accident_descriptor,time,date,day_of_week,police_report,lighting_conditions,municipality,collision_type_descriptor,county_name,road_descriptor,weather_conditions,traffic_control_device,road_surface_conditions,dot_reference_marker_location,pedestrian_bicyclist_action,event_descriptor,number_of_vehicles_involved,county_population_2024,county_fips,county_deer_take_2024,county_antlerless_deer_per_sqmi_2024,county_daily_vmt_2019,county_mean_aadt_2019,county_aadt_segments_2019
2024,Property Damage Accident,13:45,2024-06-29,Saturday,Y,Daylight,MONROE,RIGHT TURN (6),ORANGE,Straight and Grade,Cloudy,,Dry,,Not Applicable,"Other Motor Vehicle, Collision With",2,415088,36071,4753,2.6,13857119.0,5167.5,1527
2024,Property Damage Accident,13:12,2024-06-29,Saturday,Y,Daylight,NEWBURGH,SIDESWIPE,ORANGE,Curve and Level,Cloudy,,Dry,,Not Applicable,"Other Motor Vehicle, Collision With",2,415088,36071,4753,2.6,13857119.0,5167.5,1527
2024,Property Damage Accident,20:54,2024-06-29,Saturday,Y,Dark-Road Unlighted,TUXEDO,OTHER,ORANGE,Curve and Grade,Rain,,Wet,17A83011208,Not Applicable,"Ran Off Roadway Only, Non-Collision",1,415088,36071,4753,2.6,13857119.0,5167.5,1527
2024,Property Damage Accident,6:10,2024-06-29,Saturday,Y,Daylight,MOUNT HOPE,OTHER,ORANGE,Curve and Level,Clear,No Passing Zone,Dry,,Not Applicable,Deer,1,415088,36071,4753,2.6,13857119.0,5167.5,1527
2024,Property Damage Accident,16:46,2024-06-29,Saturday,Y,Daylight,SPRING VALLEY,LEFT TURN (3),ROCKLAND,Straight and Level,Clear,,Dry,,Not Applicable,"Other Motor Vehicle, Collision With",2,354829,36087,259,0.3,7336134.0,9989.2,886
2024,Property Damage Accident,21:10,2024-06-29,Saturday,Y,Dark-Road Lighted,CLARKSTOWN,RIGHT ANGLE,ROCKLAND,Straight and Grade,Clear,Traffic Signal,Dry,59 85011085,Not Applicable,"Other Motor Vehicle, Collision With",2,354829,36087,259,0.3,7336134.0,9989.2,886
2024,Property Damage Accident,17:49,2024-06-29,Saturday,Y,Daylight,SPRING VALLEY,OTHER,ROCKLAND,Straight and Level,Clear,Traffic Signal,Dry,45 85011033,Not Applicable,"Other Motor Vehicle, Collision With",3,354829,36087,259,0.3,7336134.0,9989.2,886
2024,Property Damage & Injury Accident,16:27,2024-06-29,Saturday,Y,Daylight,CLARKSTOWN,HEAD ON,ROCKLAND,Straight and Level,Cloudy,,Dry,,Not Applicable,"Other Motor Vehicle, Collision With",2,354829,36087,259,0.3,7336134.0,9989.2,886
2024,Property Damage Accident,22:00,2024-06-29,Saturday,Y,Dark-Road Lighted,SPRING VALLEY,SIDESWIPE,ROCKLAND,Straight and Level,Cloudy,,Wet,45 85011033,Not Applicable,"Other Motor Vehicle, Collision With",2,354829,36087,259,0.3,7336134.0,9989.2,886
2024,Property Damage Accident,23:19,2024-06-29,Saturday,Y,Dark-Road Lighted,PELHAM,OTHER,WESTCHESTER,Straight and Level,Clear,Traffic Signal,Dry,,Not Applicable,"Other Motor Vehicle, Collision With",3,1009165,36119,850,0.8,18110248.0,6143.2,3354
2024,Property Damage & Injury Accident,19:33,2024-06-29,Saturday,Y,Daylight,PORT CHESTER,REAR END,WESTCHESTER,Straight and Level,Clear,,Dry,,Not Applicable,"Other Motor Vehicle, Collision With",2,1009165,36119,850,0.8,18110248.0,6143.2,3354
2024,Property Damage Accident,17:34,2024-06-29,Saturday,Y,Daylight,NORTH CASTLE,OVERTAKING,WESTCHESTER,Straight and Level,Cloudy,,Dry,684I87011091,Not Applicable,"Other Motor Vehicle, Collision With",2,1009165,36119,850,0.8,18110248.0,6143.2,3354
2024,Property Damage Accident,12:38,2024-06-29,Saturday,Y,Daylight,GREENBURGH,OTHER,WESTCHESTER,Straight and Grade,Clear,,Dry,987F87012031,Not Applicable,"Tree, Collision With Fixed Object",1,1009165,36119,850,0.8,18110248.0,6143.2,3354
2024,Property Damage & Injury Accident,2:30,2024-06-29,Saturday,Y,Dark-Road Lighted,PEEKSKILL,RIGHT ANGLE,WESTCHESTER,Straight and Grade,Clear,Traffic Signal,Dry,,Not Applicable,"Other Motor Vehicle, Collision With",2,1009165,36119,850,0.8,18110248.0,6143.2,3354
2024,Property Damage Accident,23:30,2024-06-29,Saturday,Y,Dark-Road Lighted,CORTLANDT,OVERTAKING,WESTCHESTER,Curve and Level,Clear,,Dry,9 87033014,Not Applicable,"Other Motor Vehicle, Collision With",2,1009165,36119,850,0.8,18110248.0,6143.2,3354
2024,Property Damage & Injury Accident,11:21,2024-06-29,Saturday,Y,Daylight,GREENBURGH,OVERTAKING,WESTCHESTER,Straight and Level,Cloudy,,Dry,119 87011036,Not Applicable,"Other Motor Vehicle, Collision With",2,1009165,36119,850,0.8,18110248.0,6143.2,3354
2024,Property Damage Accident,10:12,2024-06-29,Saturday,Y,Daylight,YONKERS,SIDESWIPE,WESTCHESTER,Straight and Grade,Cloudy,Stop Sign,Dry,,Not Applicable,"Other Motor Vehicle, Collision With",2,1009165,36119,850,0.8,18110248.0,6143.2,3354
2024,Property Damage Accident,15:50,2024-06-29,Saturday,Y,Daylight,PEEKSKILL,OVERTAKING,WESTCHESTER,Straight and Level,Clear,,Dry,,Not Applicable,"Other Motor Vehicle, Collision With",2,1009165,36119,850,0.8,18110248.0,6143.2,3354
2024,Property Damage & Injury Accident,2:25,2024-06-30,Sunday,Y,Dark-Road Unlighted,BEEKMAN,OTHER,DUTCHESS,Straight and Level,Clear,,Dry,55 82032112,Not Applicable,"Light Support/Utility Pole, Collision With Fixed Object",1,299256,36027,1695,0.8,5987961.0,3975.0,1300
2024,Property Damage Accident,12:30,2024-06-30,Sunday,Y,Daylight,PLEASANT VALLEY,OTHER,DUTCHESS,Straight and Level,Rain,,Wet,987G82031188,Not Applicable,"Tree, Collision With Fixed Object",1,299256,36027,1695,0.8,5987961.0,3975.0,1300
2024,Property Damage Accident,12:34,2024-06-30,Sunday,Y,Daylight,FISHKILL,OTHER,DUTCHESS,Straight and Level,Cloudy,,Dry,84I82021128,Not Applicable,"Other Object (Not Fixed)*, Collision With",1,299256,36027,1695,0.8,5987961.0,3975.0,1300
2024,Property Damage Accident,12:26,2024-06-30,Sunday,Y,Daylight,PLEASANT VALLEY,OTHER,DUTCHESS,Straight and Grade,Rain,,Wet,987G82031186,Not Applicable,"Tree, Collision With Fixed Object",1,299256,36027,1695,0.8,5987961.0,3975.0,1300
2024,Property Damage Accident,12:46,2024-06-30,Sunday,Y,Daylight,LA GRANGE,REAR END,DUTCHESS,Straight and Grade,Rain,Traffic Signal,Wet,,Not Applicable,"Other Motor Vehicle, Collision With",2,299256,36027,1695,0.8,5987961.0,3975.0,1300
2024,Property Damage Accident,15:15,2024-06-30,Sunday,Y,Daylight,NEWBURGH,REAR END,ORANGE,Straight and Level,Rain,Traffic Signal,Wet,9W83022011,Not Applicable,"Other Motor Vehicle, Collision With",2,415088,36071,4753,2.6,13857119.0,5167.5,1527
2024,Property Damage Accident,20:28,2024-06-30,Sunday,Y,Daylight,WAWAYANDA,LEFT TURN (3),ORANGE,Straight and Level,Clear,Stop Sign,Dry,,Not Applicable,"Other Motor Vehicle, Collision With",2,415088,36071,4753,2.6,13857119.0,5167.5,1527
2024,Property Damage Accident,16:21,2024-06-30,Sunday,Y,Daylight,GOSHEN,OTHER,ORANGE,Curve and Level,Clear,,Wet,17M83013096,Not Applicable,"Other Object (Not Fixed)*, Collision With",1,415088,36071,4753,2.6,13857119.0,5167.5,1527
2024,Property Damage Accident,3:57,2024-06-30,Sunday,Y,Dusk,NEWBURGH,LEFT TURN (3),ORANGE,Straight and Level,Clear,,Dry,,Not Applicable,"Other Motor Vehicle, Collision With",2,415088,36071,4753,2.6,13857119.0,5167.5,1527
2024,Property Damage Accident,8:50,2024-06-30,Sunday,Y,Daylight,MONTEBELLO,OTHER,ROCKLAND,Curve and Level,Clear,,Dry,202 85011022,Not Applicable,"Guide Rail - Not At End, Collision With Fixed Object",1,354829,36087,259,0.3,7336134.0,9989.2,886
2024,Property Damage Accident,16:00,2024-06-30,Sunday,Y,Daylight,CLARKSTOWN,OVERTAKING,ROCKLAND,Straight and Level,Cloudy,,Wet,,Not Applicable,"Other Motor Vehicle, Collision With",2,354829,36087,259,0.3,7336134.0,9989.2,886
2024,Property Damage Accident,18:22,2024-06-30,Sunday,Y,Daylight,WEST HAVERSTRAW,OVERTAKING,ROCKLAND,Straight and Level,Clear,,Dry,,Not Applicable,"Other Motor Vehicle, Collision With",2,354829,36087,259,0.3,7336134.0,9989.2,886
2024,Property Damage Accident,23:22,2024-06-30,Sunday,Y,Dark-Road Lighted,RAMAPO,RIGHT ANGLE,ROCKLAND,Straight and Level,Cloudy,Stop Sign,Wet,,Not Applicable,"Other Motor Vehicle, Collision With",2,354829,36087,259,0.3,7336134.0,9989.2,886
2024,Property Damage Accident,13:47,2024-06-30,Sunday,Y,Daylight,RAMAPO,OVERTAKING,ROCKLAND,Straight and Level,Rain,,Wet,,Not Applicable,"Other Motor Vehicle, Collision With",2,354829,36087,259,0.3,7336134.0,9989.2,886
2024,Property Damage Accident,0:00,2024-06-30,Sunday,N,Daylight,SPRING VALLEY,Unknown,ROCKLAND,Straight and Level,Clear,,Dry,,Not Applicable,"Other Motor Vehicle, Collision With",2,354829,36087,259,0.3,7336134.0,9989.2,886
2024,Property Damage & Injury Accident,16:34,2024-06-30,Sunday,Y,Daylight,RAMAPO,RIGHT ANGLE,ROCKLAND,Straight and Level,Rain,Stop Sign,Wet,,Not Applicable,"Other Motor Vehicle, Collision With",2,354829,36087,259,0.3,7336134.0,9989.2,886
2024,Property Damage Accident,12:30,2024-06-30,Sunday,Y,Daylight,ULSTER,LEFT TURN (3),ULSTER,Straight and Level,Cloudy,,Wet,,Not Applicable,"Other Motor Vehicle, Collision With",2,183095,36111,3565,1.2,6410502.0,3939.4,999
2024,Property Damage Accident,14:30,2024-06-30,Sunday,Y,Daylight,WAWARSING,RIGHT ANGLE,ULSTER,Straight and Level,Clear,,Dry,55 86021111,Not Applicable,"Other Motor Vehicle, Collision With",2,183095,36111,3565,1.2,6410502.0,3939.4,999
2024,Property Damage Accident,15:52,2024-06-30,Sunday,Y,Daylight,KINGSTON,RIGHT ANGLE,ULSTER,Straight and Level,Clear,Traffic Signal,Dry,32 86022027,Not Applicable,"Other Motor Vehicle, Collision With",2,183095,36111,3565,1.2,6410502.0,3939.4,999
2024,Property Damage Accident,15:25,2024-06-30,Sunday,Y,Daylight,TARRYTOWN,REAR END,WESTCHESTER,Straight and Level,Rain,,Wet,119 87011000,Not Applicable,"Other Motor Vehicle, Collision With",2,1009165,36119,850,0.8,18110248.0,6143.2,3354
2024,Property Damage Accident,21:55,2024-06-30,Sunday,Y,Dark-Road Lighted,RYE,OTHER,WESTCHESTER,Curve and Level,Clear,,Dry,,Not Applicable,"Fence, Collision With Fixed Object",1,1009165,36119,850,0.8,18110248.0,6143.2,3354
2024,Property Damage Accident,5:01,2024-06-30,Sunday,Y,Dawn,MAMARONECK,REAR END,WESTCHESTER,Straight and Grade,Cloudy,,Wet,,Not Applicable,"Other Motor Vehicle, Collision With",2,1009165,36119,850,0.8,18110248.0,6143.2,3354
2024,Property Damage & Injury Accident,16:19,2024-06-30,Sunday,Y,Daylight,NEW ROCHELLE,REAR END,WESTCHESTER,Straight and Level,Rain,,Wet,,Not Applicable,"Other Motor Vehicle, Collision With",2,1009165,36119,850,0.8,18110248.0,6143.2,3354
2024,Property Damage & Injury Accident,16:42,2024-06-30,Sunday,Y,Daylight,MAMARONECK,REAR END,WESTCHESTER,Curve and Level,Cloudy,,Wet,,Not Applicable,"Other Motor Vehicle, Collision With",2,1009165,36119,850,0.8,18110248.0,6143.2,3354
2024,Property Damage Accident,2:11,2024-06-30,Sunday,Y,Dark-Road Lighted,WHITE PLAINS,LEFT TURN (3),WESTCHESTER,Straight and Level,Rain,,Wet,,Not Applicable,"Other Motor Vehicle, Collision With",2,1009165,36119,850,0.8,18110248.0,6143.2,3354
2024,Property Damage Accident,5:20,2024-06-30,Sunday,Y,Dawn,TUCKAHOE,OTHER,WESTCHESTER,Straight and Level,Cloudy,Traffic Signal,Wet,22 87022011,Not Applicable,"Light Support/Utility Pole, Collision With Fixed Object",1,1009165,36119,850,0.8,18110248.0,6143.2,3354
2024,Property Damage Accident,7:35,2024-07-01,Monday,Y,Daylight,RHINEBECK,OTHER,DUTCHESS,Straight and Level,Clear,,Dry,308 82011001,Not Applicable,"Other Motor Vehicle, Collision With",2,299256,36027,1695,0.8,5987961.0,3975.0,1300
2024,Property Damage Accident,13:22,2024-07-01,Monday,Y,Daylight,POUGHKEEPSIE,RIGHT ANGLE,DUTCHESS,Straight and Level,Clear,,Dry,44 82022002,Not Applicable,"Other Motor Vehicle, Collision With",2,299256,36027,1695,0.8,5987961.0,3975.0,1300
2024,Property Damage Accident,5:54,2024-07-01,Monday,Y,Daylight,EAST FISHKILL,OTHER,DUTCHESS,Straight and Level,Clear,,Dry,84I82021125,Not Applicable,"Other Object (Not Fixed)*, Collision With",1,299256,36027,1695,0.8,5987961.0,3975.0,1300
2024,Property Damage Accident,8:02,2024-07-01,Monday,Y,Daylight,MONTGOMERY,OVERTAKING,ORANGE,Straight and Level,Cloudy,Traffic Signal,Dry,416 83011036,Not Applicable,"Other Motor Vehicle, Collision With",2,415088,36071,4753,2.6,13857119.0,5167.5,1527
2024,Property Damage & Injury Accident,13:43,2024-07-01,Monday,Y,Daylight,NEWBURGH,OTHER,ORANGE,Straight and Level,Clear,Traffic Signal,Dry,32 83013009,Not Applicable,"Other Motor Vehicle, Collision With",3,415088,36071,4753,2.6,13857119.0,5167.5,1527
2024,Property Damage Accident,12:00,2024-07-01,Monday,N,Daylight,DEERPARK,OTHER,ORANGE,Straight and Level,Clear,Unknown,Dry,209 83012032,Not Applicable,"Other Object (Not Fixed)*, Collision With",1,415088,36071,4753,2.6,13857119.0,5167.5,1527
2024,Property Damage Accident,14:40,2024-07-01,Monday,Y,Daylight,HIGHLANDS,RIGHT TURN (6),ORANGE,Curve and Level,Clear,,Dry,9W83021001,Not Applicable,"Other Motor Vehicle, Collision With",2,415088,36071,4753,2.6,13857119.0,5167.5,1527
2024,Property Damage Accident,4:03,2024-07-01,Monday,Y,Dark-Road Lighted,WOODBURY,OTHER,ORANGE,Straight and Level,Clear,Unknown,Dry,32 83011054,Not Applicable,"Other Motor Vehicle, Collision With",2,415088,36071,4753,2.6,13857119.0,5167.5,1527
2024,Property Damage Accident,8:09,2024-07-01,Monday,Y,Daylight,NEWBURGH,REAR END,ORANGE,Straight and Level,Clear,,Dry,84I83011353,Not Applicable,"Other Motor Vehicle, Collision With",2,415088,36071,4753,2.6,13857119.0,5167.5,1527
2024,Property Damage Accident,17:47,2024-07-01,Monday,Y,Daylight,CORNWALL,REAR END,ORANGE,Curve and Grade,Clear,,Dry,9W83021092,Not Applicable,"Other Motor Vehicle, Collision With",2,415088,36071,4753,2.6,13857119.0,5167.5,1527
2024,Property Damage Accident,16:00,2024-07-01,Monday,Y,Daylight,CARMEL,OTHER,PUTNAM,Curve and Level,Clear,,Dry,987G84021045,Not Applicable,"Tree, Collision With Fixed Object",1,98842,36079,509,0.7,2746105.0,4089.2,375
2024,Property Damage Accident,16:30,2024-07-01,Monday,Y,Daylight,PUTNAM VALLEY,REAR END,PUTNAM,Straight and Level,Clear,Stop Sign,Dry,,Not Applicable,"Other Motor Vehicle, Collision With",2,98842,36079,509,0.7,2746105.0,4089.2,375
2024,Property Damage & Injury Accident,16:02,2024-07-01,Monday,Y,Daylight,HAVERSTRAW,OTHER,ROCKLAND,Straight at Hill Crest,Clear,,Dry,,Not Applicable,"Other Motor Vehicle, Collision With",4,354829,36087,259,0.3,7336134.0,9989.2,886
2024,Property Damage Accident,5:56,2024-07-01,Monday,Y,Daylight,CLARKSTOWN,REAR END,ROCKLAND,Straight and Level,Clear,,Dry,59 85011084,Not Applicable,"Other Motor Vehicle, Collision With",2,354829,36087,259,0.3,7336134.0,9989.2,886
2024,Property Damage Accident,9:00,2024-07-01,Monday,Y,Daylight,SUFFERN,OTHER,ROCKLAND,Straight and Level,Clear,,Dry,202 85011009,Not Applicable,"Other Fixed Object*, Collision With Fixed Object",2,354829,36087,259,0.3,7336134.0,9989.2,886
2024,Property Damage Accident,21:07,2024-07-01,Monday,Y,Dark-Road Unlighted,SAUGERTIES,OTHER,ULSTER,Straight and Level,Cloudy,No Passing Zone,Dry,32 86023061,Not Applicable,"Tree, Collision With Fixed Object",1,183095,36111,3565,1.2,6410502.0,3939.4,999
2024,Fatal Accident,18:08,2024-07-01,Monday,Y,Daylight,OLIVE,HEAD ON,ULSTER,Curve and Level,Clear,No Passing Zone,Dry,,Not Applicable,"Other Motor Vehicle, Collision With",2,183095,36111,3565,1.2,6410502.0,3939.4,999
2024,Property Damage Accident,14:50,2024-07-01,Monday,Y,Daylight,MAMARONECK,REAR END,WESTCHESTER,Straight and Level,Clear,,Dry,,Not Applicable,"Other Motor Vehicle, Collision With",2,1009165,36119,850,0.8,18110248.0,6143.2,3354
2024,Injury Accident,16:10,2024-07-01,Monday,Y,Daylight,TUCKAHOE,OTHER,WESTCHESTER,Curve at Hill Crest,Clear,No Passing Zone,Dry,,Not Applicable,"Guide Rail - Not At End, Collision With Fixed Object",1,1009165,36119,850,0.8,18110248.0,6143.2,3354
2024,Property Damage Accident,0:33,2024-07-01,Monday,Y,Dark-Road Lighted,MOUNT KISCO,OVERTAKING,WESTCHESTER,Straight and Level,Clear,,Dry,117 87011113,Not Applicable,"Other Motor Vehicle, Collision With",2,1009165,36119,850,0.8,18110248.0,6143.2,3354
2024,Property Damage Accident,7:40,2024-07-01,Monday,Y,Daylight,EASTCHESTER,OTHER,WESTCHESTER,Curve and Grade,Clear,,Dry,907W87021004,Not Applicable,"Tree, Collision With Fixed Object",1,1009165,36119,850,0.8,18110248.0,6143.2,3354
2024,Property Damage Accident,16:30,2024-07-01,Monday,Y,Daylight,GREENBURGH,OVERTAKING,WESTCHESTER,Straight and Level,Clear,,Dry,,Not Applicable,"Other Motor Vehicle, Collision With",2,1009165,36119,850,0.8,18110248.0,6143.2,3354
2024,Property Damage & Injury Accident,16:15,2024-07-01,Monday,Y,Daylight,MOUNT PLEASANT,REAR END,WESTCHESTER,Straight and Level,Clear,Yield Sign,Dry,987G87011029,Not Applicable,"Other Motor Vehicle, Collision With",2,1009165,36119,850,0.8,18110248.0,6143.2,3354
2024,Property Damage & Injury Accident,11:41,2024-07-01,Monday,Y,Daylight,RYE,Unknown,WESTCHESTER,Straight and Level,Clear,,Dry,,Not Applicable,"Guide Rail - Not At End, Collision With Fixed Object",2,1009165,36119,850,0.8,18110248.0,6143.2,3354
2024,Property Damage Accident,11:16,2024-07-01,Monday,Y,Daylight,NEW ROCHELLE,OVERTAKING,WESTCHESTER,Straight and Level,Clear,,Dry,1 87032019,Not Applicable,"Other Motor Vehicle, Collision With",2,1009165,36119,850,0.8,18110248.0,6143.2,3354
2024,Property Damage Accident,20:02,2024-07-02,Tuesday,Y,Daylight,UNION VALE,OTHER,DUTCHESS,Straight and Level,Clear,No Passing Zone,Dry,,Not Applicable,Deer,1,299256,36027,1695,0.8,5987961.0,3975.0,1300
2024,Property Damage Accident,8:47,2024-07-02,Tuesday,Y,Daylight,BEACON,RIGHT ANGLE,DUTCHESS,Straight and Level,Clear,Other,Dry,,Not Applicable,"Other Motor Vehicle, Collision With",2,299256,36027,1695,0.8,5987961.0,3975.0,1300
2024,Property Damage & Injury Accident,14:00,2024-07-02,Tuesday,Y,Daylight,WALLKILL,OTHER,ORANGE,Straight and Level,Clear,,Dry,17 83101007,Not Applicable,"Other Motor Vehicle, Collision With",3,415088,36071,4753,2.6,13857119.0,5167.5,1527
2024,Property Damage Accident,10:20,2024-07-02,Tuesday,Y,Daylight,MONTGOMERY,OTHER,ORANGE,Curve and Grade,Clear,,Dry,,Not Applicable,"Other Object (Not Fixed)*, Collision With",1,415088,36071,4753,2.6,13857119.0,5167.5,1527
2024,Property Damage Accident,6:10,2024-07-02,Tuesday,Y,Daylight,WALDEN,SIDESWIPE,ORANGE,Straight and Level,Clear,,Dry,52 83031069,Not Applicable,"Other Motor Vehicle, Collision With",2,415088,36071,4753,2.6,13857119.0,5167.5,1527
2024,Property Damage Accident,12:45,2024-07-02,Tuesday,Y,Daylight,MONTGOMERY,REAR END,ORANGE,Straight and Level,Clear,Construction Work Area,Dry,,Not Applicable,"Other Motor Vehicle, Collision With",2,415088,36071,4753,2.6,13857119.0,5167.5,1527
2024,Property Damage Accident,0:20,2024-07-02,Tuesday,Y,Dark-Road Lighted,NEW WINDSOR,OTHER,ORANGE,Straight and Level,Clear,,Dry,,Not Applicable,"Other Object (Not Fixed)*, Collision With",1,415088,36071,4753,2.6,13857119.0,5167.5,1527
2024,Property Damage Accident,19:24,2024-07-02,Tuesday,Y,Daylight,CARMEL,OVERTAKING,PUTNAM,Straight and Level,Clear,,Dry,6N84021043,Not Applicable,"Other Motor Vehicle, Collision With",2,98842,36079,509,0.7,2746105.0,4089.2,375
2024,Property Damage Accident,9:20,2024-07-02,Tuesday,Y,Daylight,SOUTHEAST,REAR END,PUTNAM,Curve at Hill Crest,Clear,Traffic Signal,Dry,22 84031070,Not Applicable,"Other Motor Vehicle, Collision With",2,98842,36079,509,0.7,2746105.0,4089.2,375
2024,Property Damage Accident,18:00,2024-07-02,Tuesday,Y,Daylight,RAMAPO,RIGHT ANGLE,ROCKLAND,Straight and Grade,Clear,,Dry,,Not Applicable,"Other Motor Vehicle, Collision With",2,354829,36087,259,0.3,7336134.0,9989.2,886
2024,Property Damage Accident,8:30,2024-07-02,Tuesday,Y,Daylight,KINGSTON,RIGHT ANGLE,ULSTER,Straight and Grade,Clear,Traffic Signal,Dry,,Not Applicable,"Other Motor Vehicle, Collision With",2,183095,36111,3565,1.2,6410502.0,3939.4,999
2024,Property Damage Accident,4:45,2024-07-02,Tuesday,N,Dawn,LLOYD,OTHER,ULSTER,Curve and Level,Clear,Unknown,Dry,,Not Applicable,Deer,1,183095,36111,3565,1.2,6410502.0,3939.4,999
2024,Property Damage Accident,14:33,2024-07-02,Tuesday,Y,Daylight,ELMSFORD,OVERTAKING,WESTCHESTER,Straight and Level,Clear,,Dry,287I87011014,Not Applicable,"Other Motor Vehicle, Collision With",2,1009165,36119,850,0.8,18110248.0,6143.2,3354
2024,Property Damage Accident,19:34,2024-07-02,Tuesday,Y,Daylight,NEW ROCHELLE,OTHER,WESTCHESTER,Straight at Hill Crest,Clear,Other,Dry,907W87022013,Not Applicable,"Bridge Structure, Collision With Fixed Object",1,1009165,36119,850,0.8,18110248.0,6143.2,3354
2024,Property Damage & Injury Accident,7:10,2024-07-02,Tuesday,Y,Daylight,BRONXVILLE,LEFT TURN (3),WESTCHESTER,Straight and Level,Clear,Traffic Signal,Dry,22 87022008,Not Applicable,"Other Motor Vehicle, Collision With",2,1009165,36119,850,0.8,18110248.0,6143.2,3354
2024,Property Damage & Injury Accident,16:20,2024-07-02,Tuesday,Y,Daylight,BRONXVILLE,OTHER,WESTCHESTER,Straight and Level,Clear,Traffic Signal,Dry,22 87022008,Not Applicable,"Other Motor Vehicle, Collision With",2,1009165,36119,850,0.8,18110248.0,6143.2,3354
2024,Property Damage Accident,3:04,2024-07-02,Tuesday,Y,Dark-Road Lighted,RYE,OTHER,WESTCHESTER,Straight and Level,Cloudy,,Dry,,Not Applicable,"Barrier, Collision With Fixed Object",1,1009165,36119,850,0.8,18110248.0,6143.2,3354
2024,Injury Accident,17:40,2024-07-02,Tuesday,Y,Daylight,YONKERS,REAR END,WESTCHESTER,Straight and Grade,Clear,,Dry,,Not Applicable,"Other Motor Vehicle, Collision With",2,1009165,36119,850,0.8,18110248.0,6143.2,3354
2024,Property Damage & Injury Accident,6:54,2024-07-02,Tuesday,Y,Daylight,RYE BROOKE,REAR END,WESTCHESTER,Straight and Level,Clear,,Dry,,Not Applicable,"Other Motor Vehicle, Collision With",2,1009165,36119,850,0.8,18110248.0,6143.2,3354
2024,Property Damage Accident,13:20,2024-07-02,Tuesday,Y,Daylight,WHITE PLAINS,HEAD ON,WESTCHESTER,Straight and Level,Clear,,Dry,,Not Applicable,"Other Motor Vehicle, Collision With",2,1009165,36119,850,0.8,18110248.0,6143.2,3354
2024,Property Damage Accident,8:14,2024-07-02,Tuesday,Y,Daylight,YONKERS,REAR END,WESTCHESTER,Curve and Level,Clear,,Dry,987D87011019,Not Applicable,"Other Motor Vehicle, Collision With",2,1009165,36119,850,0.8,18110248.0,6143.2,3354
2024,Property Damage & Injury Accident,16:23,2024-07-02,Tuesday,Y,Daylight,YONKERS,OTHER,WESTCHESTER,Straight and Level,Clear,Stop Sign,Dry,983B87011012,Not Applicable,"Other Motor Vehicle, Collision With",2,1009165,36119,850,0.8,18110248.0,6143.2,3354
2024,Property Damage Accident,16:00,2024-07-02,Tuesday,Y,Daylight,WHITE PLAINS,OTHER,WESTCHESTER,Straight and Grade,Clear,,Dry,,Not Applicable,"Other Object (Not Fixed)*, Collision With",1,1009165,36119,850,0.8,18110248.0,6143.2,3354
2024,Property Damage Accident,14:42,2024-07-02,Tuesday,Y,Daylight,WHITE PLAINS,REAR END,WESTCHESTER,Straight and Level,Clear,,Dry,287I87011061,Not Applicable,"Other Motor Vehicle, Collision With",2,1009165,36119,850,0.8,18110248.0,6143.2,3354
2024,Property Damage Accident,18:25,2024-07-02,Tuesday,Y,Daylight,YONKERS,REAR END,WESTCHESTER,Straight and Grade,Clear,Stop Sign,Dry,,Not Applicable,"Other Motor Vehicle, Collision With",2,1009165,36119,850,0.8,18110248.0,6143.2,3354
2024,Property Damage Accident,2:06,2024-07-02,Tuesday,Y,Dark-Road Lighted,YONKERS,OVERTAKING,WESTCHESTER,Straight and Level,Clear,,Dry,984H87011002,Not Applicable,"Other Motor Vehicle, Collision With",2,1009165,36119,850,0.8,18110248.0,6143.2,3354
2024,Property Damage Accident,21:09,2024-07-03,Wednesday,Y,Dark-Road Unlighted,POUGHKEEPSIE,OTHER,DUTCHESS,Straight and Level,Clear,,Dry,,Not Applicable,Deer,1,299256,36027,1695,0.8,5987961.0,3975.0,1300
2024,Property Damage Accident,15:17,2024-07-03,Wednesday,Y,Daylight,NORTHEAST,RIGHT ANGLE,DUTCHESS,Straight and Level,Clear,Stop Sign,Dry,,Not Applicable,"Other Motor Vehicle, Collision With",2,299256,36027,1695,0.8,5987961.0,3975.0,1300
2024,Property Damage Accident,9:50,2024-07-03,Wednesday,Y,Daylight,WAPPINGER,REAR END,DUTCHESS,Straight and Level,Clear,,Dry,9 82051062,Not Applicable,"Other Motor Vehicle, Collision With",2,299256,36027,1695,0.8,5987961.0,3975.0,1300
2024,Property Damage Accident,15:40,2024-07-03,Wednesday,Y,Daylight,NORTHEAST,OTHER,DUTCHESS,Straight and Grade,Cloudy,,Dry,,Not Applicable,"Earth Embankment/Rock Cut/Ditch, Collision With Fixed Object",1,299256,36027,1695,0.8,5987961.0,3975.0,1300
2024,Property Damage & Injury Accident,12:44,2024-07-03,Wednesday,Y,Daylight,FISHKILL,OTHER,DUTCHESS,Straight and Level,Clear,Traffic Signal,Dry,9D82033009,Not Applicable,"Other Motor Vehicle, Collision With",3,299256,36027,1695,0.8,5987961.0,3975.0,1300
2024,Property Damage Accident,13:42,2024-07-03,Wednesday,Y,Daylight,FISHKILL,OTHER,DUTCHESS,Straight and Level,Clear,,Dry,84I82021001,Not Applicable,"Other Motor Vehicle, Collision With",2,299256,36027,1695,0.8,5987961.0,3975.0,1300