year,accident_descriptor,time,date,day_of_week,police_report,lighting_conditions,municipality,collision_type_descriptor,county_name,road_descriptor,weather_conditions,traffic_control_device,road_surface_conditions,dot_reference_marker_location,pedestrian_bicyclist_action,event_descriptor,number_of_vehicles_involved,county_population_2024,county_fips,county_deer_take_2024,county_antlerless_deer_per_sqmi_2024,county_daily_vmt_2019,county_mean_aadt_2019,county_aadt_segments_2019
2024,Property Damage Accident,22:50,2024-07-03,Wednesday,Y,Dark-Road Unlighted,NEWBURGH,OTHER,ORANGE,Straight and Level,Cloudy,,Dry,84I83011356,Not Applicable,"Other Object (Not Fixed)*, Collision With",1,415088,36071,4753,2.6,13857119.0,5167.5,1527
2024,Property Damage & Injury Accident,10:55,2024-07-03,Wednesday,Y,Daylight,MINISINK,OTHER,ORANGE,Straight and Grade,Clear,,Dry,,Not Applicable,"Light Support/Utility Pole, Collision With Fixed Object",1,415088,36071,4753,2.6,13857119.0,5167.5,1527
2024,Property Damage Accident,15:26,2024-07-03,Wednesday,Y,Daylight,NEWBURGH,OTHER,ORANGE,Straight and Level,Cloudy,Traffic Signal,Dry,17K83011201,Not Applicable,"Other Motor Vehicle, Collision With",2,415088,36071,4753,2.6,13857119.0,5167.5,1527
2024,Property Damage Accident,11:44,2024-07-03,Wednesday,Y,Daylight,GOSHEN,RIGHT ANGLE,ORANGE,Straight and Level,Clear,,Dry,17A83011022,Not Applicable,"Other Motor Vehicle, Collision With",2,415088,36071,4753,2.6,13857119.0,5167.5,1527
2024,Property Damage Accident,7:55,2024-07-03,Wednesday,Y,Daylight,WOODBURY,Unknown,ORANGE,Straight and Level,Clear,Traffic Signal,Dry,17 83101260,Not Applicable,"Other Motor Vehicle, Collision With",2,415088,36071,4753,2.6,13857119.0,5167.5,1527
2024,Property Damage Accident,7:59,2024-07-03,Wednesday,Y,Daylight,SUFFERN,OTHER,ROCKLAND,Straight and Level,Clear,,Dry,202 85011011,Not Applicable,"Other Motor Vehicle, Collision With",3,354829,36087,259,0.3,7336134.0,9989.2,886
2024,Property Damage Accident,17:38,2024-07-03,Wednesday,Y,Daylight,CHESTNUT RIDGE,OVERTAKING,ROCKLAND,Straight and Level,Clear,,Dry,982L85011016,Not Applicable,"Other Motor Vehicle, Collision With",2,354829,36087,259,0.3,7336134.0,9989.2,886
2024,Property Damage Accident,8:50,2024-07-03,Wednesday,Y,Daylight,CLARKSTOWN,RIGHT TURN (6),ROCKLAND,Straight and Level,Clear,,Dry,,Not Applicable,"Other Motor Vehicle, Collision With",2,354829,36087,259,0.3,7336134.0,9989.2,886
2024,Property Damage Accident,21:09,2024-07-03,Wednesday,Y,Dark-Road Lighted,SPRING VALLEY,SIDESWIPE,ROCKLAND,Straight and Level,Clear,Stop Sign,Dry,,Not Applicable,"Other Motor Vehicle, Collision With",2,354829,36087,259,0.3,7336134.0,9989.2,886
2024,Property Damage Accident,21:09,2024-07-03,Wednesday,Y,Dark-Road Unlighted,SLOATSBURG,OTHER,ROCKLAND,Straight and Level,Clear,,Dry,,Not Applicable,"Other Object (Not Fixed)*, Collision With",1,354829,36087,259,0.3,7336134.0,9989.2,886
2024,Property Damage Accident,16:13,2024-07-03,Wednesday,Y,Daylight,STONY POINT,OTHER,ROCKLAND,Straight and Level,Cloudy,,Dry,,Not Applicable,Deer,1,354829,36087,259,0.3,7336134.0,9989.2,886
2024,Property Damage & Injury Accident,21:09,2024-07-03,Wednesday,Y,Dark-Road Unlighted,SLOATSBURG,OTHER,ROCKLAND,Straight and Level,Clear,,Dry,,Not Applicable,"Other Object (Not Fixed)*, Collision With",1,354829,36087,259,0.3,7336134.0,9989.2,886
2024,Property Damage Accident,5:30,2024-07-03,Wednesday,Y,Dusk,RAMAPO,OTHER,ROCKLAND,Straight and Level,Clear,,Dry,,Not Applicable,"Fence, Collision With Fixed Object",1,354829,36087,259,0.3,7336134.0,9989.2,886
2024,Property Damage Accident,22:09,2024-07-03,Wednesday,Y,Dark-Road Lighted,KINGSTON,OTHER,ULSTER,Straight and Level,Clear,,Dry,,Not Applicable,"Animal, Collision With",1,183095,36111,3565,1.2,6410502.0,3939.4,999
2024,Property Damage Accident,12:30,2024-07-03,Wednesday,Y,Daylight,ELLENVILLE,RIGHT TURN (6),ULSTER,Straight and Level,Clear,,Dry,52 86021097,Not Applicable,"Other Motor Vehicle, Collision With",2,183095,36111,3565,1.2,6410502.0,3939.4,999
2024,Property Damage Accident,10:18,2024-07-03,Wednesday,Y,Daylight,WOODSTOCK,OTHER,ULSTER,Curve and Level,Clear,,Dry,,Not Applicable,"Light Support/Utility Pole, Collision With Fixed Object",1,183095,36111,3565,1.2,6410502.0,3939.4,999
2024,Property Damage Accident,7:30,2024-07-03,Wednesday,Y,Dawn,CORTLANDT,REAR END,WESTCHESTER,Straight and Level,Clear,,Dry,,Not Applicable,"Other Motor Vehicle, Collision With",2,1009165,36119,850,0.8,18110248.0,6143.2,3354
2024,Property Damage & Injury Accident,12:40,2024-07-03,Wednesday,Y,Daylight,GREENBURGH,REAR END,WESTCHESTER,Straight and Level,Clear,,Dry,9A87032049,Not Applicable,"Other Motor Vehicle, Collision With",2,1009165,36119,850,0.8,18110248.0,6143.2,3354
2024,Property Damage Accident,15:10,2024-07-03,Wednesday,Y,Daylight,NEW ROCHELLE,OTHER,WESTCHESTER,Curve at Hill Crest,Clear,,Dry,,Not Applicable,"Building/Wall, Collision With Fixed Object",1,1009165,36119,850,0.8,18110248.0,6143.2,3354
2024,Property Damage Accident,9:03,2024-07-03,Wednesday,Y,Daylight,GREENBURGH,OVERTAKING,WESTCHESTER,Straight and Level,Clear,Traffic Signal,Dry,,Not Applicable,"Other Motor Vehicle, Collision With",2,1009165,36119,850,0.8,18110248.0,6143.2,3354
2024,Property Damage Accident,13:40,2024-07-03,Wednesday,Y,Daylight,ARDSLEY,LEFT TURN (3),WESTCHESTER,Straight and Level,Clear,Stop Sign,Dry,9A87032023,Not Applicable,"Other Motor Vehicle, Collision With",2,1009165,36119,850,0.8,18110248.0,6143.2,3354
2024,Property Damage Accident,14:40,2024-07-03,Wednesday,Y,Daylight,YONKERS,REAR END,WESTCHESTER,Curve and Level,Clear,,Dry,987D87011019,Not Applicable,"Other Motor Vehicle, Collision With",2,1009165,36119,850,0.8,18110248.0,6143.2,3354
2024,Property Damage Accident,15:33,2024-07-03,Wednesday,Y,Daylight,PEEKSKILL,RIGHT ANGLE,WESTCHESTER,Straight and Level,Clear,,Dry,6 87032026,Not Applicable,"Other Motor Vehicle, Collision With",2,1009165,36119,850,0.8,18110248.0,6143.2,3354
2024,Property Damage Accident,18:09,2024-07-03,Wednesday,Y,Daylight,YONKERS,OVERTAKING,WESTCHESTER,Straight and Level,Clear,,Dry,,Not Applicable,"Other Motor Vehicle, Collision With",2,1009165,36119,850,0.8,18110248.0,6143.2,3354
2024,Property Damage Accident,16:46,2024-07-03,Wednesday,Y,Daylight,MOUNT KISCO,REAR END,WESTCHESTER,Straight and Level,Clear,,Dry,117 87011093,Not Applicable,"Other Motor Vehicle, Collision With",2,1009165,36119,850,0.8,18110248.0,6143.2,3354
2024,Property Damage Accident,5:00,2024-07-03,Wednesday,Y,Dawn,NEW CASTLE,OTHER,WESTCHESTER,Curve at Hill Crest,Clear,,Dry,987D87012171,Not Applicable,"Animal, Collision With",1,1009165,36119,850,0.8,18110248.0,6143.2,3354
2024,Property Damage Accident,17:26,2024-07-03,Wednesday,Y,Daylight,NEW ROCHELLE,SIDESWIPE,WESTCHESTER,Straight and Level,Clear,,Dry,,Not Applicable,"Other Motor Vehicle, Collision With",2,1009165,36119,850,0.8,18110248.0,6143.2,3354
2024,Property Damage Accident,17:00,2024-07-03,Wednesday,Y,Daylight,OSSINING,OVERTAKING,WESTCHESTER,Straight and Grade,Clear,,Dry,9A87032149,Not Applicable,"Other Motor Vehicle, Collision With",2,1009165,36119,850,0.8,18110248.0,6143.2,3354
2024,Injury Accident,22:15,2024-07-03,Wednesday,Y,Dark-Road Lighted,OSSINING,OTHER,WESTCHESTER,Straight at Hill Crest,Clear,,Dry,,Riding/Walking/Skating Along Highway With Traffic,"Pedestrian, Collision With",1,1009165,36119,850,0.8,18110248.0,6143.2,3354
2024,Property Damage & Injury Accident,19:16,2024-07-03,Wednesday,Y,Daylight,CORTLANDT,LEFT TURN (3),WESTCHESTER,Curve and Level,Cloudy,,Dry,,Not Applicable,"Other Motor Vehicle, Collision With",2,1009165,36119,850,0.8,18110248.0,6143.2,3354
2024,Property Damage Accident,23:00,2024-07-03,Wednesday,Y,Dark-Road Lighted,YONKERS,OTHER,WESTCHESTER,Straight and Level,Clear,,Dry,,Not Applicable,"Crash Cushion, Collision With Fixed Object",1,1009165,36119,850,0.8,18110248.0,6143.2,3354
2024,Property Damage Accident,23:06,2024-07-04,Thursday,Y,Dark-Road Lighted,POUGHKEEPSIE,OTHER,DUTCHESS,Straight and Level,Unknown,,Unknown,9 82051108,Not Applicable,"Other Motor Vehicle, Collision With",2,299256,36027,1695,0.8,5987961.0,3975.0,1300
2024,Property Damage Accident,2:30,2024-07-04,Thursday,Y,Dark-Road Unlighted,POUGHKEEPSIE,OTHER,DUTCHESS,Curve and Grade,Cloudy,No Passing Zone,Dry,,Not Applicable,"Tree, Collision With Fixed Object",1,299256,36027,1695,0.8,5987961.0,3975.0,1300
2024,Property Damage Accident,19:50,2024-07-04,Thursday,Y,Daylight,POUGHKEEPSIE,REAR END,DUTCHESS,Straight and Grade,Clear,Stop Sign,Wet,,Not Applicable,"Other Motor Vehicle, Collision With",2,299256,36027,1695,0.8,5987961.0,3975.0,1300
2024,Property Damage Accident,20:28,2024-07-04,Thursday,Y,Daylight,POUGHKEEPSIE,REAR END,DUTCHESS,Straight and Level,Cloudy,Traffic Signal,Dry,9 82051135,Not Applicable,"Other Motor Vehicle, Collision With",2,299256,36027,1695,0.8,5987961.0,3975.0,1300
2024,Property Damage & Injury Accident,16:00,2024-07-04,Thursday,Y,Dark-Road Lighted,WOODBURY,LEFT TURN (0),ORANGE,Straight at Hill Crest,Clear,No Passing Zone,Dry,6 83012347,Not Applicable,"Other Motor Vehicle, Collision With",2,415088,36071,4753,2.6,13857119.0,5167.5,1527
2024,Property Damage Accident,22:25,2024-07-04,Thursday,Y,Dark-Road Unlighted,CRAWFORD,REAR END,ORANGE,Straight and Level,Cloudy,Traffic Signal,Wet,17K83011034,Not Applicable,"Other Motor Vehicle, Collision With",2,415088,36071,4753,2.6,13857119.0,5167.5,1527
2024,Property Damage & Injury Accident,15:30,2024-07-04,Thursday,Y,Daylight,DEERPARK,OTHER,ORANGE,Curve and Level,Clear,No Passing Zone,Dry,,Not Applicable,"Guide Rail - Not At End, Collision With Fixed Object",1,415088,36071,4753,2.6,13857119.0,5167.5,1527
2024,Property Damage Accident,19:47,2024-07-04,Thursday,Y,Daylight,KIRYAS JOEL,RIGHT ANGLE,ORANGE,Curve and Grade,Cloudy,No Passing Zone,Dry,,Not Applicable,"Other Motor Vehicle, Collision With",2,415088,36071,4753,2.6,13857119.0,5167.5,1527
2024,Property Damage & Injury Accident,13:47,2024-07-04,Thursday,Y,Daylight,PATTERSON,OVERTAKING,PUTNAM,Straight and Level,Clear,,Dry,84I84031054,Not Applicable,"Other Motor Vehicle, Collision With",2,98842,36079,509,0.7,2746105.0,4089.2,375
2024,Property Damage Accident,18:14,2024-07-04,Thursday,Y,Daylight,PUTNAM VALLEY,OTHER,PUTNAM,Straight and Level,Cloudy,,Dry,987G84021018,Not Applicable,"Guide Rail - Not At End, Collision With Fixed Object",1,98842,36079,509,0.7,2746105.0,4089.2,375
2024,Property Damage Accident,10:03,2024-07-04,Thursday,Y,Daylight,PATTERSON,RIGHT ANGLE,PUTNAM,Straight and Level,Clear,,Dry,22 84031144,Not Applicable,"Other Motor Vehicle, Collision With",2,98842,36079,509,0.7,2746105.0,4089.2,375
2024,Property Damage Accident,14:12,2024-07-04,Thursday,Y,Daylight,RAMAPO,SIDESWIPE,ROCKLAND,Straight and Level,Clear,,Dry,,Not Applicable,"Other Motor Vehicle, Collision With",2,354829,36087,259,0.3,7336134.0,9989.2,886
2024,Property Damage & Injury Accident,10:00,2024-07-04,Thursday,Y,Daylight,STONY POINT,REAR END,ROCKLAND,Straight and Grade,Clear,,Dry,987C85011188,Not Applicable,"Other Motor Vehicle, Collision With",2,354829,36087,259,0.3,7336134.0,9989.2,886
2024,Property Damage Accident,21:35,2024-07-04,Thursday,Y,Dark-Road Lighted,CLARKSTOWN,OTHER,ROCKLAND,Straight at Hill Crest,Clear,,Dry,,Not Applicable,"Other Motor Vehicle, Collision With",3,354829,36087,259,0.3,7336134.0,9989.2,886
2024,Property Damage & Injury Accident,11:20,2024-07-04,Thursday,Y,Daylight,,REAR END,ROCKLAND,Straight and Grade,Cloudy,,Dry,59 85011043,Not Applicable,"Other Motor Vehicle, Collision With",2,354829,36087,259,0.3,7336134.0,9989.2,886
2024,Property Damage & Injury Accident,1:37,2024-07-04,Thursday,Y,Dark-Road Unlighted,RAMAPO,OTHER,ROCKLAND,Straight and Level,Cloudy,,Dry,987C85011137,Not Applicable,"Tree, Collision With Fixed Object",1,354829,36087,259,0.3,7336134.0,9989.2,886
2024,Property Damage Accident,19:09,2024-07-04,Thursday,Y,Daylight,,OTHER,ROCKLAND,Straight and Level,Clear,,Dry,59 85011049,Not Applicable,Deer,1,354829,36087,259,0.3,7336134.0,9989.2,886
2024,Property Damage Accident,17:00,2024-07-04,Thursday,Y,Daylight,SAUGERTIES,OTHER,ULSTER,Straight and Level,Clear,,Dry,,Not Applicable,"Other Object (Not Fixed)*, Collision With",1,183095,36111,3565,1.2,6410502.0,3939.4,999
2024,Property Damage Accident,13:30,2024-07-04,Thursday,Y,Daylight,SHANDAKEN,OTHER,ULSTER,Straight and Grade,Cloudy,No Passing Zone,Dry,28 86012306,Not Applicable,Deer,1,183095,36111,3565,1.2,6410502.0,3939.4,999
2024,Property Damage & Injury Accident,23:30,2024-07-04,Thursday,Y,Dark-Road Lighted,SCARSDALE,OVERTAKING,WESTCHESTER,Curve and Level,Rain,,Wet,,Not Applicable,"Other Motor Vehicle, Collision With",2,1009165,36119,850,0.8,18110248.0,6143.2,3354
2024,Property Damage Accident,22:45,2024-07-04,Thursday,Y,Dark-Road Lighted,YONKERS,REAR END,WESTCHESTER,Curve at Hill Crest,Rain,Yield Sign,Wet,,Not Applicable,"Other Motor Vehicle, Collision With",2,1009165,36119,850,0.8,18110248.0,6143.2,3354
2024,Property Damage Accident,23:51,2024-07-04,Thursday,Y,Dark-Road Lighted,WHITE PLAINS,REAR END,WESTCHESTER,Straight and Level,Clear,Traffic Signal,Dry,,Not Applicable,"Other Motor Vehicle, Collision With",2,1009165,36119,850,0.8,18110248.0,6143.2,3354
2024,Property Damage Accident,11:30,2024-07-04,Thursday,Y,Daylight,NEW ROCHELLE,OVERTAKING,WESTCHESTER,Straight and Level,Clear,,Dry,,Not Applicable,"Other Motor Vehicle, Collision With",2,1009165,36119,850,0.8,18110248.0,6143.2,3354
2024,Property Damage Accident,2:25,2024-07-04,Thursday,Y,Dark-Road Unlighted,CORTLANDT,HEAD ON,WESTCHESTER,Curve and Level,Clear,,Dry,6 87031038,Not Applicable,"Other Motor Vehicle, Collision With",2,1009165,36119,850,0.8,18110248.0,6143.2,3354
2024,Property Damage Accident,23:00,2024-07-04,Thursday,Y,Dark-Road Unlighted,YORKTOWN,OVERTAKING,WESTCHESTER,Straight and Level,Clear,,Dry,35 87012078,Not Applicable,"Other Motor Vehicle, Collision With",2,1009165,36119,850,0.8,18110248.0,6143.2,3354
2024,Property Damage Accident,23:48,2024-07-04,Thursday,Y,Dark-Road Lighted,MAMARONECK,OTHER,WESTCHESTER,Curve and Level,Cloudy,,Wet,,Not Applicable,"Barrier, Collision With Fixed Object",1,1009165,36119,850,0.8,18110248.0,6143.2,3354
2024,Injury Accident,20:42,2024-07-04,Thursday,Y,Dark-Road Lighted,YONKERS,OTHER,WESTCHESTER,Straight and Level,Clear,Stop Sign,Dry,,"Crossing, No Signal or Crosswalk","Bicyclist, Collision With",1,1009165,36119,850,0.8,18110248.0,6143.2,3354
2024,Property Damage & Injury Accident,13:39,2024-07-04,Thursday,Y,Daylight,PELHAM,OTHER,WESTCHESTER,Straight and Level,Clear,,Dry,,Riding/Walking/Skating Along Highway Against Traffic,"Bicyclist, Collision With",1,1009165,36119,850,0.8,18110248.0,6143.2,3354
2024,Property Damage & Injury Accident,21:33,2024-07-05,Friday,Y,Dark-Road Lighted,POUGHKEEPSIE,OVERTAKING,DUTCHESS,Straight and Level,Cloudy,,Dry,,Not Applicable,"Other Motor Vehicle, Collision With",2,299256,36027,1695,0.8,5987961.0,3975.0,1300
2024,Property Damage Accident,23:02,2024-07-05,Friday,Y,Dark-Road Unlighted,HYDE PARK,OTHER,DUTCHESS,Curve and Grade,Cloudy,,Wet,115 82012031,Not Applicable,"Tree, Collision With Fixed Object",1,299256,36027,1695,0.8,5987961.0,3975.0,1300
2024,Property Damage Accident,15:30,2024-07-05,Friday,Y,Daylight,POUGHKEEPSIE,OTHER,DUTCHESS,Straight and Level,Clear,,Dry,,Not Applicable,"Other Motor Vehicle, Collision With",3,299256,36027,1695,0.8,5987961.0,3975.0,1300
2024,Property Damage & Injury Accident,17:05,2024-07-05,Friday,Y,Daylight,STANFORD,HEAD ON,DUTCHESS,Curve and Level,Rain,No Passing Zone,Wet,82 82011337,Not Applicable,"Other Motor Vehicle, Collision With",2,299256,36027,1695,0.8,5987961.0,3975.0,1300
2024,Property Damage Accident,22:50,2024-07-05,Friday,Y,Dark-Road Lighted,DOVER,OTHER,DUTCHESS,Straight and Level,Cloudy,No Passing Zone,Wet,,Not Applicable,"Guide Rail - Not At End, Collision With Fixed Object",1,299256,36027,1695,0.8,5987961.0,3975.0,1300
2024,Property Damage Accident,19:30,2024-07-05,Friday,Y,Daylight,STANFORD,OTHER,DUTCHESS,Straight and Level,Clear,,Dry,987G82031315,Not Applicable,"Tree, Collision With Fixed Object",1,299256,36027,1695,0.8,5987961.0,3975.0,1300
2024,Property Damage Accident,12:40,2024-07-05,Friday,Y,Daylight,WAPPINGER,REAR END,DUTCHESS,Straight and Level,Cloudy,Traffic Signal,Dry,,Not Applicable,"Other Motor Vehicle, Collision With",2,299256,36027,1695,0.8,5987961.0,3975.0,1300
2024,Property Damage Accident,14:57,2024-07-05,Friday,Y,Daylight,MIDDLETOWN,REAR END,ORANGE,Straight and Level,Clear,Traffic Signal,Dry,,Not Applicable,"Other Motor Vehicle, Collision With",2,415088,36071,4753,2.6,13857119.0,5167.5,1527
2024,Property Damage Accident,4:45,2024-07-05,Friday,Y,Dark-Road Lighted,NEWBURGH,OVERTAKING,ORANGE,Straight and Level,Cloudy,,Dry,,Not Applicable,"Other Motor Vehicle, Collision With",2,415088,36071,4753,2.6,13857119.0,5167.5,1527
2024,Property Damage Accident,15:00,2024-07-05,Friday,Y,Daylight,WALLKILL,SIDESWIPE,ORANGE,Straight and Level,Cloudy,,Dry,17M83012014,Not Applicable,"Other Motor Vehicle, Collision With",2,415088,36071,4753,2.6,13857119.0,5167.5,1527
2024,Property Damage Accident,5:10,2024-07-05,Friday,Y,Dawn,MONTGOMERY,OTHER,ORANGE,Straight and Level,Clear,,Dry,208 83011169,Not Applicable,Deer,1,415088,36071,4753,2.6,13857119.0,5167.5,1527
2024,Property Damage & Injury Accident,11:20,2024-07-05,Friday,Y,Daylight,WALLKILL,REAR END,ORANGE,Straight and Level,Cloudy,Stop Sign,Dry,,Not Applicable,"Other Motor Vehicle, Collision With",2,415088,36071,4753,2.6,13857119.0,5167.5,1527
2024,Property Damage & Injury Accident,17:07,2024-07-05,Friday,Y,Daylight,CARMEL,OTHER,PUTNAM,Straight and Level,Clear,Traffic Signal,Dry,6 84041005,Not Applicable,"Other Motor Vehicle, Collision With",3,98842,36079,509,0.7,2746105.0,4089.2,375
2024,Property Damage Accident,17:11,2024-07-05,Friday,Y,Daylight,KENT,RIGHT ANGLE,PUTNAM,Curve and Level,Clear,No Passing Zone,Dry,,Not Applicable,"Other Motor Vehicle, Collision With",2,98842,36079,509,0.7,2746105.0,4089.2,375
2024,Property Damage Accident,16:10,2024-07-05,Friday,Y,Daylight,WEST HAVERSTRAW,OVERTAKING,ROCKLAND,Straight and Level,Clear,,Dry,9W85011167,Not Applicable,"Other Motor Vehicle, Collision With",2,354829,36087,259,0.3,7336134.0,9989.2,886
2024,Property Damage Accident,13:46,2024-07-05,Friday,Y,Daylight,NYACK,RIGHT ANGLE,ROCKLAND,Straight and Level,Clear,Stop Sign,Dry,,Not Applicable,"Other Motor Vehicle, Collision With",2,354829,36087,259,0.3,7336134.0,9989.2,886
2024,Property Damage Accident,16:00,2024-07-05,Friday,Y,Daylight,CLARKSTOWN,REAR END,ROCKLAND,Straight and Grade,Clear,Traffic Signal,Dry,,Not Applicable,"Other Motor Vehicle, Collision With",2,354829,36087,259,0.3,7336134.0,9989.2,886
2024,Property Damage Accident,18:48,2024-07-05,Friday,Y,Daylight,CLARKSTOWN,OTHER,ROCKLAND,Straight and Level,Cloudy,Traffic Signal,Dry,,Not Applicable,"Other Motor Vehicle, Collision With",3,354829,36087,259,0.3,7336134.0,9989.2,886
2024,Property Damage Accident,0:00,2024-07-05,Friday,Y,Dark-Road Lighted,CLARKSTOWN,OTHER,ROCKLAND,Straight and Level,Clear,,Dry,,Not Applicable,"Animal, Collision With",1,354829,36087,259,0.3,7336134.0,9989.2,886
2024,Property Damage Accident,17:15,2024-07-05,Friday,Y,Daylight,ULSTER,REAR END,ULSTER,Straight and Level,Cloudy,,Wet,9W86035039,Not Applicable,"Other Motor Vehicle, Collision With",2,183095,36111,3565,1.2,6410502.0,3939.4,999
2024,Property Damage Accident,21:19,2024-07-05,Friday,Y,Dark-Road Unlighted,MARLBOROUGH,OTHER,ULSTER,Straight at Hill Crest,Clear,,Wet,,Not Applicable,"Animal, Collision With",1,183095,36111,3565,1.2,6410502.0,3939.4,999
2024,Property Damage Accident,18:47,2024-07-05,Friday,Y,Daylight,ULSTER,OTHER,ULSTER,Curve and Grade,Cloudy,,Wet,,Not Applicable,"Light Support/Utility Pole, Collision With Fixed Object",1,183095,36111,3565,1.2,6410502.0,3939.4,999
2024,Property Damage & Injury Accident,20:47,2024-07-05,Friday,Y,Dusk,ULSTER,OTHER,ULSTER,Straight and Level,Clear,,Wet,,Not Applicable,"Other Motor Vehicle, Collision With",2,183095,36111,3565,1.2,6410502.0,3939.4,999
2024,Property Damage Accident,17:04,2024-07-05,Friday,Y,Daylight,WHITE PLAINS,REAR END,WESTCHESTER,Straight and Level,Clear,Traffic Signal,Dry,,Not Applicable,"Other Motor Vehicle, Collision With",2,1009165,36119,850,0.8,18110248.0,6143.2,3354
2024,Property Damage Accident,15:19,2024-07-05,Friday,Y,Daylight,YONKERS,OTHER,WESTCHESTER,Straight and Level,Clear,,Dry,,Not Applicable,"Curbing, Collision With Fixed Object",1,1009165,36119,850,0.8,18110248.0,6143.2,3354
2024,Property Damage & Injury Accident,15:10,2024-07-05,Friday,Y,Daylight,POUND RIDGE,SIDESWIPE,WESTCHESTER,Curve and Grade,Clear,,Dry,,Not Applicable,"Other Motor Vehicle, Collision With",2,1009165,36119,850,0.8,18110248.0,6143.2,3354
2024,Property Damage Accident,11:46,2024-07-05,Friday,Y,Daylight,SCARSDALE,OTHER,WESTCHESTER,Straight and Level,Clear,Stop Sign,Dry,,Not Applicable,"Fence, Collision With Fixed Object",1,1009165,36119,850,0.8,18110248.0,6143.2,3354
2024,Property Damage Accident,13:23,2024-07-05,Friday,Y,Daylight,PORT CHESTER,OTHER,WESTCHESTER,Straight and Level,Cloudy,,Dry,,Not Applicable,"Other Motor Vehicle, Collision With",4,1009165,36119,850,0.8,18110248.0,6143.2,3354
2024,Property Damage & Injury Accident,12:50,2024-07-05,Friday,Y,Daylight,TARRYTOWN,OTHER,WESTCHESTER,Straight and Level,Clear,,Dry,,Not Applicable,"Light Support/Utility Pole, Collision With Fixed Object",1,1009165,36119,850,0.8,18110248.0,6143.2,3354
2024,Property Damage Accident,8:48,2024-07-05,Friday,Y,Daylight,GREENBURGH,OTHER,WESTCHESTER,Straight and Level,Clear,,Dry,,Not Applicable,"Median - Not At End, Collision With Fixed Object",1,1009165,36119,850,0.8,18110248.0,6143.2,3354
2024,Property Damage Accident,11:00,2024-07-05,Friday,Y,Daylight,CORTLANDT,RIGHT TURN (6),WESTCHESTER,Straight and Level,Clear,Traffic Signal,Dry,6 87033000,Not Applicable,"Other Motor Vehicle, Collision With",2,1009165,36119,850,0.8,18110248.0,6143.2,3354
2024,Property Damage Accident,12:34,2024-07-05,Friday,Y,Daylight,BEDFORD,OTHER,WESTCHESTER,Straight and Level,Clear,,Dry,,Not Applicable,"Other Motor Vehicle, Collision With",3,1009165,36119,850,0.8,18110248.0,6143.2,3354
2024,Property Damage Accident,22:00,2024-07-05,Friday,Y,Dark-Road Lighted,YONKERS,REAR END,WESTCHESTER,Straight and Level,Rain,,Wet,,Not Applicable,"Other Motor Vehicle, Collision With",2,1009165,36119,850,0.8,18110248.0,6143.2,3354
2024,Property Damage Accident,16:25,2024-07-05,Friday,Y,Daylight,NEW ROCHELLE,OTHER,WESTCHESTER,Straight and Level,Clear,,Dry,,Not Applicable,"Other Motor Vehicle, Collision With",2,1009165,36119,850,0.8,18110248.0,6143.2,3354
2024,Property Damage Accident,12:57,2024-07-05,Friday,Y,Daylight,WHITE PLAINS,OTHER,WESTCHESTER,Straight and Level,Clear,Traffic Signal,Dry,,Not Applicable,"Curbing, Collision With Fixed Object",1,1009165,36119,850,0.8,18110248.0,6143.2,3354
2024,Property Damage Accident,22:00,2024-07-05,Friday,Y,Dark-Road Lighted,YONKERS,OTHER,WESTCHESTER,Curve and Level,Cloudy,Yield Sign,Wet,,Not Applicable,"Median - Not At End, Collision With Fixed Object",1,1009165,36119,850,0.8,18110248.0,6143.2,3354
2024,Property Damage & Injury Accident,17:47,2024-07-05,Friday,Y,Daylight,YONKERS,RIGHT TURN (5),WESTCHESTER,Straight and Level,Clear,Traffic Signal,Dry,984E87011022,Not Applicable,"Other Motor Vehicle, Collision With",2,1009165,36119,850,0.8,18110248.0,6143.2,3354
2024,Property Damage & Injury Accident,0:19,2024-07-05,Friday,Y,Dark-Road Lighted,YONKERS,HEAD ON,WESTCHESTER,Straight and Level,Rain,Traffic Signal,Wet,,Not Applicable,"Other Motor Vehicle, Collision With",2,1009165,36119,850,0.8,18110248.0,6143.2,3354
2024,Property Damage Accident,22:48,2024-07-05,Friday,Y,Dark-Road Lighted,YONKERS,LEFT TURN (3),WESTCHESTER,Straight and Level,Clear,,Dry,983B87011003,Not Applicable,"Other Motor Vehicle, Collision With",2,1009165,36119,850,0.8,18110248.0,6143.2,3354
2024,Injury Accident,18:24,2024-07-06,Saturday,Y,Daylight,EAST FISHKILL,REAR END,DUTCHESS,Straight and Level,Clear,Traffic Signal,Dry,82 82011041,Not Applicable,"Other Motor Vehicle, Collision With",2,299256,36027,1695,0.8,5987961.0,3975.0,1300
2024,Property Damage Accident,14:00,2024-07-06,Saturday,Y,Daylight,HYDE PARK,OTHER,DUTCHESS,Straight and Level,Clear,Stop Sign,Dry,9G82013051,Not Applicable,"Sign Post, Collision With Fixed Object",1,299256,36027,1695,0.8,5987961.0,3975.0,1300
2024,Property Damage Accident,9:35,2024-07-06,Saturday,Y,Daylight,BEEKMAN,OTHER,DUTCHESS,Curve and Level,Clear,,Wet,,Not Applicable,"Light Support/Utility Pole, Collision With Fixed Object",1,299256,36027,1695,0.8,5987961.0,3975.0,1300