year,accident_descriptor,time,date,day_of_week,police_report,lighting_conditions,municipality,collision_type_descriptor,county_name,road_descriptor,weather_conditions,traffic_control_device,road_surface_conditions,dot_reference_marker_location,pedestrian_bicyclist_action,event_descriptor,number_of_vehicles_involved,county_population_2024,county_fips,county_deer_take_2024,county_antlerless_deer_per_sqmi_2024,county_daily_vmt_2019,county_mean_aadt_2019,county_aadt_segments_2019
2024,Property Damage Accident,17:53,2024-07-06,Saturday,Y,Daylight,MILLBROOK,OTHER,DUTCHESS,Straight and Level,Clear,,Dry,44A82011031,Not Applicable,Deer,1,299256,36027,1695,0.8,5987961.0,3975.0,1300
2024,Property Damage Accident,5:59,2024-07-06,Saturday,Y,Dawn,NEWBURGH,OTHER,ORANGE,Curve and Level,Rain,,Wet,84I83013011,Not Applicable,"Light Support/Utility Pole, Collision With Fixed Object",1,415088,36071,4753,2.6,13857119.0,5167.5,1527
2024,Property Damage & Injury Accident,14:25,2024-07-06,Saturday,Y,Daylight,UNIONVILLE,SIDESWIPE,ORANGE,Curve and Grade,Clear,,Dry,,Not Applicable,"Other Motor Vehicle, Collision With",2,415088,36071,4753,2.6,13857119.0,5167.5,1527
2024,Property Damage & Injury Accident,20:52,2024-07-06,Saturday,Y,Dusk,WALLKILL,OTHER,ORANGE,Curve and Level,Clear,,Dry,,Not Applicable,"Guide Rail - Not At End, Collision With Fixed Object",1,415088,36071,4753,2.6,13857119.0,5167.5,1527
2024,Property Damage Accident,17:56,2024-07-06,Saturday,Y,Daylight,WALLKILL,RIGHT TURN (5),ORANGE,Straight and Level,Clear,,Dry,,Not Applicable,"Other Motor Vehicle, Collision With",2,415088,36071,4753,2.6,13857119.0,5167.5,1527
2024,Property Damage & Injury Accident,6:28,2024-07-06,Saturday,Y,Daylight,TUXEDO,OTHER,ORANGE,Straight and Level,Rain,,Wet,,Not Applicable,"Guide Rail - Not At End, Collision With Fixed Object",1,415088,36071,4753,2.6,13857119.0,5167.5,1527
2024,Property Damage & Injury Accident,19:44,2024-07-06,Saturday,Y,Daylight,WAWAYANDA,OVERTAKING,ORANGE,Straight and Level,Clear,No Passing Zone,Dry,,Not Applicable,"Other Motor Vehicle, Collision With",2,415088,36071,4753,2.6,13857119.0,5167.5,1527
2024,Property Damage & Injury Accident,12:46,2024-07-06,Saturday,Y,Daylight,CLARKSTOWN,REAR END,ROCKLAND,Straight and Level,Clear,,Dry,303 85011084,Not Applicable,"Other Motor Vehicle, Collision With",2,354829,36087,259,0.3,7336134.0,9989.2,886
2024,Property Damage Accident,15:56,2024-07-06,Saturday,Y,Daylight,NEW SQUARE,SIDESWIPE,ROCKLAND,Straight and Level,Rain,,Wet,,Not Applicable,"Other Motor Vehicle, Collision With",2,354829,36087,259,0.3,7336134.0,9989.2,886
2024,Property Damage & Injury Accident,6:43,2024-07-06,Saturday,Y,Daylight,STONY POINT,OTHER,ROCKLAND,Straight and Level,Rain,,Wet,987C85011219,Not Applicable,"Earth Embankment/Rock Cut/Ditch, Collision With Fixed Object",1,354829,36087,259,0.3,7336134.0,9989.2,886
2024,Property Damage Accident,7:00,2024-07-06,Saturday,Y,Dawn,CHESTNUT RIDGE,OTHER,ROCKLAND,Straight and Level,Rain,,Wet,45 85011022,Not Applicable,"Guide Rail - Not At End, Collision With Fixed Object",1,354829,36087,259,0.3,7336134.0,9989.2,886
2024,Property Damage Accident,16:14,2024-07-06,Saturday,Y,Daylight,NEW HEMPSTEAD,OTHER,ROCKLAND,Curve and Grade,Rain,,Wet,,Not Applicable,"Ran Off Roadway Only, Non-Collision",1,354829,36087,259,0.3,7336134.0,9989.2,886
2024,Property Damage Accident,4:06,2024-07-06,Saturday,Y,Dark-Road Lighted,CLARKSTOWN,OTHER,ROCKLAND,Straight and Level,Cloudy,,Wet,,Not Applicable,"Other Motor Vehicle, Collision With",3,354829,36087,259,0.3,7336134.0,9989.2,886
2024,Property Damage Accident,9:34,2024-07-06,Saturday,Y,Daylight,CLARKSTOWN,REAR END,ROCKLAND,Straight and Level,Cloudy,Stop Sign,Wet,,Not Applicable,"Other Motor Vehicle, Collision With",2,354829,36087,259,0.3,7336134.0,9989.2,886
2024,Property Damage Accident,7:05,2024-07-06,Saturday,Y,Daylight,CHESTNUT RIDGE,REAR END,ROCKLAND,Straight and Level,Rain,,Wet,982L85011012,Not Applicable,"Other Motor Vehicle, Collision With",2,354829,36087,259,0.3,7336134.0,9989.2,886
2024,Property Damage & Injury Accident,16:40,2024-07-06,Saturday,Y,Daylight,PLATTEKILL,OTHER,ULSTER,Curve and Level,Clear,Other,Dry,,Not Applicable,"Barrier, Collision With Fixed Object",1,183095,36111,3565,1.2,6410502.0,3939.4,999
2024,Property Damage & Injury Accident,8:23,2024-07-06,Saturday,Y,Daylight,SHAWANGUNK,OTHER,ULSTER,Straight and Grade,Cloudy,,Dry,,Not Applicable,"Tree, Collision With Fixed Object",1,183095,36111,3565,1.2,6410502.0,3939.4,999
2024,Property Damage Accident,17:45,2024-07-06,Saturday,Y,Daylight,WAWARSING,OTHER,ULSTER,Straight and Level,Clear,,Dry,,Not Applicable,"Other Motor Vehicle, Collision With",2,183095,36111,3565,1.2,6410502.0,3939.4,999
2024,Property Damage Accident,17:22,2024-07-06,Saturday,Y,Daylight,MOUNT PLEASANT,OTHER,WESTCHESTER,Curve and Level,Cloudy,Traffic Signal,Wet,,Not Applicable,"Sign Post, Collision With Fixed Object",1,1009165,36119,850,0.8,18110248.0,6143.2,3354
2024,Property Damage Accident,13:04,2024-07-06,Saturday,Y,Unknown,YONKERS,Unknown,WESTCHESTER,Curve and Grade,Cloudy,Unknown,Dry,,Not Applicable,"Other Motor Vehicle, Collision With",2,1009165,36119,850,0.8,18110248.0,6143.2,3354
2024,Property Damage Accident,17:28,2024-07-06,Saturday,Y,Daylight,WHITE PLAINS,REAR END,WESTCHESTER,Curve and Grade,Clear,Yield Sign,Dry,22 87023019,Not Applicable,"Other Motor Vehicle, Collision With",2,1009165,36119,850,0.8,18110248.0,6143.2,3354
2024,Property Damage Accident,17:49,2024-07-06,Saturday,Y,Daylight,GREENBURGH,RIGHT ANGLE,WESTCHESTER,Curve and Grade,Clear,Stop Sign,Wet,,Not Applicable,"Other Motor Vehicle, Collision With",2,1009165,36119,850,0.8,18110248.0,6143.2,3354
2024,Property Damage Accident,15:19,2024-07-06,Saturday,Y,Daylight,RYE BROOKE,OTHER,WESTCHESTER,Straight and Grade,Clear,,Dry,,Not Applicable,"Light Support/Utility Pole, Collision With Fixed Object",1,1009165,36119,850,0.8,18110248.0,6143.2,3354
2024,Property Damage Accident,19:08,2024-07-06,Saturday,Y,Daylight,PEEKSKILL,OVERTAKING,WESTCHESTER,Straight and Level,Clear,,Dry,,Not Applicable,"Other Motor Vehicle, Collision With",2,1009165,36119,850,0.8,18110248.0,6143.2,3354
2024,Property Damage Accident,11:58,2024-07-06,Saturday,N,Dark-Road Lighted,WHITE PLAINS,OTHER,WESTCHESTER,Straight and Level,Clear,,Dry,,Not Applicable,Deer,1,1009165,36119,850,0.8,18110248.0,6143.2,3354
2024,Property Damage & Injury Accident,23:30,2024-07-06,Saturday,Y,Dark-Road Unlighted,NEW CASTLE,REAR END,WESTCHESTER,Straight and Level,Clear,,Dry,987D87012182,Not Applicable,"Other Motor Vehicle, Collision With",2,1009165,36119,850,0.8,18110248.0,6143.2,3354
2024,Property Damage Accident,7:27,2024-07-06,Saturday,Y,Daylight,MOUNT PLEASANT,OTHER,WESTCHESTER,Straight and Level,Cloudy,,Wet,987G87011030,Not Applicable,"Guide Rail - Not At End, Collision With Fixed Object",1,1009165,36119,850,0.8,18110248.0,6143.2,3354
2024,Property Damage Accident,21:30,2024-07-06,Saturday,Y,Dark-Road Lighted,YONKERS,SIDESWIPE,WESTCHESTER,Straight and Level,Clear,,Dry,,Not Applicable,"Other Motor Vehicle, Collision With",2,1009165,36119,850,0.8,18110248.0,6143.2,3354
2024,Property Damage Accident,11:00,2024-07-06,Saturday,Y,Daylight,CORTLANDT,REAR END,WESTCHESTER,Straight and Level,Cloudy,,Dry,9A87032228,Not Applicable,"Other Motor Vehicle, Collision With",2,1009165,36119,850,0.8,18110248.0,6143.2,3354
2024,Fatal Accident,21:58,2024-07-06,Saturday,Y,Dark-Road Lighted,YONKERS,OTHER,WESTCHESTER,Curve and Grade,Clear,,Dry,,Not Applicable,"Guide Rail - Not At End, Collision With Fixed Object",1,1009165,36119,850,0.8,18110248.0,6143.2,3354
2024,Property Damage & Injury Accident,8:55,2024-07-06,Saturday,Y,Daylight,BEDFORD,REAR END,WESTCHESTER,Straight and Level,Rain,,Wet,684I87011141,Not Applicable,"Other Motor Vehicle, Collision With",2,1009165,36119,850,0.8,18110248.0,6143.2,3354
2024,Property Damage Accident,0:23,2024-07-07,Sunday,Y,Dark-Road Unlighted,EAST FISHKILL,OTHER,DUTCHESS,Straight and Grade,Clear,Stop Sign,Dry,52 82042188,Not Applicable,"Earth Embankment/Rock Cut/Ditch, Collision With Fixed Object",1,299256,36027,1695,0.8,5987961.0,3975.0,1300
2024,Property Damage Accident,13:38,2024-07-07,Sunday,Y,Daylight,WALLKILL,OTHER,ORANGE,Straight and Level,Clear,,Dry,17 83101026,Not Applicable,"Other Motor Vehicle, Collision With",3,415088,36071,4753,2.6,13857119.0,5167.5,1527
2024,Property Damage Accident,13:50,2024-07-07,Sunday,N,Unknown,CORNWALL,REAR END,ORANGE,Unknown,Unknown,Unknown,Unknown,,Not Applicable,"Other Motor Vehicle, Collision With",2,415088,36071,4753,2.6,13857119.0,5167.5,1527
2024,Property Damage Accident,11:45,2024-07-07,Sunday,Y,Daylight,WALLKILL,LEFT TURN (3),ORANGE,Curve at Hill Crest,Cloudy,Stop Sign,Dry,,Not Applicable,"Other Motor Vehicle, Collision With",2,415088,36071,4753,2.6,13857119.0,5167.5,1527
2024,Property Damage Accident,21:31,2024-07-07,Sunday,Y,Dark-Road Lighted,NEWBURGH,OTHER,ORANGE,Straight and Level,Clear,,Dry,,Not Applicable,"Fire Hydrant, Collision With Fixed Object",1,415088,36071,4753,2.6,13857119.0,5167.5,1527
2024,Property Damage Accident,15:43,2024-07-07,Sunday,Y,Daylight,MIDDLETOWN,OVERTAKING,ORANGE,Straight and Level,Clear,,Dry,,Not Applicable,"Other Motor Vehicle, Collision With",2,415088,36071,4753,2.6,13857119.0,5167.5,1527
2024,Property Damage Accident,16:00,2024-07-07,Sunday,Y,Daylight,NEWBURGH,OTHER,ORANGE,Straight and Level,Clear,,Dry,,Not Applicable,"Other Object (Not Fixed)*, Collision With",1,415088,36071,4753,2.6,13857119.0,5167.5,1527
2024,Property Damage Accident,19:51,2024-07-07,Sunday,Y,Dusk,GOSHEN,OTHER,ORANGE,Straight and Level,Clear,,Dry,,Not Applicable,Deer,1,415088,36071,4753,2.6,13857119.0,5167.5,1527
2024,Property Damage Accident,3:30,2024-07-07,Sunday,Y,Dark-Road Unlighted,HAMPTONBURGH,OTHER,ORANGE,Straight and Level,Clear,,Dry,207 83011086,Not Applicable,Deer,1,415088,36071,4753,2.6,13857119.0,5167.5,1527
2024,Property Damage Accident,19:00,2024-07-07,Sunday,Y,Daylight,WALLKILL,OTHER,ORANGE,Straight and Level,Clear,,Dry,17 83101044,Not Applicable,"Other Motor Vehicle, Collision With",3,415088,36071,4753,2.6,13857119.0,5167.5,1527
2024,Property Damage Accident,6:14,2024-07-07,Sunday,Y,Daylight,STONY POINT,OTHER,ROCKLAND,Straight and Level,Cloudy,,Dry,,Not Applicable,"Earth Embankment/Rock Cut/Ditch, Collision With Fixed Object",1,354829,36087,259,0.3,7336134.0,9989.2,886
2024,Property Damage & Injury Accident,11:37,2024-07-07,Sunday,Y,Daylight,RAMAPO,RIGHT ANGLE,ROCKLAND,Straight and Level,Cloudy,Stop Sign,Dry,,Not Applicable,"Other Motor Vehicle, Collision With",2,354829,36087,259,0.3,7336134.0,9989.2,886
2024,Property Damage & Injury Accident,17:23,2024-07-07,Sunday,Y,Daylight,SPRING VALLEY,REAR END,ROCKLAND,Straight and Level,Clear,,Dry,59 85011082,Not Applicable,"Other Motor Vehicle, Collision With",2,354829,36087,259,0.3,7336134.0,9989.2,886
2024,Property Damage Accident,15:34,2024-07-07,Sunday,Y,Daylight,CLARKSTOWN,REAR END,ROCKLAND,Straight and Level,Clear,Traffic Signal,Dry,304 85011038,Not Applicable,"Other Motor Vehicle, Collision With",2,354829,36087,259,0.3,7336134.0,9989.2,886
2024,Property Damage Accident,10:30,2024-07-07,Sunday,Y,Daylight,NYACK,OVERTAKING,ROCKLAND,Straight and Level,Clear,,Dry,,Not Applicable,"Other Motor Vehicle, Collision With",2,354829,36087,259,0.3,7336134.0,9989.2,886
2024,Property Damage Accident,6:56,2024-07-07,Sunday,Y,Daylight,NEW PALTZ,OTHER,ULSTER,Straight and Level,Clear,,Dry,299 86011072,Not Applicable,Deer,1,183095,36111,3565,1.2,6410502.0,3939.4,999
2024,Property Damage Accident,17:30,2024-07-07,Sunday,Y,Daylight,YONKERS,REAR END,WESTCHESTER,Straight and Level,Clear,,Dry,987F87011017,Not Applicable,"Other Motor Vehicle, Collision With",2,1009165,36119,850,0.8,18110248.0,6143.2,3354
2024,Property Damage Accident,20:13,2024-07-07,Sunday,Y,Daylight,WHITE PLAINS,REAR END,WESTCHESTER,Straight and Level,Clear,Traffic Signal,Dry,,Not Applicable,"Other Motor Vehicle, Collision With",2,1009165,36119,850,0.8,18110248.0,6143.2,3354
2024,Property Damage & Injury Accident,17:56,2024-07-07,Sunday,Y,Daylight,MOUNT VERNON,OTHER,WESTCHESTER,Straight and Level,Clear,,Dry,,Not Applicable,"Other Motor Vehicle, Collision With",3,1009165,36119,850,0.8,18110248.0,6143.2,3354
2024,Property Damage & Injury Accident,15:35,2024-07-07,Sunday,Y,Daylight,YONKERS,OTHER,WESTCHESTER,Straight and Level,Clear,,Dry,983C87011002,Not Applicable,"Other Motor Vehicle, Collision With",3,1009165,36119,850,0.8,18110248.0,6143.2,3354
2024,Property Damage Accident,11:15,2024-07-07,Sunday,Y,Daylight,SOMERS,LEFT TURN (3),WESTCHESTER,Straight and Level,Clear,Traffic Signal,Dry,100 87014208,Not Applicable,"Other Motor Vehicle, Collision With",2,1009165,36119,850,0.8,18110248.0,6143.2,3354
2024,Property Damage Accident,15:14,2024-07-07,Sunday,Y,Daylight,LARCHMONT,LEFT TURN (0),WESTCHESTER,Straight and Level,Clear,,Dry,,Not Applicable,"Other Motor Vehicle, Collision With",2,1009165,36119,850,0.8,18110248.0,6143.2,3354
2024,Property Damage & Injury Accident,21:12,2024-07-07,Sunday,Y,Dark-Road Lighted,ELMSFORD,RIGHT ANGLE,WESTCHESTER,Straight and Level,Clear,,Dry,9A87032062,Not Applicable,"Other Motor Vehicle, Collision With",2,1009165,36119,850,0.8,18110248.0,6143.2,3354
2024,Property Damage Accident,22:43,2024-07-07,Sunday,Y,Dark-Road Lighted,YONKERS,REAR END,WESTCHESTER,Straight and Level,Clear,Traffic Signal,Dry,984E87011016,Not Applicable,"Other Motor Vehicle, Collision With",2,1009165,36119,850,0.8,18110248.0,6143.2,3354
2024,Injury Accident,16:55,2024-07-07,Sunday,Y,Daylight,YONKERS,OTHER,WESTCHESTER,Straight and Grade,Clear,Traffic Signal,Dry,,"Crossing, Against Signal","Bicyclist, Collision With",1,1009165,36119,850,0.8,18110248.0,6143.2,3354
2024,Property Damage & Injury Accident,4:54,2024-07-07,Sunday,Y,Dark-Road Lighted,YONKERS,OTHER,WESTCHESTER,Curve at Hill Crest,Clear,Stop Sign,Dry,983C87011003,Not Applicable,"Other Motor Vehicle, Collision With",3,1009165,36119,850,0.8,18110248.0,6143.2,3354
2024,Property Damage Accident,15:35,2024-07-07,Sunday,Y,Daylight,YONKERS,RIGHT ANGLE,WESTCHESTER,Straight and Level,Clear,,Dry,,Not Applicable,"Other Motor Vehicle, Collision With",2,1009165,36119,850,0.8,18110248.0,6143.2,3354
2024,Property Damage & Injury Accident,3:53,2024-07-07,Sunday,Y,Dark-Road Lighted,YONKERS,OTHER,WESTCHESTER,Straight and Level,Clear,Traffic Signal,Dry,,Not Applicable,"Other Motor Vehicle, Collision With",2,1009165,36119,850,0.8,18110248.0,6143.2,3354
2024,Property Damage Accident,12:19,2024-07-08,Monday,Y,Daylight,WAPPINGER,OTHER,DUTCHESS,Straight and Level,Clear,Traffic Signal,Dry,9 82051073,Not Applicable,"Other Motor Vehicle, Collision With",3,299256,36027,1695,0.8,5987961.0,3975.0,1300
2024,Property Damage Accident,16:47,2024-07-08,Monday,Y,Daylight,EAST FISHKILL,OTHER,DUTCHESS,Straight and Level,Clear,,Dry,,Not Applicable,"Other Object (Not Fixed)*, Collision With",1,299256,36027,1695,0.8,5987961.0,3975.0,1300
2024,Property Damage Accident,16:54,2024-07-08,Monday,Y,Daylight,WAPPINGER,REAR END,DUTCHESS,Straight and Grade,Clear,,Dry,,Not Applicable,"Other Motor Vehicle, Collision With",2,299256,36027,1695,0.8,5987961.0,3975.0,1300
2024,Property Damage & Injury Accident,16:30,2024-07-08,Monday,Y,Daylight,PLEASANT VALLEY,OTHER,DUTCHESS,Straight and Level,Clear,Stop Sign,Dry,,Not Applicable,"Other Motor Vehicle, Collision With",3,299256,36027,1695,0.8,5987961.0,3975.0,1300
2024,Property Damage Accident,0:37,2024-07-08,Monday,Y,Dark-Road Unlighted,HYDE PARK,OTHER,DUTCHESS,Straight and Level,Clear,,Dry,,Not Applicable,"Animal, Collision With",1,299256,36027,1695,0.8,5987961.0,3975.0,1300
2024,Property Damage Accident,8:15,2024-07-08,Monday,Y,Daylight,RHINEBECK,REAR END,DUTCHESS,Straight and Level,Clear,,Dry,9 82053155,Not Applicable,"Other Motor Vehicle, Collision With",2,299256,36027,1695,0.8,5987961.0,3975.0,1300
2024,Property Damage Accident,16:32,2024-07-08,Monday,Y,Daylight,MONTGOMERY,RIGHT ANGLE,ORANGE,Curve and Level,Clear,Stop Sign,Dry,,Not Applicable,"Other Motor Vehicle, Collision With",2,415088,36071,4753,2.6,13857119.0,5167.5,1527
2024,Property Damage Accident,16:56,2024-07-08,Monday,Y,Daylight,WALLKILL,OTHER,ORANGE,Curve and Level,Clear,,Dry,17M83011004,Not Applicable,"Earth Embankment/Rock Cut/Ditch, Collision With Fixed Object",1,415088,36071,4753,2.6,13857119.0,5167.5,1527
2024,Property Damage & Injury Accident,12:15,2024-07-08,Monday,Y,Daylight,WALLKILL,OVERTAKING,ORANGE,Curve and Grade,Clear,,Dry,,Not Applicable,"Other Motor Vehicle, Collision With",2,415088,36071,4753,2.6,13857119.0,5167.5,1527
2024,Property Damage Accident,12:12,2024-07-08,Monday,Y,Daylight,PATTERSON,REAR END,PUTNAM,Straight and Level,Clear,No Passing Zone,Dry,22 84031142,Not Applicable,"Other Motor Vehicle, Collision With",2,98842,36079,509,0.7,2746105.0,4089.2,375
2024,Property Damage Accident,17:10,2024-07-08,Monday,Y,Daylight,MONTEBELLO,OTHER,ROCKLAND,Straight and Level,Clear,,Dry,,Not Applicable,"Light Support/Utility Pole, Collision With Fixed Object",1,354829,36087,259,0.3,7336134.0,9989.2,886
2024,Property Damage Accident,20:17,2024-07-08,Monday,Y,Dusk,CHESTNUT RIDGE,OTHER,ROCKLAND,Straight and Level,Clear,,Dry,,Not Applicable,"Other Fixed Object*, Collision With Fixed Object",1,354829,36087,259,0.3,7336134.0,9989.2,886
2024,Property Damage Accident,5:10,2024-07-08,Monday,Y,Daylight,STONY POINT,OTHER,ROCKLAND,Straight and Level,Cloudy,,Dry,987C85011189,Not Applicable,Deer,1,354829,36087,259,0.3,7336134.0,9989.2,886
2024,Property Damage Accident,12:35,2024-07-08,Monday,Y,Daylight,CLARKSTOWN,OVERTAKING,ROCKLAND,Straight and Level,Clear,Stop Sign,Dry,,Not Applicable,"Other Motor Vehicle, Collision With",2,354829,36087,259,0.3,7336134.0,9989.2,886
2024,Property Damage & Injury Accident,9:35,2024-07-08,Monday,Y,Daylight,RAMAPO,OTHER,ROCKLAND,Straight and Level,Clear,,Dry,,Not Applicable,"Other Motor Vehicle, Collision With",3,354829,36087,259,0.3,7336134.0,9989.2,886
2024,Property Damage Accident,7:30,2024-07-08,Monday,Y,Daylight,CLARKSTOWN,OVERTAKING,ROCKLAND,Straight and Level,Clear,Traffic Signal,Dry,,Not Applicable,"Other Motor Vehicle, Collision With",2,354829,36087,259,0.3,7336134.0,9989.2,886
2024,Property Damage Accident,16:51,2024-07-08,Monday,Y,Daylight,ORANGETOWN,OTHER,ROCKLAND,Straight and Level,Clear,Traffic Signal,Dry,,Not Applicable,"Other Motor Vehicle, Collision With",3,354829,36087,259,0.3,7336134.0,9989.2,886
2024,Property Damage Accident,15:39,2024-07-08,Monday,Y,Daylight,SPRING VALLEY,RIGHT ANGLE,ROCKLAND,Straight and Level,Clear,Stop Sign,Dry,59 85011071,Not Applicable,"Other Motor Vehicle, Collision With",2,354829,36087,259,0.3,7336134.0,9989.2,886
2024,Property Damage & Injury Accident,11:05,2024-07-08,Monday,Y,Daylight,MARLBOROUGH,OTHER,ULSTER,Straight and Grade,Clear,,Dry,9W86031046,Not Applicable,"Other Motor Vehicle, Collision With",3,183095,36111,3565,1.2,6410502.0,3939.4,999
2024,Property Damage & Injury Accident,4:14,2024-07-08,Monday,Y,Dark-Road Unlighted,HURLEY,OTHER,ULSTER,Curve and Level,Clear,No Passing Zone,Dry,,Not Applicable,Deer,1,183095,36111,3565,1.2,6410502.0,3939.4,999
2024,Property Damage Accident,15:21,2024-07-08,Monday,Y,Daylight,NEW PALTZ,REAR END,ULSTER,Straight and Level,Clear,,Dry,299 86011071,Not Applicable,"Other Motor Vehicle, Collision With",2,183095,36111,3565,1.2,6410502.0,3939.4,999
2024,Property Damage & Injury Accident,15:55,2024-07-08,Monday,Y,Daylight,ELLENVILLE,REAR END,ULSTER,Curve and Grade,Clear,No Passing Zone,Dry,52 86021046,Not Applicable,"Other Motor Vehicle, Collision With",2,183095,36111,3565,1.2,6410502.0,3939.4,999
2024,Property Damage Accident,17:25,2024-07-08,Monday,Y,Daylight,NEW PALTZ,RIGHT ANGLE,ULSTER,Straight and Level,Clear,,Dry,,Not Applicable,"Other Motor Vehicle, Collision With",2,183095,36111,3565,1.2,6410502.0,3939.4,999
2024,Property Damage Accident,9:25,2024-07-08,Monday,Y,Daylight,LARCHMONT,REAR END,WESTCHESTER,Straight and Level,Clear,,Dry,,Not Applicable,"Other Motor Vehicle, Collision With",2,1009165,36119,850,0.8,18110248.0,6143.2,3354
2024,Property Damage Accident,19:18,2024-07-08,Monday,Y,Daylight,YONKERS,OVERTAKING,WESTCHESTER,Straight and Level,Clear,,Dry,984H87011015,Not Applicable,"Other Motor Vehicle, Collision With",2,1009165,36119,850,0.8,18110248.0,6143.2,3354
2024,Property Damage Accident,15:15,2024-07-08,Monday,Y,Daylight,NEW ROCHELLE,OTHER,WESTCHESTER,Straight and Level,Clear,,Dry,,Not Applicable,"Other Motor Vehicle, Collision With",2,1009165,36119,850,0.8,18110248.0,6143.2,3354
2024,Property Damage Accident,19:44,2024-07-08,Monday,Y,Daylight,CROTON ON HUDSON,OVERTAKING,WESTCHESTER,Straight and Level,Clear,,Dry,,Not Applicable,"Other Motor Vehicle, Collision With",2,1009165,36119,850,0.8,18110248.0,6143.2,3354
2024,Property Damage Accident,19:57,2024-07-08,Monday,Y,Daylight,NEW ROCHELLE,REAR END,WESTCHESTER,Straight and Level,Clear,,Dry,,Not Applicable,"Other Motor Vehicle, Collision With",2,1009165,36119,850,0.8,18110248.0,6143.2,3354
2024,Property Damage & Injury Accident,9:56,2024-07-09,Tuesday,Y,Daylight,FISHKILL,RIGHT ANGLE,DUTCHESS,Straight and Level,Clear,Traffic Signal,Dry,,Not Applicable,"Other Motor Vehicle, Collision With",2,299256,36027,1695,0.8,5987961.0,3975.0,1300
2024,Property Damage Accident,11:30,2024-07-09,Tuesday,Y,Daylight,WAPPINGER,OTHER,DUTCHESS,Straight and Level,Clear,,Dry,,Not Applicable,"Other Motor Vehicle, Collision With",2,299256,36027,1695,0.8,5987961.0,3975.0,1300
2024,Property Damage Accident,16:21,2024-07-09,Tuesday,Y,Daylight,EAST FISHKILL,OTHER,DUTCHESS,Straight and Level,Clear,,Dry,987G82031018,Not Applicable,"Guide Rail - Not At End, Collision With Fixed Object",1,299256,36027,1695,0.8,5987961.0,3975.0,1300
2024,Property Damage Accident,22:10,2024-07-09,Tuesday,Y,Dark-Road Unlighted,DOVER,OTHER,DUTCHESS,Curve at Hill Crest,Clear,,Dry,,Not Applicable,"Other Object (Not Fixed)*, Collision With",1,299256,36027,1695,0.8,5987961.0,3975.0,1300
2024,Property Damage Accident,16:18,2024-07-09,Tuesday,Y,Daylight,POUGHKEEPSIE,OTHER,DUTCHESS,Straight and Level,Clear,Traffic Signal,Dry,,Not Applicable,"Other Motor Vehicle, Collision With",3,299256,36027,1695,0.8,5987961.0,3975.0,1300
2024,Property Damage Accident,10:02,2024-07-09,Tuesday,Y,Daylight,WAPPINGER FALLS,RIGHT ANGLE,DUTCHESS,Straight and Level,Cloudy,Traffic Signal,Dry,9 82051080,Not Applicable,"Other Motor Vehicle, Collision With",2,299256,36027,1695,0.8,5987961.0,3975.0,1300
2024,Property Damage & Injury Accident,12:05,2024-07-09,Tuesday,Y,Daylight,POUGHKEEPSIE,REAR END,DUTCHESS,Straight and Level,Clear,Traffic Signal,Dry,9 82051135,Not Applicable,"Other Motor Vehicle, Collision With",2,299256,36027,1695,0.8,5987961.0,3975.0,1300
2024,Property Damage Accident,15:54,2024-07-09,Tuesday,Y,Daylight,NEWBURGH,OVERTAKING,ORANGE,Straight and Level,Clear,,Dry,300 83021074,Not Applicable,"Other Motor Vehicle, Collision With",2,415088,36071,4753,2.6,13857119.0,5167.5,1527
2024,Property Damage Accident,14:05,2024-07-09,Tuesday,Y,Daylight,KIRYAS JOEL,REAR END,ORANGE,Straight and Level,Clear,No Passing Zone,Dry,,Not Applicable,"Other Motor Vehicle, Collision With",2,415088,36071,4753,2.6,13857119.0,5167.5,1527
2024,Property Damage & Injury Accident,18:41,2024-07-09,Tuesday,Y,Daylight,WASHINGTONVILLE,OTHER,ORANGE,Straight and Level,Clear,No Passing Zone,Dry,94 83011230,Not Applicable,"Other Motor Vehicle, Collision With",4,415088,36071,4753,2.6,13857119.0,5167.5,1527
2024,Property Damage Accident,20:01,2024-07-09,Tuesday,Y,Dusk,WARWICK,OTHER,ORANGE,Straight and Level,Clear,,Dry,,Not Applicable,Deer,1,415088,36071,4753,2.6,13857119.0,5167.5,1527
2024,Property Damage & Injury Accident,9:26,2024-07-09,Tuesday,Y,Daylight,GOSHEN,RIGHT ANGLE,ORANGE,Straight and Level,Clear,,Dry,17A83011003,Not Applicable,"Other Motor Vehicle, Collision With",2,415088,36071,4753,2.6,13857119.0,5167.5,1527
2024,Property Damage & Injury Accident,16:20,2024-07-09,Tuesday,Y,Daylight,MIDDLETOWN,RIGHT ANGLE,ORANGE,Straight and Level,Clear,Stop Sign,Dry,17M83012008,Not Applicable,"Other Motor Vehicle, Collision With",2,415088,36071,4753,2.6,13857119.0,5167.5,1527
2024,Property Damage Accident,2:36,2024-07-09,Tuesday,Y,Dark-Road Lighted,WALLKILL,OTHER,ORANGE,Straight and Level,Unknown,Stop Sign,Unknown,,Not Applicable,"Sign Post, Collision With Fixed Object",1,415088,36071,4753,2.6,13857119.0,5167.5,1527
2024,Property Damage & Injury Accident,13:20,2024-07-09,Tuesday,Y,Daylight,HARRIMAN,LEFT TURN (3),ORANGE,Straight and Grade,Clear,Stop Sign,Dry,,Not Applicable,"Other Motor Vehicle, Collision With",2,415088,36071,4753,2.6,13857119.0,5167.5,1527