year,accident_descriptor,time,date,day_of_week,police_report,lighting_conditions,municipality,collision_type_descriptor,county_name,road_descriptor,weather_conditions,traffic_control_device,road_surface_conditions,dot_reference_marker_location,pedestrian_bicyclist_action,event_descriptor,number_of_vehicles_involved,county_population_2024,county_fips,county_deer_take_2024,county_antlerless_deer_per_sqmi_2024,county_daily_vmt_2019,county_mean_aadt_2019,county_aadt_segments_2019
2024,Property Damage Accident,13:45,2024-07-09,Tuesday,Y,Daylight,,OTHER,ROCKLAND,Straight and Level,Clear,,Dry,,Not Applicable,"Other Motor Vehicle, Collision With",2,354829,36087,259,0.3,7336134.0,9989.2,886
2024,Property Damage & Injury Accident,7:36,2024-07-09,Tuesday,Y,Daylight,CHESTNUT RIDGE,OTHER,ROCKLAND,Straight and Grade,Clear,,Dry,45 85011010,Not Applicable,"Other Motor Vehicle, Collision With",3,354829,36087,259,0.3,7336134.0,9989.2,886
2024,Property Damage Accident,17:19,2024-07-09,Tuesday,Y,Daylight,SUFFERN,OVERTAKING,ROCKLAND,Straight and Level,Clear,No Passing Zone,Dry,,Not Applicable,"Other Motor Vehicle, Collision With",2,354829,36087,259,0.3,7336134.0,9989.2,886
2024,Property Damage Accident,17:06,2024-07-09,Tuesday,Y,Daylight,RAMAPO,REAR END,ROCKLAND,Straight and Level,Clear,,Dry,17 85111024,Not Applicable,"Other Motor Vehicle, Collision With",2,354829,36087,259,0.3,7336134.0,9989.2,886
2024,Property Damage Accident,15:35,2024-07-09,Tuesday,Y,Daylight,STONY POINT,RIGHT ANGLE,ROCKLAND,Straight and Level,Clear,,Dry,,Not Applicable,"Other Motor Vehicle, Collision With",2,354829,36087,259,0.3,7336134.0,9989.2,886
2024,Property Damage & Injury Accident,7:54,2024-07-09,Tuesday,Y,Daylight,CLARKSTOWN,OTHER,ROCKLAND,Straight and Level,Clear,,Dry,,Not Applicable,"Earth Embankment/Rock Cut/Ditch, Collision With Fixed Object",1,354829,36087,259,0.3,7336134.0,9989.2,886
2024,Property Damage Accident,21:05,2024-07-09,Tuesday,Y,Dark-Road Unlighted,SAUGERTIES,OTHER,ULSTER,Straight and Grade,Cloudy,,Dry,,Not Applicable,"Earth Embankment/Rock Cut/Ditch, Collision With Fixed Object",1,183095,36111,3565,1.2,6410502.0,3939.4,999
2024,Property Damage & Injury Accident,16:55,2024-07-09,Tuesday,Y,Daylight,NEW ROCHELLE,OTHER,WESTCHESTER,Curve and Level,Clear,,Dry,907W87021010,Not Applicable,"Median - Not At End, Collision With Fixed Object",1,1009165,36119,850,0.8,18110248.0,6143.2,3354
2024,Property Damage Accident,0:00,2024-07-09,Tuesday,N,Unknown,YONKERS,RIGHT ANGLE,WESTCHESTER,Unknown,Unknown,Unknown,Unknown,,Not Applicable,"Other Motor Vehicle, Collision With",2,1009165,36119,850,0.8,18110248.0,6143.2,3354
2024,Property Damage & Injury Accident,18:49,2024-07-09,Tuesday,Y,Daylight,PELHAM MANOR,RIGHT ANGLE,WESTCHESTER,Straight and Level,Cloudy,,Dry,,Not Applicable,"Other Motor Vehicle, Collision With",2,1009165,36119,850,0.8,18110248.0,6143.2,3354
2024,Property Damage Accident,14:20,2024-07-09,Tuesday,Y,Daylight,NEW ROCHELLE,OTHER,WESTCHESTER,Straight and Level,Clear,,Dry,,Working in Roadway,Other Pedestrian,1,1009165,36119,850,0.8,18110248.0,6143.2,3354
2024,Property Damage Accident,8:18,2024-07-09,Tuesday,Y,Unknown,YONKERS,Unknown,WESTCHESTER,Straight and Level,Clear,,Dry,,Not Applicable,"Other Motor Vehicle, Collision With",2,1009165,36119,850,0.8,18110248.0,6143.2,3354
2024,Property Damage Accident,10:10,2024-07-09,Tuesday,Y,Daylight,MOUNT PLEASANT,OVERTAKING,WESTCHESTER,Straight and Grade,Clear,,Dry,,Not Applicable,"Other Motor Vehicle, Collision With",2,1009165,36119,850,0.8,18110248.0,6143.2,3354
2024,Property Damage Accident,12:05,2024-07-09,Tuesday,N,Unknown,POUND RIDGE,REAR END,WESTCHESTER,Unknown,Unknown,Unknown,Unknown,,Not Applicable,"Other Motor Vehicle, Collision With",2,1009165,36119,850,0.8,18110248.0,6143.2,3354
2024,Property Damage Accident,11:26,2024-07-09,Tuesday,Y,Daylight,HARRISON,OVERTAKING,WESTCHESTER,Straight and Level,Cloudy,,Dry,287I87011087,Not Applicable,"Other Motor Vehicle, Collision With",2,1009165,36119,850,0.8,18110248.0,6143.2,3354
2024,Property Damage & Injury Accident,11:00,2024-07-09,Tuesday,Y,Daylight,MOUNT KISCO,REAR END,WESTCHESTER,Straight and Level,Clear,No Passing Zone,Dry,117 87011099,Not Applicable,"Other Motor Vehicle, Collision With",2,1009165,36119,850,0.8,18110248.0,6143.2,3354
2024,Property Damage & Injury Accident,20:07,2024-07-10,Wednesday,Y,Dusk,LA GRANGE,OVERTAKING,DUTCHESS,Straight and Level,Cloudy,No Passing Zone,Dry,,Not Applicable,"Other Motor Vehicle, Collision With",2,299256,36027,1695,0.8,5987961.0,3975.0,1300
2024,Property Damage Accident,17:04,2024-07-10,Wednesday,Y,Daylight,RHINEBECK,OTHER,DUTCHESS,Straight and Level,Clear,,Dry,199 82021004,Not Applicable,"Barrier, Collision With Fixed Object",1,299256,36027,1695,0.8,5987961.0,3975.0,1300
2024,Property Damage Accident,15:20,2024-07-10,Wednesday,Y,Daylight,POUGHKEEPSIE,REAR END,DUTCHESS,Straight and Level,Clear,Traffic Signal,Dry,,Not Applicable,"Other Motor Vehicle, Collision With",2,299256,36027,1695,0.8,5987961.0,3975.0,1300
2024,Property Damage Accident,22:33,2024-07-10,Wednesday,Y,Dark-Road Unlighted,WALLKILL,OTHER,ORANGE,Straight and Grade,Clear,,Dry,,Not Applicable,Deer,1,415088,36071,4753,2.6,13857119.0,5167.5,1527
2024,Property Damage & Injury Accident,13:50,2024-07-10,Wednesday,Y,Daylight,WALLKILL,RIGHT ANGLE,ORANGE,Straight and Level,Clear,Traffic Signal,Dry,211 83013004,Not Applicable,"Other Motor Vehicle, Collision With",2,415088,36071,4753,2.6,13857119.0,5167.5,1527
2024,Property Damage Accident,19:00,2024-07-10,Wednesday,Y,Daylight,WARWICK,OTHER,ORANGE,Curve and Grade,Clear,,Dry,,Not Applicable,Deer,1,415088,36071,4753,2.6,13857119.0,5167.5,1527
2024,Property Damage & Injury Accident,11:19,2024-07-10,Wednesday,Y,Daylight,WOODBURY,REAR END,ORANGE,Straight and Grade,Clear,Stop Sign,Dry,,Not Applicable,"Other Motor Vehicle, Collision With",2,415088,36071,4753,2.6,13857119.0,5167.5,1527
2024,Property Damage Accident,13:00,2024-07-10,Wednesday,N,Daylight,HARRIMAN,OTHER,ORANGE,Curve and Grade,Rain,Yield Sign,Wet,6 83012410,Not Applicable,"Overturned, Non-Collision",1,415088,36071,4753,2.6,13857119.0,5167.5,1527
2024,Property Damage & Injury Accident,12:38,2024-07-10,Wednesday,Y,Daylight,CORNWALL,REAR END,ORANGE,Straight and Level,Clear,Traffic Signal,Dry,,Not Applicable,"Other Motor Vehicle, Collision With",2,415088,36071,4753,2.6,13857119.0,5167.5,1527
2024,Property Damage Accident,16:30,2024-07-10,Wednesday,Y,Daylight,NEWBURGH,RIGHT TURN (5),ORANGE,Straight and Grade,Clear,Traffic Signal,Dry,980P83012009,Not Applicable,"Other Motor Vehicle, Collision With",2,415088,36071,4753,2.6,13857119.0,5167.5,1527
2024,Property Damage & Injury Accident,12:35,2024-07-10,Wednesday,Y,Daylight,MONTGOMERY,OTHER,ORANGE,Straight and Level,Clear,Construction Work Area,Dry,84I83011296,Not Applicable,"Other Motor Vehicle, Collision With",3,415088,36071,4753,2.6,13857119.0,5167.5,1527
2024,Property Damage Accident,17:44,2024-07-10,Wednesday,Y,Daylight,SOUTHEAST,OTHER,PUTNAM,Straight and Level,Clear,No Passing Zone,Dry,22 84031070,Not Applicable,"Tree, Collision With Fixed Object",1,98842,36079,509,0.7,2746105.0,4089.2,375
2024,Property Damage Accident,12:45,2024-07-10,Wednesday,Y,Daylight,HAVERSTRAW,REAR END,ROCKLAND,Straight and Grade,Clear,Traffic Signal,Dry,981F85011005,Not Applicable,"Other Motor Vehicle, Collision With",2,354829,36087,259,0.3,7336134.0,9989.2,886
2024,Property Damage Accident,0:01,2024-07-10,Wednesday,Y,Dark-Road Lighted,RAMAPO,REAR END,ROCKLAND,Straight and Level,Cloudy,,Dry,45 85011057,Not Applicable,"Other Motor Vehicle, Collision With",2,354829,36087,259,0.3,7336134.0,9989.2,886
2024,Property Damage & Injury Accident,14:10,2024-07-10,Wednesday,Y,Daylight,CLARKSTOWN,OTHER,ROCKLAND,Straight and Level,Clear,,Dry,,"Crossing, No Signal, Marked Crosswalk","Bicyclist, Collision With",1,354829,36087,259,0.3,7336134.0,9989.2,886
2024,Property Damage Accident,19:17,2024-07-10,Wednesday,Y,Daylight,HAVERSTRAW,LEFT TURN (3),ROCKLAND,Straight and Level,Clear,,Dry,,Not Applicable,"Other Motor Vehicle, Collision With",2,354829,36087,259,0.3,7336134.0,9989.2,886
2024,Property Damage Accident,9:30,2024-07-10,Wednesday,Y,Daylight,SPRING VALLEY,REAR END,ROCKLAND,Straight and Level,Clear,Traffic Signal,Dry,45 85011029,Not Applicable,"Other Motor Vehicle, Collision With",2,354829,36087,259,0.3,7336134.0,9989.2,886
2024,Property Damage Accident,21:13,2024-07-10,Wednesday,Y,Dark-Road Unlighted,MARBLETOWN,OTHER,ULSTER,Straight and Level,Clear,No Passing Zone,Dry,,Not Applicable,Deer,1,183095,36111,3565,1.2,6410502.0,3939.4,999
2024,Property Damage & Injury Accident,21:10,2024-07-10,Wednesday,Y,Dark-Road Lighted,KINGSTON,OTHER,ULSTER,Straight and Grade,Clear,,Dry,,"Crossing, No Signal, Marked Crosswalk","Bicyclist, Collision With",1,183095,36111,3565,1.2,6410502.0,3939.4,999
2024,Property Damage Accident,17:53,2024-07-10,Wednesday,Y,Daylight,ULSTER,RIGHT ANGLE,ULSTER,Curve and Grade,Cloudy,Stop Sign,Dry,,Not Applicable,"Other Motor Vehicle, Collision With",2,183095,36111,3565,1.2,6410502.0,3939.4,999
2024,Property Damage Accident,13:34,2024-07-10,Wednesday,Y,Daylight,SHAWANGUNK,REAR END,ULSTER,Straight and Level,Clear,Maintenance Work Area,Dry,,Not Applicable,"Other Motor Vehicle, Collision With",2,183095,36111,3565,1.2,6410502.0,3939.4,999
2024,Property Damage Accident,12:38,2024-07-10,Wednesday,Y,Daylight,PORT CHESTER,REAR END,WESTCHESTER,Straight and Level,Clear,Traffic Signal,Dry,1 87035007,Not Applicable,"Other Motor Vehicle, Collision With",2,1009165,36119,850,0.8,18110248.0,6143.2,3354
2024,Injury Accident,19:28,2024-07-10,Wednesday,Y,Daylight,NEW ROCHELLE,OTHER,WESTCHESTER,Straight and Level,Clear,Traffic Signal,Dry,982J87011000,"Crossing, No Signal or Crosswalk","Pedestrian, Collision With",1,1009165,36119,850,0.8,18110248.0,6143.2,3354
2024,Property Damage Accident,13:13,2024-07-10,Wednesday,Y,Daylight,HARRISON,REAR END,WESTCHESTER,Straight and Level,Clear,Traffic Signal,Dry,,Not Applicable,"Other Motor Vehicle, Collision With",2,1009165,36119,850,0.8,18110248.0,6143.2,3354
2024,Property Damage Accident,7:52,2024-07-10,Wednesday,Y,Daylight,GREENBURGH,OVERTAKING,WESTCHESTER,Straight and Level,Clear,,Dry,287I87011023,Not Applicable,"Other Motor Vehicle, Collision With",2,1009165,36119,850,0.8,18110248.0,6143.2,3354
2024,Property Damage & Injury Accident,14:09,2024-07-10,Wednesday,Y,Daylight,BEDFORD,REAR END,WESTCHESTER,Curve and Grade,Cloudy,,Dry,684I87011180,Not Applicable,"Other Motor Vehicle, Collision With",2,1009165,36119,850,0.8,18110248.0,6143.2,3354
2024,Property Damage Accident,16:35,2024-07-10,Wednesday,Y,Daylight,GREENBURGH,HEAD ON,WESTCHESTER,Straight and Level,Clear,,Dry,,Not Applicable,"Other Motor Vehicle, Collision With",2,1009165,36119,850,0.8,18110248.0,6143.2,3354
2024,Property Damage Accident,17:11,2024-07-11,Thursday,Y,Daylight,FISHKILL,OVERTAKING,DUTCHESS,Straight and Level,Clear,Traffic Signal,Dry,9 82051026,Not Applicable,"Other Motor Vehicle, Collision With",2,299256,36027,1695,0.8,5987961.0,3975.0,1300
2024,Property Damage Accident,18:00,2024-07-11,Thursday,Y,Daylight,LA GRANGE,OTHER,DUTCHESS,Straight and Grade,Clear,,Dry,987G82031153,Not Applicable,"Guide Rail - Not At End, Collision With Fixed Object",1,299256,36027,1695,0.8,5987961.0,3975.0,1300
2024,Property Damage Accident,12:30,2024-07-11,Thursday,N,Daylight,HYDE PARK,REAR END,DUTCHESS,Straight and Level,Clear,Traffic Signal,Dry,9G82013052,Not Applicable,"Other Motor Vehicle, Collision With",2,299256,36027,1695,0.8,5987961.0,3975.0,1300
2024,Property Damage Accident,8:21,2024-07-11,Thursday,Y,Daylight,WALLKILL,REAR END,ORANGE,Straight and Level,Clear,,Dry,84I83011176,Not Applicable,"Other Motor Vehicle, Collision With",2,415088,36071,4753,2.6,13857119.0,5167.5,1527
2024,Property Damage Accident,0:19,2024-07-11,Thursday,Y,Dark-Road Lighted,WOODBURY,OTHER,ORANGE,Curve and Level,Cloudy,Unknown,Dry,32 83011023,Not Applicable,"Other Motor Vehicle, Collision With",2,415088,36071,4753,2.6,13857119.0,5167.5,1527
2024,Property Damage Accident,11:27,2024-07-11,Thursday,Y,Daylight,WALLKILL,OTHER,ORANGE,Straight and Level,Clear,Traffic Signal,Dry,211 83013018,Not Applicable,"Other Motor Vehicle, Collision With",3,415088,36071,4753,2.6,13857119.0,5167.5,1527
2024,Property Damage Accident,0:47,2024-07-11,Thursday,Y,Dark-Road Lighted,HARRIMAN,OTHER,ORANGE,Straight and Level,Cloudy,,Dry,,Not Applicable,Deer,1,415088,36071,4753,2.6,13857119.0,5167.5,1527
2024,Property Damage Accident,10:36,2024-07-11,Thursday,Y,Daylight,NEW WINDSOR,OTHER,ORANGE,Straight and Level,Clear,,Dry,,Not Applicable,"Other Object (Not Fixed)*, Collision With",1,415088,36071,4753,2.6,13857119.0,5167.5,1527
2024,Property Damage Accident,18:17,2024-07-11,Thursday,Y,Daylight,NEWBURGH,REAR END,ORANGE,Straight and Level,Cloudy,,Dry,9W83022010,Not Applicable,"Other Motor Vehicle, Collision With",2,415088,36071,4753,2.6,13857119.0,5167.5,1527
2024,Property Damage Accident,16:30,2024-07-11,Thursday,Y,Daylight,MONROE,REAR END,ORANGE,Straight and Level,Cloudy,,Dry,17 83101239,Not Applicable,"Other Motor Vehicle, Collision With",2,415088,36071,4753,2.6,13857119.0,5167.5,1527
2024,Property Damage Accident,23:01,2024-07-11,Thursday,Y,Dark-Road Unlighted,WALLKILL,REAR END,ORANGE,Straight and Level,Clear,,Dry,,Not Applicable,"Other Motor Vehicle, Collision With",2,415088,36071,4753,2.6,13857119.0,5167.5,1527
2024,Property Damage Accident,5:58,2024-07-11,Thursday,Y,Daylight,SOUTHEAST,OTHER,PUTNAM,Straight and Level,Cloudy,,Dry,84I84031088,Not Applicable,Deer,1,98842,36079,509,0.7,2746105.0,4089.2,375
2024,Property Damage & Injury Accident,15:10,2024-07-11,Thursday,Y,Daylight,PATTERSON,OTHER,PUTNAM,Straight and Level,Clear,No Passing Zone,Dry,22 84031097,Not Applicable,"Other Motor Vehicle, Collision With",3,98842,36079,509,0.7,2746105.0,4089.2,375
2024,Property Damage & Injury Accident,9:30,2024-07-11,Thursday,Y,Daylight,CLARKSTOWN,REAR END,ROCKLAND,Straight and Level,Clear,Traffic Signal,Dry,59 85011088,Not Applicable,"Other Motor Vehicle, Collision With",2,354829,36087,259,0.3,7336134.0,9989.2,886
2024,Property Damage Accident,10:16,2024-07-11,Thursday,Y,Daylight,CLARKSTOWN,OVERTAKING,ROCKLAND,Straight and Level,Clear,,Dry,304 85011051,Not Applicable,"Other Motor Vehicle, Collision With",2,354829,36087,259,0.3,7336134.0,9989.2,886
2024,Property Damage & Injury Accident,17:52,2024-07-11,Thursday,Y,Daylight,ORANGETOWN,OTHER,ROCKLAND,Straight and Level,Clear,,Dry,304 85011014,Not Applicable,"Guide Rail - Not At End, Collision With Fixed Object",1,354829,36087,259,0.3,7336134.0,9989.2,886
2024,Property Damage Accident,10:15,2024-07-11,Thursday,Y,Daylight,CLARKSTOWN,OVERTAKING,ROCKLAND,Straight at Hill Crest,Clear,,Dry,,Not Applicable,"Other Motor Vehicle, Collision With",2,354829,36087,259,0.3,7336134.0,9989.2,886
2024,Property Damage Accident,7:12,2024-07-11,Thursday,Y,Daylight,ESOPUS,RIGHT ANGLE,ULSTER,Straight and Level,Clear,Stop Sign,Dry,32 86021168,Not Applicable,"Other Motor Vehicle, Collision With",2,183095,36111,3565,1.2,6410502.0,3939.4,999
2024,Property Damage & Injury Accident,20:38,2024-07-11,Thursday,Y,Dark-Road Unlighted,MARBLETOWN,OTHER,ULSTER,Straight and Level,Clear,No Passing Zone,Dry,,Not Applicable,Deer,1,183095,36111,3565,1.2,6410502.0,3939.4,999
2024,Property Damage Accident,12:47,2024-07-11,Thursday,Y,Daylight,GREENBURGH,RIGHT ANGLE,WESTCHESTER,Straight and Level,Clear,,Dry,9A87032070,Not Applicable,"Other Motor Vehicle, Collision With",2,1009165,36119,850,0.8,18110248.0,6143.2,3354
2024,Property Damage Accident,12:24,2024-07-11,Thursday,Y,Daylight,MOUNT PLEASANT,OTHER,WESTCHESTER,Straight and Grade,Clear,,Dry,9 87032106,Not Applicable,"Other Object (Not Fixed)*, Collision With",1,1009165,36119,850,0.8,18110248.0,6143.2,3354
2024,Property Damage Accident,8:35,2024-07-11,Thursday,Y,Daylight,MOUNT PLEASANT,SIDESWIPE,WESTCHESTER,Straight and Level,Clear,,Dry,,Not Applicable,"Other Motor Vehicle, Collision With",2,1009165,36119,850,0.8,18110248.0,6143.2,3354
2024,Property Damage Accident,18:48,2024-07-11,Thursday,Y,Daylight,PORT CHESTER,REAR END,WESTCHESTER,Straight and Level,Clear,Traffic Signal,Dry,120A87011024,Not Applicable,"Other Motor Vehicle, Collision With",2,1009165,36119,850,0.8,18110248.0,6143.2,3354
2024,Property Damage Accident,7:55,2024-07-11,Thursday,Y,Daylight,NEW ROCHELLE,REAR END,WESTCHESTER,Straight and Level,Clear,,Dry,,Not Applicable,"Other Motor Vehicle, Collision With",2,1009165,36119,850,0.8,18110248.0,6143.2,3354
2024,Property Damage Accident,0:00,2024-07-11,Thursday,Y,Dark-Road Lighted,NEW ROCHELLE,Unknown,WESTCHESTER,Straight and Level,Clear,,Dry,,Not Applicable,"Other Motor Vehicle, Collision With",2,1009165,36119,850,0.8,18110248.0,6143.2,3354
2024,Property Damage Accident,17:00,2024-07-11,Thursday,N,Daylight,EASTCHESTER,Unknown,WESTCHESTER,Straight and Level,Clear,,Dry,22 87022032,Not Applicable,"Other Motor Vehicle, Collision With",2,1009165,36119,850,0.8,18110248.0,6143.2,3354
2024,Property Damage Accident,15:19,2024-07-11,Thursday,Y,Daylight,MOUNT VERNON,OVERTAKING,WESTCHESTER,Straight and Level,Clear,,Dry,22 87021024,Not Applicable,"Other Motor Vehicle, Collision With",2,1009165,36119,850,0.8,18110248.0,6143.2,3354
2024,Property Damage Accident,18:01,2024-07-11,Thursday,Y,Daylight,WHITE PLAINS,LEFT TURN (3),WESTCHESTER,Straight and Level,Clear,Stop Sign,Dry,125 87012017,Not Applicable,"Other Motor Vehicle, Collision With",2,1009165,36119,850,0.8,18110248.0,6143.2,3354
2024,Property Damage Accident,20:00,2024-07-11,Thursday,Y,Dusk,GREENBURGH,REAR END,WESTCHESTER,Straight and Level,Cloudy,,Dry,987F87012017,Not Applicable,"Other Motor Vehicle, Collision With",2,1009165,36119,850,0.8,18110248.0,6143.2,3354
2024,Property Damage Accident,12:05,2024-07-12,Friday,Y,Daylight,FISHKILL,REAR END,DUTCHESS,Straight and Level,Cloudy,Traffic Signal,Dry,,Not Applicable,"Other Motor Vehicle, Collision With",2,299256,36027,1695,0.8,5987961.0,3975.0,1300
2024,Property Damage Accident,19:00,2024-07-12,Friday,Y,Daylight,BEACON,RIGHT ANGLE,DUTCHESS,Straight and Grade,Cloudy,Flashing Light,Dry,,Not Applicable,"Other Motor Vehicle, Collision With",2,299256,36027,1695,0.8,5987961.0,3975.0,1300
2024,Property Damage Accident,16:46,2024-07-12,Friday,Y,Daylight,WALLKILL,REAR END,ORANGE,Straight and Level,Clear,Traffic Signal,Dry,,Not Applicable,"Other Motor Vehicle, Collision With",2,415088,36071,4753,2.6,13857119.0,5167.5,1527
2024,Property Damage Accident,22:53,2024-07-12,Friday,Y,Dark-Road Unlighted,NEWBURGH,OTHER,ORANGE,Curve and Level,Clear,,Dry,,Not Applicable,"Other Object (Not Fixed)*, Collision With",1,415088,36071,4753,2.6,13857119.0,5167.5,1527
2024,Property Damage Accident,6:45,2024-07-12,Friday,Y,Daylight,WALLKILL,OTHER,ORANGE,Straight and Level,Clear,Traffic Signal,Dry,,Not Applicable,"Other Motor Vehicle, Collision With",2,415088,36071,4753,2.6,13857119.0,5167.5,1527
2024,Property Damage Accident,15:20,2024-07-12,Friday,Y,Daylight,HAVERSTRAW,OVERTAKING,ROCKLAND,Straight and Level,Cloudy,,Dry,,Not Applicable,"Other Motor Vehicle, Collision With",2,354829,36087,259,0.3,7336134.0,9989.2,886
2024,Property Damage Accident,16:43,2024-07-12,Friday,Y,Daylight,HAVERSTRAW,OVERTAKING,ROCKLAND,Straight and Level,Clear,,Dry,,Not Applicable,"Other Motor Vehicle, Collision With",2,354829,36087,259,0.3,7336134.0,9989.2,886
2024,Property Damage Accident,11:15,2024-07-12,Friday,Y,Daylight,KINGSTON,OVERTAKING,ULSTER,Straight and Level,Clear,Traffic Signal,Dry,,Not Applicable,"Other Motor Vehicle, Collision With",2,183095,36111,3565,1.2,6410502.0,3939.4,999
2024,Property Damage Accident,11:27,2024-07-12,Friday,Y,Daylight,NEW PALTZ,REAR END,ULSTER,Straight and Level,Clear,Traffic Signal,Dry,,Not Applicable,"Other Motor Vehicle, Collision With",2,183095,36111,3565,1.2,6410502.0,3939.4,999
2024,Property Damage Accident,7:57,2024-07-12,Friday,Y,Daylight,MARBLETOWN,OTHER,ULSTER,Straight and Level,Cloudy,,Dry,213 86011072,Not Applicable,"Animal, Collision With",1,183095,36111,3565,1.2,6410502.0,3939.4,999
2024,Property Damage Accident,10:21,2024-07-12,Friday,Y,Daylight,WHITE PLAINS,REAR END,WESTCHESTER,Straight and Level,Clear,Stop Sign,Wet,,Not Applicable,"Other Motor Vehicle, Collision With",2,1009165,36119,850,0.8,18110248.0,6143.2,3354
2024,Property Damage Accident,16:45,2024-07-12,Friday,Y,Daylight,YONKERS,SIDESWIPE,WESTCHESTER,Straight and Level,Cloudy,,Dry,,Not Applicable,"Other Motor Vehicle, Collision With",2,1009165,36119,850,0.8,18110248.0,6143.2,3354
2024,Property Damage & Injury Accident,0:00,2024-07-12,Friday,N,Unknown,NEW ROCHELLE,RIGHT TURN (5),WESTCHESTER,Unknown,Unknown,Unknown,Unknown,,Not Applicable,"Other Motor Vehicle, Collision With",2,1009165,36119,850,0.8,18110248.0,6143.2,3354
2024,Injury Accident,12:50,2024-07-12,Friday,Y,Daylight,YORKTOWN,REAR END,WESTCHESTER,Straight and Level,Cloudy,Stop Sign,Dry,6N87011003,Not Applicable,"Other Motor Vehicle, Collision With",2,1009165,36119,850,0.8,18110248.0,6143.2,3354
2024,Property Damage Accident,16:35,2024-07-12,Friday,Y,Daylight,RYE,OVERTAKING,WESTCHESTER,Straight and Level,Clear,Traffic Signal,Dry,,Not Applicable,"Other Motor Vehicle, Collision With",2,1009165,36119,850,0.8,18110248.0,6143.2,3354
2024,Property Damage Accident,10:12,2024-07-12,Friday,Y,Daylight,MOUNT PLEASANT,OVERTAKING,WESTCHESTER,Straight and Level,Clear,,Dry,9A87032089,Not Applicable,"Other Motor Vehicle, Collision With",2,1009165,36119,850,0.8,18110248.0,6143.2,3354
2024,Property Damage Accident,16:45,2024-07-12,Friday,Y,Daylight,PELHAM MANOR,OVERTAKING,WESTCHESTER,Straight and Level,Clear,Stop Sign,Dry,,Not Applicable,"Other Motor Vehicle, Collision With",2,1009165,36119,850,0.8,18110248.0,6143.2,3354
2024,Property Damage Accident,9:30,2024-07-12,Friday,Y,Daylight,DOBBS FERRY,REAR END,WESTCHESTER,Straight and Level,Cloudy,Traffic Signal,Wet,,Not Applicable,"Other Motor Vehicle, Collision With",2,1009165,36119,850,0.8,18110248.0,6143.2,3354
2024,Property Damage Accident,8:01,2024-07-12,Friday,Y,Daylight,CROTON ON HUDSON,REAR END,WESTCHESTER,Straight and Grade,Cloudy,,Dry,129 87011003,Not Applicable,"Other Motor Vehicle, Collision With",2,1009165,36119,850,0.8,18110248.0,6143.2,3354
2024,Property Damage Accident,8:21,2024-07-12,Friday,Y,Daylight,HARRISON,REAR END,WESTCHESTER,Straight and Level,Rain,,Wet,127 87011038,Not Applicable,"Other Motor Vehicle, Collision With",2,1009165,36119,850,0.8,18110248.0,6143.2,3354
2024,Property Damage & Injury Accident,0:33,2024-07-12,Friday,Y,Dark-Road Unlighted,YONKERS,REAR END,WESTCHESTER,Curve and Level,Clear,,Dry,987F87011026,Not Applicable,"Other Motor Vehicle, Collision With",2,1009165,36119,850,0.8,18110248.0,6143.2,3354
2024,Property Damage Accident,1:43,2024-07-12,Friday,Y,Dark-Road Lighted,MOUNT VERNON,OTHER,WESTCHESTER,Straight and Level,Clear,,Dry,,Not Applicable,"Guide Rail - Not At End, Collision With Fixed Object",1,1009165,36119,850,0.8,18110248.0,6143.2,3354
2024,Property Damage Accident,15:26,2024-07-12,Friday,Y,Daylight,WHITE PLAINS,REAR END,WESTCHESTER,Straight and Level,Clear,Traffic Signal,Dry,22 87023015,Not Applicable,"Other Motor Vehicle, Collision With",2,1009165,36119,850,0.8,18110248.0,6143.2,3354
2024,Property Damage Accident,1:33,2024-07-12,Friday,Y,Dark-Road Unlighted,YORKTOWN,OTHER,WESTCHESTER,Curve and Level,Clear,,Dry,987G87011114,Not Applicable,"Earth Embankment/Rock Cut/Ditch, Collision With Fixed Object",1,1009165,36119,850,0.8,18110248.0,6143.2,3354
2024,Property Damage Accident,14:15,2024-07-12,Friday,Y,Daylight,YONKERS,SIDESWIPE,WESTCHESTER,Curve and Level,Cloudy,,Dry,,Not Applicable,"Other Motor Vehicle, Collision With",2,1009165,36119,850,0.8,18110248.0,6143.2,3354
2024,Property Damage Accident,14:56,2024-07-13,Saturday,Y,Daylight,POUGHKEEPSIE,OTHER,DUTCHESS,Straight and Grade,Clear,,Dry,,Not Applicable,"Other Motor Vehicle, Collision With",3,299256,36027,1695,0.8,5987961.0,3975.0,1300
2024,Property Damage Accident,19:04,2024-07-13,Saturday,Y,Daylight,LA GRANGE,OTHER,DUTCHESS,Curve and Grade,Clear,No Passing Zone,Wet,,Not Applicable,"Earth Embankment/Rock Cut/Ditch, Collision With Fixed Object",1,299256,36027,1695,0.8,5987961.0,3975.0,1300
2024,Property Damage Accident,17:58,2024-07-13,Saturday,Y,Daylight,WAPPINGER,RIGHT ANGLE,DUTCHESS,Straight and Level,Clear,Traffic Signal,Dry,82 82011018,Not Applicable,"Other Motor Vehicle, Collision With",2,299256,36027,1695,0.8,5987961.0,3975.0,1300