year,accident_descriptor,time,date,day_of_week,police_report,lighting_conditions,municipality,collision_type_descriptor,county_name,road_descriptor,weather_conditions,traffic_control_device,road_surface_conditions,dot_reference_marker_location,pedestrian_bicyclist_action,event_descriptor,number_of_vehicles_involved,county_population_2024,county_fips,county_deer_take_2024,county_antlerless_deer_per_sqmi_2024,county_daily_vmt_2019,county_mean_aadt_2019,county_aadt_segments_2019
2024,Property Damage Accident,21:19,2024-07-13,Saturday,Y,Dark-Road Lighted,WAPPINGER,OTHER,DUTCHESS,Curve and Grade,Clear,,Dry,,Not Applicable,"Guide Rail - Not At End, Collision With Fixed Object",1,299256,36027,1695,0.8,5987961.0,3975.0,1300
2024,Property Damage Accident,13:30,2024-07-13,Saturday,Y,Daylight,CLINTON,SIDESWIPE,DUTCHESS,Straight and Level,Clear,No Passing Zone,Dry,,Not Applicable,"Other Motor Vehicle, Collision With",2,299256,36027,1695,0.8,5987961.0,3975.0,1300
2024,Property Damage Accident,21:50,2024-07-13,Saturday,Y,Dark-Road Lighted,PORT JERVIS,OVERTAKING,ORANGE,Straight and Grade,Clear,Traffic Signal,Dry,6 83011020,Not Applicable,"Other Motor Vehicle, Collision With",2,415088,36071,4753,2.6,13857119.0,5167.5,1527
2024,Property Damage Accident,22:06,2024-07-13,Saturday,Y,Dark-Road Lighted,UNIONVILLE,OTHER,ORANGE,Curve and Level,Clear,No Passing Zone,Dry,284 83011006,Not Applicable,"Other Motor Vehicle, Collision With",2,415088,36071,4753,2.6,13857119.0,5167.5,1527
2024,Property Damage Accident,21:17,2024-07-13,Saturday,Y,Dark-Road Unlighted,NEWBURGH,OTHER,ORANGE,Straight and Level,Clear,,Dry,9W83023007,Not Applicable,Deer,1,415088,36071,4753,2.6,13857119.0,5167.5,1527
2024,Property Damage Accident,15:38,2024-07-13,Saturday,Y,Daylight,MONTGOMERY,OVERTAKING,ORANGE,Straight and Level,Clear,,Dry,208 83011159,Not Applicable,"Other Motor Vehicle, Collision With",2,415088,36071,4753,2.6,13857119.0,5167.5,1527
2024,Property Damage & Injury Accident,14:48,2024-07-13,Saturday,Y,Daylight,NEWBURGH,OVERTAKING,ORANGE,Straight and Level,Clear,,Dry,300 83021059,Not Applicable,"Other Motor Vehicle, Collision With",2,415088,36071,4753,2.6,13857119.0,5167.5,1527
2024,Property Damage Accident,16:34,2024-07-13,Saturday,Y,Daylight,WAWAYANDA,REAR END,ORANGE,Straight and Level,Clear,Traffic Signal,Dry,17M83013002,Not Applicable,"Other Motor Vehicle, Collision With",2,415088,36071,4753,2.6,13857119.0,5167.5,1527
2024,Property Damage Accident,18:31,2024-07-13,Saturday,Y,Daylight,SOUTHEAST,OTHER,PUTNAM,Curve and Level,Clear,,Dry,,Not Applicable,"Tree, Collision With Fixed Object",1,98842,36079,509,0.7,2746105.0,4089.2,375
2024,Property Damage Accident,10:06,2024-07-13,Saturday,Y,Daylight,SOUTHEAST,OTHER,PUTNAM,Straight and Level,Rain,,Wet,84I84031073,Not Applicable,"Other Object (Not Fixed)*, Collision With",1,98842,36079,509,0.7,2746105.0,4089.2,375
2024,Property Damage & Injury Accident,21:00,2024-07-13,Saturday,Y,Dark-Road Lighted,CLARKSTOWN,RIGHT TURN (6),ROCKLAND,Straight and Level,Clear,Traffic Signal,Dry,,Not Applicable,"Other Motor Vehicle, Collision With",2,354829,36087,259,0.3,7336134.0,9989.2,886
2024,Property Damage Accident,18:19,2024-07-13,Saturday,Y,Daylight,MONTEBELLO,LEFT TURN (3),ROCKLAND,Straight and Grade,Clear,Other,Dry,59 85011028,Not Applicable,"Other Motor Vehicle, Collision With",2,354829,36087,259,0.3,7336134.0,9989.2,886
2024,Property Damage & Injury Accident,10:05,2024-07-13,Saturday,Y,Daylight,HAVERSTRAW,OTHER,ROCKLAND,Straight and Grade,Rain,,Wet,987C85011155,Not Applicable,"Guide Rail - Not At End, Collision With Fixed Object",1,354829,36087,259,0.3,7336134.0,9989.2,886
2024,Property Damage Accident,11:15,2024-07-13,Saturday,Y,Daylight,MARBLETOWN,OTHER,ULSTER,Straight and Level,Cloudy,,Dry,209 86031221,Not Applicable,"Other Motor Vehicle, Collision With",2,183095,36111,3565,1.2,6410502.0,3939.4,999
2024,Property Damage Accident,22:10,2024-07-13,Saturday,Y,Dark-Road Unlighted,SAUGERTIES,OTHER,ULSTER,Straight and Level,Clear,,Dry,212 86011146,Not Applicable,Deer,1,183095,36111,3565,1.2,6410502.0,3939.4,999
2024,Property Damage Accident,11:19,2024-07-13,Saturday,Y,Daylight,YONKERS,OTHER,WESTCHESTER,Straight and Level,Clear,,Dry,907K87011017,Not Applicable,"Median - Not At End, Collision With Fixed Object",1,1009165,36119,850,0.8,18110248.0,6143.2,3354
2024,Property Damage Accident,9:31,2024-07-13,Saturday,Y,Daylight,YONKERS,OTHER,WESTCHESTER,Straight and Level,Cloudy,,Wet,,Not Applicable,"Other Object (Not Fixed)*, Collision With",1,1009165,36119,850,0.8,18110248.0,6143.2,3354
2024,Property Damage & Injury Accident,19:16,2024-07-13,Saturday,Y,Daylight,MOUNT VERNON,OTHER,WESTCHESTER,Straight and Level,Clear,,Dry,907W87014001,Not Applicable,"Other Motor Vehicle, Collision With",4,1009165,36119,850,0.8,18110248.0,6143.2,3354
2024,Property Damage Accident,17:18,2024-07-13,Saturday,Y,Daylight,YONKERS,OTHER,WESTCHESTER,Straight and Grade,Clear,,Dry,,Not Applicable,"Curbing, Collision With Fixed Object",1,1009165,36119,850,0.8,18110248.0,6143.2,3354
2024,Property Damage Accident,8:39,2024-07-13,Saturday,Y,Daylight,OSSINING,RIGHT ANGLE,WESTCHESTER,Straight and Level,Rain,Stop Sign,Wet,,Not Applicable,"Other Motor Vehicle, Collision With",2,1009165,36119,850,0.8,18110248.0,6143.2,3354
2024,Property Damage Accident,8:33,2024-07-13,Saturday,Y,Daylight,YONKERS,OTHER,WESTCHESTER,Straight and Grade,Rain,Traffic Signal,Wet,,Not Applicable,"Other Motor Vehicle, Collision With",2,1009165,36119,850,0.8,18110248.0,6143.2,3354
2024,Property Damage Accident,7:05,2024-07-13,Saturday,Y,Daylight,NEW CASTLE,RIGHT ANGLE,WESTCHESTER,Straight and Level,Rain,Stop Sign,Wet,,Not Applicable,"Other Motor Vehicle, Collision With",2,1009165,36119,850,0.8,18110248.0,6143.2,3354
2024,Property Damage Accident,11:19,2024-07-13,Saturday,Y,Daylight,PELHAM,REAR END,WESTCHESTER,Straight and Level,Rain,,Wet,,Not Applicable,"Other Motor Vehicle, Collision With",2,1009165,36119,850,0.8,18110248.0,6143.2,3354
2024,Property Damage Accident,11:20,2024-07-13,Saturday,Y,Daylight,PEEKSKILL,OVERTAKING,WESTCHESTER,Straight and Grade,Cloudy,Traffic Signal,Dry,,Not Applicable,"Other Motor Vehicle, Collision With",2,1009165,36119,850,0.8,18110248.0,6143.2,3354
2024,Property Damage Accident,18:49,2024-07-13,Saturday,Y,Daylight,YONKERS,REAR END,WESTCHESTER,Curve and Grade,Cloudy,Yield Sign,Dry,,Not Applicable,"Other Motor Vehicle, Collision With",2,1009165,36119,850,0.8,18110248.0,6143.2,3354
2024,Property Damage Accident,2:22,2024-07-13,Saturday,Y,Dark-Road Unlighted,PELHAM,OVERTAKING,WESTCHESTER,Curve at Hill Crest,Rain,,Wet,,Not Applicable,"Other Motor Vehicle, Collision With",2,1009165,36119,850,0.8,18110248.0,6143.2,3354
2024,Property Damage Accident,8:41,2024-07-14,Sunday,Y,Daylight,LA GRANGE,OTHER,DUTCHESS,Straight and Grade,Clear,,Dry,,Not Applicable,"Tree, Collision With Fixed Object",1,299256,36027,1695,0.8,5987961.0,3975.0,1300
2024,Property Damage Accident,23:00,2024-07-14,Sunday,Y,Dark-Road Unlighted,EAST FISHKILL,OTHER,DUTCHESS,Straight and Level,Cloudy,,Dry,,Not Applicable,"Curbing, Collision With Fixed Object",1,299256,36027,1695,0.8,5987961.0,3975.0,1300
2024,Property Damage Accident,18:08,2024-07-14,Sunday,Y,Daylight,POUGHKEEPSIE,OVERTAKING,DUTCHESS,Straight and Level,Clear,,Dry,9 82051095,Not Applicable,"Other Motor Vehicle, Collision With",2,299256,36027,1695,0.8,5987961.0,3975.0,1300
2024,Property Damage Accident,13:23,2024-07-14,Sunday,Y,Daylight,WOODBURY,OTHER,ORANGE,Straight and Level,Clear,,Dry,,Not Applicable,"Other Object (Not Fixed)*, Collision With",1,415088,36071,4753,2.6,13857119.0,5167.5,1527
2024,Property Damage & Injury Accident,17:45,2024-07-14,Sunday,Y,Daylight,WAWAYANDA,REAR END,ORANGE,Straight and Level,Clear,Stop Sign,Dry,,Not Applicable,"Other Motor Vehicle, Collision With",2,415088,36071,4753,2.6,13857119.0,5167.5,1527
2024,Property Damage Accident,14:24,2024-07-14,Sunday,Y,Daylight,NEWBURGH,OTHER,ORANGE,Straight and Level,Clear,,Dry,9W83022004,Not Applicable,"Other Motor Vehicle, Collision With",3,415088,36071,4753,2.6,13857119.0,5167.5,1527
2024,Property Damage Accident,12:41,2024-07-14,Sunday,Y,Daylight,HAMPTONBURGH,OTHER,ORANGE,Curve and Level,Clear,,Dry,,Not Applicable,"Earth Embankment/Rock Cut/Ditch, Collision With Fixed Object",1,415088,36071,4753,2.6,13857119.0,5167.5,1527
2024,Injury Accident,20:00,2024-07-14,Sunday,N,Unknown,WOODBURY,OVERTAKING,ORANGE,Unknown,Unknown,Unknown,Unknown,32 83011014,Not Applicable,"Other Motor Vehicle, Collision With",2,415088,36071,4753,2.6,13857119.0,5167.5,1527
2024,Property Damage Accident,11:45,2024-07-14,Sunday,Y,Daylight,RAMAPO,REAR END,ROCKLAND,Straight and Level,Clear,Traffic Signal,Dry,59 85011063,Not Applicable,"Other Motor Vehicle, Collision With",2,354829,36087,259,0.3,7336134.0,9989.2,886
2024,Property Damage Accident,22:15,2024-07-14,Sunday,Y,Dark-Road Unlighted,MONTEBELLO,OTHER,ROCKLAND,Straight and Level,Clear,,Dry,,Not Applicable,"Earth Embankment/Rock Cut/Ditch, Collision With Fixed Object",1,354829,36087,259,0.3,7336134.0,9989.2,886
2024,Property Damage Accident,10:13,2024-07-14,Sunday,Y,Daylight,RAMAPO,REAR END,ROCKLAND,Straight and Level,Clear,,Dry,59 85011053,Not Applicable,"Other Motor Vehicle, Collision With",2,354829,36087,259,0.3,7336134.0,9989.2,886
2024,Property Damage Accident,11:15,2024-07-14,Sunday,Y,Daylight,SUFFERN,LEFT TURN (3),ROCKLAND,Straight and Level,Clear,Stop Sign,Dry,202 85011001,Not Applicable,"Other Motor Vehicle, Collision With",2,354829,36087,259,0.3,7336134.0,9989.2,886
2024,Property Damage & Injury Accident,11:50,2024-07-14,Sunday,Y,Daylight,WEST HAVERSTRAW,REAR END,ROCKLAND,Straight and Level,Clear,Traffic Signal,Dry,9W85011170,Not Applicable,"Other Motor Vehicle, Collision With",2,354829,36087,259,0.3,7336134.0,9989.2,886
2024,Property Damage Accident,15:29,2024-07-14,Sunday,Y,Daylight,LLOYD,REAR END,ULSTER,Straight and Level,Clear,Traffic Signal,Dry,299 86011126,Not Applicable,"Other Motor Vehicle, Collision With",2,183095,36111,3565,1.2,6410502.0,3939.4,999
2024,Property Damage Accident,16:59,2024-07-14,Sunday,Y,Daylight,ULSTER,LEFT TURN (3),ULSTER,Straight and Level,Clear,,Dry,9W86035026,Not Applicable,"Other Motor Vehicle, Collision With",2,183095,36111,3565,1.2,6410502.0,3939.4,999
2024,Property Damage & Injury Accident,12:03,2024-07-14,Sunday,Y,Daylight,OLIVE,SIDESWIPE,ULSTER,Curve and Grade,Clear,No Passing Zone,Dry,,Not Applicable,"Other Motor Vehicle, Collision With",2,183095,36111,3565,1.2,6410502.0,3939.4,999
2024,Property Damage Accident,11:33,2024-07-14,Sunday,Y,Daylight,NEW PALTZ,OTHER,ULSTER,Curve and Grade,Clear,,Dry,,Not Applicable,"Sign Post, Collision With Fixed Object",1,183095,36111,3565,1.2,6410502.0,3939.4,999
2024,Property Damage Accident,19:47,2024-07-14,Sunday,Y,Daylight,ROSENDALE,OTHER,ULSTER,Straight and Grade,Clear,Other,Dry,32 86021227,Not Applicable,"Guide Rail - Not At End, Collision With Fixed Object",1,183095,36111,3565,1.2,6410502.0,3939.4,999
2024,Property Damage Accident,11:30,2024-07-14,Sunday,Y,Daylight,KINGSTON,RIGHT ANGLE,ULSTER,Straight and Level,Clear,,Dry,,Not Applicable,"Other Motor Vehicle, Collision With",2,183095,36111,3565,1.2,6410502.0,3939.4,999
2024,Property Damage Accident,1:27,2024-07-14,Sunday,Y,Dark-Road Lighted,KINGSTON,OTHER,ULSTER,Straight and Level,Clear,,Dry,,Not Applicable,"Other Motor Vehicle, Collision With",3,183095,36111,3565,1.2,6410502.0,3939.4,999
2024,Property Damage & Injury Accident,13:35,2024-07-14,Sunday,Y,Daylight,NORTH CASTLE,OVERTAKING,WESTCHESTER,Straight and Level,Clear,,Dry,22 87024050,Not Applicable,"Other Motor Vehicle, Collision With",2,1009165,36119,850,0.8,18110248.0,6143.2,3354
2024,Property Damage Accident,16:37,2024-07-14,Sunday,Y,Daylight,GREENBURGH,LEFT TURN (3),WESTCHESTER,Straight and Level,Clear,Traffic Signal,Dry,,Not Applicable,"Other Motor Vehicle, Collision With",2,1009165,36119,850,0.8,18110248.0,6143.2,3354
2024,Property Damage Accident,10:00,2024-07-14,Sunday,Y,Daylight,OSSINING,OVERTAKING,WESTCHESTER,Straight and Level,Clear,,Dry,,Not Applicable,"Other Motor Vehicle, Collision With",2,1009165,36119,850,0.8,18110248.0,6143.2,3354
2024,Property Damage Accident,13:16,2024-07-14,Sunday,Y,Daylight,PORT CHESTER,RIGHT ANGLE,WESTCHESTER,Straight and Level,Clear,Other,Dry,,Not Applicable,"Other Motor Vehicle, Collision With",2,1009165,36119,850,0.8,18110248.0,6143.2,3354
2024,Property Damage Accident,12:58,2024-07-14,Sunday,Y,Daylight,ARDSLEY,OVERTAKING,WESTCHESTER,Straight and Level,Cloudy,No Passing Zone,Dry,,Not Applicable,"Other Motor Vehicle, Collision With",2,1009165,36119,850,0.8,18110248.0,6143.2,3354
2024,Property Damage & Injury Accident,4:15,2024-07-14,Sunday,Y,Dark-Road Lighted,YONKERS,OTHER,WESTCHESTER,Curve and Grade,Clear,Unknown,Dry,,Not Applicable,"Other Motor Vehicle, Collision With",3,1009165,36119,850,0.8,18110248.0,6143.2,3354
2024,Property Damage Accident,18:52,2024-07-14,Sunday,Y,Daylight,MAMARONECK,OVERTAKING,WESTCHESTER,Straight and Level,Clear,,Dry,,Not Applicable,"Other Motor Vehicle, Collision With",2,1009165,36119,850,0.8,18110248.0,6143.2,3354
2024,Property Damage Accident,18:36,2024-07-14,Sunday,Y,Daylight,YONKERS,OVERTAKING,WESTCHESTER,Straight and Level,Clear,Traffic Signal,Dry,,Not Applicable,"Other Motor Vehicle, Collision With",2,1009165,36119,850,0.8,18110248.0,6143.2,3354
2024,Property Damage & Injury Accident,16:42,2024-07-14,Sunday,Y,Daylight,SOMERS,Unknown,WESTCHESTER,Straight at Hill Crest,Clear,Traffic Signal,Dry,6 87033077,Not Applicable,"Other Motor Vehicle, Collision With",2,1009165,36119,850,0.8,18110248.0,6143.2,3354
2024,Property Damage Accident,9:40,2024-07-15,Monday,Y,Daylight,BEEKMAN,OTHER,DUTCHESS,Straight and Level,Clear,,Dry,,Not Applicable,"Other Object (Not Fixed)*, Collision With",1,299256,36027,1695,0.8,5987961.0,3975.0,1300
2024,Property Damage & Injury Accident,9:02,2024-07-15,Monday,Y,Daylight,MILLERTON,REAR END,DUTCHESS,Straight and Level,Clear,,Dry,44 82022330,Not Applicable,"Other Motor Vehicle, Collision With",2,299256,36027,1695,0.8,5987961.0,3975.0,1300
2024,Property Damage Accident,18:00,2024-07-15,Monday,Y,Daylight,CHESTER,REAR END,ORANGE,Straight and Level,Clear,,Dry,17 83101161,Not Applicable,"Other Motor Vehicle, Collision With",2,415088,36071,4753,2.6,13857119.0,5167.5,1527
2024,Property Damage & Injury Accident,12:04,2024-07-15,Monday,Y,Daylight,WARWICK,RIGHT ANGLE,ORANGE,Curve and Grade,Clear,Stop Sign,Dry,,Not Applicable,"Other Motor Vehicle, Collision With",2,415088,36071,4753,2.6,13857119.0,5167.5,1527
2024,Property Damage Accident,18:30,2024-07-15,Monday,Y,Daylight,GREENVILLE,OTHER,ORANGE,Curve and Level,Clear,,Dry,,Not Applicable,"Other Object (Not Fixed)*, Collision With",1,415088,36071,4753,2.6,13857119.0,5167.5,1527
2024,Property Damage Accident,15:41,2024-07-15,Monday,Y,Daylight,WARWICK,OTHER,ORANGE,Curve and Grade,Clear,,Dry,,Not Applicable,"Other Fixed Object*, Collision With Fixed Object",1,415088,36071,4753,2.6,13857119.0,5167.5,1527
2024,Property Damage & Injury Accident,11:15,2024-07-15,Monday,Y,Daylight,WALLKILL,REAR END,ORANGE,Curve and Level,Clear,,Dry,17 83101007,Not Applicable,"Other Motor Vehicle, Collision With",2,415088,36071,4753,2.6,13857119.0,5167.5,1527
2024,Property Damage Accident,5:15,2024-07-15,Monday,Y,Dawn,NEW WINDSOR,OTHER,ORANGE,Straight and Level,Clear,,Dry,207 83011136,Not Applicable,"Animal, Collision With",1,415088,36071,4753,2.6,13857119.0,5167.5,1527
2024,Property Damage Accident,9:21,2024-07-15,Monday,Y,Daylight,MONROE,OVERTAKING,ORANGE,Straight and Grade,Clear,Traffic Signal,Dry,17M83013163,Not Applicable,"Other Motor Vehicle, Collision With",2,415088,36071,4753,2.6,13857119.0,5167.5,1527
2024,Property Damage Accident,16:54,2024-07-15,Monday,Y,Daylight,NEW WINDSOR,RIGHT ANGLE,ORANGE,Straight and Level,Clear,,Dry,300 83021105,Not Applicable,"Other Motor Vehicle, Collision With",2,415088,36071,4753,2.6,13857119.0,5167.5,1527
2024,Property Damage Accident,14:54,2024-07-15,Monday,Y,Daylight,CARMEL,REAR END,PUTNAM,Straight and Level,Cloudy,,Dry,,Not Applicable,"Other Motor Vehicle, Collision With",2,98842,36079,509,0.7,2746105.0,4089.2,375
2024,Property Damage Accident,19:03,2024-07-15,Monday,Y,Daylight,CLARKSTOWN,SIDESWIPE,ROCKLAND,Curve at Hill Crest,Clear,,Dry,,Not Applicable,"Other Motor Vehicle, Collision With",2,354829,36087,259,0.3,7336134.0,9989.2,886
2024,Property Damage Accident,15:40,2024-07-15,Monday,Y,Daylight,,OTHER,ROCKLAND,Straight and Level,Clear,Stop Sign,Dry,,Not Applicable,"Other Motor Vehicle, Collision With",2,354829,36087,259,0.3,7336134.0,9989.2,886
2024,Property Damage & Injury Accident,17:10,2024-07-15,Monday,Y,Daylight,SPRING VALLEY,REAR END,ROCKLAND,Straight and Level,Clear,Traffic Signal,Dry,,Not Applicable,"Other Motor Vehicle, Collision With",2,354829,36087,259,0.3,7336134.0,9989.2,886
2024,Property Damage Accident,14:14,2024-07-15,Monday,Y,Daylight,KINGSTON,REAR END,ULSTER,Straight and Level,Clear,Traffic Signal,Dry,,Not Applicable,"Other Motor Vehicle, Collision With",2,183095,36111,3565,1.2,6410502.0,3939.4,999
2024,Property Damage Accident,18:57,2024-07-15,Monday,Y,Daylight,ELLENVILLE,OTHER,ULSTER,Straight and Grade,Clear,,Dry,209 86031032,Not Applicable,"Other Motor Vehicle, Collision With",3,183095,36111,3565,1.2,6410502.0,3939.4,999
2024,Property Damage & Injury Accident,8:42,2024-07-15,Monday,Y,Daylight,KINGSTON,RIGHT ANGLE,ULSTER,Straight and Level,Clear,Flashing Light,Dry,32 86022009,Not Applicable,"Other Motor Vehicle, Collision With",2,183095,36111,3565,1.2,6410502.0,3939.4,999
2024,Property Damage Accident,19:24,2024-07-15,Monday,Y,Daylight,PEEKSKILL,OVERTAKING,WESTCHESTER,Straight and Level,Clear,,Dry,,Not Applicable,"Other Motor Vehicle, Collision With",2,1009165,36119,850,0.8,18110248.0,6143.2,3354
2024,Property Damage Accident,13:30,2024-07-15,Monday,Y,Daylight,NEW ROCHELLE,OVERTAKING,WESTCHESTER,Straight and Level,Clear,,Dry,,Not Applicable,"Other Motor Vehicle, Collision With",2,1009165,36119,850,0.8,18110248.0,6143.2,3354
2024,Property Damage & Injury Accident,17:07,2024-07-15,Monday,Y,Daylight,BEDFORD,RIGHT ANGLE,WESTCHESTER,Straight and Level,Clear,Stop Sign,Wet,22 87024155,Not Applicable,"Other Motor Vehicle, Collision With",2,1009165,36119,850,0.8,18110248.0,6143.2,3354
2024,Property Damage Accident,17:05,2024-07-15,Monday,Y,Daylight,ELMSFORD,RIGHT ANGLE,WESTCHESTER,Straight and Level,Clear,,Dry,,Not Applicable,"Other Motor Vehicle, Collision With",2,1009165,36119,850,0.8,18110248.0,6143.2,3354
2024,Property Damage Accident,15:53,2024-07-15,Monday,Y,Daylight,PELHAM,REAR END,WESTCHESTER,Straight and Level,Clear,,Dry,907W87014001,Not Applicable,"Other Motor Vehicle, Collision With",2,1009165,36119,850,0.8,18110248.0,6143.2,3354
2024,Property Damage Accident,12:40,2024-07-15,Monday,Y,Daylight,NEW ROCHELLE,OTHER,WESTCHESTER,Straight and Level,Clear,,Dry,1 87032014,Not Applicable,"Other Motor Vehicle, Collision With",2,1009165,36119,850,0.8,18110248.0,6143.2,3354
2024,Property Damage Accident,19:05,2024-07-15,Monday,Y,Daylight,MOUNT VERNON,OTHER,WESTCHESTER,Curve and Grade,Clear,,Dry,907K87012010,Not Applicable,"Other Motor Vehicle, Collision With",3,1009165,36119,850,0.8,18110248.0,6143.2,3354
2024,Property Damage Accident,9:26,2024-07-15,Monday,Y,Daylight,MOUNT PLEASANT,OVERTAKING,WESTCHESTER,Straight and Level,Clear,Stop Sign,Dry,100 87014058,Not Applicable,"Other Motor Vehicle, Collision With",2,1009165,36119,850,0.8,18110248.0,6143.2,3354
2024,Property Damage Accident,7:52,2024-07-15,Monday,Y,Daylight,NEW ROCHELLE,REAR END,WESTCHESTER,Straight and Level,Clear,,Dry,,Not Applicable,"Other Motor Vehicle, Collision With",2,1009165,36119,850,0.8,18110248.0,6143.2,3354
2024,Property Damage Accident,11:35,2024-07-15,Monday,Y,Daylight,WHITE PLAINS,OTHER,WESTCHESTER,Curve and Grade,Clear,,Dry,,Not Applicable,"Curbing, Collision With Fixed Object",1,1009165,36119,850,0.8,18110248.0,6143.2,3354
2024,Property Damage Accident,13:19,2024-07-15,Monday,Y,Daylight,PEEKSKILL,OVERTAKING,WESTCHESTER,Straight and Level,Clear,,Dry,,Not Applicable,"Other Motor Vehicle, Collision With",2,1009165,36119,850,0.8,18110248.0,6143.2,3354
2024,Property Damage Accident,13:30,2024-07-15,Monday,Y,Daylight,RYE,LEFT TURN (0),WESTCHESTER,Straight and Level,Clear,,Dry,1 87034030,Not Applicable,"Other Motor Vehicle, Collision With",2,1009165,36119,850,0.8,18110248.0,6143.2,3354
2024,Property Damage Accident,8:52,2024-07-16,Tuesday,Y,Daylight,STANFORD,OTHER,DUTCHESS,Straight and Level,Cloudy,,Dry,987G82031279,Not Applicable,Deer,1,299256,36027,1695,0.8,5987961.0,3975.0,1300
2024,Property Damage & Injury Accident,16:00,2024-07-16,Tuesday,Y,Daylight,FISHKILL,REAR END,DUTCHESS,Straight and Level,Clear,,Dry,52 82042038,Not Applicable,"Other Motor Vehicle, Collision With",2,299256,36027,1695,0.8,5987961.0,3975.0,1300
2024,Property Damage Accident,18:35,2024-07-16,Tuesday,Y,Daylight,POUGHKEEPSIE,OTHER,DUTCHESS,Curve and Level,Cloudy,,Wet,,Not Applicable,"Median - End, Collision With Fixed Object",1,299256,36027,1695,0.8,5987961.0,3975.0,1300
2024,Property Damage & Injury Accident,9:30,2024-07-16,Tuesday,Y,Daylight,WAWAYANDA,RIGHT ANGLE,ORANGE,Curve and Level,Clear,Stop Sign,Dry,,Not Applicable,"Other Motor Vehicle, Collision With",2,415088,36071,4753,2.6,13857119.0,5167.5,1527
2024,Property Damage Accident,7:14,2024-07-16,Tuesday,Y,Daylight,NEW WINDSOR,OTHER,ORANGE,Curve at Hill Crest,Clear,,Dry,94 83011303,Not Applicable,"Light Support/Utility Pole, Collision With Fixed Object",1,415088,36071,4753,2.6,13857119.0,5167.5,1527
2024,Property Damage & Injury Accident,12:12,2024-07-16,Tuesday,Y,Daylight,WALLKILL,OTHER,ORANGE,Curve and Grade,Clear,No Passing Zone,Dry,,Not Applicable,"Other Motor Vehicle, Collision With",3,415088,36071,4753,2.6,13857119.0,5167.5,1527
2024,Property Damage Accident,22:31,2024-07-16,Tuesday,Y,Dark-Road Unlighted,CHESTER,OTHER,ORANGE,Straight and Level,Clear,Officer/Guard,Dry,,Not Applicable,"Other Motor Vehicle, Collision With",2,415088,36071,4753,2.6,13857119.0,5167.5,1527
2024,Property Damage Accident,16:35,2024-07-16,Tuesday,Y,Daylight,BREWSTER,LEFT TURN (3),PUTNAM,Straight and Level,Clear,,Dry,,Not Applicable,"Other Motor Vehicle, Collision With",2,98842,36079,509,0.7,2746105.0,4089.2,375
2024,Property Damage Accident,13:28,2024-07-16,Tuesday,Y,Daylight,SOUTHEAST,REAR END,PUTNAM,Straight and Level,Clear,Traffic Signal,Dry,6 84041100,Not Applicable,"Other Motor Vehicle, Collision With",2,98842,36079,509,0.7,2746105.0,4089.2,375
2024,Property Damage Accident,8:00,2024-07-16,Tuesday,Y,Daylight,CARMEL,RIGHT ANGLE,PUTNAM,Straight and Level,Cloudy,Stop Sign,Dry,6 84041004,Not Applicable,"Other Motor Vehicle, Collision With",2,98842,36079,509,0.7,2746105.0,4089.2,375
2024,Property Damage Accident,9:42,2024-07-16,Tuesday,Y,Daylight,SPRING VALLEY,SIDESWIPE,ROCKLAND,Straight and Level,Clear,Stop Sign,Dry,,Not Applicable,"Other Motor Vehicle, Collision With",2,354829,36087,259,0.3,7336134.0,9989.2,886
2024,Property Damage Accident,19:54,2024-07-16,Tuesday,Y,Daylight,SPRING VALLEY,HEAD ON,ROCKLAND,Straight and Level,Clear,Stop Sign,Dry,,Not Applicable,"Other Motor Vehicle, Collision With",2,354829,36087,259,0.3,7336134.0,9989.2,886
2024,Property Damage & Injury Accident,17:12,2024-07-16,Tuesday,Y,Daylight,RAMAPO,REAR END,ROCKLAND,Straight and Level,Clear,,Dry,59 85011062,Not Applicable,"Other Motor Vehicle, Collision With",2,354829,36087,259,0.3,7336134.0,9989.2,886
2024,Property Damage Accident,18:10,2024-07-16,Tuesday,Y,Daylight,RAMAPO,REAR END,ROCKLAND,Straight and Level,Clear,Traffic Signal,Dry,59 85011054,Not Applicable,"Other Motor Vehicle, Collision With",2,354829,36087,259,0.3,7336134.0,9989.2,886
2024,Property Damage Accident,13:16,2024-07-16,Tuesday,Y,Daylight,SPRING VALLEY,RIGHT ANGLE,ROCKLAND,Straight and Grade,Clear,Stop Sign,Dry,,Not Applicable,"Other Motor Vehicle, Collision With",2,354829,36087,259,0.3,7336134.0,9989.2,886
2024,Property Damage Accident,9:12,2024-07-16,Tuesday,Y,Daylight,HAVERSTRAW,REAR END,ROCKLAND,Straight and Level,Clear,Stop Sign,Dry,,Not Applicable,"Other Motor Vehicle, Collision With",2,354829,36087,259,0.3,7336134.0,9989.2,886
2024,Property Damage Accident,12:26,2024-07-16,Tuesday,Y,Daylight,CLARKSTOWN,OVERTAKING,ROCKLAND,Straight and Level,Clear,,Dry,987C85011079,Not Applicable,"Other Motor Vehicle, Collision With",2,354829,36087,259,0.3,7336134.0,9989.2,886
2024,Property Damage Accident,22:03,2024-07-16,Tuesday,Y,Dark-Road Lighted,CLARKSTOWN,OVERTAKING,ROCKLAND,Straight and Level,Clear,Traffic Signal,Dry,,Not Applicable,"Other Motor Vehicle, Collision With",2,354829,36087,259,0.3,7336134.0,9989.2,886