year,accident_descriptor,time,date,day_of_week,police_report,lighting_conditions,municipality,collision_type_descriptor,county_name,road_descriptor,weather_conditions,traffic_control_device,road_surface_conditions,dot_reference_marker_location,pedestrian_bicyclist_action,event_descriptor,number_of_vehicles_involved,county_population_2024,county_fips,county_deer_take_2024,county_antlerless_deer_per_sqmi_2024,county_daily_vmt_2019,county_mean_aadt_2019,county_aadt_segments_2019
2024,Property Damage & Injury Accident,9:36,2024-07-16,Tuesday,Y,Daylight,SAUGERTIES,OTHER,ULSTER,Straight and Level,Clear,Stop Sign,Dry,,Riding/Walking/Skating Along Highway With Traffic,"Bicyclist, Collision With",1,183095,36111,3565,1.2,6410502.0,3939.4,999
2024,Property Damage Accident,9:30,2024-07-16,Tuesday,Y,Daylight,KINGSTON,OVERTAKING,ULSTER,Straight and Level,Clear,,Dry,,Not Applicable,"Other Motor Vehicle, Collision With",2,183095,36111,3565,1.2,6410502.0,3939.4,999
2024,Property Damage Accident,16:07,2024-07-16,Tuesday,Y,Daylight,ELMSFORD,RIGHT ANGLE,WESTCHESTER,Straight and Level,Clear,Stop Sign,Dry,9A87032062,Not Applicable,"Other Motor Vehicle, Collision With",2,1009165,36119,850,0.8,18110248.0,6143.2,3354
2024,Property Damage Accident,4:50,2024-07-16,Tuesday,Y,Dawn,BEDFORD,OVERTAKING,WESTCHESTER,Straight and Level,Clear,,Dry,684I87011136,Not Applicable,"Other Motor Vehicle, Collision With",2,1009165,36119,850,0.8,18110248.0,6143.2,3354
2024,Injury Accident,17:33,2024-07-16,Tuesday,Y,Daylight,OSSINING,OTHER,WESTCHESTER,Straight and Level,Cloudy,Stop Sign,Dry,,"Crossing, No Signal, Marked Crosswalk","Pedestrian, Collision With",1,1009165,36119,850,0.8,18110248.0,6143.2,3354
2024,Property Damage Accident,14:35,2024-07-16,Tuesday,Y,Daylight,NEW ROCHELLE,OTHER,WESTCHESTER,Straight and Level,Clear,,Dry,,Not Applicable,"Curbing, Collision With Fixed Object",1,1009165,36119,850,0.8,18110248.0,6143.2,3354
2024,Property Damage Accident,17:56,2024-07-16,Tuesday,Y,Daylight,ELMSFORD,OTHER,WESTCHESTER,Straight and Level,Cloudy,,Dry,287I87011013,Not Applicable,"Other Motor Vehicle, Collision With",3,1009165,36119,850,0.8,18110248.0,6143.2,3354
2024,Property Damage Accident,15:46,2024-07-16,Tuesday,Y,Daylight,CORTLANDT,REAR END,WESTCHESTER,Straight and Level,Clear,Traffic Signal,Dry,35 87012022,Not Applicable,"Other Motor Vehicle, Collision With",2,1009165,36119,850,0.8,18110248.0,6143.2,3354
2024,Property Damage & Injury Accident,9:31,2024-07-16,Tuesday,Y,Daylight,NORTH CASTLE,LEFT TURN (3),WESTCHESTER,Straight and Level,Clear,Stop Sign,Dry,,Not Applicable,"Other Motor Vehicle, Collision With",2,1009165,36119,850,0.8,18110248.0,6143.2,3354
2024,Injury Accident,14:40,2024-07-16,Tuesday,Y,Daylight,YONKERS,REAR END,WESTCHESTER,Straight and Level,Clear,,Dry,,Not Applicable,"Other Motor Vehicle, Collision With",2,1009165,36119,850,0.8,18110248.0,6143.2,3354
2024,Property Damage Accident,19:26,2024-07-16,Tuesday,Y,Daylight,YONKERS,OTHER,WESTCHESTER,Curve and Grade,Clear,,Dry,,Not Applicable,"Tree, Collision With Fixed Object",1,1009165,36119,850,0.8,18110248.0,6143.2,3354
2024,Property Damage Accident,1:58,2024-07-16,Tuesday,Y,Dark-Road Unlighted,YONKERS,RIGHT TURN (6),WESTCHESTER,Straight and Level,Clear,,Dry,,Not Applicable,"Other Motor Vehicle, Collision With",2,1009165,36119,850,0.8,18110248.0,6143.2,3354
2024,Property Damage Accident,17:26,2024-07-17,Wednesday,Y,Dark-Road Unlighted,EAST FISHKILL,RIGHT TURN (6),DUTCHESS,Straight and Level,Rain,,Wet,987G82031100,Not Applicable,"Other Motor Vehicle, Collision With",2,299256,36027,1695,0.8,5987961.0,3975.0,1300
2024,Property Damage Accident,12:00,2024-07-17,Wednesday,Y,Daylight,POUGHKEEPSIE,REAR END,DUTCHESS,Curve and Level,Clear,,Dry,,Not Applicable,"Other Motor Vehicle, Collision With",2,299256,36027,1695,0.8,5987961.0,3975.0,1300
2024,Property Damage Accident,18:45,2024-07-17,Wednesday,Y,Daylight,TIVOLI,RIGHT ANGLE,DUTCHESS,Straight and Level,Clear,Traffic Signal,Dry,9G82013252,Not Applicable,"Other Motor Vehicle, Collision With",2,299256,36027,1695,0.8,5987961.0,3975.0,1300
2024,Property Damage Accident,17:00,2024-07-17,Wednesday,Y,Daylight,RHINEBECK,REAR END,DUTCHESS,Straight and Level,Rain,Traffic Signal,Wet,199 82021020,Not Applicable,"Other Motor Vehicle, Collision With",2,299256,36027,1695,0.8,5987961.0,3975.0,1300
2024,Property Damage Accident,17:37,2024-07-17,Wednesday,Y,Daylight,EAST FISHKILL,OTHER,DUTCHESS,Straight and Grade,Rain,,Wet,987G82031098,Not Applicable,"Guide Rail - Not At End, Collision With Fixed Object",1,299256,36027,1695,0.8,5987961.0,3975.0,1300
2024,Property Damage Accident,16:32,2024-07-17,Wednesday,Y,Daylight,TUXEDO,OVERTAKING,ORANGE,Curve and Level,Cloudy,,Dry,,Not Applicable,"Other Motor Vehicle, Collision With",2,415088,36071,4753,2.6,13857119.0,5167.5,1527
2024,Property Damage & Injury Accident,13:00,2024-07-17,Wednesday,Y,Daylight,MONROE,REAR END,ORANGE,Straight and Level,Clear,Construction Work Area,Dry,17 83101239,Not Applicable,"Other Motor Vehicle, Collision With",2,415088,36071,4753,2.6,13857119.0,5167.5,1527
2024,Property Damage Accident,10:40,2024-07-17,Wednesday,Y,Daylight,NEW WINDSOR,OTHER,ORANGE,Straight and Level,Clear,,Dry,207 83011157,Not Applicable,"Other Motor Vehicle, Collision With",2,415088,36071,4753,2.6,13857119.0,5167.5,1527
2024,Property Damage Accident,15:00,2024-07-17,Wednesday,Y,Daylight,SOUTHEAST,REAR END,PUTNAM,Straight and Level,Cloudy,Traffic Signal,Dry,6 84041113,Not Applicable,"Other Motor Vehicle, Collision With",2,98842,36079,509,0.7,2746105.0,4089.2,375
2024,Property Damage & Injury Accident,11:23,2024-07-17,Wednesday,Y,Daylight,NYACK,SIDESWIPE,ROCKLAND,Straight and Grade,Clear,,Dry,,Not Applicable,"Other Motor Vehicle, Collision With",2,354829,36087,259,0.3,7336134.0,9989.2,886
2024,Property Damage Accident,9:50,2024-07-17,Wednesday,Y,Daylight,NEW PALTZ,RIGHT ANGLE,ULSTER,Straight at Hill Crest,Clear,Stop Sign,Dry,208 86021124,Not Applicable,"Other Motor Vehicle, Collision With",2,183095,36111,3565,1.2,6410502.0,3939.4,999
2024,Property Damage Accident,12:32,2024-07-17,Wednesday,Y,Daylight,HARRISON,REAR END,WESTCHESTER,Straight and Level,Clear,,Dry,287I87011069,Not Applicable,"Other Motor Vehicle, Collision With",2,1009165,36119,850,0.8,18110248.0,6143.2,3354
2024,Property Damage Accident,17:33,2024-07-17,Wednesday,Y,Daylight,PEEKSKILL,OVERTAKING,WESTCHESTER,Straight and Grade,Rain,No Passing Zone,Wet,,Not Applicable,"Other Motor Vehicle, Collision With",2,1009165,36119,850,0.8,18110248.0,6143.2,3354
2024,Property Damage Accident,14:14,2024-07-17,Wednesday,Y,Daylight,OSSINING,LEFT TURN (3),WESTCHESTER,Straight and Level,Clear,Stop Sign,Dry,9 87032144,Not Applicable,"Other Motor Vehicle, Collision With",2,1009165,36119,850,0.8,18110248.0,6143.2,3354
2024,Property Damage Accident,12:04,2024-07-17,Wednesday,Y,Daylight,WHITE PLAINS,OVERTAKING,WESTCHESTER,Straight and Level,Clear,,Dry,,Not Applicable,"Other Motor Vehicle, Collision With",2,1009165,36119,850,0.8,18110248.0,6143.2,3354
2024,Property Damage & Injury Accident,15:56,2024-07-17,Wednesday,Y,Daylight,YONKERS,REAR END,WESTCHESTER,Straight and Level,Cloudy,,Dry,,Not Applicable,"Other Motor Vehicle, Collision With",2,1009165,36119,850,0.8,18110248.0,6143.2,3354
2024,Property Damage & Injury Accident,16:51,2024-07-17,Wednesday,Y,Daylight,POUND RIDGE,HEAD ON,WESTCHESTER,Curve and Grade,Rain,No Passing Zone,Wet,,Not Applicable,"Other Motor Vehicle, Collision With",2,1009165,36119,850,0.8,18110248.0,6143.2,3354
2024,Property Damage Accident,8:59,2024-07-17,Wednesday,Y,Daylight,RYE BROOKE,OTHER,WESTCHESTER,Straight and Level,Cloudy,Stop Sign,Dry,120A87011035,Not Applicable,"Other Motor Vehicle, Collision With",3,1009165,36119,850,0.8,18110248.0,6143.2,3354
2024,Property Damage Accident,15:03,2024-07-17,Wednesday,Y,Daylight,EASTCHESTER,OTHER,WESTCHESTER,Straight and Grade,Clear,Traffic Signal,Dry,22 87022024,Not Applicable,"Other Motor Vehicle, Collision With",3,1009165,36119,850,0.8,18110248.0,6143.2,3354
2024,Property Damage Accident,7:35,2024-07-17,Wednesday,Y,Daylight,NEW ROCHELLE,OVERTAKING,WESTCHESTER,Straight and Level,Clear,,Dry,,Not Applicable,"Other Motor Vehicle, Collision With",2,1009165,36119,850,0.8,18110248.0,6143.2,3354
2024,Property Damage Accident,13:15,2024-07-17,Wednesday,Y,Daylight,MOUNT PLEASANT,OTHER,WESTCHESTER,Curve and Level,Clear,,Dry,,Not Applicable,"Curbing, Collision With Fixed Object",1,1009165,36119,850,0.8,18110248.0,6143.2,3354
2024,Property Damage & Injury Accident,17:35,2024-07-17,Wednesday,Y,Daylight,YONKERS,OTHER,WESTCHESTER,Straight and Level,Clear,,Wet,,Not Applicable,"Tree, Collision With Fixed Object",1,1009165,36119,850,0.8,18110248.0,6143.2,3354
2024,Property Damage Accident,12:10,2024-07-17,Wednesday,Y,Daylight,WHITE PLAINS,OVERTAKING,WESTCHESTER,Straight and Level,Clear,Traffic Signal,Dry,119 87012010,Not Applicable,"Other Motor Vehicle, Collision With",2,1009165,36119,850,0.8,18110248.0,6143.2,3354
2024,Property Damage Accident,16:56,2024-07-17,Wednesday,Y,Daylight,MOUNT VERNON,OVERTAKING,WESTCHESTER,Straight and Grade,Clear,,Dry,907K87012011,Not Applicable,"Other Motor Vehicle, Collision With",2,1009165,36119,850,0.8,18110248.0,6143.2,3354
2024,Property Damage & Injury Accident,14:40,2024-07-17,Wednesday,Y,Daylight,CROTON ON HUDSON,REAR END,WESTCHESTER,Straight and Level,Clear,,Dry,,Not Applicable,"Other Motor Vehicle, Collision With",2,1009165,36119,850,0.8,18110248.0,6143.2,3354
2024,Property Damage Accident,11:06,2024-07-18,Thursday,Y,Daylight,POUGHKEEPSIE,OTHER,DUTCHESS,Straight and Level,Clear,Traffic Signal,Dry,44 82021016,Not Applicable,"Light Support/Utility Pole, Collision With Fixed Object",1,299256,36027,1695,0.8,5987961.0,3975.0,1300
2024,Property Damage Accident,17:35,2024-07-18,Thursday,Y,Daylight,POUGHKEEPSIE,REAR END,DUTCHESS,Straight and Level,Clear,,Dry,984A82011000,Not Applicable,"Other Motor Vehicle, Collision With",2,299256,36027,1695,0.8,5987961.0,3975.0,1300
2024,Property Damage Accident,12:24,2024-07-18,Thursday,Y,Daylight,POUGHKEEPSIE,REAR END,DUTCHESS,Straight and Grade,Clear,Traffic Signal,Dry,44 82021013,Not Applicable,"Other Motor Vehicle, Collision With",2,299256,36027,1695,0.8,5987961.0,3975.0,1300
2024,Property Damage Accident,20:06,2024-07-18,Thursday,Y,Daylight,WAPPINGER FALLS,OVERTAKING,DUTCHESS,Straight and Level,Clear,,Dry,,Not Applicable,"Other Motor Vehicle, Collision With",2,299256,36027,1695,0.8,5987961.0,3975.0,1300
2024,Property Damage Accident,16:30,2024-07-18,Thursday,Y,Daylight,MILAN,OTHER,DUTCHESS,Straight and Level,Clear,,Dry,987G82031358,Not Applicable,Deer,1,299256,36027,1695,0.8,5987961.0,3975.0,1300
2024,Property Damage Accident,22:15,2024-07-18,Thursday,Y,Dark-Road Unlighted,CLINTON,OTHER,DUTCHESS,Straight and Level,Clear,,Dry,987G82031244,Not Applicable,Deer,1,299256,36027,1695,0.8,5987961.0,3975.0,1300
2024,Property Damage Accident,8:40,2024-07-18,Thursday,N,Daylight,RHINEBECK,OTHER,DUTCHESS,Straight and Grade,Clear,,Dry,9G82013164,Not Applicable,"Other Object (Not Fixed)*, Collision With",1,299256,36027,1695,0.8,5987961.0,3975.0,1300
2024,Property Damage Accident,10:33,2024-07-18,Thursday,Y,Daylight,HYDE PARK,REAR END,DUTCHESS,Straight and Level,Clear,Traffic Signal,Dry,9 82053021,Not Applicable,"Other Motor Vehicle, Collision With",2,299256,36027,1695,0.8,5987961.0,3975.0,1300
2024,Property Damage Accident,7:54,2024-07-18,Thursday,Y,Daylight,MONTGOMERY,REAR END,ORANGE,Straight and Level,Clear,,Dry,211 83013079,Not Applicable,"Other Motor Vehicle, Collision With",2,415088,36071,4753,2.6,13857119.0,5167.5,1527
2024,Property Damage Accident,12:05,2024-07-18,Thursday,Y,Daylight,WALLKILL,REAR END,ORANGE,Straight and Grade,Clear,,Dry,,Not Applicable,"Other Motor Vehicle, Collision With",2,415088,36071,4753,2.6,13857119.0,5167.5,1527
2024,Injury Accident,12:43,2024-07-18,Thursday,N,Unknown,NEWBURGH,RIGHT ANGLE,ORANGE,Unknown,Unknown,Unknown,Unknown,17K83012004,Not Applicable,"Other Motor Vehicle, Collision With",2,415088,36071,4753,2.6,13857119.0,5167.5,1527
2024,Property Damage Accident,15:00,2024-07-18,Thursday,Y,Daylight,MONTGOMERY,REAR END,ORANGE,Straight and Level,Cloudy,,Dry,84I83011249,Not Applicable,"Other Motor Vehicle, Collision With",2,415088,36071,4753,2.6,13857119.0,5167.5,1527
2024,Property Damage & Injury Accident,23:19,2024-07-18,Thursday,Y,Dark-Road Lighted,NEWBURGH,RIGHT ANGLE,ORANGE,Straight and Level,Clear,Traffic Signal,Dry,,Not Applicable,"Other Motor Vehicle, Collision With",2,415088,36071,4753,2.6,13857119.0,5167.5,1527
2024,Property Damage Accident,17:15,2024-07-18,Thursday,Y,Daylight,HIGHLANDS,Unknown,ORANGE,Curve and Level,Clear,,Dry,9W83021001,Not Applicable,"Other Motor Vehicle, Collision With",2,415088,36071,4753,2.6,13857119.0,5167.5,1527
2024,Property Damage Accident,18:00,2024-07-18,Thursday,Y,Daylight,MONTGOMERY,OTHER,ORANGE,Curve at Hill Crest,Clear,,Dry,52 83031112,Not Applicable,"Other Object (Not Fixed)*, Collision With",1,415088,36071,4753,2.6,13857119.0,5167.5,1527
2024,Property Damage Accident,6:35,2024-07-18,Thursday,Y,Daylight,CARMEL,OTHER,PUTNAM,Straight at Hill Crest,Cloudy,,Wet,6 84041018,Not Applicable,Deer,1,98842,36079,509,0.7,2746105.0,4089.2,375
2024,Property Damage Accident,7:29,2024-07-18,Thursday,Y,Daylight,SOUTHEAST,REAR END,PUTNAM,Straight and Level,Cloudy,,Wet,84I84031099,Not Applicable,"Other Motor Vehicle, Collision With",2,98842,36079,509,0.7,2746105.0,4089.2,375
2024,Property Damage Accident,8:20,2024-07-18,Thursday,Y,Daylight,,RIGHT ANGLE,ROCKLAND,Straight and Level,Cloudy,,Dry,,Not Applicable,"Other Motor Vehicle, Collision With",2,354829,36087,259,0.3,7336134.0,9989.2,886
2024,Property Damage Accident,12:09,2024-07-18,Thursday,Y,Daylight,CHESTNUT RIDGE,LEFT TURN (3),ROCKLAND,Straight and Level,Cloudy,Traffic Signal,Dry,,Not Applicable,"Other Motor Vehicle, Collision With",2,354829,36087,259,0.3,7336134.0,9989.2,886
2024,Injury Accident,15:20,2024-07-18,Thursday,Y,Daylight,RAMAPO,OTHER,ROCKLAND,Straight and Level,Clear,,Dry,,"Crossing, No Signal or Crosswalk","Pedestrian, Collision With",1,354829,36087,259,0.3,7336134.0,9989.2,886
2024,Property Damage Accident,12:40,2024-07-18,Thursday,Y,Daylight,CLARKSTOWN,LEFT TURN (3),ROCKLAND,Straight and Level,Clear,,Dry,,Not Applicable,"Other Motor Vehicle, Collision With",2,354829,36087,259,0.3,7336134.0,9989.2,886
2024,Property Damage Accident,13:05,2024-07-18,Thursday,Y,Daylight,,OVERTAKING,ROCKLAND,Straight and Level,Cloudy,,Dry,59 85011036,Not Applicable,"Other Motor Vehicle, Collision With",2,354829,36087,259,0.3,7336134.0,9989.2,886
2024,Property Damage Accident,11:37,2024-07-18,Thursday,Y,Daylight,,OVERTAKING,ROCKLAND,Straight and Level,Cloudy,Traffic Signal,Dry,59 85011044,Not Applicable,"Other Motor Vehicle, Collision With",2,354829,36087,259,0.3,7336134.0,9989.2,886
2024,Property Damage Accident,16:36,2024-07-18,Thursday,Y,Daylight,NEW PALTZ,OVERTAKING,ULSTER,Straight and Level,Clear,,Dry,299 86011070,Not Applicable,"Other Motor Vehicle, Collision With",2,183095,36111,3565,1.2,6410502.0,3939.4,999
2024,Property Damage Accident,0:00,2024-07-18,Thursday,N,Daylight,OLIVE,Unknown,ULSTER,Straight and Level,Clear,,Dry,28 86012179,Not Applicable,"Other Motor Vehicle, Collision With",2,183095,36111,3565,1.2,6410502.0,3939.4,999
2024,Property Damage & Injury Accident,7:50,2024-07-18,Thursday,Y,Daylight,HASTINGS ON HUDSON,OTHER,WESTCHESTER,Straight and Level,Clear,Traffic Signal,Dry,9 87032012,Not Applicable,"Other Motor Vehicle, Collision With",2,1009165,36119,850,0.8,18110248.0,6143.2,3354
2024,Property Damage Accident,1:06,2024-07-18,Thursday,Y,Dark-Road Lighted,WHITE PLAINS,REAR END,WESTCHESTER,Straight and Level,Rain,Traffic Signal,Wet,22 87023025,Not Applicable,"Other Motor Vehicle, Collision With",2,1009165,36119,850,0.8,18110248.0,6143.2,3354
2024,Property Damage & Injury Accident,15:55,2024-07-18,Thursday,Y,Daylight,MOUNT VERNON,REAR END,WESTCHESTER,Straight and Level,Clear,,Dry,,Not Applicable,"Other Motor Vehicle, Collision With",2,1009165,36119,850,0.8,18110248.0,6143.2,3354
2024,Property Damage Accident,14:45,2024-07-18,Thursday,Y,Daylight,GREENBURGH,RIGHT TURN (5),WESTCHESTER,Curve and Level,Clear,Stop Sign,Dry,100A87011006,Not Applicable,"Other Motor Vehicle, Collision With",2,1009165,36119,850,0.8,18110248.0,6143.2,3354
2024,Property Damage Accident,0:53,2024-07-18,Thursday,Y,Dark-Road Unlighted,NEW ROCHELLE,OTHER,WESTCHESTER,Curve and Level,Rain,,Wet,,Not Applicable,"Median - Not At End, Collision With Fixed Object",1,1009165,36119,850,0.8,18110248.0,6143.2,3354
2024,Property Damage & Injury Accident,15:15,2024-07-18,Thursday,Y,Daylight,GREENBURGH,HEAD ON,WESTCHESTER,Straight and Grade,Clear,Traffic Signal,Wet,100A87011022,Not Applicable,"Other Motor Vehicle, Collision With",2,1009165,36119,850,0.8,18110248.0,6143.2,3354
2024,Property Damage Accident,17:04,2024-07-18,Thursday,Y,Daylight,WHITE PLAINS,OVERTAKING,WESTCHESTER,Straight and Level,Cloudy,Traffic Signal,Dry,,Not Applicable,"Other Motor Vehicle, Collision With",2,1009165,36119,850,0.8,18110248.0,6143.2,3354
2024,Property Damage Accident,21:01,2024-07-18,Thursday,Y,Dark-Road Unlighted,NEW ROCHELLE,OTHER,WESTCHESTER,Straight and Level,Clear,,Dry,907W87022013,Not Applicable,"Bridge Structure, Collision With Fixed Object",1,1009165,36119,850,0.8,18110248.0,6143.2,3354
2024,Property Damage Accident,23:02,2024-07-19,Friday,Y,Dark-Road Unlighted,DOVER,OTHER,DUTCHESS,Straight and Level,Clear,,Dry,,Not Applicable,"Light Support/Utility Pole, Collision With Fixed Object",1,299256,36027,1695,0.8,5987961.0,3975.0,1300
2024,Property Damage & Injury Accident,20:04,2024-07-19,Friday,Y,Dusk,POUGHKEEPSIE,OVERTAKING,DUTCHESS,Straight and Level,Clear,,Dry,9 82051132,Not Applicable,"Other Motor Vehicle, Collision With",2,299256,36027,1695,0.8,5987961.0,3975.0,1300
2024,Property Damage Accident,23:07,2024-07-19,Friday,Y,Dark-Road Unlighted,PLEASANT VALLEY,OTHER,DUTCHESS,Curve and Level,Clear,No Passing Zone,Dry,,Not Applicable,"Tree, Collision With Fixed Object",1,299256,36027,1695,0.8,5987961.0,3975.0,1300
2024,Property Damage & Injury Accident,9:50,2024-07-19,Friday,Y,Daylight,MILAN,OTHER,DUTCHESS,Curve and Grade,Clear,No Passing Zone,Dry,,Not Applicable,"Tree, Collision With Fixed Object",1,299256,36027,1695,0.8,5987961.0,3975.0,1300
2024,Property Damage Accident,17:47,2024-07-19,Friday,Y,Daylight,LA GRANGE,REAR END,DUTCHESS,Straight and Level,Clear,Stop Sign,Dry,,Not Applicable,"Other Motor Vehicle, Collision With",2,299256,36027,1695,0.8,5987961.0,3975.0,1300
2024,Property Damage Accident,14:24,2024-07-19,Friday,Y,Daylight,WALLKILL,REAR END,ORANGE,Straight and Level,Clear,Construction Work Area,Dry,84I83011216,Not Applicable,"Other Motor Vehicle, Collision With",2,415088,36071,4753,2.6,13857119.0,5167.5,1527
2024,Property Damage Accident,6:30,2024-07-19,Friday,Y,Dawn,BLOOMING GROVE,OVERTAKING,ORANGE,Curve and Grade,Clear,,Dry,17 83101205,Not Applicable,"Other Motor Vehicle, Collision With",2,415088,36071,4753,2.6,13857119.0,5167.5,1527
2024,Property Damage Accident,16:26,2024-07-19,Friday,Y,Daylight,BLOOMING GROVE,OVERTAKING,ORANGE,Straight and Level,Clear,No Passing Zone,Dry,17M83013152,Not Applicable,"Other Motor Vehicle, Collision With",2,415088,36071,4753,2.6,13857119.0,5167.5,1527
2024,Property Damage Accident,17:44,2024-07-19,Friday,Y,Daylight,GOSHEN,OTHER,ORANGE,Straight and Level,Cloudy,,Dry,17 83101110,Not Applicable,"Other Motor Vehicle, Collision With",3,415088,36071,4753,2.6,13857119.0,5167.5,1527
2024,Property Damage & Injury Accident,23:28,2024-07-19,Friday,Y,Dark-Road Unlighted,NEWBURGH,OTHER,ORANGE,Straight and Level,Clear,,Dry,9W83023018,Not Applicable,"Earth Embankment/Rock Cut/Ditch, Collision With Fixed Object",1,415088,36071,4753,2.6,13857119.0,5167.5,1527
2024,Property Damage Accident,10:20,2024-07-19,Friday,Y,Daylight,HIGHLAND FALLS,OVERTAKING,ORANGE,Straight and Grade,Clear,,Dry,,Not Applicable,"Other Motor Vehicle, Collision With",2,415088,36071,4753,2.6,13857119.0,5167.5,1527
2024,Property Damage Accident,8:52,2024-07-19,Friday,Y,Daylight,PHILLIPSTOWN,OTHER,PUTNAM,Straight and Grade,Clear,No Passing Zone,Dry,9D84021056,Not Applicable,"Animal, Collision With",1,98842,36079,509,0.7,2746105.0,4089.2,375
2024,Property Damage & Injury Accident,15:02,2024-07-19,Friday,Y,Daylight,RAMAPO,OVERTAKING,ROCKLAND,Straight and Level,Clear,,Dry,,Not Applicable,"Other Motor Vehicle, Collision With",2,354829,36087,259,0.3,7336134.0,9989.2,886
2024,Property Damage Accident,13:03,2024-07-19,Friday,Y,Daylight,CLARKSTOWN,OTHER,ROCKLAND,Straight and Level,Clear,,Dry,,Not Applicable,"Other Motor Vehicle, Collision With",4,354829,36087,259,0.3,7336134.0,9989.2,886
2024,Property Damage & Injury Accident,13:36,2024-07-19,Friday,Y,Daylight,CLARKSTOWN,OVERTAKING,ROCKLAND,Straight and Level,Clear,Traffic Signal,Dry,,Not Applicable,"Other Motor Vehicle, Collision With",2,354829,36087,259,0.3,7336134.0,9989.2,886
2024,Property Damage Accident,16:15,2024-07-19,Friday,Y,Daylight,CLARKSTOWN,OVERTAKING,ROCKLAND,Straight and Level,Clear,,Dry,,Not Applicable,"Other Motor Vehicle, Collision With",2,354829,36087,259,0.3,7336134.0,9989.2,886
2024,Property Damage Accident,9:18,2024-07-19,Friday,Y,Daylight,HAVERSTRAW,OVERTAKING,ROCKLAND,Straight and Level,Clear,,Dry,,Not Applicable,"Other Motor Vehicle, Collision With",2,354829,36087,259,0.3,7336134.0,9989.2,886
2024,Property Damage Accident,6:30,2024-07-19,Friday,Y,Dark-Road Unlighted,SLOATSBURG,REAR END,ROCKLAND,Straight and Level,Clear,,Dry,,Not Applicable,"Other Motor Vehicle, Collision With",2,354829,36087,259,0.3,7336134.0,9989.2,886
2024,Property Damage Accident,22:02,2024-07-19,Friday,Y,Dark-Road Unlighted,LLOYD,OTHER,ULSTER,Straight and Level,Clear,,Dry,9W86031107,Not Applicable,"Guide Rail - Not At End, Collision With Fixed Object",1,183095,36111,3565,1.2,6410502.0,3939.4,999
2024,Property Damage & Injury Accident,19:16,2024-07-19,Friday,Y,Daylight,KINGSTON,RIGHT ANGLE,ULSTER,Straight and Grade,Clear,Traffic Signal,Dry,,Not Applicable,"Other Motor Vehicle, Collision With",2,183095,36111,3565,1.2,6410502.0,3939.4,999
2024,Property Damage & Injury Accident,9:14,2024-07-19,Friday,Y,Daylight,WAWARSING,RIGHT ANGLE,ULSTER,Straight and Grade,Clear,Stop Sign,Dry,52 86021012,Not Applicable,"Other Motor Vehicle, Collision With",2,183095,36111,3565,1.2,6410502.0,3939.4,999
2024,Property Damage Accident,8:15,2024-07-19,Friday,N,Daylight,SOMERS,REAR END,WESTCHESTER,Straight and Level,Clear,,Dry,,Not Applicable,"Other Motor Vehicle, Collision With",2,1009165,36119,850,0.8,18110248.0,6143.2,3354
2024,Property Damage Accident,21:22,2024-07-19,Friday,Y,Dark-Road Lighted,OSSINING,SIDESWIPE,WESTCHESTER,Straight and Level,Clear,Stop Sign,Dry,,Not Applicable,"Other Motor Vehicle, Collision With",2,1009165,36119,850,0.8,18110248.0,6143.2,3354
2024,Property Damage Accident,13:30,2024-07-19,Friday,Y,Daylight,PORT CHESTER,OTHER,WESTCHESTER,Straight and Level,Clear,,Dry,,Not Applicable,"Other Motor Vehicle, Collision With",3,1009165,36119,850,0.8,18110248.0,6143.2,3354
2024,Property Damage Accident,13:42,2024-07-19,Friday,Y,Unknown,YONKERS,OTHER,WESTCHESTER,Straight and Level,Unknown,,Unknown,,Not Applicable,"Other Motor Vehicle, Collision With",3,1009165,36119,850,0.8,18110248.0,6143.2,3354
2024,Property Damage Accident,9:09,2024-07-19,Friday,Y,Daylight,BRIARCLIFF MANOR,REAR END,WESTCHESTER,Curve and Level,Clear,,Dry,987G87011059,Not Applicable,"Other Motor Vehicle, Collision With",2,1009165,36119,850,0.8,18110248.0,6143.2,3354
2024,Property Damage Accident,14:50,2024-07-19,Friday,Y,Daylight,CORTLANDT,REAR END,WESTCHESTER,Straight and Level,Cloudy,,Dry,6 87033006,Not Applicable,"Other Motor Vehicle, Collision With",2,1009165,36119,850,0.8,18110248.0,6143.2,3354
2024,Property Damage Accident,11:21,2024-07-19,Friday,Y,Daylight,ELMSFORD,LEFT TURN (3),WESTCHESTER,Straight and Level,Clear,Traffic Signal,Dry,,Not Applicable,"Other Motor Vehicle, Collision With",2,1009165,36119,850,0.8,18110248.0,6143.2,3354
2024,Property Damage Accident,11:00,2024-07-19,Friday,Y,Daylight,PORT CHESTER,Unknown,WESTCHESTER,Straight and Level,Clear,,Dry,,Not Applicable,"Other Motor Vehicle, Collision With",2,1009165,36119,850,0.8,18110248.0,6143.2,3354
2024,Property Damage Accident,12:58,2024-07-19,Friday,Y,Daylight,PELHAM,RIGHT ANGLE,WESTCHESTER,Straight and Level,Clear,Stop Sign,Dry,,Not Applicable,"Other Motor Vehicle, Collision With",2,1009165,36119,850,0.8,18110248.0,6143.2,3354