year,accident_descriptor,time,date,day_of_week,police_report,lighting_conditions,municipality,collision_type_descriptor,county_name,road_descriptor,weather_conditions,traffic_control_device,road_surface_conditions,dot_reference_marker_location,pedestrian_bicyclist_action,event_descriptor,number_of_vehicles_involved,county_population_2024,county_fips,county_deer_take_2024,county_antlerless_deer_per_sqmi_2024,county_daily_vmt_2019,county_mean_aadt_2019,county_aadt_segments_2019
2024,Property Damage & Injury Accident,12:31,2024-07-23,Tuesday,Y,Daylight,PORT CHESTER,REAR END,WESTCHESTER,Curve and Level,Cloudy,Yield Sign,Dry,,Not Applicable,"Other Motor Vehicle, Collision With",2,1009165,36119,850,0.8,18110248.0,6143.2,3354
2024,Property Damage Accident,9:30,2024-07-23,Tuesday,Y,Daylight,WHITE PLAINS,RIGHT ANGLE,WESTCHESTER,Straight and Level,Cloudy,Stop Sign,Dry,,Not Applicable,"Other Motor Vehicle, Collision With",2,1009165,36119,850,0.8,18110248.0,6143.2,3354
2024,Property Damage Accident,20:30,2024-07-23,Tuesday,Y,Dusk,PELHAM,REAR END,WESTCHESTER,Straight and Level,Clear,Traffic Signal,Dry,,Not Applicable,"Other Motor Vehicle, Collision With",2,1009165,36119,850,0.8,18110248.0,6143.2,3354
2024,Property Damage Accident,17:42,2024-07-23,Tuesday,Y,Daylight,NEW ROCHELLE,REAR END,WESTCHESTER,Straight and Level,Clear,Traffic Signal,Dry,,Not Applicable,"Other Motor Vehicle, Collision With",2,1009165,36119,850,0.8,18110248.0,6143.2,3354
2024,Property Damage Accident,22:56,2024-07-23,Tuesday,Y,Dark-Road Lighted,NEW ROCHELLE,OVERTAKING,WESTCHESTER,Straight and Level,Clear,,Dry,,Not Applicable,"Other Motor Vehicle, Collision With",2,1009165,36119,850,0.8,18110248.0,6143.2,3354
2024,Property Damage & Injury Accident,7:00,2024-07-23,Tuesday,Y,Daylight,CORTLANDT,HEAD ON,WESTCHESTER,Curve and Grade,Rain,,Wet,6 87031010,Not Applicable,"Other Motor Vehicle, Collision With",2,1009165,36119,850,0.8,18110248.0,6143.2,3354
2024,Property Damage Accident,10:05,2024-07-23,Tuesday,Y,Daylight,GREENBURGH,LEFT TURN (3),WESTCHESTER,Straight and Level,Cloudy,Traffic Signal,Dry,119 87011042,Not Applicable,"Other Motor Vehicle, Collision With",2,1009165,36119,850,0.8,18110248.0,6143.2,3354
2024,Property Damage Accident,10:48,2024-07-23,Tuesday,Y,Daylight,YONKERS,SIDESWIPE,WESTCHESTER,Straight at Hill Crest,Rain,Traffic Signal,Wet,,Not Applicable,"Other Motor Vehicle, Collision With",2,1009165,36119,850,0.8,18110248.0,6143.2,3354
2024,Property Damage Accident,9:09,2024-07-24,Wednesday,Y,Daylight,EAST FISHKILL,LEFT TURN (3),DUTCHESS,Straight and Level,Rain,Stop Sign,Wet,,Not Applicable,"Other Motor Vehicle, Collision With",2,299256,36027,1695,0.8,5987961.0,3975.0,1300
2024,Property Damage Accident,16:10,2024-07-24,Wednesday,Y,Daylight,MILAN,OTHER,DUTCHESS,Straight and Grade,Cloudy,,Dry,987G82031363,Not Applicable,"Tree, Collision With Fixed Object",1,299256,36027,1695,0.8,5987961.0,3975.0,1300
2024,Property Damage Accident,8:05,2024-07-24,Wednesday,Y,Daylight,DOVER,OTHER,DUTCHESS,Straight and Level,Cloudy,No Passing Zone,Dry,,Not Applicable,"Other Fixed Object*, Collision With Fixed Object",1,299256,36027,1695,0.8,5987961.0,3975.0,1300
2024,Property Damage & Injury Accident,9:34,2024-07-24,Wednesday,Y,Daylight,NEWBURGH,OVERTAKING,ORANGE,Straight and Level,Rain,Traffic Signal,Wet,,Not Applicable,"Other Motor Vehicle, Collision With",2,415088,36071,4753,2.6,13857119.0,5167.5,1527
2024,Property Damage Accident,14:59,2024-07-24,Wednesday,Y,Daylight,NEWBURGH,OVERTAKING,ORANGE,Straight and Level,Clear,,Dry,980T83012014,Not Applicable,"Other Motor Vehicle, Collision With",2,415088,36071,4753,2.6,13857119.0,5167.5,1527
2024,Property Damage Accident,16:40,2024-07-24,Wednesday,Y,Daylight,NEW WINDSOR,OTHER,ORANGE,Straight and Grade,Clear,,Dry,,Not Applicable,"Other Motor Vehicle, Collision With",3,415088,36071,4753,2.6,13857119.0,5167.5,1527
2024,Property Damage Accident,21:41,2024-07-24,Wednesday,Y,Dark-Road Unlighted,RAMAPO,OTHER,ROCKLAND,Straight and Level,Clear,,Dry,987C85011134,Not Applicable,"Fire/Explosion, Non-Collision",1,354829,36087,259,0.3,7336134.0,9989.2,886
2024,Property Damage & Injury Accident,16:27,2024-07-24,Wednesday,Y,Daylight,CLARKSTOWN,REAR END,ROCKLAND,Straight and Level,Clear,,Dry,,Not Applicable,"Other Motor Vehicle, Collision With",2,354829,36087,259,0.3,7336134.0,9989.2,886
2024,Property Damage Accident,22:36,2024-07-24,Wednesday,Y,Dark-Road Lighted,RAMAPO,REAR END,ROCKLAND,Straight and Level,Cloudy,,Dry,,Not Applicable,"Other Motor Vehicle, Collision With",2,354829,36087,259,0.3,7336134.0,9989.2,886
2024,Property Damage Accident,9:30,2024-07-24,Wednesday,Y,Daylight,CLARKSTOWN,OVERTAKING,ROCKLAND,Straight and Level,Cloudy,,Wet,,Not Applicable,"Other Motor Vehicle, Collision With",2,354829,36087,259,0.3,7336134.0,9989.2,886
2024,Property Damage Accident,22:03,2024-07-24,Wednesday,Y,Dark-Road Lighted,,RIGHT ANGLE,ROCKLAND,Straight and Level,Clear,Stop Sign,Dry,59 85011039,Not Applicable,"Other Motor Vehicle, Collision With",2,354829,36087,259,0.3,7336134.0,9989.2,886
2024,Property Damage Accident,17:55,2024-07-24,Wednesday,Y,Daylight,CLARKSTOWN,OTHER,ROCKLAND,Straight and Level,Clear,,Dry,304 85011058,Not Applicable,"Curbing, Collision With Fixed Object",1,354829,36087,259,0.3,7336134.0,9989.2,886
2024,Property Damage Accident,11:30,2024-07-24,Wednesday,Y,Daylight,NYACK,OVERTAKING,ROCKLAND,Straight and Level,Clear,,Dry,,Not Applicable,"Other Motor Vehicle, Collision With",2,354829,36087,259,0.3,7336134.0,9989.2,886
2024,Property Damage Accident,8:43,2024-07-24,Wednesday,Y,Daylight,SAUGERTIES,OVERTAKING,ULSTER,Straight and Level,Clear,No Passing Zone,Dry,,Not Applicable,"Other Motor Vehicle, Collision With",2,183095,36111,3565,1.2,6410502.0,3939.4,999
2024,Property Damage Accident,13:26,2024-07-24,Wednesday,Y,Daylight,LLOYD,OTHER,ULSTER,Straight and Level,Clear,,Dry,,Not Applicable,"Animal, Collision With",1,183095,36111,3565,1.2,6410502.0,3939.4,999
2024,Property Damage Accident,9:43,2024-07-24,Wednesday,Y,Daylight,LLOYD,OTHER,ULSTER,Straight and Level,Cloudy,No Passing Zone,Dry,,Not Applicable,"Light Support/Utility Pole, Collision With Fixed Object",1,183095,36111,3565,1.2,6410502.0,3939.4,999
2024,Property Damage Accident,9:37,2024-07-24,Wednesday,Y,Daylight,LARCHMONT,LEFT TURN (0),WESTCHESTER,Straight and Level,Cloudy,,Dry,,Not Applicable,"Other Motor Vehicle, Collision With",2,1009165,36119,850,0.8,18110248.0,6143.2,3354
2024,Property Damage Accident,14:08,2024-07-24,Wednesday,Y,Daylight,BEDFORD,OTHER,WESTCHESTER,Straight and Level,Cloudy,,Dry,121 87011020,Not Applicable,"Earth Embankment/Rock Cut/Ditch, Collision With Fixed Object",1,1009165,36119,850,0.8,18110248.0,6143.2,3354
2024,Property Damage Accident,9:47,2024-07-24,Wednesday,Y,Daylight,YONKERS,OVERTAKING,WESTCHESTER,Straight and Level,Cloudy,Traffic Signal,Dry,984L87011000,Not Applicable,"Other Motor Vehicle, Collision With",2,1009165,36119,850,0.8,18110248.0,6143.2,3354
2024,Property Damage Accident,18:50,2024-07-24,Wednesday,Y,Daylight,YONKERS,OVERTAKING,WESTCHESTER,Straight and Level,Clear,,Dry,907K87011003,Not Applicable,"Other Motor Vehicle, Collision With",2,1009165,36119,850,0.8,18110248.0,6143.2,3354
2024,Property Damage Accident,8:28,2024-07-24,Wednesday,Y,Daylight,NEW CASTLE,LEFT TURN (3),WESTCHESTER,Straight and Level,Cloudy,Stop Sign,Wet,,Not Applicable,"Other Motor Vehicle, Collision With",2,1009165,36119,850,0.8,18110248.0,6143.2,3354
2024,Property Damage Accident,12:35,2024-07-24,Wednesday,Y,Daylight,MOUNT KISCO,OVERTAKING,WESTCHESTER,Straight and Level,Cloudy,,Dry,,Not Applicable,"Other Motor Vehicle, Collision With",2,1009165,36119,850,0.8,18110248.0,6143.2,3354
2024,Property Damage Accident,8:07,2024-07-24,Wednesday,Y,Daylight,OSSINING,REAR END,WESTCHESTER,Straight and Grade,Cloudy,,Dry,,Not Applicable,"Other Motor Vehicle, Collision With",2,1009165,36119,850,0.8,18110248.0,6143.2,3354
2024,Property Damage Accident,5:00,2024-07-24,Wednesday,Y,Unknown,NEW ROCHELLE,OVERTAKING,WESTCHESTER,Straight and Level,Unknown,,Unknown,,Not Applicable,"Other Motor Vehicle, Collision With",2,1009165,36119,850,0.8,18110248.0,6143.2,3354
2024,Property Damage & Injury Accident,8:45,2024-07-24,Wednesday,Y,Daylight,PORT CHESTER,REAR END,WESTCHESTER,Straight and Level,Clear,,Wet,,Not Applicable,"Other Motor Vehicle, Collision With",2,1009165,36119,850,0.8,18110248.0,6143.2,3354
2024,Property Damage Accident,8:00,2024-07-24,Wednesday,Y,Daylight,WHITE PLAINS,OVERTAKING,WESTCHESTER,Straight and Level,Clear,,Dry,,Not Applicable,"Other Motor Vehicle, Collision With",2,1009165,36119,850,0.8,18110248.0,6143.2,3354
2024,Property Damage Accident,8:00,2024-07-24,Wednesday,Y,Dawn,SOMERS,REAR END,WESTCHESTER,Curve and Grade,Clear,Yield Sign,Dry,,Not Applicable,"Other Motor Vehicle, Collision With",2,1009165,36119,850,0.8,18110248.0,6143.2,3354
2024,Property Damage Accident,11:00,2024-07-24,Wednesday,Y,Daylight,WHITE PLAINS,OVERTAKING,WESTCHESTER,Straight and Grade,Cloudy,,Dry,22 87023017,Not Applicable,"Other Motor Vehicle, Collision With",2,1009165,36119,850,0.8,18110248.0,6143.2,3354
2024,Property Damage Accident,13:47,2024-07-24,Wednesday,Y,Daylight,MAMARONECK,Unknown,WESTCHESTER,Straight and Level,Clear,Unknown,Dry,,Not Applicable,"Other Motor Vehicle, Collision With",2,1009165,36119,850,0.8,18110248.0,6143.2,3354
2024,Property Damage Accident,10:59,2024-07-24,Wednesday,Y,Daylight,RYE,OTHER,WESTCHESTER,Curve and Grade,Cloudy,,Wet,,Not Applicable,"Median - Not At End, Collision With Fixed Object",1,1009165,36119,850,0.8,18110248.0,6143.2,3354
2024,Property Damage Accident,15:18,2024-07-24,Wednesday,Y,Daylight,NEW ROCHELLE,HEAD ON,WESTCHESTER,Straight and Level,Clear,Stop Sign,Dry,,Not Applicable,"Other Motor Vehicle, Collision With",2,1009165,36119,850,0.8,18110248.0,6143.2,3354
2024,Property Damage Accident,14:55,2024-07-24,Wednesday,Y,Daylight,EASTCHESTER,REAR END,WESTCHESTER,Straight and Level,Clear,Yield Sign,Dry,,Not Applicable,"Other Motor Vehicle, Collision With",2,1009165,36119,850,0.8,18110248.0,6143.2,3354
2024,Property Damage Accident,19:35,2024-07-25,Thursday,Y,Daylight,WAPPINGER,REAR END,DUTCHESS,Straight and Level,Cloudy,,Dry,,Not Applicable,"Other Motor Vehicle, Collision With",2,299256,36027,1695,0.8,5987961.0,3975.0,1300
2024,Property Damage Accident,21:16,2024-07-25,Thursday,Y,Dark-Road Unlighted,EAST FISHKILL,REAR END,DUTCHESS,Straight and Grade,Clear,,Dry,987G82031012,Not Applicable,"Other Motor Vehicle, Collision With",2,299256,36027,1695,0.8,5987961.0,3975.0,1300
2024,Property Damage Accident,12:55,2024-07-25,Thursday,Y,Daylight,POUGHKEEPSIE,OVERTAKING,DUTCHESS,Straight and Level,Clear,,Dry,9 82051123,Not Applicable,"Other Motor Vehicle, Collision With",2,299256,36027,1695,0.8,5987961.0,3975.0,1300
2024,Injury Accident,13:28,2024-07-25,Thursday,Y,Daylight,POUGHKEEPSIE,OTHER,DUTCHESS,Straight and Level,Clear,Traffic Signal,Dry,115 82011001,"Crossing, No Signal, Marked Crosswalk","Pedestrian, Collision With",1,299256,36027,1695,0.8,5987961.0,3975.0,1300
2024,Property Damage Accident,7:20,2024-07-25,Thursday,Y,Daylight,FISHKILL,REAR END,DUTCHESS,Straight and Level,Cloudy,Traffic Signal,Dry,9 82051037,Not Applicable,"Other Motor Vehicle, Collision With",2,299256,36027,1695,0.8,5987961.0,3975.0,1300
2024,Property Damage Accident,10:05,2024-07-25,Thursday,Y,Daylight,WARWICK,OTHER,ORANGE,Straight and Level,Cloudy,No Passing Zone,Dry,17A83011063,Not Applicable,Deer,1,415088,36071,4753,2.6,13857119.0,5167.5,1527
2024,Property Damage Accident,16:00,2024-07-25,Thursday,Y,Daylight,SOUTH BLOOMING GROVE,RIGHT ANGLE,ORANGE,Straight and Level,Clear,,Dry,,Not Applicable,"Other Motor Vehicle, Collision With",2,415088,36071,4753,2.6,13857119.0,5167.5,1527
2024,Property Damage Accident,14:00,2024-07-25,Thursday,Y,Daylight,MONTGOMERY,RIGHT ANGLE,ORANGE,Straight and Level,Clear,Traffic Signal,Dry,52 83031048,Not Applicable,"Other Motor Vehicle, Collision With",2,415088,36071,4753,2.6,13857119.0,5167.5,1527
2024,Property Damage Accident,15:28,2024-07-25,Thursday,Y,Daylight,NEWBURGH,OVERTAKING,ORANGE,Straight and Level,Clear,,Dry,9W83023004,Not Applicable,"Other Motor Vehicle, Collision With",2,415088,36071,4753,2.6,13857119.0,5167.5,1527
2024,Property Damage Accident,11:39,2024-07-25,Thursday,Y,Daylight,NEWBURGH,SIDESWIPE,ORANGE,Straight and Level,Cloudy,Traffic Signal,Wet,9W83022017,Not Applicable,"Other Motor Vehicle, Collision With",2,415088,36071,4753,2.6,13857119.0,5167.5,1527
2024,Property Damage & Injury Accident,1:22,2024-07-25,Thursday,Y,Dark-Road Unlighted,NEWBURGH,REAR END,ORANGE,Straight and Level,Cloudy,,Dry,84I83011365,Not Applicable,"Other Motor Vehicle, Collision With",2,415088,36071,4753,2.6,13857119.0,5167.5,1527
2024,Injury Accident,22:45,2024-07-25,Thursday,Y,Dark-Road Unlighted,DEERPARK,OTHER,ORANGE,Straight and Level,Unknown,No Passing Zone,Unknown,,Riding/Walking/Skating Along Highway Against Traffic,"Pedestrian, Collision With",1,415088,36071,4753,2.6,13857119.0,5167.5,1527
2024,Property Damage Accident,22:13,2024-07-25,Thursday,Y,Dark-Road Unlighted,BLOOMING GROVE,REAR END,ORANGE,Straight and Level,Clear,,Dry,17 83101209,Not Applicable,"Other Motor Vehicle, Collision With",2,415088,36071,4753,2.6,13857119.0,5167.5,1527
2024,Property Damage & Injury Accident,14:51,2024-07-25,Thursday,Y,Daylight,MIDDLETOWN,OTHER,ORANGE,Straight and Grade,Clear,Stop Sign,Dry,,Riding/Walking/Skating Along Highway Against Traffic,"Pedestrian, Collision With",1,415088,36071,4753,2.6,13857119.0,5167.5,1527
2024,Property Damage Accident,17:30,2024-07-25,Thursday,Y,Daylight,BREWSTER,LEFT TURN (3),PUTNAM,Straight and Grade,Clear,,Dry,,Not Applicable,"Other Motor Vehicle, Collision With",2,98842,36079,509,0.7,2746105.0,4089.2,375
2024,Property Damage Accident,20:30,2024-07-25,Thursday,Y,Dark-Road Lighted,CARMEL,RIGHT ANGLE,PUTNAM,Straight and Grade,Clear,Stop Sign,Dry,,Not Applicable,"Other Motor Vehicle, Collision With",2,98842,36079,509,0.7,2746105.0,4089.2,375
2024,Property Damage Accident,11:42,2024-07-25,Thursday,Y,Daylight,CARMEL,REAR END,PUTNAM,Straight and Grade,Clear,Stop Sign,Dry,,Not Applicable,"Other Motor Vehicle, Collision With",2,98842,36079,509,0.7,2746105.0,4089.2,375
2024,Property Damage Accident,8:52,2024-07-25,Thursday,Y,Daylight,RAMAPO,REAR END,ROCKLAND,Straight and Level,Clear,,Dry,59 85011049,Not Applicable,"Other Motor Vehicle, Collision With",2,354829,36087,259,0.3,7336134.0,9989.2,886
2024,Property Damage & Injury Accident,12:25,2024-07-25,Thursday,Y,Daylight,SPRING VALLEY,REAR END,ROCKLAND,Straight and Level,Clear,Traffic Signal,Dry,59 85011074,Not Applicable,"Other Motor Vehicle, Collision With",2,354829,36087,259,0.3,7336134.0,9989.2,886
2024,Property Damage & Injury Accident,19:54,2024-07-25,Thursday,Y,Daylight,HAVERSTRAW,OTHER,ROCKLAND,Straight and Level,Clear,Traffic Signal,Dry,202 85011109,Not Applicable,"Other Motor Vehicle, Collision With",3,354829,36087,259,0.3,7336134.0,9989.2,886
2024,Property Damage Accident,14:16,2024-07-25,Thursday,Y,Daylight,ORANGETOWN,OVERTAKING,ROCKLAND,Straight and Level,Clear,,Dry,,Not Applicable,"Other Motor Vehicle, Collision With",2,354829,36087,259,0.3,7336134.0,9989.2,886
2024,Property Damage Accident,21:05,2024-07-25,Thursday,Y,Dark-Road Unlighted,CLARKSTOWN,OTHER,ROCKLAND,Straight and Level,Clear,,Dry,987C85011097,Not Applicable,Deer,1,354829,36087,259,0.3,7336134.0,9989.2,886
2024,Property Damage & Injury Accident,16:52,2024-07-25,Thursday,Y,Daylight,NYACK,OTHER,ROCKLAND,Straight and Level,Cloudy,Stop Sign,Dry,9W85011072,Not Applicable,"Other Motor Vehicle, Collision With",4,354829,36087,259,0.3,7336134.0,9989.2,886
2024,Property Damage Accident,23:43,2024-07-25,Thursday,Y,Dark-Road Unlighted,SAUGERTIES,OTHER,ULSTER,Straight and Level,Cloudy,,Dry,,Not Applicable,"Barrier, Collision With Fixed Object",1,183095,36111,3565,1.2,6410502.0,3939.4,999
2024,Property Damage Accident,10:10,2024-07-25,Thursday,Y,Daylight,KINGSTON,RIGHT ANGLE,ULSTER,Straight and Level,Cloudy,Flashing Light,Dry,,Not Applicable,"Other Motor Vehicle, Collision With",2,183095,36111,3565,1.2,6410502.0,3939.4,999
2024,Property Damage & Injury Accident,17:53,2024-07-25,Thursday,Y,Daylight,YORKTOWN,LEFT TURN (3),WESTCHESTER,Straight and Level,Clear,Traffic Signal,Dry,6N87011000,Not Applicable,"Other Motor Vehicle, Collision With",2,1009165,36119,850,0.8,18110248.0,6143.2,3354
2024,Property Damage & Injury Accident,12:25,2024-07-25,Thursday,Y,Daylight,GREENBURGH,OTHER,WESTCHESTER,Curve and Level,Cloudy,,Dry,987F87012020,Not Applicable,"Guide Rail - Not At End, Collision With Fixed Object",1,1009165,36119,850,0.8,18110248.0,6143.2,3354
2024,Property Damage Accident,23:00,2024-07-25,Thursday,Y,Dark-Road Lighted,NEW ROCHELLE,REAR END,WESTCHESTER,Straight and Level,Clear,Yield Sign,Dry,,Not Applicable,"Other Motor Vehicle, Collision With",2,1009165,36119,850,0.8,18110248.0,6143.2,3354
2024,Property Damage Accident,9:36,2024-07-25,Thursday,Y,Daylight,MAMARONECK,SIDESWIPE,WESTCHESTER,Curve and Level,Clear,,Dry,,Not Applicable,"Other Motor Vehicle, Collision With",2,1009165,36119,850,0.8,18110248.0,6143.2,3354
2024,Property Damage Accident,17:49,2024-07-25,Thursday,Y,Daylight,PORT CHESTER,REAR END,WESTCHESTER,Straight and Grade,Clear,,Dry,120A87011017,Not Applicable,"Other Motor Vehicle, Collision With",2,1009165,36119,850,0.8,18110248.0,6143.2,3354
2024,Property Damage Accident,7:16,2024-07-25,Thursday,Y,Daylight,YONKERS,RIGHT TURN (5),WESTCHESTER,Straight and Level,Clear,,Dry,,Not Applicable,"Other Motor Vehicle, Collision With",2,1009165,36119,850,0.8,18110248.0,6143.2,3354
2024,Property Damage Accident,15:30,2024-07-26,Friday,Y,Daylight,POUGHKEEPSIE,Unknown,DUTCHESS,Straight and Level,Clear,,Dry,,Not Applicable,"Other Motor Vehicle, Collision With",2,299256,36027,1695,0.8,5987961.0,3975.0,1300
2024,Property Damage Accident,15:10,2024-07-26,Friday,Y,Daylight,POUGHKEEPSIE,OVERTAKING,DUTCHESS,Straight and Level,Clear,,Dry,,Not Applicable,"Other Motor Vehicle, Collision With",2,299256,36027,1695,0.8,5987961.0,3975.0,1300
2024,Property Damage Accident,17:05,2024-07-26,Friday,Y,Daylight,POUGHKEEPSIE,OVERTAKING,DUTCHESS,Straight and Level,Clear,,Dry,9 82051095,Not Applicable,"Other Motor Vehicle, Collision With",2,299256,36027,1695,0.8,5987961.0,3975.0,1300
2024,Property Damage Accident,13:00,2024-07-26,Friday,Y,Daylight,RED HOOK,REAR END,DUTCHESS,Straight and Level,Clear,,Dry,9 82053197,Not Applicable,"Other Motor Vehicle, Collision With",2,299256,36027,1695,0.8,5987961.0,3975.0,1300
2024,Property Damage Accident,7:53,2024-07-26,Friday,Y,Daylight,POUGHKEEPSIE,OTHER,DUTCHESS,Straight and Grade,Clear,,Dry,9 82051140,Not Applicable,"Other Motor Vehicle, Collision With",2,299256,36027,1695,0.8,5987961.0,3975.0,1300
2024,Property Damage Accident,16:45,2024-07-26,Friday,Y,Daylight,WALLKILL,OVERTAKING,ORANGE,Straight and Level,Clear,Traffic Signal,Dry,,Not Applicable,"Other Motor Vehicle, Collision With",2,415088,36071,4753,2.6,13857119.0,5167.5,1527
2024,Property Damage Accident,1:39,2024-07-26,Friday,Y,Dark-Road Lighted,GOSHEN,OTHER,ORANGE,Straight and Level,Clear,,Dry,207 83011018,Not Applicable,"Animal, Collision With",1,415088,36071,4753,2.6,13857119.0,5167.5,1527
2024,Property Damage Accident,11:35,2024-07-26,Friday,Y,Daylight,WALLKILL,RIGHT ANGLE,ORANGE,Straight and Level,Clear,,Dry,,Not Applicable,"Other Motor Vehicle, Collision With",2,415088,36071,4753,2.6,13857119.0,5167.5,1527
2024,Property Damage Accident,18:00,2024-07-26,Friday,Y,Daylight,WOODBURY,OTHER,ORANGE,Straight and Level,Clear,No Passing Zone,Dry,17 83101254,Not Applicable,"Other Motor Vehicle, Collision With",2,415088,36071,4753,2.6,13857119.0,5167.5,1527
2024,Property Damage & Injury Accident,17:00,2024-07-26,Friday,Y,Daylight,CHESTER,OTHER,ORANGE,Straight and Level,Clear,,Dry,,Not Applicable,"Other Motor Vehicle, Collision With",3,415088,36071,4753,2.6,13857119.0,5167.5,1527
2024,Property Damage Accident,7:25,2024-07-26,Friday,Y,Daylight,SOUTHEAST,OTHER,PUTNAM,Straight and Level,Clear,,Dry,684I84021023,Not Applicable,"Other Motor Vehicle, Collision With",4,98842,36079,509,0.7,2746105.0,4089.2,375
2024,Property Damage & Injury Accident,8:01,2024-07-26,Friday,Y,Daylight,SOUTHEAST,OVERTAKING,PUTNAM,Straight and Level,Clear,,Dry,84I84031096,Not Applicable,"Other Motor Vehicle, Collision With",2,98842,36079,509,0.7,2746105.0,4089.2,375
2024,Property Damage Accident,15:30,2024-07-26,Friday,Y,Daylight,SOUTHEAST,REAR END,PUTNAM,Straight and Level,Cloudy,,Dry,684I84021006,Not Applicable,"Other Motor Vehicle, Collision With",2,98842,36079,509,0.7,2746105.0,4089.2,375
2024,Property Damage Accident,16:42,2024-07-26,Friday,Y,Daylight,CLARKSTOWN,REAR END,ROCKLAND,Curve and Grade,Clear,Stop Sign,Dry,303 85011063,Not Applicable,"Other Motor Vehicle, Collision With",2,354829,36087,259,0.3,7336134.0,9989.2,886
2024,Injury Accident,16:51,2024-07-26,Friday,Y,Daylight,WESLEY HILLS,OTHER,ROCKLAND,Straight at Hill Crest,Cloudy,Traffic Signal,Dry,306 85011038,"Crossing, Against Signal","Bicyclist, Collision With",1,354829,36087,259,0.3,7336134.0,9989.2,886
2024,Property Damage Accident,11:19,2024-07-26,Friday,Y,Daylight,ORANGETOWN,REAR END,ROCKLAND,Straight and Level,Cloudy,Yield Sign,Dry,,Not Applicable,"Other Motor Vehicle, Collision With",2,354829,36087,259,0.3,7336134.0,9989.2,886
2024,Property Damage Accident,8:31,2024-07-26,Friday,Y,Daylight,ORANGETOWN,OVERTAKING,ROCKLAND,Straight and Level,Clear,,Dry,,Not Applicable,"Other Motor Vehicle, Collision With",2,354829,36087,259,0.3,7336134.0,9989.2,886
2024,Property Damage Accident,16:15,2024-07-26,Friday,Y,Daylight,ESOPUS,OTHER,ULSTER,Straight at Hill Crest,Clear,No Passing Zone,Dry,9W86031172,Not Applicable,"Culver/Head Wall, Collision With Fixed Object",1,183095,36111,3565,1.2,6410502.0,3939.4,999
2024,Property Damage Accident,15:53,2024-07-26,Friday,Y,Daylight,LLOYD,OVERTAKING,ULSTER,Curve and Grade,Clear,,Dry,9W86031098,Not Applicable,"Other Motor Vehicle, Collision With",2,183095,36111,3565,1.2,6410502.0,3939.4,999
2024,Property Damage Accident,18:29,2024-07-26,Friday,Y,Daylight,NEW ROCHELLE,OVERTAKING,WESTCHESTER,Straight and Level,Clear,Yield Sign,Dry,,Not Applicable,"Other Motor Vehicle, Collision With",2,1009165,36119,850,0.8,18110248.0,6143.2,3354
2024,Property Damage Accident,15:00,2024-07-26,Friday,N,Daylight,HARRISON,OVERTAKING,WESTCHESTER,Straight and Level,Clear,Unknown,Dry,,Not Applicable,"Other Motor Vehicle, Collision With",2,1009165,36119,850,0.8,18110248.0,6143.2,3354
2024,Property Damage & Injury Accident,15:50,2024-07-26,Friday,Y,Daylight,YONKERS,Unknown,WESTCHESTER,Straight and Grade,Clear,Unknown,Dry,983C87011006,Not Applicable,"Other Motor Vehicle, Collision With",2,1009165,36119,850,0.8,18110248.0,6143.2,3354
2024,Injury Accident,16:51,2024-07-26,Friday,Y,Daylight,YONKERS,OTHER,WESTCHESTER,Straight and Level,Cloudy,Traffic Signal,Dry,984E87011021,"Crossing, No Signal or Crosswalk","Pedestrian, Collision With",1,1009165,36119,850,0.8,18110248.0,6143.2,3354
2024,Property Damage Accident,19:55,2024-07-26,Friday,Y,Dusk,ELMSFORD,OTHER,WESTCHESTER,Straight and Level,Clear,,Dry,119 87011024,Not Applicable,"Building/Wall, Collision With Fixed Object",1,1009165,36119,850,0.8,18110248.0,6143.2,3354
2024,Property Damage Accident,23:08,2024-07-26,Friday,Y,Dark-Road Lighted,RYE,RIGHT ANGLE,WESTCHESTER,Straight and Level,Clear,Stop Sign,Dry,,Not Applicable,"Other Motor Vehicle, Collision With",2,1009165,36119,850,0.8,18110248.0,6143.2,3354
2024,Property Damage Accident,21:15,2024-07-26,Friday,Y,Dark-Road Lighted,PEEKSKILL,OVERTAKING,WESTCHESTER,Straight and Level,Clear,Police/Fire Emergency,Dry,9 87033006,Not Applicable,"Other Motor Vehicle, Collision With",2,1009165,36119,850,0.8,18110248.0,6143.2,3354
2024,Property Damage Accident,8:55,2024-07-26,Friday,Y,Daylight,YONKERS,OTHER,WESTCHESTER,Straight and Level,Clear,Traffic Signal,Dry,987D87011047,Not Applicable,"Guide Rail - End, Collision With Fixed Object",1,1009165,36119,850,0.8,18110248.0,6143.2,3354
2024,Property Damage Accident,9:41,2024-07-26,Friday,Y,Daylight,GREENBURGH,OVERTAKING,WESTCHESTER,Straight and Level,Clear,No Passing Zone,Dry,100 87012020,Not Applicable,"Other Motor Vehicle, Collision With",2,1009165,36119,850,0.8,18110248.0,6143.2,3354
2024,Property Damage & Injury Accident,9:03,2024-07-26,Friday,Y,Daylight,BRONXVILLE,LEFT TURN (3),WESTCHESTER,Straight and Level,Clear,Stop Sign,Dry,,Not Applicable,"Other Motor Vehicle, Collision With",2,1009165,36119,850,0.8,18110248.0,6143.2,3354
2024,Property Damage Accident,7:34,2024-07-26,Friday,Y,Daylight,MOUNT VERNON,REAR END,WESTCHESTER,Straight and Level,Clear,,Dry,,Not Applicable,"Other Motor Vehicle, Collision With",2,1009165,36119,850,0.8,18110248.0,6143.2,3354