year,accident_descriptor,time,date,day_of_week,police_report,lighting_conditions,municipality,collision_type_descriptor,county_name,road_descriptor,weather_conditions,traffic_control_device,road_surface_conditions,dot_reference_marker_location,pedestrian_bicyclist_action,event_descriptor,number_of_vehicles_involved,county_population_2024,county_fips,county_deer_take_2024,county_antlerless_deer_per_sqmi_2024,county_daily_vmt_2019,county_mean_aadt_2019,county_aadt_segments_2019
2024,Property Damage & Injury Accident,14:20,2024-07-26,Friday,Y,Daylight,YONKERS,REAR END,WESTCHESTER,Straight and Grade,Clear,,Dry,,Not Applicable,"Other Motor Vehicle, Collision With",2,1009165,36119,850,0.8,18110248.0,6143.2,3354
2024,Property Damage Accident,15:16,2024-07-26,Friday,Y,Daylight,MOUNT PLEASANT,SIDESWIPE,WESTCHESTER,Straight and Level,Clear,,Dry,,Not Applicable,"Other Motor Vehicle, Collision With",2,1009165,36119,850,0.8,18110248.0,6143.2,3354
2024,Property Damage & Injury Accident,7:50,2024-07-27,Saturday,Y,Daylight,PLEASANT VALLEY,RIGHT ANGLE,DUTCHESS,Straight and Level,Clear,Stop Sign,Dry,987G82031185,Not Applicable,"Other Motor Vehicle, Collision With",2,299256,36027,1695,0.8,5987961.0,3975.0,1300
2024,Property Damage Accident,12:13,2024-07-27,Saturday,Y,Daylight,POUGHKEEPSIE,REAR END,DUTCHESS,Curve at Hill Crest,Clear,Yield Sign,Dry,113 82011031,Not Applicable,"Other Motor Vehicle, Collision With",2,299256,36027,1695,0.8,5987961.0,3975.0,1300
2024,Property Damage & Injury Accident,18:06,2024-07-27,Saturday,Y,Daylight,FISHKILL,OVERTAKING,DUTCHESS,Straight and Level,Clear,,Dry,84I82021064,Not Applicable,"Other Motor Vehicle, Collision With",2,299256,36027,1695,0.8,5987961.0,3975.0,1300
2024,Property Damage Accident,16:17,2024-07-27,Saturday,Y,Daylight,FISHKILL,REAR END,DUTCHESS,Straight and Grade,Clear,,Dry,9D82031001,Not Applicable,"Other Motor Vehicle, Collision With",2,299256,36027,1695,0.8,5987961.0,3975.0,1300
2024,Property Damage & Injury Accident,19:15,2024-07-27,Saturday,Y,Daylight,PORT JERVIS,RIGHT ANGLE,ORANGE,Straight and Level,Clear,Stop Sign,Dry,,Not Applicable,"Other Motor Vehicle, Collision With",2,415088,36071,4753,2.6,13857119.0,5167.5,1527
2024,Property Damage & Injury Accident,12:34,2024-07-27,Saturday,Y,Daylight,WOODBURY,OTHER,ORANGE,Straight and Level,Clear,,Dry,984C83011002,Not Applicable,"Other Motor Vehicle, Collision With",2,415088,36071,4753,2.6,13857119.0,5167.5,1527
2024,Property Damage & Injury Accident,6:48,2024-07-27,Saturday,Y,Daylight,BLOOMING GROVE,SIDESWIPE,ORANGE,Curve and Level,Clear,No Passing Zone,Dry,,Not Applicable,"Other Motor Vehicle, Collision With",2,415088,36071,4753,2.6,13857119.0,5167.5,1527
2024,Property Damage Accident,16:52,2024-07-27,Saturday,Y,Daylight,NEWBURGH,OTHER,ORANGE,Straight and Level,Clear,,Dry,9W83023050,Not Applicable,"Sign Post, Collision With Fixed Object",1,415088,36071,4753,2.6,13857119.0,5167.5,1527
2024,Property Damage & Injury Accident,8:59,2024-07-27,Saturday,Y,Daylight,NEWBURGH,REAR END,ORANGE,Straight and Level,Clear,,Dry,84I83013013,Not Applicable,"Other Motor Vehicle, Collision With",2,415088,36071,4753,2.6,13857119.0,5167.5,1527
2024,Property Damage Accident,11:21,2024-07-27,Saturday,Y,Daylight,MIDDLETOWN,RIGHT ANGLE,ORANGE,Straight and Level,Clear,,Dry,17M83012033,Not Applicable,"Other Motor Vehicle, Collision With",2,415088,36071,4753,2.6,13857119.0,5167.5,1527
2024,Property Damage Accident,16:15,2024-07-27,Saturday,Y,Daylight,WALDEN,OVERTAKING,ORANGE,Straight and Grade,Clear,,Dry,,Not Applicable,"Other Motor Vehicle, Collision With",2,415088,36071,4753,2.6,13857119.0,5167.5,1527
2024,Property Damage Accident,15:14,2024-07-27,Saturday,Y,Daylight,CLARKSTOWN,REAR END,ROCKLAND,Straight and Level,Clear,Stop Sign,Dry,59 85011127,Not Applicable,"Other Motor Vehicle, Collision With",2,354829,36087,259,0.3,7336134.0,9989.2,886
2024,Property Damage & Injury Accident,16:50,2024-07-27,Saturday,Y,Daylight,CLARKSTOWN,REAR END,ROCKLAND,Straight and Level,Clear,,Dry,,Not Applicable,"Other Motor Vehicle, Collision With",2,354829,36087,259,0.3,7336134.0,9989.2,886
2024,Property Damage Accident,9:23,2024-07-27,Saturday,Y,Daylight,NYACK,RIGHT ANGLE,ROCKLAND,Straight and Level,Clear,Stop Sign,Dry,,Not Applicable,"Other Motor Vehicle, Collision With",2,354829,36087,259,0.3,7336134.0,9989.2,886
2024,Injury Accident,11:28,2024-07-27,Saturday,Y,Daylight,ORANGETOWN,OTHER,ROCKLAND,Straight and Grade,Clear,,Dry,9W85011017,Riding/Walking/Skating Along Highway With Traffic,"Bicyclist, Collision With",1,354829,36087,259,0.3,7336134.0,9989.2,886
2024,Property Damage Accident,0:45,2024-07-27,Saturday,Y,Dark-Road Unlighted,ESOPUS,OTHER,ULSTER,Straight and Level,Cloudy,No Passing Zone,Dry,9W86031138,Not Applicable,Deer,1,183095,36111,3565,1.2,6410502.0,3939.4,999
2024,Property Damage & Injury Accident,1:20,2024-07-27,Saturday,Y,Dark-Road Unlighted,NEW PALTZ,REAR END,ULSTER,Straight and Grade,Clear,,Dry,,Not Applicable,"Other Motor Vehicle, Collision With",2,183095,36111,3565,1.2,6410502.0,3939.4,999
2024,Property Damage Accident,16:45,2024-07-27,Saturday,Y,Daylight,CORTLANDT,REAR END,WESTCHESTER,Straight and Level,Clear,,Dry,,Not Applicable,"Other Motor Vehicle, Collision With",2,1009165,36119,850,0.8,18110248.0,6143.2,3354
2024,Property Damage Accident,14:30,2024-07-27,Saturday,Y,Daylight,BEDFORD,OTHER,WESTCHESTER,Straight and Level,Clear,,Dry,,Not Applicable,"Animal, Collision With",1,1009165,36119,850,0.8,18110248.0,6143.2,3354
2024,Property Damage & Injury Accident,19:13,2024-07-27,Saturday,Y,Daylight,ARDSLEY,OVERTAKING,WESTCHESTER,Straight and Level,Clear,,Dry,987F87012023,Not Applicable,"Other Motor Vehicle, Collision With",2,1009165,36119,850,0.8,18110248.0,6143.2,3354
2024,Property Damage Accident,19:26,2024-07-27,Saturday,Y,Daylight,WHITE PLAINS,OVERTAKING,WESTCHESTER,Straight and Level,Cloudy,,Dry,,Not Applicable,"Other Motor Vehicle, Collision With",2,1009165,36119,850,0.8,18110248.0,6143.2,3354
2024,Property Damage Accident,0:35,2024-07-28,Sunday,Y,Dark-Road Lighted,WAPPINGER FALLS,HEAD ON,DUTCHESS,Straight and Level,Clear,,Dry,,Not Applicable,"Other Motor Vehicle, Collision With",2,299256,36027,1695,0.8,5987961.0,3975.0,1300
2024,Property Damage Accident,4:06,2024-07-28,Sunday,Y,Dark-Road Unlighted,DEERPARK,OTHER,ORANGE,Straight and Grade,Clear,,Dry,84I83011016,Not Applicable,"Earth Embankment/Rock Cut/Ditch, Collision With Fixed Object",1,415088,36071,4753,2.6,13857119.0,5167.5,1527
2024,Property Damage Accident,2:40,2024-07-28,Sunday,Y,Dark-Road Lighted,KIRYAS JOEL,OTHER,ORANGE,Straight and Level,Clear,No Passing Zone,Dry,,Not Applicable,"Other Motor Vehicle, Collision With",2,415088,36071,4753,2.6,13857119.0,5167.5,1527
2024,Property Damage Accident,15:44,2024-07-28,Sunday,Y,Daylight,GREENWOOD LAKE,LEFT TURN (3),ORANGE,Straight and Level,Clear,,Dry,210 83011037,Not Applicable,"Other Motor Vehicle, Collision With",2,415088,36071,4753,2.6,13857119.0,5167.5,1527
2024,Property Damage & Injury Accident,0:55,2024-07-28,Sunday,Y,Dark-Road Unlighted,MONROE,Unknown,ORANGE,Straight and Level,Clear,,Dry,17 83101236,Not Applicable,"Other Motor Vehicle, Collision With",2,415088,36071,4753,2.6,13857119.0,5167.5,1527
2024,Property Damage Accident,20:39,2024-07-28,Sunday,Y,Daylight,WOODBURY,OTHER,ORANGE,Straight and Grade,Clear,Other,Dry,6 83012377,Not Applicable,"Other Motor Vehicle, Collision With",2,415088,36071,4753,2.6,13857119.0,5167.5,1527
2024,Property Damage & Injury Accident,15:01,2024-07-28,Sunday,Y,Daylight,WOODBURY,Unknown,ORANGE,Straight and Level,Clear,,Dry,6 83012373,Not Applicable,"Other Motor Vehicle, Collision With",2,415088,36071,4753,2.6,13857119.0,5167.5,1527
2024,Property Damage Accident,21:15,2024-07-28,Sunday,Y,Dark-Road Unlighted,GOSHEN,OTHER,ORANGE,Straight and Level,Clear,,Dry,17 83101142,Not Applicable,"Other Motor Vehicle, Collision With",4,415088,36071,4753,2.6,13857119.0,5167.5,1527
2024,Property Damage Accident,13:30,2024-07-28,Sunday,Y,Daylight,DEERPARK,OTHER,ORANGE,Straight and Level,Clear,No Passing Zone,Dry,42 83012038,Not Applicable,Deer,1,415088,36071,4753,2.6,13857119.0,5167.5,1527
2024,Property Damage Accident,15:30,2024-07-28,Sunday,Y,Daylight,PATTERSON,OTHER,PUTNAM,Straight and Level,Clear,Traffic Signal,Dry,22 84031145,Not Applicable,"Other Motor Vehicle, Collision With",3,98842,36079,509,0.7,2746105.0,4089.2,375
2024,Property Damage Accident,22:10,2024-07-28,Sunday,Y,Dark-Road Unlighted,ORANGETOWN,OTHER,ROCKLAND,Curve and Grade,Clear,,Dry,,Not Applicable,"Overturned, Non-Collision",1,354829,36087,259,0.3,7336134.0,9989.2,886
2024,Property Damage Accident,10:59,2024-07-28,Sunday,Y,Daylight,ELLENVILLE,REAR END,ULSTER,Straight and Level,Clear,,Dry,209 86031039,Not Applicable,"Other Motor Vehicle, Collision With",2,183095,36111,3565,1.2,6410502.0,3939.4,999
2024,Property Damage & Injury Accident,1:30,2024-07-28,Sunday,Y,Dark-Road Lighted,KINGSTON,OTHER,ULSTER,Straight and Level,Clear,,Dry,983F86011004,Not Applicable,"Curbing, Collision With Fixed Object",1,183095,36111,3565,1.2,6410502.0,3939.4,999
2024,Property Damage Accident,10:40,2024-07-28,Sunday,Y,Daylight,MOUNT KISCO,REAR END,WESTCHESTER,Straight and Level,Clear,,Dry,117 87011107,Not Applicable,"Other Motor Vehicle, Collision With",2,1009165,36119,850,0.8,18110248.0,6143.2,3354
2024,Property Damage Accident,6:49,2024-07-28,Sunday,Y,Dawn,YONKERS,OVERTAKING,WESTCHESTER,Straight and Level,Clear,,Dry,907HX1M12007,Not Applicable,"Other Motor Vehicle, Collision With",2,1009165,36119,850,0.8,18110248.0,6143.2,3354
2024,Property Damage & Injury Accident,15:19,2024-07-28,Sunday,Y,Daylight,PEEKSKILL,OTHER,WESTCHESTER,Straight and Grade,Cloudy,,Dry,,"Crossing, No Signal or Crosswalk","Pedestrian, Collision With",1,1009165,36119,850,0.8,18110248.0,6143.2,3354
2024,Property Damage Accident,21:00,2024-07-28,Sunday,Y,Dark-Road Lighted,OSSINING,OVERTAKING,WESTCHESTER,Straight and Level,Clear,,Dry,,Not Applicable,"Other Motor Vehicle, Collision With",2,1009165,36119,850,0.8,18110248.0,6143.2,3354
2024,Property Damage & Injury Accident,14:05,2024-07-28,Sunday,Y,Daylight,YONKERS,OTHER,WESTCHESTER,Curve at Hill Crest,Clear,Stop Sign,Dry,,"Crossing, No Signal or Crosswalk","Pedestrian, Collision With",1,1009165,36119,850,0.8,18110248.0,6143.2,3354
2024,Property Damage Accident,12:14,2024-07-28,Sunday,Y,Daylight,PORT CHESTER,REAR END,WESTCHESTER,Straight and Level,Clear,,Dry,,Not Applicable,"Other Motor Vehicle, Collision With",2,1009165,36119,850,0.8,18110248.0,6143.2,3354
2024,Property Damage Accident,14:53,2024-07-28,Sunday,Y,Daylight,RYE BROOKE,HEAD ON,WESTCHESTER,Straight and Level,Clear,Stop Sign,Dry,120A87011036,Not Applicable,"Other Motor Vehicle, Collision With",2,1009165,36119,850,0.8,18110248.0,6143.2,3354
2024,Property Damage Accident,8:36,2024-07-29,Monday,Y,Daylight,PLEASANT VALLEY,REAR END,DUTCHESS,Straight and Grade,Cloudy,Traffic Signal,Wet,44 82022057,Not Applicable,"Other Motor Vehicle, Collision With",2,299256,36027,1695,0.8,5987961.0,3975.0,1300
2024,Property Damage Accident,17:30,2024-07-29,Monday,Y,Daylight,POUGHKEEPSIE,OTHER,DUTCHESS,Straight and Level,Clear,,Dry,,Not Applicable,"Other Motor Vehicle, Collision With",3,299256,36027,1695,0.8,5987961.0,3975.0,1300
2024,Property Damage Accident,14:16,2024-07-29,Monday,Y,Daylight,HYDE PARK,OTHER,DUTCHESS,Curve and Level,Clear,,Dry,9 82053100,Not Applicable,"Sign Post, Collision With Fixed Object",1,299256,36027,1695,0.8,5987961.0,3975.0,1300
2024,Property Damage Accident,13:38,2024-07-29,Monday,Y,Daylight,NEWBURGH,OVERTAKING,ORANGE,Straight and Level,Clear,,Dry,,Not Applicable,"Other Motor Vehicle, Collision With",2,415088,36071,4753,2.6,13857119.0,5167.5,1527
2024,Property Damage Accident,1:00,2024-07-29,Monday,Y,Dark-Road Unlighted,WALLKILL,REAR END,ORANGE,Straight and Level,Clear,,Dry,17 83101072,Not Applicable,"Other Motor Vehicle, Collision With",2,415088,36071,4753,2.6,13857119.0,5167.5,1527
2024,Property Damage Accident,7:49,2024-07-29,Monday,Y,Daylight,NEWBURGH,LEFT TURN (3),ORANGE,Straight and Level,Clear,,Dry,17K83012004,Not Applicable,"Other Motor Vehicle, Collision With",2,415088,36071,4753,2.6,13857119.0,5167.5,1527
2024,Property Damage Accident,18:00,2024-07-29,Monday,Y,Daylight,TUXEDO,Unknown,ORANGE,Straight and Level,Clear,,Dry,,Not Applicable,"Other Motor Vehicle, Collision With",2,415088,36071,4753,2.6,13857119.0,5167.5,1527
2024,Property Damage Accident,19:00,2024-07-29,Monday,Y,Daylight,COLD SPRING,RIGHT ANGLE,PUTNAM,Straight and Level,Clear,,Dry,,Not Applicable,"Other Motor Vehicle, Collision With",2,98842,36079,509,0.7,2746105.0,4089.2,375
2024,Property Damage Accident,14:58,2024-07-29,Monday,Y,Daylight,CLARKSTOWN,OVERTAKING,ROCKLAND,Curve and Level,Clear,Traffic Signal,Dry,987C85011093,Not Applicable,"Other Motor Vehicle, Collision With",2,354829,36087,259,0.3,7336134.0,9989.2,886
2024,Property Damage Accident,5:27,2024-07-29,Monday,Y,Dark-Road Lighted,ORANGETOWN,HEAD ON,ROCKLAND,Straight and Level,Clear,Yield Sign,Wet,,Not Applicable,"Other Motor Vehicle, Collision With",2,354829,36087,259,0.3,7336134.0,9989.2,886
2024,Injury Accident,9:28,2024-07-29,Monday,Y,Daylight,HAVERSTRAW,OTHER,ROCKLAND,Straight and Level,Cloudy,,Dry,202 85011093,"Crossing, No Signal or Crosswalk","Pedestrian, Collision With",1,354829,36087,259,0.3,7336134.0,9989.2,886
2024,Property Damage & Injury Accident,15:05,2024-07-29,Monday,Y,Daylight,ORANGETOWN,RIGHT ANGLE,ROCKLAND,Straight and Level,Clear,Stop Sign,Dry,303 85011022,Not Applicable,"Other Motor Vehicle, Collision With",2,354829,36087,259,0.3,7336134.0,9989.2,886
2024,Property Damage & Injury Accident,22:00,2024-07-29,Monday,N,Dark-Road Lighted,HURLEY,OTHER,ULSTER,Straight and Level,Clear,Traffic Signal,Dry,28 86012066,Not Applicable,"Earth Embankment/Rock Cut/Ditch, Collision With Fixed Object",1,183095,36111,3565,1.2,6410502.0,3939.4,999
2024,Property Damage Accident,17:18,2024-07-29,Monday,Y,Daylight,YORKTOWN,OTHER,WESTCHESTER,Straight and Level,Clear,,Dry,6 87033027,Not Applicable,"Sign Post, Collision With Fixed Object",1,1009165,36119,850,0.8,18110248.0,6143.2,3354
2024,Property Damage Accident,1:14,2024-07-29,Monday,Y,Dark-Road Lighted,YONKERS,OTHER,WESTCHESTER,Straight and Level,Clear,,Dry,,Not Applicable,"Other Motor Vehicle, Collision With",2,1009165,36119,850,0.8,18110248.0,6143.2,3354
2024,Property Damage Accident,10:45,2024-07-29,Monday,Y,Daylight,PORT CHESTER,OVERTAKING,WESTCHESTER,Straight and Level,Cloudy,Traffic Signal,Dry,1 87035013,Not Applicable,"Other Motor Vehicle, Collision With",2,1009165,36119,850,0.8,18110248.0,6143.2,3354
2024,Property Damage Accident,18:46,2024-07-29,Monday,Y,Daylight,PORT CHESTER,RIGHT TURN (5),WESTCHESTER,Straight and Level,Clear,,Dry,,Not Applicable,"Other Motor Vehicle, Collision With",2,1009165,36119,850,0.8,18110248.0,6143.2,3354
2024,Property Damage & Injury Accident,13:45,2024-07-29,Monday,Y,Daylight,YORKTOWN,RIGHT ANGLE,WESTCHESTER,Straight and Level,Clear,Traffic Signal,Dry,6 87033034,Not Applicable,"Other Motor Vehicle, Collision With",2,1009165,36119,850,0.8,18110248.0,6143.2,3354
2024,Property Damage Accident,11:15,2024-07-30,Tuesday,Y,Daylight,RED HOOK,OTHER,DUTCHESS,Straight and Level,Clear,,Dry,9G82013262,Not Applicable,"Guide Rail - Not At End, Collision With Fixed Object",1,299256,36027,1695,0.8,5987961.0,3975.0,1300
2024,Injury Accident,16:58,2024-07-30,Tuesday,Y,Daylight,POUGHKEEPSIE,REAR END,DUTCHESS,Straight and Level,Clear,Traffic Signal,Dry,44 82022014,Not Applicable,"Other Motor Vehicle, Collision With",2,299256,36027,1695,0.8,5987961.0,3975.0,1300
2024,Property Damage Accident,6:15,2024-07-30,Tuesday,Y,Daylight,UNION VALE,OTHER,DUTCHESS,Straight and Grade,Clear,No Passing Zone,Dry,82 82011155,Not Applicable,Deer,1,299256,36027,1695,0.8,5987961.0,3975.0,1300
2024,Property Damage Accident,16:16,2024-07-30,Tuesday,Y,Daylight,CHESTER,RIGHT ANGLE,ORANGE,Straight and Level,Clear,No Passing Zone,Dry,,Not Applicable,"Other Motor Vehicle, Collision With",2,415088,36071,4753,2.6,13857119.0,5167.5,1527
2024,Property Damage Accident,16:26,2024-07-30,Tuesday,Y,Daylight,WARWICK,OTHER,ORANGE,Curve and Grade,Cloudy,,Dry,17A83011075,Not Applicable,Deer,1,415088,36071,4753,2.6,13857119.0,5167.5,1527
2024,Property Damage & Injury Accident,16:27,2024-07-30,Tuesday,Y,Daylight,MONROE,OTHER,ORANGE,Straight and Level,Clear,Traffic Signal,Dry,,Not Applicable,"Other Motor Vehicle, Collision With",4,415088,36071,4753,2.6,13857119.0,5167.5,1527
2024,Property Damage & Injury Accident,13:20,2024-07-30,Tuesday,Y,Daylight,GOSHEN,OTHER,ORANGE,Curve and Level,Cloudy,,Dry,17 83101109,Not Applicable,"Other Motor Vehicle, Collision With",3,415088,36071,4753,2.6,13857119.0,5167.5,1527
2024,Property Damage Accident,20:20,2024-07-30,Tuesday,Y,Dusk,RAMAPO,OTHER,ROCKLAND,Straight and Level,Clear,,Dry,987C85011117,Not Applicable,Deer,1,354829,36087,259,0.3,7336134.0,9989.2,886
2024,Property Damage Accident,10:35,2024-07-30,Tuesday,Y,Daylight,RAMAPO,REAR END,ROCKLAND,Straight and Level,Clear,,Dry,,Not Applicable,"Other Motor Vehicle, Collision With",2,354829,36087,259,0.3,7336134.0,9989.2,886
2024,Property Damage Accident,15:33,2024-07-30,Tuesday,Y,Daylight,SPRING VALLEY,LEFT TURN (3),ROCKLAND,Straight and Grade,Clear,Traffic Signal,Dry,59 85011077,Not Applicable,"Other Motor Vehicle, Collision With",2,354829,36087,259,0.3,7336134.0,9989.2,886
2024,Property Damage Accident,9:30,2024-07-30,Tuesday,Y,Daylight,HAVERSTRAW,OVERTAKING,ROCKLAND,Straight and Level,Clear,,Dry,,Not Applicable,"Other Motor Vehicle, Collision With",2,354829,36087,259,0.3,7336134.0,9989.2,886
2024,Property Damage & Injury Accident,15:00,2024-07-30,Tuesday,Y,Daylight,PIERMONT,OTHER,ROCKLAND,Curve and Level,Clear,,Dry,,Not Applicable,"Building/Wall, Collision With Fixed Object",1,354829,36087,259,0.3,7336134.0,9989.2,886
2024,Property Damage Accident,13:50,2024-07-30,Tuesday,Y,Daylight,SPRING VALLEY,REAR END,ROCKLAND,Straight and Level,Clear,,Dry,59 85011078,Not Applicable,"Other Motor Vehicle, Collision With",2,354829,36087,259,0.3,7336134.0,9989.2,886
2024,Property Damage Accident,13:00,2024-07-30,Tuesday,Y,Daylight,SPRING VALLEY,REAR END,ROCKLAND,Straight and Level,Clear,,Dry,59 85011082,Not Applicable,"Other Motor Vehicle, Collision With",2,354829,36087,259,0.3,7336134.0,9989.2,886
2024,Property Damage Accident,11:30,2024-07-30,Tuesday,Y,Daylight,LLOYD,REAR END,ULSTER,Straight and Level,Clear,Traffic Signal,Dry,9W86031079,Not Applicable,"Other Motor Vehicle, Collision With",2,183095,36111,3565,1.2,6410502.0,3939.4,999
2024,Property Damage & Injury Accident,21:30,2024-07-30,Tuesday,Y,Dark-Road Lighted,ULSTER,HEAD ON,ULSTER,Curve and Level,Clear,,Dry,,Not Applicable,"Other Motor Vehicle, Collision With",2,183095,36111,3565,1.2,6410502.0,3939.4,999
2024,Property Damage Accident,9:34,2024-07-30,Tuesday,Y,Daylight,PEEKSKILL,RIGHT ANGLE,WESTCHESTER,Straight and Grade,Cloudy,Traffic Signal,Dry,35 87011008,Not Applicable,"Other Motor Vehicle, Collision With",2,1009165,36119,850,0.8,18110248.0,6143.2,3354
2024,Property Damage Accident,12:11,2024-07-30,Tuesday,Y,Daylight,RYE BROOKE,REAR END,WESTCHESTER,Straight and Level,Clear,,Dry,120A87011045,Not Applicable,"Other Motor Vehicle, Collision With",2,1009165,36119,850,0.8,18110248.0,6143.2,3354
2024,Property Damage Accident,15:40,2024-07-30,Tuesday,Y,Daylight,GREENBURGH,REAR END,WESTCHESTER,Straight and Level,Clear,Traffic Signal,Dry,100A87011000,Not Applicable,"Other Motor Vehicle, Collision With",2,1009165,36119,850,0.8,18110248.0,6143.2,3354
2024,Property Damage Accident,19:30,2024-07-30,Tuesday,Y,Daylight,PELHAM MANOR,RIGHT ANGLE,WESTCHESTER,Straight and Level,Clear,Traffic Signal,Dry,,Not Applicable,"Other Motor Vehicle, Collision With",2,1009165,36119,850,0.8,18110248.0,6143.2,3354
2024,Property Damage Accident,11:45,2024-07-30,Tuesday,Y,Daylight,RYE,RIGHT ANGLE,WESTCHESTER,Straight and Grade,Clear,Stop Sign,Dry,,Not Applicable,"Other Motor Vehicle, Collision With",2,1009165,36119,850,0.8,18110248.0,6143.2,3354
2024,Property Damage Accident,18:31,2024-07-30,Tuesday,Y,Dusk,YONKERS,OVERTAKING,WESTCHESTER,Straight and Level,Clear,,Dry,,Not Applicable,"Other Motor Vehicle, Collision With",2,1009165,36119,850,0.8,18110248.0,6143.2,3354
2024,Property Damage Accident,12:31,2024-07-30,Tuesday,Y,Daylight,PORT CHESTER,OVERTAKING,WESTCHESTER,Straight and Level,Clear,,Dry,,Not Applicable,"Other Motor Vehicle, Collision With",2,1009165,36119,850,0.8,18110248.0,6143.2,3354
2024,Property Damage Accident,21:40,2024-07-30,Tuesday,Y,Dark-Road Lighted,NORTH CASTLE,OTHER,WESTCHESTER,Straight and Level,Clear,,Dry,,Not Applicable,"Other Motor Vehicle, Collision With",2,1009165,36119,850,0.8,18110248.0,6143.2,3354
2024,Property Damage Accident,15:04,2024-07-30,Tuesday,Y,Daylight,WHITE PLAINS,SIDESWIPE,WESTCHESTER,Straight and Level,Clear,,Dry,,Not Applicable,"Other Motor Vehicle, Collision With",2,1009165,36119,850,0.8,18110248.0,6143.2,3354
2024,Property Damage & Injury Accident,15:37,2024-07-30,Tuesday,Y,Daylight,SOMERS,HEAD ON,WESTCHESTER,Straight and Level,Clear,No Passing Zone,Dry,100 87014173,Not Applicable,"Other Motor Vehicle, Collision With",2,1009165,36119,850,0.8,18110248.0,6143.2,3354
2024,Property Damage Accident,15:00,2024-07-30,Tuesday,Y,Daylight,GREENBURGH,OVERTAKING,WESTCHESTER,Straight and Level,Clear,,Dry,9A87032016,Not Applicable,"Other Motor Vehicle, Collision With",2,1009165,36119,850,0.8,18110248.0,6143.2,3354
2024,Property Damage Accident,17:53,2024-07-30,Tuesday,Y,Daylight,GREENBURGH,OVERTAKING,WESTCHESTER,Straight and Level,Clear,Traffic Signal,Dry,100A87011000,Not Applicable,"Other Motor Vehicle, Collision With",2,1009165,36119,850,0.8,18110248.0,6143.2,3354
2024,Property Damage Accident,8:13,2024-07-31,Wednesday,Y,Daylight,WAPPINGER,RIGHT ANGLE,DUTCHESS,Straight and Grade,Cloudy,Stop Sign,Wet,,Not Applicable,"Other Motor Vehicle, Collision With",2,299256,36027,1695,0.8,5987961.0,3975.0,1300
2024,Property Damage Accident,16:32,2024-07-31,Wednesday,Y,Daylight,FISHKILL,OTHER,DUTCHESS,Straight and Grade,Cloudy,No Passing Zone,Dry,52 82042069,Not Applicable,"Animal, Collision With",1,299256,36027,1695,0.8,5987961.0,3975.0,1300
2024,Property Damage Accident,16:32,2024-07-31,Wednesday,Y,Daylight,PLEASANT VALLEY,OTHER,DUTCHESS,Curve and Level,Rain,,Wet,987G82031203,Not Applicable,"Guide Rail - Not At End, Collision With Fixed Object",1,299256,36027,1695,0.8,5987961.0,3975.0,1300
2024,Property Damage & Injury Accident,14:30,2024-07-31,Wednesday,Y,Daylight,LA GRANGE,RIGHT ANGLE,DUTCHESS,Straight and Level,Cloudy,Stop Sign,Dry,,Not Applicable,"Other Motor Vehicle, Collision With",2,299256,36027,1695,0.8,5987961.0,3975.0,1300
2024,Property Damage Accident,14:28,2024-07-31,Wednesday,Y,Daylight,POUGHKEEPSIE,REAR END,DUTCHESS,Straight and Level,Cloudy,Traffic Signal,Wet,44 82021020,Not Applicable,"Other Motor Vehicle, Collision With",2,299256,36027,1695,0.8,5987961.0,3975.0,1300
2024,Property Damage Accident,22:22,2024-07-31,Wednesday,Y,Dark-Road Unlighted,PLEASANT VALLEY,OTHER,DUTCHESS,Straight at Hill Crest,Cloudy,,Dry,,Not Applicable,"Earth Embankment/Rock Cut/Ditch, Collision With Fixed Object",1,299256,36027,1695,0.8,5987961.0,3975.0,1300
2024,Property Damage & Injury Accident,8:35,2024-07-31,Wednesday,Y,Daylight,POUGHKEEPSIE,REAR END,DUTCHESS,Straight and Grade,Cloudy,,Wet,44 82021004,Not Applicable,"Other Motor Vehicle, Collision With",2,299256,36027,1695,0.8,5987961.0,3975.0,1300
2024,Property Damage Accident,19:25,2024-07-31,Wednesday,Y,Daylight,WALLKILL,OVERTAKING,ORANGE,Straight and Level,Cloudy,Traffic Signal,Dry,211 83013018,Not Applicable,"Other Motor Vehicle, Collision With",2,415088,36071,4753,2.6,13857119.0,5167.5,1527
2024,Property Damage Accident,21:44,2024-07-31,Wednesday,Y,Dark-Road Unlighted,MONROE,REAR END,ORANGE,Straight and Level,Clear,No Passing Zone,Wet,,Not Applicable,"Other Motor Vehicle, Collision With",2,415088,36071,4753,2.6,13857119.0,5167.5,1527
2024,Property Damage Accident,10:50,2024-07-31,Wednesday,Y,Daylight,MONROE,REAR END,ORANGE,Straight and Grade,Cloudy,No Passing Zone,Dry,208 83011008,Not Applicable,"Other Motor Vehicle, Collision With",2,415088,36071,4753,2.6,13857119.0,5167.5,1527
2024,Property Damage Accident,15:09,2024-07-31,Wednesday,Y,Daylight,NEWBURGH,REAR END,ORANGE,Straight and Level,Clear,Traffic Signal,Dry,9W83023019,Not Applicable,"Other Motor Vehicle, Collision With",2,415088,36071,4753,2.6,13857119.0,5167.5,1527