year,accident_descriptor,time,date,day_of_week,police_report,lighting_conditions,municipality,collision_type_descriptor,county_name,road_descriptor,weather_conditions,traffic_control_device,road_surface_conditions,dot_reference_marker_location,pedestrian_bicyclist_action,event_descriptor,number_of_vehicles_involved,county_population_2024,county_fips,county_deer_take_2024,county_antlerless_deer_per_sqmi_2024,county_daily_vmt_2019,county_mean_aadt_2019,county_aadt_segments_2019
2024,Property Damage Accident,14:40,2024-07-31,Wednesday,N,Daylight,NEWBURGH,LEFT TURN (0),ORANGE,Straight and Level,Clear,Traffic Signal,Dry,32 83013010,Not Applicable,"Other Motor Vehicle, Collision With",2,415088,36071,4753,2.6,13857119.0,5167.5,1527
2024,Property Damage Accident,11:44,2024-07-31,Wednesday,Y,Daylight,NEWBURGH,REAR END,ORANGE,Straight and Level,Clear,Traffic Signal,Dry,9W83022005,Not Applicable,"Other Motor Vehicle, Collision With",2,415088,36071,4753,2.6,13857119.0,5167.5,1527
2024,Property Damage Accident,15:45,2024-07-31,Wednesday,N,Daylight,WARWICK,Unknown,ORANGE,Straight and Level,Clear,,Dry,,Not Applicable,"Other Motor Vehicle, Collision With",2,415088,36071,4753,2.6,13857119.0,5167.5,1527
2024,Property Damage Accident,18:55,2024-07-31,Wednesday,Y,Daylight,MOUNT HOPE,RIGHT TURN (6),ORANGE,Straight and Level,Cloudy,,Wet,,Not Applicable,"Other Motor Vehicle, Collision With",2,415088,36071,4753,2.6,13857119.0,5167.5,1527
2024,Property Damage Accident,18:43,2024-07-31,Wednesday,Y,Daylight,NEWBURGH,OTHER,ORANGE,Straight and Level,Rain,,Wet,,Not Applicable,"Light Support/Utility Pole, Collision With Fixed Object",1,415088,36071,4753,2.6,13857119.0,5167.5,1527
2024,Property Damage & Injury Accident,22:45,2024-07-31,Wednesday,Y,Dark-Road Unlighted,GREENVILLE,OTHER,ORANGE,Straight and Level,Cloudy,No Passing Zone,Dry,,Not Applicable,"Other Fixed Object*, Collision With Fixed Object",1,415088,36071,4753,2.6,13857119.0,5167.5,1527
2024,Property Damage & Injury Accident,8:06,2024-07-31,Wednesday,Y,Daylight,HIGHLANDS,OVERTAKING,ORANGE,Curve and Level,Cloudy,,Wet,6 83012435,Not Applicable,"Other Motor Vehicle, Collision With",2,415088,36071,4753,2.6,13857119.0,5167.5,1527
2024,Property Damage Accident,17:04,2024-07-31,Wednesday,Y,Daylight,NEWBURGH,OTHER,ORANGE,Straight and Level,Clear,,Dry,84I83011340,Not Applicable,"Other Motor Vehicle, Collision With",2,415088,36071,4753,2.6,13857119.0,5167.5,1527
2024,Property Damage Accident,13:45,2024-07-31,Wednesday,Y,Daylight,NEWBURGH,OVERTAKING,ORANGE,Straight and Grade,Cloudy,Traffic Signal,Wet,,Not Applicable,"Other Motor Vehicle, Collision With",2,415088,36071,4753,2.6,13857119.0,5167.5,1527
2024,Property Damage Accident,16:00,2024-07-31,Wednesday,Y,Daylight,CLARKSTOWN,REAR END,ROCKLAND,Straight and Level,Clear,,Dry,987C85011079,Not Applicable,"Other Motor Vehicle, Collision With",2,354829,36087,259,0.3,7336134.0,9989.2,886
2024,Property Damage & Injury Accident,15:55,2024-07-31,Wednesday,Y,Daylight,WEST HAVERSTRAW,OVERTAKING,ROCKLAND,Straight and Level,Cloudy,,Dry,9W85011167,Not Applicable,"Other Motor Vehicle, Collision With",2,354829,36087,259,0.3,7336134.0,9989.2,886
2024,Property Damage Accident,17:00,2024-07-31,Wednesday,N,Unknown,CLARKSTOWN,Unknown,ROCKLAND,Unknown,Unknown,Unknown,Unknown,,Not Applicable,"Other Motor Vehicle, Collision With",2,354829,36087,259,0.3,7336134.0,9989.2,886
2024,Property Damage Accident,8:20,2024-07-31,Wednesday,Y,Daylight,MOUNT PLEASANT,REAR END,WESTCHESTER,Straight and Level,Clear,,Dry,987F87012069,Not Applicable,"Other Motor Vehicle, Collision With",2,1009165,36119,850,0.8,18110248.0,6143.2,3354
2024,Property Damage Accident,10:46,2024-07-31,Wednesday,Y,Daylight,YONKERS,OTHER,WESTCHESTER,Straight and Grade,Cloudy,,Dry,,Not Applicable,"Other Motor Vehicle, Collision With",3,1009165,36119,850,0.8,18110248.0,6143.2,3354
2024,Property Damage Accident,8:26,2024-07-31,Wednesday,Y,Daylight,YONKERS,Unknown,WESTCHESTER,Curve and Grade,Clear,,Dry,,Not Applicable,"Other Motor Vehicle, Collision With",2,1009165,36119,850,0.8,18110248.0,6143.2,3354
2024,Property Damage Accident,16:30,2024-07-31,Wednesday,Y,Daylight,HARRISON,REAR END,WESTCHESTER,Straight and Level,Cloudy,,Wet,120 87012034,Not Applicable,"Other Motor Vehicle, Collision With",2,1009165,36119,850,0.8,18110248.0,6143.2,3354
2024,Property Damage Accident,0:45,2024-07-31,Wednesday,Y,Dark-Road Lighted,PELHAM,OVERTAKING,WESTCHESTER,Straight and Level,Cloudy,,Dry,,Not Applicable,"Other Motor Vehicle, Collision With",2,1009165,36119,850,0.8,18110248.0,6143.2,3354
2024,Property Damage Accident,16:50,2024-07-31,Wednesday,Y,Daylight,PORT CHESTER,OVERTAKING,WESTCHESTER,Straight and Level,Cloudy,Traffic Signal,Dry,982B87011009,Not Applicable,"Other Motor Vehicle, Collision With",2,1009165,36119,850,0.8,18110248.0,6143.2,3354
2024,Property Damage Accident,9:25,2024-07-31,Wednesday,Y,Daylight,PEEKSKILL,REAR END,WESTCHESTER,Straight and Level,Cloudy,,Dry,,Not Applicable,"Other Motor Vehicle, Collision With",2,1009165,36119,850,0.8,18110248.0,6143.2,3354
2024,Property Damage Accident,13:04,2024-07-31,Wednesday,Y,Daylight,PORT CHESTER,LEFT TURN (3),WESTCHESTER,Straight and Level,Clear,Stop Sign,Dry,120A87011023,Not Applicable,"Other Motor Vehicle, Collision With",2,1009165,36119,850,0.8,18110248.0,6143.2,3354
2024,Property Damage Accident,8:34,2024-07-31,Wednesday,Y,Daylight,MAMARONECK,LEFT TURN (3),WESTCHESTER,Straight and Level,Cloudy,Stop Sign,Dry,,Not Applicable,"Other Motor Vehicle, Collision With",2,1009165,36119,850,0.8,18110248.0,6143.2,3354
2024,Property Damage Accident,14:23,2024-07-31,Wednesday,Y,Daylight,WHITE PLAINS,REAR END,WESTCHESTER,Straight and Level,Cloudy,,Dry,,Not Applicable,"Other Motor Vehicle, Collision With",2,1009165,36119,850,0.8,18110248.0,6143.2,3354
2024,Property Damage Accident,16:38,2024-08-01,Thursday,Y,Daylight,PINE PLAINS,OTHER,DUTCHESS,Curve and Grade,Clear,,Dry,,Not Applicable,Deer,1,299256,36027,1695,0.8,5987961.0,3975.0,1300
2024,Property Damage Accident,14:40,2024-08-01,Thursday,Y,Daylight,RHINEBECK,OTHER,DUTCHESS,Curve and Grade,Clear,,Dry,,Not Applicable,Deer,1,299256,36027,1695,0.8,5987961.0,3975.0,1300
2024,Property Damage Accident,16:24,2024-08-01,Thursday,Y,Daylight,EAST FISHKILL,REAR END,DUTCHESS,Straight and Level,Cloudy,Yield Sign,Dry,987G82031097,Not Applicable,"Other Motor Vehicle, Collision With",2,299256,36027,1695,0.8,5987961.0,3975.0,1300
2024,Property Damage Accident,7:02,2024-08-01,Thursday,Y,Daylight,EAST FISHKILL,OTHER,DUTCHESS,Curve and Grade,Clear,,Dry,987G82031059,Not Applicable,"Tree, Collision With Fixed Object",1,299256,36027,1695,0.8,5987961.0,3975.0,1300
2024,Property Damage Accident,15:53,2024-08-01,Thursday,Y,Daylight,RHINEBECK,OTHER,DUTCHESS,Straight and Level,Clear,Traffic Signal,Dry,9G82013192,Not Applicable,"Other Motor Vehicle, Collision With",3,299256,36027,1695,0.8,5987961.0,3975.0,1300
2024,Property Damage Accident,19:47,2024-08-01,Thursday,Y,Daylight,WAPPINGER,OVERTAKING,DUTCHESS,Straight and Level,Clear,Other,Dry,9D82033042,Not Applicable,"Other Motor Vehicle, Collision With",2,299256,36027,1695,0.8,5987961.0,3975.0,1300
2024,Property Damage Accident,15:46,2024-08-01,Thursday,Y,Daylight,MONROE,REAR END,ORANGE,Straight and Level,Clear,Yield Sign,Dry,,Not Applicable,"Other Motor Vehicle, Collision With",2,415088,36071,4753,2.6,13857119.0,5167.5,1527
2024,Property Damage Accident,1:04,2024-08-01,Thursday,Y,Dark-Road Lighted,WARWICK,OVERTAKING,ORANGE,Straight and Level,Clear,,Dry,17A83011104,Not Applicable,"Other Motor Vehicle, Collision With",2,415088,36071,4753,2.6,13857119.0,5167.5,1527
2024,Property Damage Accident,15:47,2024-08-01,Thursday,Y,Daylight,WALLKILL,REAR END,ORANGE,Straight and Level,Clear,,Dry,,Not Applicable,"Other Motor Vehicle, Collision With",2,415088,36071,4753,2.6,13857119.0,5167.5,1527
2024,Property Damage Accident,17:06,2024-08-01,Thursday,Y,Daylight,NEW WINDSOR,REAR END,ORANGE,Straight and Level,Clear,,Dry,94 83011293,Not Applicable,"Other Motor Vehicle, Collision With",2,415088,36071,4753,2.6,13857119.0,5167.5,1527
2024,Property Damage Accident,8:40,2024-08-01,Thursday,Y,Daylight,WALLKILL,REAR END,ORANGE,Straight and Level,Clear,,Dry,17M83011014,Not Applicable,"Other Motor Vehicle, Collision With",2,415088,36071,4753,2.6,13857119.0,5167.5,1527
2024,Property Damage Accident,21:55,2024-08-01,Thursday,Y,Dark-Road Unlighted,GOSHEN,REAR END,ORANGE,Straight and Level,Clear,,Dry,17 83101097,Not Applicable,"Other Motor Vehicle, Collision With",2,415088,36071,4753,2.6,13857119.0,5167.5,1527
2024,Property Damage Accident,13:17,2024-08-01,Thursday,Y,Daylight,WALLKILL,OTHER,ORANGE,Straight and Level,Clear,Construction Work Area,Dry,17 83101073,Not Applicable,"Other Motor Vehicle, Collision With",2,415088,36071,4753,2.6,13857119.0,5167.5,1527
2024,Property Damage Accident,12:19,2024-08-01,Thursday,Y,Daylight,NEW WINDSOR,REAR END,ORANGE,Straight and Level,Clear,,Dry,,Not Applicable,"Other Motor Vehicle, Collision With",2,415088,36071,4753,2.6,13857119.0,5167.5,1527
2024,Property Damage Accident,19:00,2024-08-01,Thursday,Y,Daylight,MIDDLETOWN,RIGHT ANGLE,ORANGE,Straight and Level,Clear,,Dry,,Not Applicable,"Other Motor Vehicle, Collision With",2,415088,36071,4753,2.6,13857119.0,5167.5,1527
2024,Property Damage Accident,10:55,2024-08-01,Thursday,Y,Daylight,MIDDLETOWN,RIGHT ANGLE,ORANGE,Straight and Grade,Clear,Stop Sign,Dry,,Not Applicable,"Other Motor Vehicle, Collision With",2,415088,36071,4753,2.6,13857119.0,5167.5,1527
2024,Property Damage Accident,16:38,2024-08-01,Thursday,Y,Daylight,WALLKILL,RIGHT ANGLE,ORANGE,Straight and Level,Clear,Stop Sign,Dry,,Not Applicable,"Other Motor Vehicle, Collision With",2,415088,36071,4753,2.6,13857119.0,5167.5,1527
2024,Property Damage Accident,14:33,2024-08-01,Thursday,Y,Daylight,NEWBURGH,OTHER,ORANGE,Straight and Level,Clear,,Dry,52 83031126,Not Applicable,"Other Motor Vehicle, Collision With",2,415088,36071,4753,2.6,13857119.0,5167.5,1527
2024,Property Damage Accident,11:39,2024-08-01,Thursday,Y,Daylight,HIGHLANDS,OTHER,ORANGE,Straight and Level,Clear,Yield Sign,Dry,987c83021035,Not Applicable,"Other Motor Vehicle, Collision With",2,415088,36071,4753,2.6,13857119.0,5167.5,1527
2024,Property Damage Accident,18:10,2024-08-01,Thursday,Y,Daylight,SOUTHEAST,REAR END,PUTNAM,Straight and Level,Clear,,Dry,84I84031121,Not Applicable,"Other Motor Vehicle, Collision With",2,98842,36079,509,0.7,2746105.0,4089.2,375
2024,Property Damage Accident,3:53,2024-08-01,Thursday,Y,Dark-Road Unlighted,PATTERSON,OTHER,PUTNAM,Straight and Level,Cloudy,,Dry,84I84031046,Not Applicable,"Earth Embankment/Rock Cut/Ditch, Collision With Fixed Object",1,98842,36079,509,0.7,2746105.0,4089.2,375
2024,Property Damage Accident,15:00,2024-08-01,Thursday,Y,Daylight,CARMEL,SIDESWIPE,PUTNAM,Straight and Level,Clear,,Dry,6 84041027,Not Applicable,"Other Motor Vehicle, Collision With",2,98842,36079,509,0.7,2746105.0,4089.2,375
2024,Property Damage & Injury Accident,17:49,2024-08-01,Thursday,Y,Daylight,PUTNAM VALLEY,OTHER,PUTNAM,Straight and Level,Clear,,Dry,987G84021001,Not Applicable,"Guide Rail - Not At End, Collision With Fixed Object",1,98842,36079,509,0.7,2746105.0,4089.2,375
2024,Property Damage Accident,15:55,2024-08-01,Thursday,Y,Daylight,SUFFERN,OVERTAKING,ROCKLAND,Straight and Level,Clear,No Passing Zone,Dry,59 85011017,Not Applicable,"Other Motor Vehicle, Collision With",2,354829,36087,259,0.3,7336134.0,9989.2,886
2024,Property Damage Accident,17:24,2024-08-01,Thursday,Y,Daylight,SPRING VALLEY,RIGHT ANGLE,ROCKLAND,Straight and Level,Clear,Stop Sign,Dry,,Not Applicable,"Other Motor Vehicle, Collision With",2,354829,36087,259,0.3,7336134.0,9989.2,886
2024,Property Damage Accident,16:40,2024-08-01,Thursday,Y,Daylight,RAMAPO,OVERTAKING,ROCKLAND,Straight and Grade,Clear,Stop Sign,Dry,,Not Applicable,"Other Motor Vehicle, Collision With",2,354829,36087,259,0.3,7336134.0,9989.2,886
2024,Property Damage Accident,14:43,2024-08-01,Thursday,Y,Daylight,CLARKSTOWN,RIGHT ANGLE,ROCKLAND,Straight and Level,Clear,,Dry,303 85011095,Not Applicable,"Other Motor Vehicle, Collision With",2,354829,36087,259,0.3,7336134.0,9989.2,886
2024,Property Damage Accident,16:13,2024-08-01,Thursday,Y,Daylight,CLARKSTOWN,OVERTAKING,ROCKLAND,Straight and Level,Clear,Stop Sign,Dry,,Not Applicable,"Other Motor Vehicle, Collision With",2,354829,36087,259,0.3,7336134.0,9989.2,886
2024,Property Damage & Injury Accident,15:07,2024-08-01,Thursday,Y,Daylight,MONTEBELLO,REAR END,ROCKLAND,Straight and Level,Cloudy,,Dry,202 85011020,Not Applicable,"Other Motor Vehicle, Collision With",2,354829,36087,259,0.3,7336134.0,9989.2,886
2024,Property Damage & Injury Accident,18:04,2024-08-01,Thursday,Y,Daylight,CLARKSTOWN,OTHER,ROCKLAND,Straight and Level,Clear,,Dry,,Not Applicable,"Other Motor Vehicle, Collision With",2,354829,36087,259,0.3,7336134.0,9989.2,886
2024,Property Damage Accident,15:45,2024-08-01,Thursday,Y,Daylight,NEW PALTZ,OTHER,ULSTER,Straight and Level,Clear,,Dry,,Not Applicable,"Tree, Collision With Fixed Object",1,183095,36111,3565,1.2,6410502.0,3939.4,999
2024,Property Damage Accident,11:30,2024-08-01,Thursday,Y,Daylight,WAWARSING,OTHER,ULSTER,Curve and Grade,Clear,No Passing Zone,Dry,52 86021154,Not Applicable,"Other Object (Not Fixed)*, Collision With",2,183095,36111,3565,1.2,6410502.0,3939.4,999
2024,Property Damage & Injury Accident,22:10,2024-08-01,Thursday,Y,Dark-Road Unlighted,ROCHESTER,OTHER,ULSTER,Curve and Level,Clear,No Passing Zone,Dry,,Not Applicable,"Earth Embankment/Rock Cut/Ditch, Collision With Fixed Object",1,183095,36111,3565,1.2,6410502.0,3939.4,999
2024,Property Damage Accident,10:26,2024-08-01,Thursday,Y,Daylight,KINGSTON,RIGHT TURN (5),ULSTER,Straight and Level,Clear,Stop Sign,Dry,,Not Applicable,"Other Motor Vehicle, Collision With",2,183095,36111,3565,1.2,6410502.0,3939.4,999
2024,Property Damage Accident,16:50,2024-08-01,Thursday,Y,Daylight,NEW ROCHELLE,OVERTAKING,WESTCHESTER,Straight and Level,Cloudy,,Dry,,Not Applicable,"Other Motor Vehicle, Collision With",2,1009165,36119,850,0.8,18110248.0,6143.2,3354
2024,Property Damage Accident,1:08,2024-08-01,Thursday,Y,Dark-Road Lighted,NEW ROCHELLE,REAR END,WESTCHESTER,Straight and Grade,Clear,Construction Work Area,Dry,981V87011003,Not Applicable,"Other Motor Vehicle, Collision With",2,1009165,36119,850,0.8,18110248.0,6143.2,3354
2024,Property Damage Accident,20:05,2024-08-01,Thursday,Y,Daylight,DOBBS FERRY,SIDESWIPE,WESTCHESTER,Straight and Level,Clear,,Dry,,Not Applicable,"Other Motor Vehicle, Collision With",2,1009165,36119,850,0.8,18110248.0,6143.2,3354
2024,Property Damage Accident,15:23,2024-08-01,Thursday,Y,Daylight,MOUNT PLEASANT,OVERTAKING,WESTCHESTER,Straight and Level,Clear,,Dry,987F87012076,Not Applicable,"Other Motor Vehicle, Collision With",2,1009165,36119,850,0.8,18110248.0,6143.2,3354
2024,Injury Accident,14:47,2024-08-01,Thursday,Y,Daylight,RYE,OTHER,WESTCHESTER,Straight and Level,Clear,,Dry,,Other Actions in Roadway,"Pedestrian, Collision With",1,1009165,36119,850,0.8,18110248.0,6143.2,3354
2024,Property Damage & Injury Accident,17:39,2024-08-01,Thursday,Y,Daylight,PORT CHESTER,OTHER,WESTCHESTER,Straight and Level,Clear,,Dry,1 87035006,Not Applicable,"Other Object (Not Fixed)*, Collision With",1,1009165,36119,850,0.8,18110248.0,6143.2,3354
2024,Property Damage & Injury Accident,23:05,2024-08-01,Thursday,Y,Dark-Road Lighted,YONKERS,RIGHT ANGLE,WESTCHESTER,Straight and Level,Clear,Traffic Signal,Dry,100 87011037,Not Applicable,"Other Motor Vehicle, Collision With",2,1009165,36119,850,0.8,18110248.0,6143.2,3354
2024,Property Damage Accident,13:41,2024-08-01,Thursday,Y,Daylight,PORT CHESTER,OTHER,WESTCHESTER,Straight and Grade,Clear,Construction Work Area,Dry,,Not Applicable,"Other Motor Vehicle, Collision With",3,1009165,36119,850,0.8,18110248.0,6143.2,3354
2024,Property Damage Accident,7:40,2024-08-01,Thursday,Y,Daylight,PORT CHESTER,REAR END,WESTCHESTER,Straight and Grade,Clear,Construction Work Area,Dry,287I87011111,Not Applicable,"Other Motor Vehicle, Collision With",2,1009165,36119,850,0.8,18110248.0,6143.2,3354
2024,Property Damage Accident,10:40,2024-08-01,Thursday,Y,Daylight,MOUNT PLEASANT,OTHER,WESTCHESTER,Straight and Level,Clear,,Dry,987D87012108,Not Applicable,"Median - End, Collision With Fixed Object",1,1009165,36119,850,0.8,18110248.0,6143.2,3354
2024,Property Damage Accident,8:19,2024-08-01,Thursday,Y,Daylight,YORKTOWN,OTHER,WESTCHESTER,Curve and Grade,Clear,,Dry,987G87011146,Not Applicable,"Guide Rail - Not At End, Collision With Fixed Object",2,1009165,36119,850,0.8,18110248.0,6143.2,3354
2024,Property Damage & Injury Accident,13:15,2024-08-02,Friday,Y,Daylight,DOVER,OTHER,DUTCHESS,Curve and Grade,Clear,No Passing Zone,Wet,,Not Applicable,"Earth Embankment/Rock Cut/Ditch, Collision With Fixed Object",1,299256,36027,1695,0.8,5987961.0,3975.0,1300
2024,Property Damage Accident,10:06,2024-08-02,Friday,Y,Daylight,POUGHKEEPSIE,REAR END,DUTCHESS,Straight and Level,Cloudy,Traffic Signal,Wet,9 82053003,Not Applicable,"Other Motor Vehicle, Collision With",2,299256,36027,1695,0.8,5987961.0,3975.0,1300
2024,Injury Accident,17:44,2024-08-02,Friday,Y,Daylight,LA GRANGE,REAR END,DUTCHESS,Straight and Level,Rain,Traffic Signal,Wet,,Not Applicable,"Other Motor Vehicle, Collision With",2,299256,36027,1695,0.8,5987961.0,3975.0,1300
2024,Property Damage Accident,19:40,2024-08-02,Friday,Y,Daylight,POUGHKEEPSIE,REAR END,DUTCHESS,Straight and Grade,Rain,,Wet,44 82021005,Not Applicable,"Other Motor Vehicle, Collision With",2,299256,36027,1695,0.8,5987961.0,3975.0,1300
2024,Property Damage Accident,22:13,2024-08-02,Friday,Y,Dark-Road Unlighted,EAST FISHKILL,OTHER,DUTCHESS,Curve and Grade,Rain,,Wet,,Not Applicable,"Guide Rail - End, Collision With Fixed Object",1,299256,36027,1695,0.8,5987961.0,3975.0,1300
2024,Property Damage Accident,17:29,2024-08-02,Friday,Y,Daylight,CLINTON,OTHER,DUTCHESS,Straight and Level,Rain,,Wet,987G82031241,Not Applicable,"Guide Rail - Not At End, Collision With Fixed Object",1,299256,36027,1695,0.8,5987961.0,3975.0,1300
2024,Property Damage Accident,14:10,2024-08-02,Friday,N,Daylight,NEW WINDSOR,OTHER,ORANGE,Straight and Level,Rain,,Wet,,Not Applicable,"Other Object (Not Fixed)*, Collision With",1,415088,36071,4753,2.6,13857119.0,5167.5,1527
2024,Property Damage Accident,15:41,2024-08-02,Friday,Y,Daylight,CHESTER,RIGHT ANGLE,ORANGE,Straight and Level,Cloudy,Traffic Signal,Dry,17M83013104,Not Applicable,"Other Motor Vehicle, Collision With",2,415088,36071,4753,2.6,13857119.0,5167.5,1527
2024,Property Damage & Injury Accident,18:05,2024-08-02,Friday,Y,Daylight,GOSHEN,REAR END,ORANGE,Straight and Level,Rain,No Passing Zone,Wet,6 83012204,Not Applicable,"Other Motor Vehicle, Collision With",2,415088,36071,4753,2.6,13857119.0,5167.5,1527
2024,Property Damage Accident,10:02,2024-08-02,Friday,Y,Daylight,NEWBURGH,RIGHT ANGLE,ORANGE,Straight and Grade,Rain,Stop Sign,Wet,,Not Applicable,"Other Motor Vehicle, Collision With",2,415088,36071,4753,2.6,13857119.0,5167.5,1527
2024,Property Damage & Injury Accident,7:46,2024-08-02,Friday,Y,Daylight,CHESTER,OTHER,ORANGE,Straight and Level,Clear,No Passing Zone,Dry,,Not Applicable,"Ran Off Roadway Only, Non-Collision",1,415088,36071,4753,2.6,13857119.0,5167.5,1527
2024,Property Damage Accident,16:42,2024-08-02,Friday,Y,Daylight,CHESTER,LEFT TURN (3),ORANGE,Curve and Grade,Cloudy,,Wet,,Not Applicable,"Other Motor Vehicle, Collision With",2,415088,36071,4753,2.6,13857119.0,5167.5,1527
2024,Property Damage & Injury Accident,11:00,2024-08-02,Friday,Y,Daylight,GREENVILLE,OTHER,ORANGE,Curve at Hill Crest,Cloudy,No Passing Zone,Dry,,Not Applicable,"Earth Embankment/Rock Cut/Ditch, Collision With Fixed Object",1,415088,36071,4753,2.6,13857119.0,5167.5,1527
2024,Property Damage Accident,7:42,2024-08-02,Friday,Y,Daylight,NEWBURGH,Unknown,ORANGE,Straight and Level,Clear,Traffic Signal,Dry,,Not Applicable,"Other Motor Vehicle, Collision With",2,415088,36071,4753,2.6,13857119.0,5167.5,1527
2024,Property Damage Accident,8:30,2024-08-02,Friday,Y,Daylight,MOUNT HOPE,OTHER,ORANGE,Straight and Level,Rain,,Wet,,Not Applicable,"Barrier, Collision With Fixed Object",1,415088,36071,4753,2.6,13857119.0,5167.5,1527
2024,Property Damage Accident,16:00,2024-08-02,Friday,Y,Daylight,SOUTHEAST,RIGHT TURN (6),PUTNAM,Straight and Level,Clear,Stop Sign,Dry,,Not Applicable,"Other Motor Vehicle, Collision With",2,98842,36079,509,0.7,2746105.0,4089.2,375
2024,Property Damage & Injury Accident,14:30,2024-08-02,Friday,Y,Daylight,PATTERSON,OTHER,PUTNAM,Straight and Level,Cloudy,No Passing Zone,Dry,,Not Applicable,"Earth Embankment/Rock Cut/Ditch, Collision With Fixed Object",1,98842,36079,509,0.7,2746105.0,4089.2,375
2024,Property Damage Accident,11:00,2024-08-02,Friday,Y,Daylight,NYACK,OVERTAKING,ROCKLAND,Straight at Hill Crest,Cloudy,Traffic Signal,Dry,,Not Applicable,"Other Motor Vehicle, Collision With",2,354829,36087,259,0.3,7336134.0,9989.2,886
2024,Property Damage Accident,18:47,2024-08-02,Friday,Y,Daylight,SUFFERN,LEFT TURN (0),ROCKLAND,Straight at Hill Crest,Rain,Stop Sign,Wet,202 85011001,Not Applicable,"Other Motor Vehicle, Collision With",2,354829,36087,259,0.3,7336134.0,9989.2,886
2024,Property Damage Accident,13:14,2024-08-02,Friday,Y,Daylight,,OVERTAKING,ROCKLAND,Straight and Level,Cloudy,Traffic Signal,Dry,59 85011050,Not Applicable,"Other Motor Vehicle, Collision With",2,354829,36087,259,0.3,7336134.0,9989.2,886
2024,Property Damage Accident,0:36,2024-08-02,Friday,Y,Dark-Road Unlighted,SUFFERN,OTHER,ROCKLAND,Straight and Level,Clear,,Dry,202 85011014,Not Applicable,"Other Motor Vehicle, Collision With",2,354829,36087,259,0.3,7336134.0,9989.2,886
2024,Property Damage & Injury Accident,16:15,2024-08-02,Friday,Y,Daylight,WAWARSING,HEAD ON,ULSTER,Curve and Grade,Rain,No Passing Zone,Wet,,Not Applicable,"Other Motor Vehicle, Collision With",2,183095,36111,3565,1.2,6410502.0,3939.4,999
2024,Property Damage Accident,18:45,2024-08-02,Friday,Y,Dusk,GARDINER,REAR END,ULSTER,Straight and Level,Rain,Traffic Signal,Wet,208 86021068,Not Applicable,"Other Motor Vehicle, Collision With",2,183095,36111,3565,1.2,6410502.0,3939.4,999
2024,Property Damage Accident,15:11,2024-08-02,Friday,Y,Daylight,PEEKSKILL,REAR END,WESTCHESTER,Straight and Level,Clear,,Dry,6 87032014,Not Applicable,"Other Motor Vehicle, Collision With",2,1009165,36119,850,0.8,18110248.0,6143.2,3354
2024,Property Damage Accident,17:00,2024-08-02,Friday,N,Daylight,DOBBS FERRY,OVERTAKING,WESTCHESTER,Straight and Level,Clear,,Dry,987D87012024,Not Applicable,"Other Motor Vehicle, Collision With",2,1009165,36119,850,0.8,18110248.0,6143.2,3354
2024,Property Damage Accident,7:30,2024-08-02,Friday,N,Daylight,YONKERS,Unknown,WESTCHESTER,Straight and Level,Clear,Unknown,Dry,,Not Applicable,"Other Motor Vehicle, Collision With",2,1009165,36119,850,0.8,18110248.0,6143.2,3354
2024,Property Damage Accident,13:12,2024-08-02,Friday,Y,Daylight,YONKERS,REAR END,WESTCHESTER,Straight at Hill Crest,Clear,,Dry,,Not Applicable,"Other Motor Vehicle, Collision With",2,1009165,36119,850,0.8,18110248.0,6143.2,3354
2024,Property Damage Accident,9:14,2024-08-02,Friday,Y,Daylight,MOUNT PLEASANT,OTHER,WESTCHESTER,Straight and Level,Clear,,Dry,987G87011034,Not Applicable,"Guide Rail - Not At End, Collision With Fixed Object",1,1009165,36119,850,0.8,18110248.0,6143.2,3354
2024,Property Damage Accident,5:55,2024-08-02,Friday,Y,Daylight,HASTINGS ON HUDSON,HEAD ON,WESTCHESTER,Straight and Level,Clear,Traffic Signal,Dry,,Not Applicable,"Other Motor Vehicle, Collision With",2,1009165,36119,850,0.8,18110248.0,6143.2,3354
2024,Property Damage & Injury Accident,7:30,2024-08-02,Friday,Y,Daylight,LEWISBORO,RIGHT TURN (6),WESTCHESTER,Straight and Level,Clear,,Dry,123 87011002,Not Applicable,"Other Motor Vehicle, Collision With",2,1009165,36119,850,0.8,18110248.0,6143.2,3354
2024,Property Damage Accident,7:05,2024-08-02,Friday,Y,Daylight,MOUNT VERNON,OVERTAKING,WESTCHESTER,Straight and Level,Clear,,Dry,,Not Applicable,"Other Motor Vehicle, Collision With",2,1009165,36119,850,0.8,18110248.0,6143.2,3354
2024,Property Damage Accident,16:14,2024-08-02,Friday,Y,Daylight,YONKERS,OVERTAKING,WESTCHESTER,Straight and Level,Cloudy,,Dry,,Not Applicable,"Other Motor Vehicle, Collision With",2,1009165,36119,850,0.8,18110248.0,6143.2,3354
2024,Injury Accident,10:04,2024-08-02,Friday,Y,Daylight,WHITE PLAINS,OTHER,WESTCHESTER,Straight and Level,Clear,,Dry,,Not in Roadway (Indicate),"Pedestrian, Collision With",1,1009165,36119,850,0.8,18110248.0,6143.2,3354