year,accident_descriptor,time,date,day_of_week,police_report,lighting_conditions,municipality,collision_type_descriptor,county_name,road_descriptor,weather_conditions,traffic_control_device,road_surface_conditions,dot_reference_marker_location,pedestrian_bicyclist_action,event_descriptor,number_of_vehicles_involved,county_population_2024,county_fips,county_deer_take_2024,county_antlerless_deer_per_sqmi_2024,county_daily_vmt_2019,county_mean_aadt_2019,county_aadt_segments_2019
2024,Property Damage Accident,10:24,2024-08-02,Friday,Y,Daylight,MAMARONECK,REAR END,WESTCHESTER,Straight and Level,Clear,Traffic Signal,Dry,,Not Applicable,"Other Motor Vehicle, Collision With",2,1009165,36119,850,0.8,18110248.0,6143.2,3354
2024,Property Damage Accident,17:50,2024-08-02,Friday,Y,Daylight,SOMERS,REAR END,WESTCHESTER,Straight and Grade,Cloudy,Traffic Signal,Dry,,Not Applicable,"Other Motor Vehicle, Collision With",2,1009165,36119,850,0.8,18110248.0,6143.2,3354
2024,Property Damage & Injury Accident,15:35,2024-08-02,Friday,Y,Daylight,NEW ROCHELLE,OVERTAKING,WESTCHESTER,Straight and Level,Cloudy,,Dry,981U87011000,Not Applicable,"Other Motor Vehicle, Collision With",2,1009165,36119,850,0.8,18110248.0,6143.2,3354
2024,Property Damage Accident,8:37,2024-08-02,Friday,Y,Daylight,WHITE PLAINS,OVERTAKING,WESTCHESTER,Straight and Level,Clear,,Dry,,Not Applicable,"Other Motor Vehicle, Collision With",2,1009165,36119,850,0.8,18110248.0,6143.2,3354
2024,Property Damage & Injury Accident,11:12,2024-08-02,Friday,Y,Daylight,RYE,OTHER,WESTCHESTER,Straight and Level,Clear,,Dry,,Not Applicable,"Other Motor Vehicle, Collision With",2,1009165,36119,850,0.8,18110248.0,6143.2,3354
2024,Property Damage Accident,9:58,2024-08-03,Saturday,Y,Daylight,RHINEBECK,LEFT TURN (3),DUTCHESS,Straight and Level,Cloudy,No Passing Zone,Dry,9G82013144,Not Applicable,"Other Motor Vehicle, Collision With",2,299256,36027,1695,0.8,5987961.0,3975.0,1300
2024,Property Damage Accident,9:43,2024-08-03,Saturday,Y,Daylight,PLEASANT VALLEY,RIGHT ANGLE,DUTCHESS,Straight and Level,Cloudy,,Dry,44 82022043,Not Applicable,"Other Motor Vehicle, Collision With",2,299256,36027,1695,0.8,5987961.0,3975.0,1300
2024,Property Damage Accident,10:58,2024-08-03,Saturday,Y,Daylight,MONROE,RIGHT ANGLE,ORANGE,Straight and Level,Clear,,Dry,,Not Applicable,"Other Motor Vehicle, Collision With",2,415088,36071,4753,2.6,13857119.0,5167.5,1527
2024,Property Damage Accident,8:51,2024-08-03,Saturday,Y,Daylight,NEWBURGH,OTHER,ORANGE,Curve and Grade,Clear,,Dry,,Not Applicable,"Building/Wall, Collision With Fixed Object",1,415088,36071,4753,2.6,13857119.0,5167.5,1527
2024,Property Damage Accident,20:20,2024-08-03,Saturday,Y,Dusk,NEWBURGH,OTHER,ORANGE,Straight and Level,Cloudy,Traffic Signal,Wet,52 83031148,Not Applicable,"Other Motor Vehicle, Collision With",3,415088,36071,4753,2.6,13857119.0,5167.5,1527
2024,Property Damage Accident,20:29,2024-08-03,Saturday,Y,Dark-Road Lighted,NEWBURGH,HEAD ON,ORANGE,Straight and Level,Clear,,Dry,9W83022006,Not Applicable,"Other Motor Vehicle, Collision With",2,415088,36071,4753,2.6,13857119.0,5167.5,1527
2024,Property Damage Accident,4:46,2024-08-03,Saturday,Y,Dark-Road Unlighted,GOSHEN,OTHER,ORANGE,Straight and Level,Fog/Smog/Smoke,,Dry,94 83011116,Not Applicable,Deer,1,415088,36071,4753,2.6,13857119.0,5167.5,1527
2024,Property Damage & Injury Accident,21:10,2024-08-03,Saturday,Y,Dark-Road Unlighted,MINISINK,OTHER,ORANGE,Curve and Level,Rain,No Passing Zone,Wet,,Not Applicable,"Earth Embankment/Rock Cut/Ditch, Collision With Fixed Object",1,415088,36071,4753,2.6,13857119.0,5167.5,1527
2024,Property Damage Accident,18:35,2024-08-03,Saturday,Y,Daylight,GOSHEN,OTHER,ORANGE,Curve and Grade,Cloudy,No Passing Zone,Wet,,Not Applicable,"Earth Embankment/Rock Cut/Ditch, Collision With Fixed Object",1,415088,36071,4753,2.6,13857119.0,5167.5,1527
2024,Property Damage & Injury Accident,10:19,2024-08-03,Saturday,Y,Daylight,NEWBURGH,RIGHT ANGLE,ORANGE,Straight at Hill Crest,Clear,Stop Sign,Dry,,Not Applicable,"Other Motor Vehicle, Collision With",2,415088,36071,4753,2.6,13857119.0,5167.5,1527
2024,Property Damage Accident,12:35,2024-08-03,Saturday,Y,Daylight,PATTERSON,REAR END,PUTNAM,Straight and Level,Clear,No Passing Zone,Dry,22 84031143,Not Applicable,"Other Motor Vehicle, Collision With",2,98842,36079,509,0.7,2746105.0,4089.2,375
2024,Property Damage Accident,15:40,2024-08-03,Saturday,Y,Daylight,NEW HEMPSTEAD,OVERTAKING,ROCKLAND,Straight and Level,Rain,Traffic Signal,Wet,,Not Applicable,"Other Motor Vehicle, Collision With",2,354829,36087,259,0.3,7336134.0,9989.2,886
2024,Injury Accident,20:20,2024-08-03,Saturday,Y,Dark-Road Lighted,CLARKSTOWN,OVERTAKING,ROCKLAND,Straight and Level,Rain,,Wet,,Not Applicable,"Other Motor Vehicle, Collision With",2,354829,36087,259,0.3,7336134.0,9989.2,886
2024,Property Damage Accident,18:26,2024-08-03,Saturday,Y,Daylight,CLARKSTOWN,REAR END,ROCKLAND,Straight and Level,Rain,,Wet,,Not Applicable,"Other Motor Vehicle, Collision With",2,354829,36087,259,0.3,7336134.0,9989.2,886
2024,Injury Accident,15:11,2024-08-03,Saturday,Y,Daylight,KINGSTON,OTHER,ULSTER,Straight and Level,Cloudy,,Dry,32 86022022,Not Applicable,"Curbing, Collision With Fixed Object",1,183095,36111,3565,1.2,6410502.0,3939.4,999
2024,Property Damage & Injury Accident,17:49,2024-08-03,Saturday,Y,Daylight,NEW PALTZ,REAR END,ULSTER,Straight and Grade,Cloudy,No Passing Zone,Dry,32 86021115,Not Applicable,"Other Motor Vehicle, Collision With",2,183095,36111,3565,1.2,6410502.0,3939.4,999
2024,Property Damage & Injury Accident,21:01,2024-08-03,Saturday,Y,Dark-Road Unlighted,PELHAM MANOR,OTHER,WESTCHESTER,Straight and Level,Rain,,Wet,,Not Applicable,"Other Motor Vehicle, Collision With",3,1009165,36119,850,0.8,18110248.0,6143.2,3354
2024,Property Damage Accident,22:21,2024-08-03,Saturday,Y,Dark-Road Lighted,PEEKSKILL,RIGHT ANGLE,WESTCHESTER,Straight and Grade,Rain,Traffic Signal,Wet,6 87032012,Not Applicable,"Other Motor Vehicle, Collision With",2,1009165,36119,850,0.8,18110248.0,6143.2,3354
2024,Property Damage Accident,13:40,2024-08-03,Saturday,Y,Daylight,WHITE PLAINS,RIGHT TURN (6),WESTCHESTER,Straight and Grade,Clear,Other,Dry,,Not Applicable,"Other Motor Vehicle, Collision With",2,1009165,36119,850,0.8,18110248.0,6143.2,3354
2024,Property Damage & Injury Accident,17:53,2024-08-03,Saturday,Y,Daylight,PELHAM MANOR,OTHER,WESTCHESTER,Straight and Level,Rain,,Wet,,Not Applicable,"Barrier, Collision With Fixed Object",1,1009165,36119,850,0.8,18110248.0,6143.2,3354
2024,Property Damage Accident,17:56,2024-08-03,Saturday,Y,Daylight,LARCHMONT,REAR END,WESTCHESTER,Straight and Level,Rain,,Wet,,Not Applicable,"Other Motor Vehicle, Collision With",2,1009165,36119,850,0.8,18110248.0,6143.2,3354
2024,Property Damage Accident,17:45,2024-08-03,Saturday,Y,Daylight,PORT CHESTER,OTHER,WESTCHESTER,Straight and Level,Rain,,Wet,982B87011005,Not Applicable,"Other Motor Vehicle, Collision With",2,1009165,36119,850,0.8,18110248.0,6143.2,3354
2024,Property Damage & Injury Accident,23:53,2024-08-03,Saturday,Y,Dark-Road Lighted,WHITE PLAINS,REAR END,WESTCHESTER,Straight and Level,Rain,Traffic Signal,Wet,,Not Applicable,"Other Motor Vehicle, Collision With",2,1009165,36119,850,0.8,18110248.0,6143.2,3354
2024,Property Damage Accident,10:41,2024-08-03,Saturday,Y,Daylight,WHITE PLAINS,OVERTAKING,WESTCHESTER,Straight and Level,Clear,,Dry,,Not Applicable,"Other Motor Vehicle, Collision With",2,1009165,36119,850,0.8,18110248.0,6143.2,3354
2024,Property Damage Accident,18:50,2024-08-03,Saturday,Y,Daylight,MOUNT PLEASANT,OTHER,WESTCHESTER,Curve and Grade,Rain,,Wet,,Not Applicable,"Guide Rail - Not At End, Collision With Fixed Object",1,1009165,36119,850,0.8,18110248.0,6143.2,3354
2024,Property Damage Accident,7:47,2024-08-03,Saturday,Y,Daylight,NEW ROCHELLE,REAR END,WESTCHESTER,Straight and Level,Clear,,Dry,982J87011010,Not Applicable,"Other Motor Vehicle, Collision With",2,1009165,36119,850,0.8,18110248.0,6143.2,3354
2024,Property Damage Accident,16:35,2024-08-03,Saturday,Y,Daylight,YONKERS,OTHER,WESTCHESTER,Straight and Grade,Rain,,Wet,9A87031002,Not Applicable,"Other Motor Vehicle, Collision With",3,1009165,36119,850,0.8,18110248.0,6143.2,3354
2024,Property Damage Accident,21:59,2024-08-03,Saturday,Y,Dark-Road Unlighted,NORTH CASTLE,OTHER,WESTCHESTER,Curve and Grade,Rain,,Wet,,Not Applicable,"Light Support/Utility Pole, Collision With Fixed Object",1,1009165,36119,850,0.8,18110248.0,6143.2,3354
2024,Property Damage Accident,1:20,2024-08-03,Saturday,Y,Dark-Road Lighted,CORTLANDT,RIGHT ANGLE,WESTCHESTER,Straight at Hill Crest,Rain,Traffic Signal,Wet,6 87033005,Not Applicable,"Other Motor Vehicle, Collision With",2,1009165,36119,850,0.8,18110248.0,6143.2,3354
2024,Property Damage & Injury Accident,12:20,2024-08-03,Saturday,Y,Daylight,NEW ROCHELLE,RIGHT ANGLE,WESTCHESTER,Straight and Level,Clear,Traffic Signal,Dry,,Not Applicable,"Other Motor Vehicle, Collision With",2,1009165,36119,850,0.8,18110248.0,6143.2,3354
2024,Injury Accident,18:40,2024-08-03,Saturday,Y,Daylight,YONKERS,OTHER,WESTCHESTER,Curve and Grade,Rain,,Wet,,Not Applicable,"Tree, Collision With Fixed Object",1,1009165,36119,850,0.8,18110248.0,6143.2,3354
2024,Property Damage Accident,19:07,2024-08-03,Saturday,Y,Daylight,BEDFORD,OTHER,WESTCHESTER,Straight and Level,Rain,,Wet,22 87024170,Not Applicable,"Tree, Collision With Fixed Object",1,1009165,36119,850,0.8,18110248.0,6143.2,3354
2024,Property Damage Accident,8:26,2024-08-03,Saturday,Y,Daylight,ELMSFORD,RIGHT ANGLE,WESTCHESTER,Straight and Level,Clear,,Dry,,Not Applicable,"Other Motor Vehicle, Collision With",2,1009165,36119,850,0.8,18110248.0,6143.2,3354
2024,Property Damage Accident,18:49,2024-08-03,Saturday,Y,Daylight,RYE,OTHER,WESTCHESTER,Curve and Level,Cloudy,,Wet,,Not Applicable,"Guide Rail - Not At End, Collision With Fixed Object",1,1009165,36119,850,0.8,18110248.0,6143.2,3354
2024,Property Damage Accident,12:56,2024-08-04,Sunday,Y,Daylight,FISHKILL,RIGHT TURN (6),DUTCHESS,Straight and Level,Clear,Stop Sign,Dry,9 82051036,Not Applicable,"Other Motor Vehicle, Collision With",2,299256,36027,1695,0.8,5987961.0,3975.0,1300
2024,Property Damage Accident,15:22,2024-08-04,Sunday,Y,Daylight,POUGHKEEPSIE,OTHER,DUTCHESS,Straight and Level,Cloudy,,Wet,44 82021005,Not Applicable,"Guide Rail - Not At End, Collision With Fixed Object",1,299256,36027,1695,0.8,5987961.0,3975.0,1300
2024,Property Damage Accident,15:58,2024-08-04,Sunday,Y,Daylight,DOVER,RIGHT ANGLE,DUTCHESS,Straight and Grade,Rain,No Passing Zone,Wet,,Not Applicable,"Other Motor Vehicle, Collision With",2,299256,36027,1695,0.8,5987961.0,3975.0,1300
2024,Property Damage Accident,16:50,2024-08-04,Sunday,Y,Daylight,LA GRANGE,OVERTAKING,DUTCHESS,Curve and Level,Clear,Stop Sign,Dry,,Not Applicable,"Other Motor Vehicle, Collision With",2,299256,36027,1695,0.8,5987961.0,3975.0,1300
2024,Property Damage & Injury Accident,16:50,2024-08-04,Sunday,Y,Daylight,WAPPINGER,OTHER,DUTCHESS,Curve and Level,Cloudy,No Passing Zone,Wet,,Not Applicable,"Ran Off Roadway Only, Non-Collision",1,299256,36027,1695,0.8,5987961.0,3975.0,1300
2024,Property Damage & Injury Accident,1:06,2024-08-04,Sunday,Y,Dark-Road Unlighted,BLOOMING GROVE,HEAD ON,ORANGE,Straight and Grade,Clear,No Passing Zone,Dry,208 83011010,Not Applicable,"Other Motor Vehicle, Collision With",2,415088,36071,4753,2.6,13857119.0,5167.5,1527
2024,Property Damage Accident,13:57,2024-08-04,Sunday,Y,Daylight,NEWBURGH,OTHER,ORANGE,Straight and Level,Clear,,Dry,84I83011356,Not Applicable,"Other Motor Vehicle, Collision With",3,415088,36071,4753,2.6,13857119.0,5167.5,1527
2024,Property Damage Accident,16:36,2024-08-04,Sunday,Y,Daylight,NEWBURGH,OVERTAKING,ORANGE,Straight and Level,Clear,,Dry,84I83011372,Not Applicable,"Other Motor Vehicle, Collision With",2,415088,36071,4753,2.6,13857119.0,5167.5,1527
2024,Property Damage & Injury Accident,10:45,2024-08-04,Sunday,Y,Daylight,WALLKILL,LEFT TURN (3),ORANGE,Straight and Level,Cloudy,,Dry,,Not Applicable,"Other Motor Vehicle, Collision With",2,415088,36071,4753,2.6,13857119.0,5167.5,1527
2024,Property Damage Accident,8:14,2024-08-04,Sunday,Y,Daylight,NEWBURGH,OTHER,ORANGE,Curve and Level,Cloudy,,Dry,,Not Applicable,"Sign Post, Collision With Fixed Object",1,415088,36071,4753,2.6,13857119.0,5167.5,1527
2024,Property Damage Accident,1:11,2024-08-04,Sunday,Y,Dark-Road Lighted,,OTHER,ROCKLAND,Straight and Grade,Clear,,Wet,59 85011043,Not Applicable,Deer,1,354829,36087,259,0.3,7336134.0,9989.2,886
2024,Property Damage Accident,14:30,2024-08-04,Sunday,N,Unknown,MAMARONECK,Unknown,WESTCHESTER,Unknown,Unknown,Unknown,Unknown,,Not Applicable,"Other Motor Vehicle, Collision With",2,1009165,36119,850,0.8,18110248.0,6143.2,3354
2024,Property Damage Accident,0:00,2024-08-04,Sunday,Y,Dark-Road Lighted,NEW ROCHELLE,OVERTAKING,WESTCHESTER,Straight and Level,Rain,,Wet,,Not Applicable,"Other Motor Vehicle, Collision With",2,1009165,36119,850,0.8,18110248.0,6143.2,3354
2024,Property Damage Accident,17:00,2024-08-04,Sunday,Y,Daylight,SOMERS,REAR END,WESTCHESTER,Straight and Level,Cloudy,,Wet,118 87011104,Not Applicable,"Other Motor Vehicle, Collision With",2,1009165,36119,850,0.8,18110248.0,6143.2,3354
2024,Property Damage & Injury Accident,11:25,2024-08-04,Sunday,Y,Daylight,CORTLANDT,OTHER,WESTCHESTER,Straight and Grade,Clear,Traffic Signal,Dry,6 87033021,Not Applicable,"Other Motor Vehicle, Collision With",3,1009165,36119,850,0.8,18110248.0,6143.2,3354
2024,Property Damage & Injury Accident,15:55,2024-08-05,Monday,Y,Daylight,NORTHEAST,OTHER,DUTCHESS,Straight and Grade,Clear,No Passing Zone,Dry,,Not Applicable,"Other Motor Vehicle, Collision With",3,299256,36027,1695,0.8,5987961.0,3975.0,1300
2024,Property Damage Accident,11:45,2024-08-05,Monday,Y,Daylight,WAPPINGER FALLS,OVERTAKING,DUTCHESS,Straight and Level,Clear,No Passing Zone,Dry,9D82033067,Not Applicable,"Other Motor Vehicle, Collision With",2,299256,36027,1695,0.8,5987961.0,3975.0,1300
2024,Property Damage Accident,16:36,2024-08-05,Monday,Y,Daylight,WOODBURY,OVERTAKING,ORANGE,Straight and Level,Clear,,Dry,32 83011042,Not Applicable,"Other Motor Vehicle, Collision With",2,415088,36071,4753,2.6,13857119.0,5167.5,1527
2024,Property Damage Accident,7:16,2024-08-05,Monday,Y,Daylight,CORNWALL,REAR END,ORANGE,Curve and Grade,Clear,,Dry,32 83011101,Not Applicable,"Other Motor Vehicle, Collision With",2,415088,36071,4753,2.6,13857119.0,5167.5,1527
2024,Property Damage & Injury Accident,16:15,2024-08-05,Monday,Y,Daylight,MONROE,OTHER,ORANGE,Straight and Level,Clear,,Dry,17 83101226,Not Applicable,"Earth Embankment/Rock Cut/Ditch, Collision With Fixed Object",1,415088,36071,4753,2.6,13857119.0,5167.5,1527
2024,Property Damage Accident,15:41,2024-08-05,Monday,Y,Daylight,MONROE,REAR END,ORANGE,Straight and Level,Clear,,Dry,,Not Applicable,"Other Motor Vehicle, Collision With",2,415088,36071,4753,2.6,13857119.0,5167.5,1527
2024,Property Damage Accident,8:05,2024-08-05,Monday,Y,Daylight,DEERPARK,LEFT TURN (3),ORANGE,Straight and Grade,Clear,No Passing Zone,Dry,6 83012001,Not Applicable,"Other Motor Vehicle, Collision With",2,415088,36071,4753,2.6,13857119.0,5167.5,1527
2024,Property Damage Accident,11:26,2024-08-05,Monday,Y,Daylight,NEWBURGH,RIGHT ANGLE,ORANGE,Straight and Level,Clear,Traffic Signal,Dry,300 83021092,Not Applicable,"Other Motor Vehicle, Collision With",2,415088,36071,4753,2.6,13857119.0,5167.5,1527
2024,Property Damage Accident,14:10,2024-08-05,Monday,Y,Daylight,MOUNT HOPE,OTHER,ORANGE,Straight and Grade,Cloudy,,Dry,,Not Applicable,"Light Support/Utility Pole, Collision With Fixed Object",1,415088,36071,4753,2.6,13857119.0,5167.5,1527
2024,Property Damage Accident,17:15,2024-08-05,Monday,Y,Daylight,HIGHLANDS,OVERTAKING,ORANGE,Curve and Level,Cloudy,Yield Sign,Dry,9W83021001,Not Applicable,"Other Motor Vehicle, Collision With",2,415088,36071,4753,2.6,13857119.0,5167.5,1527
2024,Property Damage Accident,5:07,2024-08-05,Monday,Y,Dark-Road Lighted,STONY POINT,OTHER,ROCKLAND,Straight and Grade,Clear,No Passing Zone,Dry,,Not Applicable,Deer,1,354829,36087,259,0.3,7336134.0,9989.2,886
2024,Property Damage Accident,16:37,2024-08-05,Monday,Y,Daylight,SUFFERN,OVERTAKING,ROCKLAND,Straight and Level,Clear,Traffic Signal,Dry,59 85011018,Not Applicable,"Other Motor Vehicle, Collision With",2,354829,36087,259,0.3,7336134.0,9989.2,886
2024,Injury Accident,14:07,2024-08-05,Monday,Y,Daylight,MARLBOROUGH,OTHER,ULSTER,Curve and Grade,Clear,,Dry,,Working in Roadway,"Pedestrian, Collision With",1,183095,36111,3565,1.2,6410502.0,3939.4,999
2024,Property Damage Accident,16:45,2024-08-05,Monday,Y,Daylight,EASTCHESTER,OVERTAKING,WESTCHESTER,Straight and Level,Clear,,Dry,907K87013001,Not Applicable,"Other Motor Vehicle, Collision With",2,1009165,36119,850,0.8,18110248.0,6143.2,3354
2024,Property Damage Accident,11:40,2024-08-05,Monday,Y,Daylight,SOMERS,OVERTAKING,WESTCHESTER,Straight and Grade,Clear,No Passing Zone,Dry,,Not Applicable,"Other Motor Vehicle, Collision With",2,1009165,36119,850,0.8,18110248.0,6143.2,3354
2024,Property Damage Accident,10:24,2024-08-05,Monday,Y,Daylight,WHITE PLAINS,LEFT TURN (3),WESTCHESTER,Straight and Level,Clear,,Dry,,Not Applicable,"Other Motor Vehicle, Collision With",2,1009165,36119,850,0.8,18110248.0,6143.2,3354
2024,Property Damage Accident,0:37,2024-08-05,Monday,Y,Dark-Road Lighted,YONKERS,SIDESWIPE,WESTCHESTER,Straight and Level,Clear,,Dry,9A87031003,Not Applicable,"Other Motor Vehicle, Collision With",2,1009165,36119,850,0.8,18110248.0,6143.2,3354
2024,Property Damage Accident,7:42,2024-08-05,Monday,Y,Daylight,NEW CASTLE,OVERTAKING,WESTCHESTER,Straight and Level,Clear,Traffic Signal,Other,987D87012173,Not Applicable,"Other Motor Vehicle, Collision With",2,1009165,36119,850,0.8,18110248.0,6143.2,3354
2024,Property Damage Accident,17:49,2024-08-05,Monday,Y,Daylight,WHITE PLAINS,RIGHT ANGLE,WESTCHESTER,Straight and Level,Clear,Traffic Signal,Dry,119 87012005,Not Applicable,"Other Motor Vehicle, Collision With",2,1009165,36119,850,0.8,18110248.0,6143.2,3354
2024,Property Damage Accident,21:38,2024-08-05,Monday,Y,Dark-Road Unlighted,PLEASANTVILLE,OTHER,WESTCHESTER,Straight and Level,Clear,,Dry,,Not Applicable,"Bridge Structure, Collision With Fixed Object",1,1009165,36119,850,0.8,18110248.0,6143.2,3354
2024,Property Damage Accident,13:56,2024-08-05,Monday,Y,Daylight,NEW ROCHELLE,REAR END,WESTCHESTER,Straight and Level,Clear,Stop Sign,Dry,,Not Applicable,"Other Motor Vehicle, Collision With",2,1009165,36119,850,0.8,18110248.0,6143.2,3354
2024,Property Damage Accident,13:47,2024-08-05,Monday,Y,Daylight,RYE BROOKE,SIDESWIPE,WESTCHESTER,Straight and Level,Clear,Stop Sign,Dry,,Not Applicable,"Other Motor Vehicle, Collision With",2,1009165,36119,850,0.8,18110248.0,6143.2,3354
2024,Property Damage Accident,8:28,2024-08-05,Monday,Y,Daylight,BEDFORD,SIDESWIPE,WESTCHESTER,Curve and Grade,Clear,,Dry,,Not Applicable,"Other Motor Vehicle, Collision With",2,1009165,36119,850,0.8,18110248.0,6143.2,3354
2024,Property Damage Accident,3:43,2024-08-06,Tuesday,Y,Dark-Road Lighted,POUGHKEEPSIE,RIGHT ANGLE,DUTCHESS,Straight and Level,Rain,,Wet,,Not Applicable,"Other Motor Vehicle, Collision With",2,299256,36027,1695,0.8,5987961.0,3975.0,1300
2024,Property Damage Accident,16:00,2024-08-06,Tuesday,Y,Daylight,POUGHKEEPSIE,REAR END,DUTCHESS,Straight and Level,Clear,Traffic Signal,Dry,,Not Applicable,"Other Motor Vehicle, Collision With",2,299256,36027,1695,0.8,5987961.0,3975.0,1300
2024,Property Damage Accident,14:33,2024-08-06,Tuesday,Y,Daylight,WAPPINGER,REAR END,DUTCHESS,Straight and Level,Clear,Maintenance Work Area,Dry,,Not Applicable,"Other Motor Vehicle, Collision With",2,299256,36027,1695,0.8,5987961.0,3975.0,1300
2024,Property Damage Accident,16:00,2024-08-06,Tuesday,N,Daylight,EAST FISHKILL,OTHER,DUTCHESS,Curve and Grade,Rain,,Wet,,Not Applicable,"Guide Rail - Not At End, Collision With Fixed Object",1,299256,36027,1695,0.8,5987961.0,3975.0,1300
2024,Property Damage & Injury Accident,10:14,2024-08-06,Tuesday,Y,Daylight,WAPPINGER,REAR END,DUTCHESS,Straight and Level,Clear,Utility Work Area,Dry,9D82033030,Not Applicable,"Other Motor Vehicle, Collision With",2,299256,36027,1695,0.8,5987961.0,3975.0,1300
2024,Property Damage Accident,14:00,2024-08-06,Tuesday,Y,Daylight,KIRYAS JOEL,OVERTAKING,ORANGE,Straight and Level,Cloudy,No Passing Zone,Dry,,Not Applicable,"Other Motor Vehicle, Collision With",2,415088,36071,4753,2.6,13857119.0,5167.5,1527
2024,Property Damage Accident,17:37,2024-08-06,Tuesday,Y,Daylight,MONROE,OVERTAKING,ORANGE,Straight and Grade,Cloudy,No Passing Zone,Dry,208 83011002,Not Applicable,"Other Motor Vehicle, Collision With",2,415088,36071,4753,2.6,13857119.0,5167.5,1527
2024,Property Damage & Injury Accident,15:00,2024-08-06,Tuesday,Y,Daylight,WALLKILL,OTHER,ORANGE,Straight and Level,Cloudy,No Passing Zone,Dry,,Not Applicable,"Other Motor Vehicle, Collision With",4,415088,36071,4753,2.6,13857119.0,5167.5,1527
2024,Property Damage Accident,19:30,2024-08-06,Tuesday,Y,Daylight,WAWAYANDA,OTHER,ORANGE,Straight and Grade,Rain,,Wet,84I83011150,Not Applicable,"Tree, Collision With Fixed Object",1,415088,36071,4753,2.6,13857119.0,5167.5,1527
2024,Property Damage Accident,13:33,2024-08-06,Tuesday,Y,Daylight,MIDDLETOWN,OVERTAKING,ORANGE,Straight and Level,Clear,Traffic Signal,Dry,211 83012022,Not Applicable,"Other Motor Vehicle, Collision With",2,415088,36071,4753,2.6,13857119.0,5167.5,1527
2024,Property Damage Accident,10:12,2024-08-06,Tuesday,Y,Daylight,KENT,OTHER,PUTNAM,Straight and Grade,Cloudy,,Dry,84I84031029,Not Applicable,"Other Object (Not Fixed)*, Collision With",1,98842,36079,509,0.7,2746105.0,4089.2,375
2024,Property Damage & Injury Accident,16:45,2024-08-06,Tuesday,Y,Daylight,BREWSTER,OTHER,PUTNAM,Straight and Grade,Cloudy,,Dry,6 84041131,Not Applicable,"Other Motor Vehicle, Collision With",3,98842,36079,509,0.7,2746105.0,4089.2,375
2024,Property Damage Accident,9:50,2024-08-06,Tuesday,Y,Daylight,WESLEY HILLS,OTHER,ROCKLAND,Straight and Level,Clear,,Dry,,Not Applicable,"Other Motor Vehicle, Collision With",2,354829,36087,259,0.3,7336134.0,9989.2,886
2024,Property Damage Accident,10:20,2024-08-06,Tuesday,Y,Daylight,RAMAPO,REAR END,ROCKLAND,Straight and Level,Cloudy,,Dry,,Not Applicable,"Other Motor Vehicle, Collision With",2,354829,36087,259,0.3,7336134.0,9989.2,886
2024,Property Damage Accident,12:28,2024-08-06,Tuesday,Y,Daylight,ORANGETOWN,OTHER,ROCKLAND,Straight and Level,Clear,Maintenance Work Area,Dry,987C85011030,Not Applicable,"Other Motor Vehicle, Collision With",2,354829,36087,259,0.3,7336134.0,9989.2,886
2024,Property Damage Accident,19:32,2024-08-06,Tuesday,Y,Dark-Road Unlighted,POUND RIDGE,OTHER,WESTCHESTER,Curve and Grade,Rain,No Passing Zone,Wet,,Not Applicable,"Curbing, Collision With Fixed Object",1,1009165,36119,850,0.8,18110248.0,6143.2,3354
2024,Property Damage Accident,11:00,2024-08-06,Tuesday,Y,Daylight,LEWISBORO,RIGHT TURN (5),WESTCHESTER,Straight and Level,Clear,,Dry,35 87012172,Not Applicable,"Other Motor Vehicle, Collision With",2,1009165,36119,850,0.8,18110248.0,6143.2,3354
2024,Property Damage Accident,20:05,2024-08-06,Tuesday,Y,Dusk,YONKERS,LEFT TURN (3),WESTCHESTER,Straight and Level,Rain,,Wet,,Not Applicable,"Other Motor Vehicle, Collision With",2,1009165,36119,850,0.8,18110248.0,6143.2,3354
2024,Property Damage & Injury Accident,18:20,2024-08-06,Tuesday,Y,Daylight,YONKERS,REAR END,WESTCHESTER,Straight and Level,Rain,,Wet,,Not Applicable,"Other Motor Vehicle, Collision With",2,1009165,36119,850,0.8,18110248.0,6143.2,3354
2024,Property Damage Accident,17:56,2024-08-06,Tuesday,Y,Daylight,PORT CHESTER,REAR END,WESTCHESTER,Straight and Level,Rain,,Wet,1 87035011,Not Applicable,"Other Motor Vehicle, Collision With",2,1009165,36119,850,0.8,18110248.0,6143.2,3354
2024,Property Damage Accident,11:59,2024-08-06,Tuesday,Y,Daylight,CROTON ON HUDSON,OVERTAKING,WESTCHESTER,Straight and Level,Clear,,Dry,9A87032187,Not Applicable,"Other Motor Vehicle, Collision With",2,1009165,36119,850,0.8,18110248.0,6143.2,3354
2024,Property Damage Accident,9:11,2024-08-06,Tuesday,Y,Daylight,MAMARONECK,OTHER,WESTCHESTER,Curve and Level,Clear,,Dry,,Not Applicable,"Sign Post, Collision With Fixed Object",1,1009165,36119,850,0.8,18110248.0,6143.2,3354
2024,Property Damage Accident,10:00,2024-08-06,Tuesday,Y,Daylight,CORTLANDT,REAR END,WESTCHESTER,Straight and Level,Clear,Traffic Signal,Dry,6 87033018,Not Applicable,"Other Motor Vehicle, Collision With",2,1009165,36119,850,0.8,18110248.0,6143.2,3354
2024,Property Damage Accident,19:52,2024-08-06,Tuesday,Y,Dark-Road Unlighted,NORTH CASTLE,OVERTAKING,WESTCHESTER,Straight and Level,Rain,,Wet,684I87011041,Not Applicable,"Other Motor Vehicle, Collision With",2,1009165,36119,850,0.8,18110248.0,6143.2,3354