year,accident_descriptor,time,date,day_of_week,police_report,lighting_conditions,municipality,collision_type_descriptor,county_name,road_descriptor,weather_conditions,traffic_control_device,road_surface_conditions,dot_reference_marker_location,pedestrian_bicyclist_action,event_descriptor,number_of_vehicles_involved,county_population_2024,county_fips,county_deer_take_2024,county_antlerless_deer_per_sqmi_2024,county_daily_vmt_2019,county_mean_aadt_2019,county_aadt_segments_2019
2024,Property Damage Accident,19:52,2024-08-06,Tuesday,Y,Dark-Road Lighted,MAMARONECK,LEFT TURN (3),WESTCHESTER,Straight and Level,Rain,Traffic Signal,Wet,125 87011003,Not Applicable,"Other Motor Vehicle, Collision With",2,1009165,36119,850,0.8,18110248.0,6143.2,3354
2024,Injury Accident,20:06,2024-08-06,Tuesday,Y,Dark-Road Lighted,NEW ROCHELLE,OTHER,WESTCHESTER,Straight and Level,Rain,Traffic Signal,Wet,1 87032007,"Crossing, With Signal","Pedestrian, Collision With",1,1009165,36119,850,0.8,18110248.0,6143.2,3354
2024,Property Damage & Injury Accident,17:00,2024-08-06,Tuesday,Y,Daylight,YONKERS,Unknown,WESTCHESTER,Straight and Grade,Rain,Traffic Signal,Wet,984H87011014,Not Applicable,"Other Motor Vehicle, Collision With",2,1009165,36119,850,0.8,18110248.0,6143.2,3354
2024,Property Damage Accident,5:32,2024-08-06,Tuesday,Y,Dawn,RYE,OTHER,WESTCHESTER,Straight and Level,Clear,Other,Dry,120 87011002,Not Applicable,"Bridge Structure, Collision With Fixed Object",1,1009165,36119,850,0.8,18110248.0,6143.2,3354
2024,Property Damage & Injury Accident,6:32,2024-08-06,Tuesday,Y,Daylight,GREENBURGH,RIGHT ANGLE,WESTCHESTER,Straight and Level,Clear,,Dry,,Not Applicable,"Other Motor Vehicle, Collision With",2,1009165,36119,850,0.8,18110248.0,6143.2,3354
2024,Property Damage Accident,18:12,2024-08-06,Tuesday,Y,Daylight,WHITE PLAINS,OVERTAKING,WESTCHESTER,Straight and Level,Rain,Yield Sign,Wet,,Not Applicable,"Other Motor Vehicle, Collision With",2,1009165,36119,850,0.8,18110248.0,6143.2,3354
2024,Property Damage Accident,11:12,2024-08-06,Tuesday,Y,Daylight,YORKTOWN,REAR END,WESTCHESTER,Straight and Level,Clear,Traffic Signal,Dry,,Not Applicable,"Other Motor Vehicle, Collision With",2,1009165,36119,850,0.8,18110248.0,6143.2,3354
2024,Property Damage Accident,15:10,2024-08-06,Tuesday,Y,Daylight,CORTLANDT,OVERTAKING,WESTCHESTER,Curve and Level,Rain,Yield Sign,Wet,9 87034003,Not Applicable,"Other Motor Vehicle, Collision With",2,1009165,36119,850,0.8,18110248.0,6143.2,3354
2024,Property Damage & Injury Accident,7:20,2024-08-06,Tuesday,Y,Daylight,YONKERS,OVERTAKING,WESTCHESTER,Straight and Level,Cloudy,,Dry,987F87011035,Not Applicable,"Other Motor Vehicle, Collision With",2,1009165,36119,850,0.8,18110248.0,6143.2,3354
2024,Property Damage & Injury Accident,12:11,2024-08-06,Tuesday,Y,Daylight,YONKERS,RIGHT ANGLE,WESTCHESTER,Straight and Level,Clear,Traffic Signal,Dry,,Not Applicable,"Other Motor Vehicle, Collision With",2,1009165,36119,850,0.8,18110248.0,6143.2,3354
2024,Property Damage Accident,8:32,2024-08-06,Tuesday,Y,Daylight,YONKERS,REAR END,WESTCHESTER,Curve and Grade,Clear,Stop Sign,Dry,,Not Applicable,"Other Motor Vehicle, Collision With",2,1009165,36119,850,0.8,18110248.0,6143.2,3354
2024,Injury Accident,8:40,2024-08-06,Tuesday,Y,Daylight,SCARSDALE,OVERTAKING,WESTCHESTER,Straight and Level,Clear,Traffic Signal,Dry,22 87022051,Not Applicable,"Other Motor Vehicle, Collision With",2,1009165,36119,850,0.8,18110248.0,6143.2,3354
2024,Property Damage & Injury Accident,11:40,2024-08-07,Wednesday,Y,Dark-Road Unlighted,FISHKILL,OTHER,DUTCHESS,Curve and Grade,Rain,No Passing Zone,Wet,9 82051003,Not Applicable,"Overturned, Non-Collision",1,299256,36027,1695,0.8,5987961.0,3975.0,1300
2024,Property Damage Accident,1:59,2024-08-07,Wednesday,Y,Dark-Road Lighted,FISHKILL,Unknown,DUTCHESS,Straight and Level,Rain,,Wet,,Not Applicable,"Other Motor Vehicle, Collision With",2,299256,36027,1695,0.8,5987961.0,3975.0,1300
2024,Property Damage Accident,7:27,2024-08-07,Wednesday,Y,Daylight,POUGHKEEPSIE,OVERTAKING,DUTCHESS,Straight and Level,Rain,,Wet,9 82051137,Not Applicable,"Other Motor Vehicle, Collision With",2,299256,36027,1695,0.8,5987961.0,3975.0,1300
2024,Property Damage & Injury Accident,13:07,2024-08-07,Wednesday,Y,Daylight,GOSHEN,REAR END,ORANGE,Straight and Grade,Cloudy,,Dry,17 83101098,Not Applicable,"Other Motor Vehicle, Collision With",2,415088,36071,4753,2.6,13857119.0,5167.5,1527
2024,Property Damage Accident,20:43,2024-08-07,Wednesday,Y,Dark-Road Lighted,WOODBURY,OTHER,ORANGE,Straight and Level,Rain,Unknown,Wet,,Not Applicable,Deer,1,415088,36071,4753,2.6,13857119.0,5167.5,1527
2024,Property Damage Accident,16:51,2024-08-07,Wednesday,N,Unknown,WALLKILL,Unknown,ORANGE,Unknown,Unknown,Unknown,Unknown,,Not Applicable,"Other Motor Vehicle, Collision With",2,415088,36071,4753,2.6,13857119.0,5167.5,1527
2024,Property Damage & Injury Accident,15:03,2024-08-07,Wednesday,Y,Daylight,WALLKILL,LEFT TURN (3),ORANGE,Straight and Level,Cloudy,Traffic Signal,Dry,,Not Applicable,"Other Motor Vehicle, Collision With",2,415088,36071,4753,2.6,13857119.0,5167.5,1527
2024,Property Damage & Injury Accident,17:31,2024-08-07,Wednesday,Y,Daylight,CORNWALL,REAR END,ORANGE,Straight and Level,Clear,No Passing Zone,Dry,9W83021117,Not Applicable,"Other Motor Vehicle, Collision With",2,415088,36071,4753,2.6,13857119.0,5167.5,1527
2024,Property Damage Accident,13:15,2024-08-07,Wednesday,Y,Daylight,WALLKILL,OVERTAKING,ORANGE,Straight and Level,Cloudy,,Dry,,Not Applicable,"Other Motor Vehicle, Collision With",2,415088,36071,4753,2.6,13857119.0,5167.5,1527
2024,Property Damage Accident,7:44,2024-08-07,Wednesday,Y,Daylight,WALLKILL,OTHER,ORANGE,Straight and Level,Rain,,Wet,302 83011015,Not Applicable,"Other Motor Vehicle, Collision With",2,415088,36071,4753,2.6,13857119.0,5167.5,1527
2024,Property Damage Accident,16:45,2024-08-07,Wednesday,Y,Daylight,SOUTHEAST,REAR END,PUTNAM,Straight and Level,Cloudy,,Dry,684I84021019,Not Applicable,"Other Motor Vehicle, Collision With",2,98842,36079,509,0.7,2746105.0,4089.2,375
2024,Property Damage Accident,21:55,2024-08-07,Wednesday,Y,Dark-Road Lighted,CARMEL,HEAD ON,PUTNAM,Straight and Level,Rain,Traffic Signal,Wet,6N84021044,Not Applicable,"Other Motor Vehicle, Collision With",2,98842,36079,509,0.7,2746105.0,4089.2,375
2024,Property Damage Accident,8:32,2024-08-07,Wednesday,Y,Daylight,CARMEL,OTHER,PUTNAM,Straight and Grade,Rain,,Wet,987G84021048,Not Applicable,"Other Motor Vehicle, Collision With",4,98842,36079,509,0.7,2746105.0,4089.2,375
2024,Property Damage & Injury Accident,21:48,2024-08-07,Wednesday,Y,Dark-Road Lighted,SUFFERN,OVERTAKING,ROCKLAND,Straight and Grade,Rain,,Wet,202 85011008,Not Applicable,"Other Motor Vehicle, Collision With",2,354829,36087,259,0.3,7336134.0,9989.2,886
2024,Property Damage Accident,19:48,2024-08-07,Wednesday,Y,Dusk,CLARKSTOWN,LEFT TURN (3),ROCKLAND,Straight and Level,Rain,Traffic Signal,Wet,9W85011080,Not Applicable,"Other Motor Vehicle, Collision With",2,354829,36087,259,0.3,7336134.0,9989.2,886
2024,Property Damage Accident,8:58,2024-08-07,Wednesday,Y,Daylight,,REAR END,ROCKLAND,Straight and Level,Rain,,Wet,,Not Applicable,"Other Motor Vehicle, Collision With",2,354829,36087,259,0.3,7336134.0,9989.2,886
2024,Property Damage & Injury Accident,15:51,2024-08-07,Wednesday,Y,Daylight,CLARKSTOWN,RIGHT ANGLE,ROCKLAND,Straight and Level,Cloudy,Stop Sign,Wet,,Not Applicable,"Other Motor Vehicle, Collision With",2,354829,36087,259,0.3,7336134.0,9989.2,886
2024,Property Damage Accident,18:55,2024-08-07,Wednesday,Y,Daylight,CLARKSTOWN,REAR END,ROCKLAND,Straight and Grade,Rain,Traffic Signal,Wet,303 85011062,Not Applicable,"Other Motor Vehicle, Collision With",2,354829,36087,259,0.3,7336134.0,9989.2,886
2024,Property Damage Accident,17:20,2024-08-07,Wednesday,Y,Daylight,CLARKSTOWN,LEFT TURN (0),ROCKLAND,Straight and Level,Cloudy,,Dry,,Not Applicable,"Other Motor Vehicle, Collision With",2,354829,36087,259,0.3,7336134.0,9989.2,886
2024,Property Damage Accident,11:49,2024-08-07,Wednesday,Y,Daylight,ORANGETOWN,RIGHT ANGLE,ROCKLAND,Straight and Level,Cloudy,Traffic Signal,Wet,303 85011042,Not Applicable,"Other Motor Vehicle, Collision With",2,354829,36087,259,0.3,7336134.0,9989.2,886
2024,Property Damage Accident,17:19,2024-08-07,Wednesday,Y,Daylight,SHAWANGUNK,OTHER,ULSTER,Straight and Level,Cloudy,No Passing Zone,Dry,,Not Applicable,Deer,1,183095,36111,3565,1.2,6410502.0,3939.4,999
2024,Property Damage Accident,8:10,2024-08-07,Wednesday,Y,Daylight,LLOYD,OTHER,ULSTER,Curve and Level,Rain,,Wet,9W86031086,Not Applicable,"Barrier, Collision With Fixed Object",1,183095,36111,3565,1.2,6410502.0,3939.4,999
2024,Property Damage Accident,8:05,2024-08-07,Wednesday,Y,Daylight,GREENBURGH,REAR END,WESTCHESTER,Straight and Grade,Rain,Traffic Signal,Wet,,Not Applicable,"Other Motor Vehicle, Collision With",2,1009165,36119,850,0.8,18110248.0,6143.2,3354
2024,Property Damage Accident,22:08,2024-08-07,Wednesday,Y,Dark-Road Lighted,HARRISON,OTHER,WESTCHESTER,Straight and Level,Rain,,Wet,,Not Applicable,"Tree, Collision With Fixed Object",1,1009165,36119,850,0.8,18110248.0,6143.2,3354
2024,Property Damage & Injury Accident,7:05,2024-08-07,Wednesday,Y,Daylight,HARRISON,OTHER,WESTCHESTER,Curve and Grade,Rain,,Wet,,Not Applicable,"Guide Rail - Not At End, Collision With Fixed Object",1,1009165,36119,850,0.8,18110248.0,6143.2,3354
2024,Property Damage & Injury Accident,18:00,2024-08-07,Wednesday,Y,Daylight,NEW CASTLE,OTHER,WESTCHESTER,Straight and Level,Cloudy,,Wet,,Not Applicable,"Other Object (Not Fixed)*, Collision With",1,1009165,36119,850,0.8,18110248.0,6143.2,3354
2024,Property Damage & Injury Accident,10:23,2024-08-07,Wednesday,Y,Daylight,YONKERS,LEFT TURN (3),WESTCHESTER,Straight and Level,Rain,Traffic Signal,Wet,100 87011034,Not Applicable,"Other Motor Vehicle, Collision With",2,1009165,36119,850,0.8,18110248.0,6143.2,3354
2024,Property Damage & Injury Accident,14:10,2024-08-07,Wednesday,Y,Daylight,YONKERS,REAR END,WESTCHESTER,Straight and Level,Rain,Traffic Signal,Wet,987F87011010,Not Applicable,"Other Motor Vehicle, Collision With",2,1009165,36119,850,0.8,18110248.0,6143.2,3354
2024,Property Damage Accident,12:40,2024-08-07,Wednesday,Y,Daylight,PORT CHESTER,REAR END,WESTCHESTER,Straight and Level,Rain,,Wet,,Not Applicable,"Other Motor Vehicle, Collision With",2,1009165,36119,850,0.8,18110248.0,6143.2,3354
2024,Property Damage Accident,18:10,2024-08-07,Wednesday,Y,Daylight,BEDFORD,REAR END,WESTCHESTER,Straight and Level,Cloudy,,Wet,987D87012209,Not Applicable,"Other Motor Vehicle, Collision With",2,1009165,36119,850,0.8,18110248.0,6143.2,3354
2024,Property Damage Accident,23:38,2024-08-07,Wednesday,Y,Dark-Road Unlighted,RYE,OTHER,WESTCHESTER,Straight and Level,Rain,,Wet,287I87011107,Not Applicable,"Other Object (Not Fixed)*, Collision With",1,1009165,36119,850,0.8,18110248.0,6143.2,3354
2024,Property Damage Accident,14:00,2024-08-07,Wednesday,N,Unknown,CORTLANDT,Unknown,WESTCHESTER,Unknown,Unknown,Unknown,Unknown,35 87012016,Not Applicable,"Other Motor Vehicle, Collision With",2,1009165,36119,850,0.8,18110248.0,6143.2,3354
2024,Property Damage Accident,0:56,2024-08-08,Thursday,Y,Dark-Road Unlighted,EAST FISHKILL,OTHER,DUTCHESS,Straight and Level,Rain,No Passing Zone,Wet,,Not Applicable,"Tree, Collision With Fixed Object",1,299256,36027,1695,0.8,5987961.0,3975.0,1300
2024,Property Damage Accident,18:45,2024-08-08,Thursday,Y,Daylight,PAWLING,OTHER,DUTCHESS,Curve and Grade,Rain,,Wet,,Not Applicable,"Earth Embankment/Rock Cut/Ditch, Collision With Fixed Object",1,299256,36027,1695,0.8,5987961.0,3975.0,1300
2024,Property Damage & Injury Accident,23:52,2024-08-08,Thursday,Y,Dark-Road Lighted,NEWBURGH,REAR END,ORANGE,Straight and Level,Cloudy,Traffic Signal,Wet,17K83012010,Not Applicable,"Other Motor Vehicle, Collision With",2,415088,36071,4753,2.6,13857119.0,5167.5,1527
2024,Property Damage & Injury Accident,20:30,2024-08-08,Thursday,Y,Dark-Road Lighted,KIRYAS JOEL,OTHER,ORANGE,Straight and Level,Rain,Traffic Signal,Wet,,"Crossing, With Signal","Pedestrian, Collision With",1,415088,36071,4753,2.6,13857119.0,5167.5,1527
2024,Property Damage Accident,17:00,2024-08-08,Thursday,Y,Daylight,CORNWALL,OTHER,ORANGE,Curve and Grade,Rain,,Wet,9W83021055,Not Applicable,"Overturned, Non-Collision",1,415088,36071,4753,2.6,13857119.0,5167.5,1527
2024,Property Damage Accident,11:00,2024-08-08,Thursday,Y,Daylight,NEWBURGH,OVERTAKING,ORANGE,Straight and Grade,Cloudy,,Dry,84I83011378,Not Applicable,"Other Motor Vehicle, Collision With",2,415088,36071,4753,2.6,13857119.0,5167.5,1527
2024,Property Damage Accident,20:15,2024-08-08,Thursday,Y,Dusk,WAWAYANDA,OTHER,ORANGE,Straight and Grade,Cloudy,,Dry,6 83012107,Not Applicable,Deer,1,415088,36071,4753,2.6,13857119.0,5167.5,1527
2024,Property Damage Accident,12:47,2024-08-08,Thursday,Y,Daylight,HIGHLANDS,OTHER,ORANGE,Curve and Grade,Rain,,Wet,6 83012420,Not Applicable,"Guide Rail - Not At End, Collision With Fixed Object",1,415088,36071,4753,2.6,13857119.0,5167.5,1527
2024,Property Damage Accident,8:56,2024-08-08,Thursday,Y,Daylight,CRAWFORD,LEFT TURN (3),ORANGE,Straight and Level,Clear,,Wet,302 83011047,Not Applicable,"Other Motor Vehicle, Collision With",2,415088,36071,4753,2.6,13857119.0,5167.5,1527
2024,Property Damage Accident,18:00,2024-08-08,Thursday,Y,Daylight,PUTNAM VALLEY,OTHER,PUTNAM,Curve and Level,Rain,,Wet,,Not Applicable,"Fence, Collision With Fixed Object",1,98842,36079,509,0.7,2746105.0,4089.2,375
2024,Property Damage Accident,14:04,2024-08-08,Thursday,Y,Daylight,NYACK,RIGHT ANGLE,ROCKLAND,Straight and Level,Cloudy,Stop Sign,Wet,,Not Applicable,"Other Motor Vehicle, Collision With",2,354829,36087,259,0.3,7336134.0,9989.2,886
2024,Property Damage Accident,12:25,2024-08-08,Thursday,Y,Daylight,RAMAPO,REAR END,ROCKLAND,Straight and Level,Rain,Traffic Signal,Wet,45 85011047,Not Applicable,"Other Motor Vehicle, Collision With",2,354829,36087,259,0.3,7336134.0,9989.2,886
2024,Property Damage Accident,17:16,2024-08-08,Thursday,Y,Daylight,CLARKSTOWN,REAR END,ROCKLAND,Straight and Level,Rain,,Wet,987C85011064,Not Applicable,"Other Motor Vehicle, Collision With",2,354829,36087,259,0.3,7336134.0,9989.2,886
2024,Property Damage Accident,16:15,2024-08-08,Thursday,Y,Daylight,CLARKSTOWN,RIGHT TURN (6),ROCKLAND,Straight and Level,Rain,,Wet,,Not Applicable,"Other Motor Vehicle, Collision With",2,354829,36087,259,0.3,7336134.0,9989.2,886
2024,Property Damage Accident,14:23,2024-08-08,Thursday,Y,Daylight,ESOPUS,OTHER,ULSTER,Straight and Grade,Rain,,Wet,9W86031147,Not Applicable,"Guide Rail - Not At End, Collision With Fixed Object",1,183095,36111,3565,1.2,6410502.0,3939.4,999
2024,Property Damage Accident,11:24,2024-08-08,Thursday,Y,Daylight,ULSTER,RIGHT ANGLE,ULSTER,Straight and Level,Cloudy,,Dry,981M86011002,Not Applicable,"Other Motor Vehicle, Collision With",2,183095,36111,3565,1.2,6410502.0,3939.4,999
2024,Property Damage Accident,18:07,2024-08-08,Thursday,Y,Daylight,PORT CHESTER,OVERTAKING,WESTCHESTER,Straight and Level,Rain,,Wet,,Not Applicable,"Other Motor Vehicle, Collision With",2,1009165,36119,850,0.8,18110248.0,6143.2,3354
2024,Property Damage Accident,2:00,2024-08-08,Thursday,N,Dark-Road Unlighted,YONKERS,REAR END,WESTCHESTER,Straight and Level,Clear,RR Crossing Gates,Dry,,Not Applicable,"Other Motor Vehicle, Collision With",2,1009165,36119,850,0.8,18110248.0,6143.2,3354
2024,Property Damage Accident,22:25,2024-08-08,Thursday,Y,Dark-Road Lighted,MOUNT KISCO,REAR END,WESTCHESTER,Straight and Level,Rain,,Wet,117 87011107,Not Applicable,"Other Motor Vehicle, Collision With",2,1009165,36119,850,0.8,18110248.0,6143.2,3354
2024,Property Damage Accident,14:25,2024-08-08,Thursday,Y,Daylight,PORT CHESTER,RIGHT ANGLE,WESTCHESTER,Straight at Hill Crest,Rain,Stop Sign,Wet,,Not Applicable,"Other Motor Vehicle, Collision With",2,1009165,36119,850,0.8,18110248.0,6143.2,3354
2024,Property Damage Accident,17:00,2024-08-08,Thursday,Y,Daylight,YONKERS,OVERTAKING,WESTCHESTER,Straight and Level,Rain,,Wet,987D87011019,Not Applicable,"Other Motor Vehicle, Collision With",2,1009165,36119,850,0.8,18110248.0,6143.2,3354
2024,Injury Accident,9:44,2024-08-08,Thursday,Y,Daylight,NEW ROCHELLE,HEAD ON,WESTCHESTER,Straight and Level,Rain,,Wet,,Not Applicable,"Other Motor Vehicle, Collision With",2,1009165,36119,850,0.8,18110248.0,6143.2,3354
2024,Property Damage Accident,13:16,2024-08-08,Thursday,Y,Daylight,MOUNT VERNON,OTHER,WESTCHESTER,Straight and Level,Rain,,Wet,,Not Applicable,"Other Motor Vehicle, Collision With",3,1009165,36119,850,0.8,18110248.0,6143.2,3354
2024,Property Damage Accident,13:58,2024-08-08,Thursday,Y,Daylight,YORKTOWN,OTHER,WESTCHESTER,Straight and Grade,Rain,,Wet,,Not Applicable,"Light Support/Utility Pole, Collision With Fixed Object",1,1009165,36119,850,0.8,18110248.0,6143.2,3354
2024,Property Damage & Injury Accident,17:31,2024-08-08,Thursday,Y,Daylight,MOUNT PLEASANT,OTHER,WESTCHESTER,Straight and Level,Cloudy,Traffic Signal,Wet,987G87011004,Not Applicable,"Other Motor Vehicle, Collision With",2,1009165,36119,850,0.8,18110248.0,6143.2,3354
2024,Property Damage & Injury Accident,6:48,2024-08-08,Thursday,Y,Daylight,GREENBURGH,LEFT TURN (0),WESTCHESTER,Curve and Level,Cloudy,Stop Sign,Wet,,Not Applicable,"Other Motor Vehicle, Collision With",2,1009165,36119,850,0.8,18110248.0,6143.2,3354
2024,Property Damage Accident,17:35,2024-08-08,Thursday,Y,Daylight,NEW ROCHELLE,LEFT TURN (3),WESTCHESTER,Straight and Level,Rain,Traffic Signal,Wet,1 87032006,Not Applicable,"Other Motor Vehicle, Collision With",2,1009165,36119,850,0.8,18110248.0,6143.2,3354
2024,Property Damage & Injury Accident,13:15,2024-08-08,Thursday,Y,Daylight,CORTLANDT,OTHER,WESTCHESTER,Straight and Level,Rain,No Passing Zone,Wet,,Not Applicable,"Earth Embankment/Rock Cut/Ditch, Collision With Fixed Object",1,1009165,36119,850,0.8,18110248.0,6143.2,3354
2024,Property Damage Accident,14:19,2024-08-08,Thursday,Y,Daylight,YONKERS,Unknown,WESTCHESTER,Straight and Level,Clear,,Dry,,Not Applicable,"Other Motor Vehicle, Collision With",2,1009165,36119,850,0.8,18110248.0,6143.2,3354
2024,Property Damage & Injury Accident,23:00,2024-08-08,Thursday,Y,Dark-Road Unlighted,MOUNT VERNON,OVERTAKING,WESTCHESTER,Curve and Level,Rain,,Wet,,Not Applicable,"Other Motor Vehicle, Collision With",2,1009165,36119,850,0.8,18110248.0,6143.2,3354
2024,Property Damage Accident,9:34,2024-08-08,Thursday,Y,Daylight,HASTINGS ON HUDSON,OTHER,WESTCHESTER,Straight and Level,Cloudy,Unknown,Wet,,Not Applicable,"Other Motor Vehicle, Collision With",2,1009165,36119,850,0.8,18110248.0,6143.2,3354
2024,Property Damage Accident,13:30,2024-08-08,Thursday,Y,Daylight,NEW ROCHELLE,RIGHT ANGLE,WESTCHESTER,Straight and Level,Cloudy,,Dry,,Not Applicable,"Other Motor Vehicle, Collision With",2,1009165,36119,850,0.8,18110248.0,6143.2,3354
2024,Property Damage Accident,22:30,2024-08-09,Friday,Y,Dark-Road Lighted,FISHKILL,LEFT TURN (0),DUTCHESS,Straight and Level,Rain,Traffic Signal,Wet,,Not Applicable,"Other Motor Vehicle, Collision With",2,299256,36027,1695,0.8,5987961.0,3975.0,1300
2024,Property Damage Accident,17:15,2024-08-09,Friday,Y,Daylight,POUGHKEEPSIE,OVERTAKING,DUTCHESS,Straight and Level,Rain,,Wet,,Not Applicable,"Other Motor Vehicle, Collision With",2,299256,36027,1695,0.8,5987961.0,3975.0,1300
2024,Property Damage Accident,11:14,2024-08-09,Friday,Y,Daylight,POUGHKEEPSIE,OVERTAKING,DUTCHESS,Straight and Level,Rain,,Wet,9D82033083,Not Applicable,"Other Motor Vehicle, Collision With",2,299256,36027,1695,0.8,5987961.0,3975.0,1300
2024,Property Damage Accident,8:55,2024-08-09,Friday,Y,Daylight,LA GRANGE,REAR END,DUTCHESS,Straight and Level,Rain,,Wet,55 82032080,Not Applicable,"Other Motor Vehicle, Collision With",2,299256,36027,1695,0.8,5987961.0,3975.0,1300
2024,Property Damage Accident,9:50,2024-08-09,Friday,Y,Daylight,CLINTON,OTHER,DUTCHESS,Straight and Grade,Cloudy,No Passing Zone,Wet,987G82031258,Not Applicable,"Guide Rail - Not At End, Collision With Fixed Object",1,299256,36027,1695,0.8,5987961.0,3975.0,1300
2024,Property Damage Accident,18:20,2024-08-09,Friday,Y,Daylight,GOSHEN,OTHER,ORANGE,Curve and Level,Rain,,Wet,17 83101127,Not Applicable,"Earth Embankment/Rock Cut/Ditch, Collision With Fixed Object",1,415088,36071,4753,2.6,13857119.0,5167.5,1527
2024,Property Damage Accident,9:36,2024-08-09,Friday,Y,Daylight,MONTGOMERY,LEFT TURN (3),ORANGE,Straight and Level,Cloudy,Traffic Signal,Wet,208 83011170,Not Applicable,"Other Motor Vehicle, Collision With",2,415088,36071,4753,2.6,13857119.0,5167.5,1527
2024,Property Damage Accident,11:06,2024-08-09,Friday,Y,Daylight,MONTGOMERY,REAR END,ORANGE,Straight and Level,Cloudy,Traffic Signal,Wet,,Not Applicable,"Other Motor Vehicle, Collision With",2,415088,36071,4753,2.6,13857119.0,5167.5,1527
2024,Property Damage & Injury Accident,17:11,2024-08-09,Friday,Y,Daylight,NEWBURGH,OVERTAKING,ORANGE,Straight and Level,Rain,,Wet,32 83013004,Not Applicable,"Other Motor Vehicle, Collision With",2,415088,36071,4753,2.6,13857119.0,5167.5,1527
2024,Property Damage Accident,13:19,2024-08-09,Friday,Y,Daylight,CARMEL,RIGHT ANGLE,PUTNAM,Straight and Grade,Clear,Stop Sign,Dry,6 84041089,Not Applicable,"Other Motor Vehicle, Collision With",2,98842,36079,509,0.7,2746105.0,4089.2,375
2024,Property Damage Accident,22:57,2024-08-09,Friday,Y,Dark-Road Unlighted,KENT,OTHER,PUTNAM,Straight and Level,Rain,No Passing Zone,Wet,52 84051041,Not Applicable,"Sign Post, Collision With Fixed Object",1,98842,36079,509,0.7,2746105.0,4089.2,375
2024,Property Damage Accident,13:42,2024-08-09,Friday,Y,Daylight,CARMEL,OTHER,PUTNAM,Straight and Level,Rain,,Wet,,Not Applicable,"Tree, Collision With Fixed Object",1,98842,36079,509,0.7,2746105.0,4089.2,375
2024,Property Damage Accident,11:40,2024-08-09,Friday,Y,Daylight,CLARKSTOWN,OTHER,ROCKLAND,Straight and Level,Cloudy,,Dry,987C85011087,Not Applicable,"Tree, Collision With Fixed Object",1,354829,36087,259,0.3,7336134.0,9989.2,886
2024,Property Damage Accident,12:15,2024-08-09,Friday,Y,Daylight,NYACK,REAR END,ROCKLAND,Straight and Level,Cloudy,,Wet,59 85011140,Not Applicable,"Other Motor Vehicle, Collision With",2,354829,36087,259,0.3,7336134.0,9989.2,886
2024,Property Damage Accident,14:25,2024-08-09,Friday,Y,Daylight,RAMAPO,SIDESWIPE,ROCKLAND,Straight and Level,Rain,,Wet,,Not Applicable,"Other Motor Vehicle, Collision With",2,354829,36087,259,0.3,7336134.0,9989.2,886
2024,Property Damage Accident,16:08,2024-08-09,Friday,Y,Daylight,SLOATSBURG,REAR END,ROCKLAND,Straight and Level,Cloudy,,Wet,17 85111031,Not Applicable,"Other Motor Vehicle, Collision With",2,354829,36087,259,0.3,7336134.0,9989.2,886
2024,Property Damage Accident,18:00,2024-08-09,Friday,Y,Daylight,HAVERSTRAW,OTHER,ROCKLAND,Curve and Level,Rain,,Wet,987C85011161,Not Applicable,"Tree, Collision With Fixed Object",1,354829,36087,259,0.3,7336134.0,9989.2,886
2024,Property Damage Accident,10:35,2024-08-09,Friday,Y,Daylight,STONY POINT,REAR END,ROCKLAND,Straight and Level,Rain,,Wet,987C85011212,Not Applicable,"Other Motor Vehicle, Collision With",2,354829,36087,259,0.3,7336134.0,9989.2,886
2024,Property Damage Accident,18:53,2024-08-09,Friday,Y,Daylight,CLARKSTOWN,REAR END,ROCKLAND,Straight and Level,Rain,,Wet,,Not Applicable,"Other Motor Vehicle, Collision With",2,354829,36087,259,0.3,7336134.0,9989.2,886
2024,Property Damage Accident,14:55,2024-08-09,Friday,Y,Daylight,HAVERSTRAW,REAR END,ROCKLAND,Straight and Grade,Rain,Traffic Signal,Wet,202 85011110,Not Applicable,"Other Motor Vehicle, Collision With",2,354829,36087,259,0.3,7336134.0,9989.2,886
2024,Property Damage Accident,15:10,2024-08-09,Friday,Y,Daylight,CLARKSTOWN,REAR END,ROCKLAND,Straight and Level,Rain,,Wet,,Not Applicable,"Other Motor Vehicle, Collision With",2,354829,36087,259,0.3,7336134.0,9989.2,886
2024,Property Damage Accident,19:19,2024-08-09,Friday,Y,Daylight,SPRING VALLEY,OVERTAKING,ROCKLAND,Straight and Level,Rain,Traffic Signal,Wet,45 85011033,Not Applicable,"Other Motor Vehicle, Collision With",2,354829,36087,259,0.3,7336134.0,9989.2,886
2024,Property Damage & Injury Accident,12:05,2024-08-09,Friday,Y,Daylight,KINGSTON,SIDESWIPE,ULSTER,Curve at Hill Crest,Clear,,Wet,,Not Applicable,"Other Motor Vehicle, Collision With",2,183095,36111,3565,1.2,6410502.0,3939.4,999
2024,Property Damage Accident,7:40,2024-08-09,Friday,Y,Daylight,YONKERS,REAR END,WESTCHESTER,Straight and Level,Rain,,Wet,,Not Applicable,"Other Motor Vehicle, Collision With",2,1009165,36119,850,0.8,18110248.0,6143.2,3354