year,accident_descriptor,time,date,day_of_week,police_report,lighting_conditions,municipality,collision_type_descriptor,county_name,road_descriptor,weather_conditions,traffic_control_device,road_surface_conditions,dot_reference_marker_location,pedestrian_bicyclist_action,event_descriptor,number_of_vehicles_involved,county_population_2024,county_fips,county_deer_take_2024,county_antlerless_deer_per_sqmi_2024,county_daily_vmt_2019,county_mean_aadt_2019,county_aadt_segments_2019
2024,Property Damage Accident,10:01,2024-08-09,Friday,Y,Daylight,PORT CHESTER,RIGHT ANGLE,WESTCHESTER,Straight and Level,Cloudy,Traffic Signal,Wet,,Not Applicable,"Other Motor Vehicle, Collision With",2,1009165,36119,850,0.8,18110248.0,6143.2,3354
2024,Property Damage & Injury Accident,16:05,2024-08-09,Friday,Y,Daylight,MOUNT VERNON,REAR END,WESTCHESTER,Straight and Level,Cloudy,,Dry,,Not Applicable,"Other Motor Vehicle, Collision With",2,1009165,36119,850,0.8,18110248.0,6143.2,3354
2024,Property Damage Accident,20:00,2024-08-09,Friday,Y,Dark-Road Lighted,NEW ROCHELLE,REAR END,WESTCHESTER,Straight and Level,Cloudy,Traffic Signal,Wet,,Not Applicable,"Other Motor Vehicle, Collision With",2,1009165,36119,850,0.8,18110248.0,6143.2,3354
2024,Property Damage Accident,20:47,2024-08-09,Friday,Y,Dark-Road Lighted,OSSINING,REAR END,WESTCHESTER,Straight and Level,Rain,,Wet,,Not Applicable,"Other Motor Vehicle, Collision With",2,1009165,36119,850,0.8,18110248.0,6143.2,3354
2024,Property Damage Accident,6:31,2024-08-09,Friday,Y,Daylight,PELHAM MANOR,OVERTAKING,WESTCHESTER,Straight and Level,Cloudy,Traffic Signal,Wet,1 87031001,Not Applicable,"Other Motor Vehicle, Collision With",2,1009165,36119,850,0.8,18110248.0,6143.2,3354
2024,Property Damage & Injury Accident,14:50,2024-08-09,Friday,Y,Daylight,YONKERS,OTHER,WESTCHESTER,Straight and Level,Cloudy,,Dry,,Not Applicable,"Tree, Collision With Fixed Object",1,1009165,36119,850,0.8,18110248.0,6143.2,3354
2024,Property Damage Accident,20:44,2024-08-09,Friday,Y,Dark-Road Lighted,YONKERS,OTHER,WESTCHESTER,Straight and Level,Rain,,Wet,,Not Applicable,"Other Motor Vehicle, Collision With",3,1009165,36119,850,0.8,18110248.0,6143.2,3354
2024,Property Damage Accident,13:45,2024-08-09,Friday,Y,Daylight,CORTLANDT,OTHER,WESTCHESTER,Curve and Level,Rain,No Passing Zone,Wet,,Not Applicable,"Tree, Collision With Fixed Object",1,1009165,36119,850,0.8,18110248.0,6143.2,3354
2024,Property Damage Accident,6:49,2024-08-09,Friday,Y,Daylight,NORTH CASTLE,OTHER,WESTCHESTER,Straight and Level,Rain,,Wet,,Not Applicable,"Other Object (Not Fixed)*, Collision With",1,1009165,36119,850,0.8,18110248.0,6143.2,3354
2024,Property Damage Accident,21:43,2024-08-09,Friday,Y,Dark-Road Lighted,YORKTOWN,OTHER,WESTCHESTER,Straight and Level,Rain,Stop Sign,Wet,132 87011028,Not Applicable,"Other Motor Vehicle, Collision With",2,1009165,36119,850,0.8,18110248.0,6143.2,3354
2024,Property Damage Accident,10:15,2024-08-09,Friday,Y,Daylight,BEDFORD,RIGHT ANGLE,WESTCHESTER,Curve and Level,Rain,Stop Sign,Wet,35 87012151,Not Applicable,"Other Motor Vehicle, Collision With",2,1009165,36119,850,0.8,18110248.0,6143.2,3354
2024,Property Damage Accident,6:59,2024-08-09,Friday,Y,Daylight,NEW ROCHELLE,OTHER,WESTCHESTER,Curve and Level,Rain,,Wet,907W87022008,Not Applicable,"Median - Not At End, Collision With Fixed Object",1,1009165,36119,850,0.8,18110248.0,6143.2,3354
2024,Property Damage Accident,8:27,2024-08-09,Friday,Y,Daylight,YORKTOWN,REAR END,WESTCHESTER,Straight and Level,Rain,Traffic Signal,Wet,35 87012042,Not Applicable,"Other Motor Vehicle, Collision With",2,1009165,36119,850,0.8,18110248.0,6143.2,3354
2024,Property Damage Accident,22:15,2024-08-09,Friday,Y,Dark-Road Unlighted,GREENBURGH,LEFT TURN (3),WESTCHESTER,Straight and Level,Rain,Stop Sign,Wet,,Not Applicable,"Other Motor Vehicle, Collision With",2,1009165,36119,850,0.8,18110248.0,6143.2,3354
2024,Property Damage & Injury Accident,11:00,2024-08-09,Friday,Y,Daylight,YONKERS,OTHER,WESTCHESTER,Straight and Level,Cloudy,Traffic Signal,Wet,987D87011047,Not Applicable,"Other Motor Vehicle, Collision With",3,1009165,36119,850,0.8,18110248.0,6143.2,3354
2024,Injury Accident,18:16,2024-08-09,Friday,Y,Daylight,BRONXVILLE,OTHER,WESTCHESTER,Straight and Level,Rain,Traffic Signal,Wet,,"Crossing, With Signal","Pedestrian, Collision With",1,1009165,36119,850,0.8,18110248.0,6143.2,3354
2024,Property Damage & Injury Accident,12:45,2024-08-09,Friday,Y,Daylight,YONKERS,SIDESWIPE,WESTCHESTER,Curve and Grade,Cloudy,,Dry,,Not Applicable,"Other Motor Vehicle, Collision With",2,1009165,36119,850,0.8,18110248.0,6143.2,3354
2024,Property Damage Accident,13:31,2024-08-10,Saturday,Y,Daylight,EAST FISHKILL,OTHER,DUTCHESS,Straight and Level,Clear,,Dry,84I82021104,Not Applicable,"Guide Rail - End, Collision With Fixed Object",1,299256,36027,1695,0.8,5987961.0,3975.0,1300
2024,Property Damage Accident,16:54,2024-08-10,Saturday,Y,Daylight,EAST FISHKILL,LEFT TURN (3),DUTCHESS,Straight and Level,Clear,Traffic Signal,Dry,,Not Applicable,"Other Motor Vehicle, Collision With",2,299256,36027,1695,0.8,5987961.0,3975.0,1300
2024,Property Damage Accident,5:03,2024-08-10,Saturday,Y,Dark-Road Unlighted,LA GRANGE,OTHER,DUTCHESS,Straight and Level,Fog/Smog/Smoke,,Wet,987G82031149,Not Applicable,"Sign Post, Collision With Fixed Object",1,299256,36027,1695,0.8,5987961.0,3975.0,1300
2024,Property Damage Accident,14:09,2024-08-10,Saturday,Y,Daylight,TUXEDO,OVERTAKING,ORANGE,Straight and Level,Clear,,Dry,,Not Applicable,"Other Motor Vehicle, Collision With",2,415088,36071,4753,2.6,13857119.0,5167.5,1527
2024,Property Damage Accident,11:50,2024-08-10,Saturday,Y,Daylight,HIGHLANDS,OVERTAKING,ORANGE,Curve and Level,Clear,Yield Sign,Dry,6 83012408,Not Applicable,"Other Motor Vehicle, Collision With",2,415088,36071,4753,2.6,13857119.0,5167.5,1527
2024,Property Damage Accident,18:56,2024-08-10,Saturday,Y,Daylight,NEWBURGH,SIDESWIPE,ORANGE,Straight and Level,Clear,Traffic Signal,Dry,,Not Applicable,"Other Motor Vehicle, Collision With",2,415088,36071,4753,2.6,13857119.0,5167.5,1527
2024,Property Damage Accident,16:30,2024-08-10,Saturday,Y,Daylight,MINISINK,OTHER,ORANGE,Curve and Level,Clear,No Passing Zone,Dry,284 83011014,Not Applicable,Deer,1,415088,36071,4753,2.6,13857119.0,5167.5,1527
2024,Property Damage Accident,11:42,2024-08-10,Saturday,Y,Daylight,MONROE,OTHER,ORANGE,Straight and Level,Clear,Police/Fire Emergency,Dry,17M83013175,Not Applicable,"Other Motor Vehicle, Collision With",2,415088,36071,4753,2.6,13857119.0,5167.5,1527
2024,Fatal Accident,19:50,2024-08-10,Saturday,Y,Daylight,WALLKILL,OTHER,ORANGE,Straight and Grade,Clear,,Dry,17 83101092,Not Applicable,"Guide Rail - End, Collision With Fixed Object",1,415088,36071,4753,2.6,13857119.0,5167.5,1527
2024,Property Damage Accident,16:14,2024-08-10,Saturday,Y,Daylight,NEWBURGH,RIGHT ANGLE,ORANGE,Straight and Level,Clear,,Dry,,Not Applicable,"Other Motor Vehicle, Collision With",2,415088,36071,4753,2.6,13857119.0,5167.5,1527
2024,Property Damage Accident,21:33,2024-08-10,Saturday,Y,Dark-Road Unlighted,WALLKILL,OVERTAKING,ORANGE,Curve and Grade,Cloudy,Traffic Signal,Dry,,Not Applicable,"Other Motor Vehicle, Collision With",2,415088,36071,4753,2.6,13857119.0,5167.5,1527
2024,Property Damage Accident,6:26,2024-08-10,Saturday,Y,Daylight,PHILLIPSTOWN,OTHER,PUTNAM,Straight and Level,Clear,,Wet,9D84021010,Not Applicable,"Earth Embankment/Rock Cut/Ditch, Collision With Fixed Object",1,98842,36079,509,0.7,2746105.0,4089.2,375
2024,Property Damage Accident,12:01,2024-08-10,Saturday,Y,Daylight,,REAR END,ROCKLAND,Straight and Level,Clear,,Dry,,Not Applicable,"Other Motor Vehicle, Collision With",2,354829,36087,259,0.3,7336134.0,9989.2,886
2024,Property Damage Accident,0:35,2024-08-10,Saturday,Y,Dark-Road Lighted,SPRING VALLEY,RIGHT ANGLE,ROCKLAND,Straight and Grade,Rain,Traffic Signal,Wet,,Not Applicable,"Other Motor Vehicle, Collision With",2,354829,36087,259,0.3,7336134.0,9989.2,886
2024,Property Damage Accident,6:10,2024-08-10,Saturday,Y,Dawn,ORANGETOWN,RIGHT ANGLE,ROCKLAND,Straight and Level,Clear,Stop Sign,Wet,,Not Applicable,"Other Motor Vehicle, Collision With",2,354829,36087,259,0.3,7336134.0,9989.2,886
2024,Property Damage & Injury Accident,18:56,2024-08-10,Saturday,Y,Daylight,CLARKSTOWN,OTHER,ROCKLAND,Straight and Level,Clear,,Dry,,Not Applicable,"Other Motor Vehicle, Collision With",3,354829,36087,259,0.3,7336134.0,9989.2,886
2024,Property Damage Accident,23:35,2024-08-10,Saturday,Y,Dark-Road Lighted,CLARKSTOWN,RIGHT ANGLE,ROCKLAND,Straight at Hill Crest,Rain,Traffic Signal,Wet,,Not Applicable,"Other Motor Vehicle, Collision With",2,354829,36087,259,0.3,7336134.0,9989.2,886
2024,Property Damage Accident,3:04,2024-08-10,Saturday,Y,Dark-Road Lighted,CLARKSTOWN,OTHER,ROCKLAND,Curve and Level,Cloudy,,Wet,,Not Applicable,"Earth Embankment/Rock Cut/Ditch, Collision With Fixed Object",1,354829,36087,259,0.3,7336134.0,9989.2,886
2024,Property Damage Accident,13:52,2024-08-10,Saturday,Y,Daylight,MONTEBELLO,OVERTAKING,ROCKLAND,Straight and Level,Clear,,Dry,,Not Applicable,"Other Motor Vehicle, Collision With",2,354829,36087,259,0.3,7336134.0,9989.2,886
2024,Property Damage Accident,13:00,2024-08-10,Saturday,Y,Daylight,MONTEBELLO,RIGHT ANGLE,ROCKLAND,Straight and Grade,Clear,Traffic Signal,Dry,,Not Applicable,"Other Motor Vehicle, Collision With",2,354829,36087,259,0.3,7336134.0,9989.2,886
2024,Property Damage Accident,18:47,2024-08-10,Saturday,Y,Daylight,WAWARSING,OTHER,ULSTER,Straight and Level,Clear,No Passing Zone,Dry,55 86021146,Not Applicable,"Animal, Collision With",1,183095,36111,3565,1.2,6410502.0,3939.4,999
2024,Injury Accident,13:30,2024-08-10,Saturday,Y,Daylight,YONKERS,RIGHT TURN (5),WESTCHESTER,Straight and Level,Clear,Stop Sign,Dry,,Not Applicable,"Other Motor Vehicle, Collision With",2,1009165,36119,850,0.8,18110248.0,6143.2,3354
2024,Property Damage Accident,17:38,2024-08-10,Saturday,Y,Daylight,YORKTOWN,OTHER,WESTCHESTER,Curve and Level,Clear,,Dry,134 87011045,Not Applicable,"Light Support/Utility Pole, Collision With Fixed Object",1,1009165,36119,850,0.8,18110248.0,6143.2,3354
2024,Property Damage Accident,15:46,2024-08-10,Saturday,Y,Daylight,WHITE PLAINS,RIGHT ANGLE,WESTCHESTER,Straight and Level,Clear,Traffic Signal,Dry,,Not Applicable,"Other Motor Vehicle, Collision With",2,1009165,36119,850,0.8,18110248.0,6143.2,3354
2024,Property Damage Accident,12:23,2024-08-10,Saturday,Y,Daylight,HARRISON,OVERTAKING,WESTCHESTER,Straight and Level,Clear,,Dry,,Not Applicable,"Other Motor Vehicle, Collision With",2,1009165,36119,850,0.8,18110248.0,6143.2,3354
2024,Property Damage Accident,0:45,2024-08-10,Saturday,Y,Dark-Road Lighted,PORT CHESTER,OTHER,WESTCHESTER,Straight and Level,Rain,,Wet,1 87035007,Not Applicable,"Ran Off Roadway Only, Non-Collision",1,1009165,36119,850,0.8,18110248.0,6143.2,3354
2024,Property Damage Accident,5:05,2024-08-10,Saturday,Y,Dawn,BRONXVILLE,OTHER,WESTCHESTER,Straight and Level,Clear,,Wet,,Not Applicable,"Light Support/Utility Pole, Collision With Fixed Object",1,1009165,36119,850,0.8,18110248.0,6143.2,3354
2024,Property Damage Accident,19:15,2024-08-10,Saturday,Y,Daylight,YONKERS,OTHER,WESTCHESTER,Straight and Level,Clear,Traffic Signal,Dry,983C87011005,Not Applicable,"Other Motor Vehicle, Collision With",3,1009165,36119,850,0.8,18110248.0,6143.2,3354
2024,Property Damage Accident,12:12,2024-08-10,Saturday,Y,Daylight,BRONXVILLE,OVERTAKING,WESTCHESTER,Straight and Level,Clear,,Dry,,Not Applicable,"Other Motor Vehicle, Collision With",2,1009165,36119,850,0.8,18110248.0,6143.2,3354
2024,Property Damage Accident,14:44,2024-08-11,Sunday,Y,Daylight,WAPPINGER,REAR END,DUTCHESS,Straight and Level,Clear,Traffic Signal,Dry,9 82051066,Not Applicable,"Other Motor Vehicle, Collision With",2,299256,36027,1695,0.8,5987961.0,3975.0,1300
2024,Property Damage Accident,14:00,2024-08-11,Sunday,Y,Daylight,WALLKILL,OTHER,ORANGE,Straight and Level,Clear,Traffic Signal,Dry,,Not Applicable,"Other Motor Vehicle, Collision With",3,415088,36071,4753,2.6,13857119.0,5167.5,1527
2024,Property Damage Accident,16:25,2024-08-11,Sunday,Y,Daylight,TUXEDO,REAR END,ORANGE,Straight and Level,Clear,,Dry,,Not Applicable,"Other Motor Vehicle, Collision With",2,415088,36071,4753,2.6,13857119.0,5167.5,1527
2024,Property Damage Accident,15:18,2024-08-11,Sunday,Y,Daylight,MONROE,REAR END,ORANGE,Straight and Level,Clear,Traffic Signal,Dry,,Not Applicable,"Other Motor Vehicle, Collision With",2,415088,36071,4753,2.6,13857119.0,5167.5,1527
2024,Property Damage Accident,12:31,2024-08-11,Sunday,Y,Daylight,NEWBURGH,OVERTAKING,ORANGE,Straight and Grade,Clear,,Dry,300 83021071,Not Applicable,"Other Motor Vehicle, Collision With",2,415088,36071,4753,2.6,13857119.0,5167.5,1527
2024,Property Damage Accident,20:41,2024-08-11,Sunday,Y,Dark-Road Lighted,NEWBURGH,RIGHT ANGLE,ORANGE,Straight and Level,Clear,,Dry,,Not Applicable,"Other Motor Vehicle, Collision With",2,415088,36071,4753,2.6,13857119.0,5167.5,1527
2024,Property Damage Accident,16:40,2024-08-11,Sunday,Y,Daylight,BLOOMING GROVE,OTHER,ORANGE,Curve and Grade,Clear,No Passing Zone,Dry,94 83011222,Not Applicable,"Other Object (Not Fixed)*, Collision With",1,415088,36071,4753,2.6,13857119.0,5167.5,1527
2024,Fatal Accident,21:15,2024-08-11,Sunday,Y,Dark-Road Lighted,BLOOMING GROVE,OTHER,ORANGE,Straight and Level,Clear,No Passing Zone,Dry,,Not Applicable,"Other Object (Not Fixed)*, Collision With",1,415088,36071,4753,2.6,13857119.0,5167.5,1527
2024,Property Damage & Injury Accident,10:05,2024-08-11,Sunday,Y,Daylight,PATTERSON,OTHER,PUTNAM,Straight and Level,Clear,,Dry,84I84031052,Not Applicable,"Guide Rail - End, Collision With Fixed Object",1,98842,36079,509,0.7,2746105.0,4089.2,375
2024,Property Damage Accident,17:40,2024-08-11,Sunday,Y,Daylight,CLARKSTOWN,OTHER,ROCKLAND,Straight and Level,Clear,,Dry,,Not Applicable,"Animal, Collision With",1,354829,36087,259,0.3,7336134.0,9989.2,886
2024,Property Damage & Injury Accident,13:58,2024-08-11,Sunday,Y,Daylight,STONY POINT,OTHER,ROCKLAND,Straight and Level,Clear,,Dry,987C85011221,Not Applicable,"Guide Rail - End, Collision With Fixed Object",1,354829,36087,259,0.3,7336134.0,9989.2,886
2024,Property Damage Accident,21:13,2024-08-11,Sunday,Y,Dark-Road Lighted,CLARKSTOWN,SIDESWIPE,ROCKLAND,Straight and Level,Clear,Traffic Signal,Dry,,Not Applicable,"Other Motor Vehicle, Collision With",2,354829,36087,259,0.3,7336134.0,9989.2,886
2024,Property Damage Accident,20:36,2024-08-11,Sunday,Y,Dusk,SHAWANGUNK,RIGHT ANGLE,ULSTER,Straight and Level,Clear,,Dry,,Not Applicable,"Other Motor Vehicle, Collision With",2,183095,36111,3565,1.2,6410502.0,3939.4,999
2024,Property Damage Accident,10:53,2024-08-11,Sunday,Y,Daylight,ULSTER,OTHER,ULSTER,Straight and Level,Clear,,Dry,981M86011000,Not in Roadway (Indicate),"Bicyclist, Collision With",1,183095,36111,3565,1.2,6410502.0,3939.4,999
2024,Property Damage Accident,4:35,2024-08-11,Sunday,Y,Dark-Road Lighted,KINGSTON,OTHER,ULSTER,Straight and Level,Clear,,Dry,,Not Applicable,"Other Motor Vehicle, Collision With",3,183095,36111,3565,1.2,6410502.0,3939.4,999
2024,Property Damage Accident,13:20,2024-08-11,Sunday,N,Daylight,HASTINGS ON HUDSON,Unknown,WESTCHESTER,Curve and Grade,Clear,Stop Sign,Dry,,Not Applicable,"Other Motor Vehicle, Collision With",2,1009165,36119,850,0.8,18110248.0,6143.2,3354
2024,Property Damage Accident,11:07,2024-08-11,Sunday,Y,Daylight,NEW ROCHELLE,OTHER,WESTCHESTER,Straight and Level,Cloudy,,Dry,,Not Applicable,"Other Motor Vehicle, Collision With",3,1009165,36119,850,0.8,18110248.0,6143.2,3354
2024,Property Damage & Injury Accident,14:11,2024-08-11,Sunday,Y,Daylight,YONKERS,REAR END,WESTCHESTER,Curve and Grade,Cloudy,,Dry,,Not Applicable,"Other Motor Vehicle, Collision With",2,1009165,36119,850,0.8,18110248.0,6143.2,3354
2024,Property Damage Accident,14:56,2024-08-11,Sunday,Y,Daylight,BRIARCLIFF MANOR,OVERTAKING,WESTCHESTER,Straight and Level,Clear,,Dry,987G87011061,Not Applicable,"Other Motor Vehicle, Collision With",2,1009165,36119,850,0.8,18110248.0,6143.2,3354
2024,Property Damage & Injury Accident,3:30,2024-08-11,Sunday,N,Unknown,MOUNT VERNON,Unknown,WESTCHESTER,Unknown,Unknown,Unknown,Unknown,,Not Applicable,"Other Motor Vehicle, Collision With",2,1009165,36119,850,0.8,18110248.0,6143.2,3354
2024,Property Damage & Injury Accident,17:56,2024-08-11,Sunday,Y,Daylight,CORTLANDT,LEFT TURN (3),WESTCHESTER,Straight and Level,Clear,,Dry,6 87033021,Not Applicable,"Other Motor Vehicle, Collision With",2,1009165,36119,850,0.8,18110248.0,6143.2,3354
2024,Property Damage Accident,9:16,2024-08-12,Monday,Y,Daylight,MONROE,RIGHT TURN (5),ORANGE,Straight and Level,Clear,,Dry,17M83013176,Not Applicable,"Other Motor Vehicle, Collision With",2,415088,36071,4753,2.6,13857119.0,5167.5,1527
2024,Property Damage Accident,16:35,2024-08-12,Monday,Y,Daylight,WALLKILL,REAR END,ORANGE,Curve and Grade,Cloudy,Traffic Signal,Dry,,Not Applicable,"Other Motor Vehicle, Collision With",2,415088,36071,4753,2.6,13857119.0,5167.5,1527
2024,Property Damage Accident,11:45,2024-08-12,Monday,Y,Daylight,TUXEDO,OTHER,ORANGE,Curve and Grade,Clear,No Passing Zone,Dry,,Not Applicable,"Tree, Collision With Fixed Object",1,415088,36071,4753,2.6,13857119.0,5167.5,1527
2024,Property Damage Accident,17:50,2024-08-12,Monday,Y,Daylight,HIGHLANDS,OVERTAKING,ORANGE,Curve and Level,Cloudy,,Dry,,Not Applicable,"Other Motor Vehicle, Collision With",2,415088,36071,4753,2.6,13857119.0,5167.5,1527
2024,Property Damage Accident,18:05,2024-08-12,Monday,Y,Daylight,WAWAYANDA,RIGHT ANGLE,ORANGE,Straight and Grade,Clear,Stop Sign,Dry,,Not Applicable,"Other Motor Vehicle, Collision With",2,415088,36071,4753,2.6,13857119.0,5167.5,1527
2024,Property Damage Accident,12:15,2024-08-12,Monday,Y,Daylight,CHESTER,REAR END,ORANGE,Straight and Grade,Cloudy,,Dry,17 83101165,Not Applicable,"Other Motor Vehicle, Collision With",2,415088,36071,4753,2.6,13857119.0,5167.5,1527
2024,Injury Accident,0:00,2024-08-12,Monday,N,Daylight,MONROE,RIGHT ANGLE,ORANGE,Straight and Level,Clear,Stop Sign,Dry,,Not Applicable,"Other Motor Vehicle, Collision With",2,415088,36071,4753,2.6,13857119.0,5167.5,1527
2024,Property Damage Accident,9:30,2024-08-12,Monday,N,Unknown,RAMAPO,OTHER,ROCKLAND,Unknown,Unknown,Unknown,Unknown,,Not Applicable,"Light Support/Utility Pole, Collision With Fixed Object",1,354829,36087,259,0.3,7336134.0,9989.2,886
2024,Property Damage & Injury Accident,9:18,2024-08-12,Monday,Y,Daylight,RAMAPO,OVERTAKING,ROCKLAND,Straight and Level,Clear,,Dry,17 85111022,Not Applicable,"Other Motor Vehicle, Collision With",2,354829,36087,259,0.3,7336134.0,9989.2,886
2024,Property Damage Accident,12:55,2024-08-12,Monday,Y,Daylight,SHANDAKEN,OVERTAKING,ULSTER,Straight and Grade,Clear,,Dry,,Not Applicable,"Other Motor Vehicle, Collision With",2,183095,36111,3565,1.2,6410502.0,3939.4,999
2024,Property Damage Accident,1:50,2024-08-12,Monday,Y,Dark-Road Unlighted,GARDINER,OTHER,ULSTER,Straight and Level,Clear,,Dry,,Not Applicable,"Other Motor Vehicle, Collision With",2,183095,36111,3565,1.2,6410502.0,3939.4,999
2024,Property Damage Accident,15:37,2024-08-12,Monday,Y,Daylight,LLOYD,OVERTAKING,ULSTER,Straight and Level,Clear,,Dry,9W86031124,Not Applicable,"Other Motor Vehicle, Collision With",2,183095,36111,3565,1.2,6410502.0,3939.4,999
2024,Property Damage Accident,11:00,2024-08-12,Monday,N,Unknown,YORKTOWN,Unknown,WESTCHESTER,Unknown,Unknown,Unknown,Unknown,,Not Applicable,"Other Motor Vehicle, Collision With",2,1009165,36119,850,0.8,18110248.0,6143.2,3354
2024,Property Damage & Injury Accident,14:50,2024-08-12,Monday,Y,Daylight,NEW ROCHELLE,LEFT TURN (3),WESTCHESTER,Straight at Hill Crest,Cloudy,Traffic Signal,Dry,,Not Applicable,"Other Motor Vehicle, Collision With",2,1009165,36119,850,0.8,18110248.0,6143.2,3354
2024,Property Damage Accident,11:05,2024-08-12,Monday,Y,Daylight,GREENBURGH,OTHER,WESTCHESTER,Straight and Level,Clear,,Dry,,Not Applicable,"Other Fixed Object*, Collision With Fixed Object",1,1009165,36119,850,0.8,18110248.0,6143.2,3354
2024,Property Damage Accident,7:45,2024-08-12,Monday,Y,Daylight,NEW CASTLE,OTHER,WESTCHESTER,Straight and Level,Clear,,Dry,128 87011045,Not Applicable,Deer,1,1009165,36119,850,0.8,18110248.0,6143.2,3354
2024,Injury Accident,22:56,2024-08-12,Monday,Y,Dark-Road Lighted,WHITE PLAINS,OVERTAKING,WESTCHESTER,Straight and Grade,Clear,,Dry,22 87023007,Not Applicable,"Other Motor Vehicle, Collision With",2,1009165,36119,850,0.8,18110248.0,6143.2,3354
2024,Property Damage & Injury Accident,18:36,2024-08-12,Monday,Y,Daylight,NEW ROCHELLE,OTHER,WESTCHESTER,Straight and Level,Clear,,Dry,,Not Applicable,"Other Motor Vehicle, Collision With",2,1009165,36119,850,0.8,18110248.0,6143.2,3354
2024,Property Damage Accident,8:13,2024-08-12,Monday,Y,Daylight,MOUNT PLEASANT,OVERTAKING,WESTCHESTER,Straight and Level,Clear,No Passing Zone,Dry,,Not Applicable,"Other Motor Vehicle, Collision With",2,1009165,36119,850,0.8,18110248.0,6143.2,3354
2024,Property Damage Accident,9:05,2024-08-12,Monday,Y,Daylight,BRIARCLIFF MANOR,OTHER,WESTCHESTER,Curve and Level,Clear,,Dry,,Not Applicable,"Guide Rail - Not At End, Collision With Fixed Object",1,1009165,36119,850,0.8,18110248.0,6143.2,3354
2024,Property Damage Accident,14:45,2024-08-12,Monday,Y,Daylight,GREENBURGH,OVERTAKING,WESTCHESTER,Straight and Level,Cloudy,,Dry,100 87012002,Not Applicable,"Other Motor Vehicle, Collision With",2,1009165,36119,850,0.8,18110248.0,6143.2,3354
2024,Property Damage Accident,8:07,2024-08-12,Monday,Y,Daylight,MOUNT VERNON,OVERTAKING,WESTCHESTER,Straight and Level,Cloudy,,Dry,,Not Applicable,"Other Motor Vehicle, Collision With",2,1009165,36119,850,0.8,18110248.0,6143.2,3354
2024,Property Damage Accident,8:25,2024-08-12,Monday,Y,Daylight,GREENBURGH,OVERTAKING,WESTCHESTER,Straight and Level,Clear,,Dry,,Not Applicable,"Other Motor Vehicle, Collision With",2,1009165,36119,850,0.8,18110248.0,6143.2,3354
2024,Property Damage Accident,17:00,2024-08-12,Monday,Y,Daylight,GREENBURGH,OVERTAKING,WESTCHESTER,Straight and Grade,Clear,,Dry,,Not Applicable,"Other Motor Vehicle, Collision With",2,1009165,36119,850,0.8,18110248.0,6143.2,3354
2024,Property Damage Accident,16:30,2024-08-12,Monday,Y,Daylight,MOUNT KISCO,RIGHT ANGLE,WESTCHESTER,Straight and Grade,Clear,,Dry,,Not Applicable,"Other Motor Vehicle, Collision With",2,1009165,36119,850,0.8,18110248.0,6143.2,3354
2024,Property Damage Accident,17:43,2024-08-12,Monday,Y,Daylight,OSSINING,OTHER,WESTCHESTER,Straight and Level,Clear,,Dry,9 87032129,Not Applicable,"Other Motor Vehicle, Collision With",2,1009165,36119,850,0.8,18110248.0,6143.2,3354
2024,Property Damage Accident,9:17,2024-08-12,Monday,Y,Daylight,DOBBS FERRY,OVERTAKING,WESTCHESTER,Straight and Level,Clear,,Dry,987D87012017,Not Applicable,"Other Motor Vehicle, Collision With",2,1009165,36119,850,0.8,18110248.0,6143.2,3354
2024,Property Damage Accident,16:51,2024-08-13,Tuesday,Y,Dark-Road Lighted,PLEASANT VALLEY,SIDESWIPE,DUTCHESS,Curve and Level,Clear,No Passing Zone,Dry,,Not Applicable,"Other Motor Vehicle, Collision With",2,299256,36027,1695,0.8,5987961.0,3975.0,1300
2024,Property Damage Accident,16:53,2024-08-13,Tuesday,Y,Daylight,POUGHKEEPSIE,OTHER,DUTCHESS,Straight and Level,Clear,,Dry,,Not Applicable,"Other Motor Vehicle, Collision With",3,299256,36027,1695,0.8,5987961.0,3975.0,1300
2024,Property Damage & Injury Accident,7:20,2024-08-13,Tuesday,Y,Daylight,LA GRANGE,OTHER,DUTCHESS,Straight and Level,Clear,Traffic Signal,Dry,,Not Applicable,"Other Motor Vehicle, Collision With",2,299256,36027,1695,0.8,5987961.0,3975.0,1300
2024,Property Damage & Injury Accident,6:16,2024-08-13,Tuesday,Y,Dawn,WAPPINGER,SIDESWIPE,DUTCHESS,Curve and Level,Clear,,Wet,,Not Applicable,"Other Motor Vehicle, Collision With",2,299256,36027,1695,0.8,5987961.0,3975.0,1300
2024,Property Damage Accident,16:30,2024-08-13,Tuesday,Y,Daylight,WAWAYANDA,OTHER,ORANGE,Curve and Level,Clear,No Passing Zone,Dry,,Not Applicable,"Other Fixed Object*, Collision With Fixed Object",1,415088,36071,4753,2.6,13857119.0,5167.5,1527
2024,Property Damage Accident,7:00,2024-08-13,Tuesday,Y,Daylight,HIGHLANDS,OTHER,ORANGE,Straight and Level,Clear,,Dry,218 83011039,Not Applicable,"Animal, Collision With",1,415088,36071,4753,2.6,13857119.0,5167.5,1527
2024,Property Damage Accident,9:25,2024-08-13,Tuesday,Y,Daylight,NEWBURGH,OVERTAKING,ORANGE,Straight and Grade,Clear,Traffic Signal,Dry,17K83012007,Not Applicable,"Other Motor Vehicle, Collision With",2,415088,36071,4753,2.6,13857119.0,5167.5,1527