year,accident_descriptor,time,date,day_of_week,police_report,lighting_conditions,municipality,collision_type_descriptor,county_name,road_descriptor,weather_conditions,traffic_control_device,road_surface_conditions,dot_reference_marker_location,pedestrian_bicyclist_action,event_descriptor,number_of_vehicles_involved,county_population_2024,county_fips,county_deer_take_2024,county_antlerless_deer_per_sqmi_2024,county_daily_vmt_2019,county_mean_aadt_2019,county_aadt_segments_2019
2024,Property Damage & Injury Accident,23:30,2024-08-13,Tuesday,Y,Dark-Road Lighted,CHESTNUT RIDGE,OTHER,ROCKLAND,Curve and Level,Clear,,Dry,,Not Applicable,"Earth Embankment/Rock Cut/Ditch, Collision With Fixed Object",1,354829,36087,259,0.3,7336134.0,9989.2,886
2024,Property Damage Accident,14:20,2024-08-13,Tuesday,Y,Daylight,CLARKSTOWN,REAR END,ROCKLAND,Straight and Level,Clear,Stop Sign,Dry,,Not Applicable,"Other Motor Vehicle, Collision With",2,354829,36087,259,0.3,7336134.0,9989.2,886
2024,Property Damage Accident,16:40,2024-08-13,Tuesday,Y,Daylight,CLARKSTOWN,REAR END,ROCKLAND,Straight and Level,Cloudy,,Dry,987C85011083,Not Applicable,"Other Motor Vehicle, Collision With",2,354829,36087,259,0.3,7336134.0,9989.2,886
2024,Property Damage Accident,8:52,2024-08-13,Tuesday,Y,Daylight,ORANGETOWN,REAR END,ROCKLAND,Straight and Level,Clear,,Dry,,Not Applicable,"Other Motor Vehicle, Collision With",2,354829,36087,259,0.3,7336134.0,9989.2,886
2024,Property Damage & Injury Accident,19:20,2024-08-13,Tuesday,Y,Daylight,CLARKSTOWN,REAR END,ROCKLAND,Straight and Level,Clear,,Dry,,Not Applicable,"Other Motor Vehicle, Collision With",2,354829,36087,259,0.3,7336134.0,9989.2,886
2024,Property Damage Accident,7:01,2024-08-13,Tuesday,Y,Daylight,RAMAPO,RIGHT ANGLE,ROCKLAND,Straight and Level,Clear,Traffic Signal,Dry,45 85011042,Not Applicable,"Other Motor Vehicle, Collision With",2,354829,36087,259,0.3,7336134.0,9989.2,886
2024,Property Damage Accident,16:10,2024-08-13,Tuesday,Y,Daylight,STONY POINT,OTHER,ROCKLAND,Straight and Grade,Cloudy,,Dry,987C85011172,Not Applicable,Deer,1,354829,36087,259,0.3,7336134.0,9989.2,886
2024,Injury Accident,17:21,2024-08-13,Tuesday,Y,Daylight,WOODSTOCK,OTHER,ULSTER,Straight and Level,Clear,,Dry,212 86011119,"Crossing, No Signal, Marked Crosswalk","Pedestrian, Collision With",1,183095,36111,3565,1.2,6410502.0,3939.4,999
2024,Property Damage & Injury Accident,14:02,2024-08-13,Tuesday,Y,Daylight,WHITE PLAINS,RIGHT ANGLE,WESTCHESTER,Straight and Level,Clear,Traffic Signal,Dry,,Not Applicable,"Other Motor Vehicle, Collision With",2,1009165,36119,850,0.8,18110248.0,6143.2,3354
2024,Property Damage Accident,20:41,2024-08-13,Tuesday,Y,Dark-Road Lighted,YORKTOWN,REAR END,WESTCHESTER,Straight and Level,Clear,Stop Sign,Dry,35 87012077,Not Applicable,"Other Motor Vehicle, Collision With",2,1009165,36119,850,0.8,18110248.0,6143.2,3354
2024,Property Damage Accident,11:44,2024-08-13,Tuesday,Y,Unknown,HASTINGS ON HUDSON,OTHER,WESTCHESTER,Unknown,Unknown,Unknown,Unknown,,Not Applicable,"Other Fixed Object*, Collision With Fixed Object",1,1009165,36119,850,0.8,18110248.0,6143.2,3354
2024,Property Damage Accident,12:13,2024-08-13,Tuesday,Y,Daylight,RYE,REAR END,WESTCHESTER,Straight and Grade,Clear,Yield Sign,Dry,,Not Applicable,"Other Motor Vehicle, Collision With",2,1009165,36119,850,0.8,18110248.0,6143.2,3354
2024,Property Damage Accident,13:45,2024-08-13,Tuesday,Y,Daylight,WHITE PLAINS,LEFT TURN (0),WESTCHESTER,Straight and Level,Clear,,Dry,,Not Applicable,"Other Motor Vehicle, Collision With",2,1009165,36119,850,0.8,18110248.0,6143.2,3354
2024,Property Damage & Injury Accident,17:38,2024-08-13,Tuesday,Y,Daylight,MOUNT VERNON,REAR END,WESTCHESTER,Straight and Level,Clear,,Dry,907K87012010,Not Applicable,"Other Motor Vehicle, Collision With",2,1009165,36119,850,0.8,18110248.0,6143.2,3354
2024,Property Damage Accident,17:00,2024-08-13,Tuesday,Y,Daylight,SOMERS,OTHER,WESTCHESTER,Curve and Grade,Clear,Yield Sign,Dry,139 87011000,Not Applicable,"Other Motor Vehicle, Collision With",2,1009165,36119,850,0.8,18110248.0,6143.2,3354
2024,Property Damage Accident,16:00,2024-08-13,Tuesday,N,Daylight,BRIARCLIFF MANOR,REAR END,WESTCHESTER,Straight and Grade,Clear,Traffic Signal,Dry,9A87032136,Not Applicable,"Other Motor Vehicle, Collision With",2,1009165,36119,850,0.8,18110248.0,6143.2,3354
2024,Property Damage Accident,7:00,2024-08-13,Tuesday,Y,Daylight,RYE,OTHER,WESTCHESTER,Straight and Level,Clear,,Dry,,Not Applicable,"Building/Wall, Collision With Fixed Object",1,1009165,36119,850,0.8,18110248.0,6143.2,3354
2024,Property Damage Accident,20:38,2024-08-13,Tuesday,Y,Dark-Road Lighted,WHITE PLAINS,OTHER,WESTCHESTER,Straight and Level,Clear,,Dry,,Not Applicable,"Other Motor Vehicle, Collision With",3,1009165,36119,850,0.8,18110248.0,6143.2,3354
2024,Property Damage Accident,0:00,2024-08-13,Tuesday,N,Unknown,YONKERS,OVERTAKING,WESTCHESTER,Unknown,Unknown,Unknown,Unknown,,Not Applicable,"Other Motor Vehicle, Collision With",2,1009165,36119,850,0.8,18110248.0,6143.2,3354
2024,Property Damage Accident,12:06,2024-08-13,Tuesday,Y,Daylight,GREENBURGH,RIGHT ANGLE,WESTCHESTER,Straight and Level,Clear,,Dry,9A87032034,Not Applicable,"Other Motor Vehicle, Collision With",2,1009165,36119,850,0.8,18110248.0,6143.2,3354
2024,Property Damage & Injury Accident,23:29,2024-08-13,Tuesday,Y,Dark-Road Lighted,PELHAM MANOR,REAR END,WESTCHESTER,Straight and Level,Cloudy,,Dry,,Not Applicable,"Other Motor Vehicle, Collision With",2,1009165,36119,850,0.8,18110248.0,6143.2,3354
2024,Property Damage & Injury Accident,8:30,2024-08-14,Wednesday,Y,Daylight,EAST FISHKILL,OTHER,DUTCHESS,Straight and Level,Clear,,Dry,84I82021086,Not Applicable,"Ran Off Roadway Only, Non-Collision",1,299256,36027,1695,0.8,5987961.0,3975.0,1300
2024,Property Damage Accident,7:27,2024-08-14,Wednesday,Y,Dark-Road Lighted,POUGHKEEPSIE,OTHER,DUTCHESS,Straight and Level,Clear,,Dry,,Not Applicable,"Light Support/Utility Pole, Collision With Fixed Object",1,299256,36027,1695,0.8,5987961.0,3975.0,1300
2024,Property Damage & Injury Accident,12:06,2024-08-14,Wednesday,Y,Dark-Road Lighted,PLEASANT VALLEY,OTHER,DUTCHESS,Curve and Level,Clear,No Passing Zone,Dry,,Not Applicable,"Ran Off Roadway Only, Non-Collision",1,299256,36027,1695,0.8,5987961.0,3975.0,1300
2024,Property Damage & Injury Accident,22:18,2024-08-14,Wednesday,Y,Dark-Road Lighted,MONROE,LEFT TURN (3),ORANGE,Straight and Level,Clear,Traffic Signal,Dry,17M83013162,Not Applicable,"Other Motor Vehicle, Collision With",2,415088,36071,4753,2.6,13857119.0,5167.5,1527
2024,Property Damage & Injury Accident,17:36,2024-08-14,Wednesday,Y,Daylight,BLOOMING GROVE,REAR END,ORANGE,Straight and Level,Rain,No Passing Zone,Wet,,Not Applicable,"Other Motor Vehicle, Collision With",2,415088,36071,4753,2.6,13857119.0,5167.5,1527
2024,Property Damage Accident,11:10,2024-08-14,Wednesday,Y,Daylight,NEWBURGH,REAR END,ORANGE,Straight and Level,Clear,Traffic Signal,Dry,300 83021040,Not Applicable,"Other Motor Vehicle, Collision With",2,415088,36071,4753,2.6,13857119.0,5167.5,1527
2024,Property Damage & Injury Accident,18:00,2024-08-14,Wednesday,Y,Daylight,NEWBURGH,REAR END,ORANGE,Straight and Level,Clear,,Dry,,Not Applicable,"Other Motor Vehicle, Collision With",2,415088,36071,4753,2.6,13857119.0,5167.5,1527
2024,Property Damage Accident,23:00,2024-08-14,Wednesday,Y,Dark-Road Lighted,KIRYAS JOEL,RIGHT ANGLE,ORANGE,Straight and Grade,Clear,Stop Sign,Dry,,Not Applicable,"Other Motor Vehicle, Collision With",2,415088,36071,4753,2.6,13857119.0,5167.5,1527
2024,Property Damage Accident,11:56,2024-08-14,Wednesday,Y,Daylight,CLARKSTOWN,LEFT TURN (0),ROCKLAND,Straight and Level,Clear,,Dry,,Not Applicable,"Other Motor Vehicle, Collision With",2,354829,36087,259,0.3,7336134.0,9989.2,886
2024,Property Damage Accident,9:46,2024-08-14,Wednesday,Y,Daylight,SUFFERN,OVERTAKING,ROCKLAND,Straight and Level,Clear,Traffic Signal,Dry,202 85011007,Not Applicable,"Other Motor Vehicle, Collision With",2,354829,36087,259,0.3,7336134.0,9989.2,886
2024,Property Damage Accident,14:58,2024-08-14,Wednesday,Y,Daylight,RAMAPO,LEFT TURN (3),ROCKLAND,Straight and Level,Clear,Stop Sign,Dry,,Not Applicable,"Other Motor Vehicle, Collision With",2,354829,36087,259,0.3,7336134.0,9989.2,886
2024,Property Damage Accident,19:17,2024-08-14,Wednesday,Y,Daylight,CLARKSTOWN,SIDESWIPE,ROCKLAND,Curve and Level,Clear,,Dry,,Not Applicable,"Other Motor Vehicle, Collision With",2,354829,36087,259,0.3,7336134.0,9989.2,886
2024,Property Damage Accident,13:55,2024-08-14,Wednesday,Y,Daylight,RAMAPO,SIDESWIPE,ROCKLAND,Straight and Grade,Clear,,Dry,,Not Applicable,"Other Motor Vehicle, Collision With",2,354829,36087,259,0.3,7336134.0,9989.2,886
2024,Property Damage Accident,9:15,2024-08-14,Wednesday,Y,Daylight,,LEFT TURN (3),ROCKLAND,Straight and Level,Clear,Stop Sign,Dry,,Not Applicable,"Other Motor Vehicle, Collision With",2,354829,36087,259,0.3,7336134.0,9989.2,886
2024,Property Damage & Injury Accident,9:59,2024-08-14,Wednesday,Y,Daylight,HAVERSTRAW,OVERTAKING,ROCKLAND,Straight and Level,Cloudy,Construction Work Area,Dry,243 61021059,Not Applicable,"Other Motor Vehicle, Collision With",2,354829,36087,259,0.3,7336134.0,9989.2,886
2024,Property Damage & Injury Accident,5:28,2024-08-14,Wednesday,Y,Dawn,ORANGETOWN,OTHER,ROCKLAND,Straight and Level,Clear,,Dry,,Not Applicable,"Other Motor Vehicle, Collision With",3,354829,36087,259,0.3,7336134.0,9989.2,886
2024,Property Damage Accident,15:50,2024-08-14,Wednesday,Y,Daylight,CLARKSTOWN,REAR END,ROCKLAND,Straight and Level,Clear,Traffic Signal,Dry,304 85011074,Not Applicable,"Other Motor Vehicle, Collision With",2,354829,36087,259,0.3,7336134.0,9989.2,886
2024,Property Damage Accident,20:16,2024-08-14,Wednesday,Y,Dark-Road Unlighted,WAWARSING,OTHER,ULSTER,Straight and Level,Clear,,Dry,209 86031118,Not Applicable,"Sign Post, Collision With Fixed Object",1,183095,36111,3565,1.2,6410502.0,3939.4,999
2024,Property Damage Accident,10:50,2024-08-14,Wednesday,Y,Daylight,LLOYD,OVERTAKING,ULSTER,Straight and Grade,Clear,,Dry,9W86031098,Not Applicable,"Other Motor Vehicle, Collision With",2,183095,36111,3565,1.2,6410502.0,3939.4,999
2024,Property Damage & Injury Accident,4:22,2024-08-14,Wednesday,Y,Dark-Road Unlighted,PLATTEKILL,OTHER,ULSTER,Straight and Level,Cloudy,No Passing Zone,Dry,,Not Applicable,"Barrier, Collision With Fixed Object",1,183095,36111,3565,1.2,6410502.0,3939.4,999
2024,Property Damage Accident,14:00,2024-08-14,Wednesday,Y,Daylight,WAWARSING,OTHER,ULSTER,Straight and Level,Clear,No Passing Zone,Dry,52 86021081,Not Applicable,"Guide Rail - Not At End, Collision With Fixed Object",1,183095,36111,3565,1.2,6410502.0,3939.4,999
2024,Property Damage Accident,10:42,2024-08-14,Wednesday,Y,Daylight,PORT CHESTER,REAR END,WESTCHESTER,Curve and Level,Clear,Stop Sign,Dry,982C87011007,Not Applicable,"Other Motor Vehicle, Collision With",2,1009165,36119,850,0.8,18110248.0,6143.2,3354
2024,Property Damage Accident,21:30,2024-08-14,Wednesday,Y,Dark-Road Lighted,OSSINING,OVERTAKING,WESTCHESTER,Straight and Grade,Clear,,Dry,,Not Applicable,"Other Motor Vehicle, Collision With",2,1009165,36119,850,0.8,18110248.0,6143.2,3354
2024,Property Damage Accident,13:15,2024-08-14,Wednesday,Y,Daylight,GREENBURGH,REAR END,WESTCHESTER,Straight and Level,Clear,,Dry,,Not Applicable,"Other Motor Vehicle, Collision With",2,1009165,36119,850,0.8,18110248.0,6143.2,3354
2024,Property Damage Accident,16:02,2024-08-14,Wednesday,Y,Daylight,CORTLANDT,OTHER,WESTCHESTER,Straight and Level,Clear,,Dry,,Not Applicable,"Other Motor Vehicle, Collision With",2,1009165,36119,850,0.8,18110248.0,6143.2,3354
2024,Property Damage Accident,12:39,2024-08-14,Wednesday,Y,Daylight,OSSINING,OVERTAKING,WESTCHESTER,Straight and Level,Clear,,Dry,,Not Applicable,"Other Motor Vehicle, Collision With",2,1009165,36119,850,0.8,18110248.0,6143.2,3354
2024,Property Damage & Injury Accident,8:56,2024-08-14,Wednesday,Y,Daylight,SOMERS,RIGHT ANGLE,WESTCHESTER,Straight and Level,Clear,Traffic Signal,Dry,100 87014208,Not Applicable,"Other Motor Vehicle, Collision With",2,1009165,36119,850,0.8,18110248.0,6143.2,3354
2024,Property Damage & Injury Accident,16:30,2024-08-14,Wednesday,Y,Daylight,YONKERS,LEFT TURN (0),WESTCHESTER,Straight and Grade,Clear,Unknown,Dry,9A87031001,Not Applicable,"Other Motor Vehicle, Collision With",2,1009165,36119,850,0.8,18110248.0,6143.2,3354
2024,Property Damage Accident,15:34,2024-08-14,Wednesday,Y,Daylight,SCARSDALE,OVERTAKING,WESTCHESTER,Straight and Level,Clear,,Dry,22 87022055,Not Applicable,"Other Motor Vehicle, Collision With",2,1009165,36119,850,0.8,18110248.0,6143.2,3354
2024,Property Damage Accident,13:40,2024-08-14,Wednesday,N,Daylight,GREENBURGH,REAR END,WESTCHESTER,Straight and Level,Clear,Maintenance Work Area,Dry,100 87012033,Not Applicable,"Other Motor Vehicle, Collision With",2,1009165,36119,850,0.8,18110248.0,6143.2,3354
2024,Property Damage Accident,18:06,2024-08-14,Wednesday,Y,Daylight,GREENBURGH,OVERTAKING,WESTCHESTER,Straight and Level,Cloudy,,Dry,987F87012039,Not Applicable,"Other Motor Vehicle, Collision With",2,1009165,36119,850,0.8,18110248.0,6143.2,3354
2024,Property Damage & Injury Accident,9:57,2024-08-14,Wednesday,Y,Daylight,NEW ROCHELLE,OVERTAKING,WESTCHESTER,Straight and Level,Clear,,Dry,,Not Applicable,"Other Motor Vehicle, Collision With",2,1009165,36119,850,0.8,18110248.0,6143.2,3354
2024,Property Damage & Injury Accident,22:15,2024-08-14,Wednesday,Y,Dark-Road Lighted,YONKERS,OTHER,WESTCHESTER,Straight and Level,Clear,,Dry,,Not Applicable,"Other Fixed Object*, Collision With Fixed Object",1,1009165,36119,850,0.8,18110248.0,6143.2,3354
2024,Property Damage & Injury Accident,13:15,2024-08-14,Wednesday,Y,Daylight,SOMERS,OTHER,WESTCHESTER,Straight and Level,Clear,Stop Sign,Dry,202 87043132,Not Applicable,"Other Motor Vehicle, Collision With",2,1009165,36119,850,0.8,18110248.0,6143.2,3354
2024,Injury Accident,18:51,2024-08-14,Wednesday,Y,Daylight,MAMARONECK,OTHER,WESTCHESTER,Straight and Grade,Clear,,Dry,,Emerging from in Front of/Behind Parked Vehicle,"Pedestrian, Collision With",1,1009165,36119,850,0.8,18110248.0,6143.2,3354
2024,Property Damage Accident,5:20,2024-08-15,Thursday,Y,Dark-Road Unlighted,WAPPINGER,RIGHT TURN (6),DUTCHESS,Straight and Level,Clear,,Dry,,Not Applicable,"Other Motor Vehicle, Collision With",2,299256,36027,1695,0.8,5987961.0,3975.0,1300
2024,Property Damage Accident,20:32,2024-08-15,Thursday,Y,Dark-Road Unlighted,HYDE PARK,OTHER,DUTCHESS,Straight and Level,Cloudy,No Passing Zone,Dry,9G82013115,Not Applicable,"Guide Rail - Not At End, Collision With Fixed Object",1,299256,36027,1695,0.8,5987961.0,3975.0,1300
2024,Property Damage Accident,23:39,2024-08-15,Thursday,Y,Dark-Road Unlighted,BLOOMING GROVE,OTHER,ORANGE,Curve at Hill Crest,Clear,,Dry,,Not Applicable,"Sign Post, Collision With Fixed Object",1,415088,36071,4753,2.6,13857119.0,5167.5,1527
2024,Property Damage Accident,16:20,2024-08-15,Thursday,Y,Daylight,MONTGOMERY,LEFT TURN (3),ORANGE,Straight and Level,Clear,Traffic Signal,Dry,52 83031049,Not Applicable,"Other Motor Vehicle, Collision With",2,415088,36071,4753,2.6,13857119.0,5167.5,1527
2024,Property Damage & Injury Accident,16:15,2024-08-15,Thursday,Y,Daylight,NEWBURGH,OVERTAKING,ORANGE,Straight and Level,Clear,Traffic Signal,Dry,17K83011172,Not Applicable,"Other Motor Vehicle, Collision With",2,415088,36071,4753,2.6,13857119.0,5167.5,1527
2024,Property Damage Accident,13:54,2024-08-15,Thursday,Y,Daylight,NEWBURGH,OTHER,ORANGE,Straight and Level,Clear,Traffic Signal,Dry,9W83023003,Not Applicable,"Other Motor Vehicle, Collision With",2,415088,36071,4753,2.6,13857119.0,5167.5,1527
2024,Property Damage Accident,10:00,2024-08-15,Thursday,Y,Daylight,PHILLIPSTOWN,RIGHT ANGLE,PUTNAM,Straight and Level,Clear,,Dry,9 84041113,Not Applicable,"Other Motor Vehicle, Collision With",2,98842,36079,509,0.7,2746105.0,4089.2,375
2024,Property Damage Accident,18:45,2024-08-15,Thursday,Y,Daylight,BREWSTER,REAR END,PUTNAM,Straight and Grade,Cloudy,Traffic Signal,Dry,,Not Applicable,"Other Motor Vehicle, Collision With",2,98842,36079,509,0.7,2746105.0,4089.2,375
2024,Property Damage & Injury Accident,18:39,2024-08-15,Thursday,Y,Daylight,CLARKSTOWN,OTHER,ROCKLAND,Curve and Level,Clear,,Dry,9W85011135,Not Applicable,"Guide Rail - End, Collision With Fixed Object",1,354829,36087,259,0.3,7336134.0,9989.2,886
2024,Property Damage Accident,12:26,2024-08-15,Thursday,Y,Daylight,NYACK,OVERTAKING,ROCKLAND,Straight and Level,Clear,,Dry,,Not Applicable,"Other Motor Vehicle, Collision With",2,354829,36087,259,0.3,7336134.0,9989.2,886
2024,Property Damage Accident,20:20,2024-08-15,Thursday,Y,Dark-Road Unlighted,PIERMONT,OVERTAKING,ROCKLAND,Straight and Level,Cloudy,,Dry,,Not Applicable,"Other Motor Vehicle, Collision With",2,354829,36087,259,0.3,7336134.0,9989.2,886
2024,Property Damage Accident,8:37,2024-08-15,Thursday,Y,Daylight,CLARKSTOWN,REAR END,ROCKLAND,Straight and Grade,Clear,,Dry,,Not Applicable,"Other Motor Vehicle, Collision With",2,354829,36087,259,0.3,7336134.0,9989.2,886
2024,Property Damage Accident,18:30,2024-08-15,Thursday,Y,Daylight,CLARKSTOWN,REAR END,ROCKLAND,Straight and Level,Clear,Traffic Signal,Dry,59 85011082,Not Applicable,"Other Motor Vehicle, Collision With",2,354829,36087,259,0.3,7336134.0,9989.2,886
2024,Property Damage Accident,20:31,2024-08-15,Thursday,Y,Dark-Road Unlighted,ULSTER,OTHER,ULSTER,Curve and Grade,Clear,,Dry,,Not Applicable,"Other Fixed Object*, Collision With Fixed Object",1,183095,36111,3565,1.2,6410502.0,3939.4,999
2024,Property Damage Accident,15:00,2024-08-15,Thursday,Y,Daylight,GARDINER,OTHER,ULSTER,Straight and Level,Clear,No Passing Zone,Dry,44 86011155,Not Applicable,Deer,1,183095,36111,3565,1.2,6410502.0,3939.4,999
2024,Property Damage Accident,20:58,2024-08-15,Thursday,Y,Dark-Road Unlighted,NEW ROCHELLE,OTHER,WESTCHESTER,Curve and Grade,Clear,,Dry,,Not Applicable,"Guide Rail - Not At End, Collision With Fixed Object",1,1009165,36119,850,0.8,18110248.0,6143.2,3354
2024,Property Damage Accident,14:21,2024-08-15,Thursday,Y,Daylight,NORTH CASTLE,REAR END,WESTCHESTER,Straight and Level,Clear,Traffic Signal,Dry,,Not Applicable,"Other Motor Vehicle, Collision With",2,1009165,36119,850,0.8,18110248.0,6143.2,3354
2024,Property Damage Accident,18:53,2024-08-15,Thursday,Y,Daylight,GREENBURGH,OVERTAKING,WESTCHESTER,Straight and Level,Clear,,Dry,9A87032065,Not Applicable,"Other Motor Vehicle, Collision With",2,1009165,36119,850,0.8,18110248.0,6143.2,3354
2024,Property Damage Accident,16:21,2024-08-15,Thursday,Y,Daylight,NEW CASTLE,OTHER,WESTCHESTER,Curve and Grade,Clear,,Dry,,Not Applicable,"Curbing, Collision With Fixed Object",1,1009165,36119,850,0.8,18110248.0,6143.2,3354
2024,Property Damage Accident,11:36,2024-08-15,Thursday,Y,Daylight,MAMARONECK,OVERTAKING,WESTCHESTER,Straight and Level,Clear,,Dry,,Not Applicable,"Other Motor Vehicle, Collision With",2,1009165,36119,850,0.8,18110248.0,6143.2,3354
2024,Property Damage Accident,10:35,2024-08-15,Thursday,Y,Daylight,NEW ROCHELLE,OTHER,WESTCHESTER,Straight at Hill Crest,Clear,Traffic Signal,Dry,,Not Applicable,"Curbing, Collision With Fixed Object",1,1009165,36119,850,0.8,18110248.0,6143.2,3354
2024,Fatal Accident,15:29,2024-08-15,Thursday,Y,Daylight,NORTH CASTLE,OTHER,WESTCHESTER,Curve and Grade,Clear,,Dry,22 87024038,Not Applicable,"Other Motor Vehicle, Collision With",3,1009165,36119,850,0.8,18110248.0,6143.2,3354
2024,Property Damage & Injury Accident,17:28,2024-08-15,Thursday,Y,Daylight,YONKERS,OTHER,WESTCHESTER,Straight and Grade,Clear,Unknown,Dry,,Not Applicable,"Other Motor Vehicle, Collision With",5,1009165,36119,850,0.8,18110248.0,6143.2,3354
2024,Property Damage Accident,10:25,2024-08-16,Friday,Y,Daylight,FISHKILL,OTHER,DUTCHESS,Straight and Level,Clear,,Dry,52 82042046,Not Applicable,"Other Motor Vehicle, Collision With",3,299256,36027,1695,0.8,5987961.0,3975.0,1300
2024,Property Damage & Injury Accident,15:59,2024-08-16,Friday,Y,Daylight,FISHKILL,REAR END,DUTCHESS,Straight and Grade,Cloudy,,Dry,84I82021063,Not Applicable,"Other Motor Vehicle, Collision With",2,299256,36027,1695,0.8,5987961.0,3975.0,1300
2024,Property Damage Accident,21:03,2024-08-16,Friday,Y,Dark-Road Lighted,EAST FISHKILL,REAR END,DUTCHESS,Straight and Level,Clear,Traffic Signal,Dry,376 82011047,Not Applicable,"Other Motor Vehicle, Collision With",2,299256,36027,1695,0.8,5987961.0,3975.0,1300
2024,Property Damage & Injury Accident,11:24,2024-08-16,Friday,Y,Daylight,RHINEBECK,OTHER,DUTCHESS,Straight and Level,Clear,,Dry,9G82013139,Not Applicable,"Earth Embankment/Rock Cut/Ditch, Collision With Fixed Object",1,299256,36027,1695,0.8,5987961.0,3975.0,1300
2024,Property Damage Accident,17:03,2024-08-16,Friday,Y,Daylight,FISHKILL,REAR END,DUTCHESS,Straight and Level,Cloudy,,Dry,84I82021047,Not Applicable,"Other Motor Vehicle, Collision With",2,299256,36027,1695,0.8,5987961.0,3975.0,1300
2024,Property Damage Accident,13:45,2024-08-16,Friday,Y,Daylight,FISHKILL,OVERTAKING,DUTCHESS,Straight and Level,Clear,,Dry,84I82021053,Not Applicable,"Other Motor Vehicle, Collision With",2,299256,36027,1695,0.8,5987961.0,3975.0,1300
2024,Property Damage Accident,18:28,2024-08-16,Friday,Y,Daylight,WOODBURY,REAR END,ORANGE,Straight and Level,Cloudy,Traffic Signal,Dry,32 83011013,Not Applicable,"Other Motor Vehicle, Collision With",2,415088,36071,4753,2.6,13857119.0,5167.5,1527
2024,Property Damage Accident,13:00,2024-08-16,Friday,Y,Daylight,GOSHEN,REAR END,ORANGE,Straight and Level,Clear,,Dry,6 83012186,Not Applicable,"Other Motor Vehicle, Collision With",2,415088,36071,4753,2.6,13857119.0,5167.5,1527
2024,Property Damage Accident,14:42,2024-08-16,Friday,Y,Daylight,NEWBURGH,OTHER,ORANGE,Curve and Level,Clear,,Dry,9W83023001,Not Applicable,"Other Motor Vehicle, Collision With",2,415088,36071,4753,2.6,13857119.0,5167.5,1527
2024,Property Damage Accident,1:20,2024-08-16,Friday,Y,Dark-Road Unlighted,SOUTH BLOOMING GROVE,RIGHT TURN (6),ORANGE,Curve and Grade,Clear,Stop Sign,Dry,208 83011013,Not Applicable,"Other Motor Vehicle, Collision With",2,415088,36071,4753,2.6,13857119.0,5167.5,1527
2024,Property Damage Accident,13:41,2024-08-16,Friday,Y,Daylight,MONROE,RIGHT TURN (5),ORANGE,Straight and Level,Clear,,Dry,,Not Applicable,"Other Motor Vehicle, Collision With",2,415088,36071,4753,2.6,13857119.0,5167.5,1527
2024,Property Damage Accident,18:02,2024-08-16,Friday,Y,Daylight,WOODBURY,REAR END,ORANGE,Straight and Level,Clear,,Dry,6 83012389,Not Applicable,"Other Motor Vehicle, Collision With",2,415088,36071,4753,2.6,13857119.0,5167.5,1527
2024,Property Damage Accident,9:53,2024-08-16,Friday,Y,Daylight,HIGHLANDS,RIGHT TURN (6),ORANGE,Curve and Level,Cloudy,,Dry,987C83021007,Not Applicable,"Other Motor Vehicle, Collision With",2,415088,36071,4753,2.6,13857119.0,5167.5,1527
2024,Property Damage Accident,23:40,2024-08-16,Friday,Y,Dark-Road Unlighted,WOODBURY,OVERTAKING,ORANGE,Curve and Level,Cloudy,,Dry,6 83012410,Not Applicable,"Other Motor Vehicle, Collision With",2,415088,36071,4753,2.6,13857119.0,5167.5,1527
2024,Property Damage Accident,17:42,2024-08-16,Friday,Y,Daylight,NEWBURGH,REAR END,ORANGE,Straight and Level,Clear,,Dry,84I83013017,Not Applicable,"Other Motor Vehicle, Collision With",2,415088,36071,4753,2.6,13857119.0,5167.5,1527
2024,Property Damage Accident,15:20,2024-08-16,Friday,Y,Daylight,NEWBURGH,REAR END,ORANGE,Straight and Grade,Clear,,Dry,980T83012011,Not Applicable,"Other Motor Vehicle, Collision With",2,415088,36071,4753,2.6,13857119.0,5167.5,1527
2024,Property Damage Accident,7:20,2024-08-16,Friday,Y,Dawn,,OTHER,ROCKLAND,Straight and Level,Cloudy,,Dry,59 85011045,Not Applicable,"Other Motor Vehicle, Collision With",2,354829,36087,259,0.3,7336134.0,9989.2,886
2024,Property Damage & Injury Accident,12:32,2024-08-16,Friday,Y,Daylight,RAMAPO,OTHER,ROCKLAND,Straight and Level,Clear,,Dry,,Riding/Walking/Skating Along Highway With Traffic,"Bicyclist, Collision With",1,354829,36087,259,0.3,7336134.0,9989.2,886
2024,Property Damage Accident,13:35,2024-08-16,Friday,Y,Daylight,CLARKSTOWN,RIGHT ANGLE,ROCKLAND,Straight and Level,Clear,Stop Sign,Dry,,Not Applicable,"Other Motor Vehicle, Collision With",2,354829,36087,259,0.3,7336134.0,9989.2,886
2024,Property Damage Accident,13:38,2024-08-16,Friday,Y,Daylight,SUFFERN,RIGHT TURN (5),ROCKLAND,Straight and Level,Clear,No Passing Zone,Dry,59 85011017,Not Applicable,"Other Motor Vehicle, Collision With",2,354829,36087,259,0.3,7336134.0,9989.2,886
2024,Property Damage Accident,5:15,2024-08-16,Friday,Y,Dark-Road Unlighted,STONY POINT,OTHER,ROCKLAND,Straight and Level,Clear,,Dry,987C85011169,Not Applicable,Deer,1,354829,36087,259,0.3,7336134.0,9989.2,886