year,accident_descriptor,time,date,day_of_week,police_report,lighting_conditions,municipality,collision_type_descriptor,county_name,road_descriptor,weather_conditions,traffic_control_device,road_surface_conditions,dot_reference_marker_location,pedestrian_bicyclist_action,event_descriptor,number_of_vehicles_involved,county_population_2024,county_fips,county_deer_take_2024,county_antlerless_deer_per_sqmi_2024,county_daily_vmt_2019,county_mean_aadt_2019,county_aadt_segments_2019
2024,Property Damage Accident,17:11,2024-08-16,Friday,Y,Daylight,ROSENDALE,OVERTAKING,ULSTER,Straight and Level,Clear,,Dry,,Not Applicable,"Other Motor Vehicle, Collision With",2,183095,36111,3565,1.2,6410502.0,3939.4,999
2024,Property Damage Accident,9:52,2024-08-16,Friday,Y,Daylight,WOODSTOCK,OTHER,ULSTER,Straight and Level,Clear,No Passing Zone,Dry,,Not Applicable,"Bridge Structure, Collision With Fixed Object",1,183095,36111,3565,1.2,6410502.0,3939.4,999
2024,Property Damage Accident,18:05,2024-08-16,Friday,Y,Daylight,NEW PALTZ,RIGHT TURN (5),ULSTER,Straight and Grade,Clear,No Passing Zone,Dry,32 86021118,Not Applicable,"Other Motor Vehicle, Collision With",2,183095,36111,3565,1.2,6410502.0,3939.4,999
2024,Property Damage Accident,14:48,2024-08-16,Friday,Y,Daylight,NEW ROCHELLE,RIGHT TURN (6),WESTCHESTER,Straight and Level,Cloudy,,Dry,,Not Applicable,"Other Motor Vehicle, Collision With",2,1009165,36119,850,0.8,18110248.0,6143.2,3354
2024,Property Damage Accident,15:18,2024-08-16,Friday,Y,Daylight,NORTH CASTLE,RIGHT ANGLE,WESTCHESTER,Straight and Level,Clear,,Dry,,Not Applicable,"Other Motor Vehicle, Collision With",2,1009165,36119,850,0.8,18110248.0,6143.2,3354
2024,Property Damage Accident,19:45,2024-08-16,Friday,Y,Dusk,BRIARCLIFF MANOR,REAR END,WESTCHESTER,Curve and Level,Clear,Stop Sign,Dry,,Not Applicable,"Other Motor Vehicle, Collision With",2,1009165,36119,850,0.8,18110248.0,6143.2,3354
2024,Injury Accident,9:59,2024-08-16,Friday,Y,Daylight,WHITE PLAINS,OTHER,WESTCHESTER,Straight and Level,Clear,Traffic Signal,Dry,,"Crossing, Against Signal","Pedestrian, Collision With",1,1009165,36119,850,0.8,18110248.0,6143.2,3354
2024,Property Damage Accident,11:58,2024-08-16,Friday,Y,Daylight,MAMARONECK,RIGHT ANGLE,WESTCHESTER,Straight and Level,Clear,Stop Sign,Dry,,Not Applicable,"Other Motor Vehicle, Collision With",2,1009165,36119,850,0.8,18110248.0,6143.2,3354
2024,Property Damage & Injury Accident,22:01,2024-08-16,Friday,Y,Dark-Road Lighted,PORT CHESTER,LEFT TURN (3),WESTCHESTER,Straight and Level,Clear,Traffic Signal,Dry,982B87011009,Not Applicable,"Other Motor Vehicle, Collision With",2,1009165,36119,850,0.8,18110248.0,6143.2,3354
2024,Property Damage Accident,21:05,2024-08-16,Friday,Y,Dusk,ELMSFORD,OVERTAKING,WESTCHESTER,Curve and Grade,Clear,Construction Work Area,Dry,119 87011023,Not Applicable,"Other Motor Vehicle, Collision With",2,1009165,36119,850,0.8,18110248.0,6143.2,3354
2024,Property Damage & Injury Accident,8:38,2024-08-16,Friday,Y,Daylight,YORKTOWN,REAR END,WESTCHESTER,Straight and Level,Clear,Traffic Signal,Dry,132 87011028,Not Applicable,"Other Motor Vehicle, Collision With",2,1009165,36119,850,0.8,18110248.0,6143.2,3354
2024,Property Damage Accident,11:30,2024-08-16,Friday,Y,Daylight,HARRISON,OVERTAKING,WESTCHESTER,Straight and Level,Clear,Construction Work Area,Dry,,Not Applicable,"Other Motor Vehicle, Collision With",2,1009165,36119,850,0.8,18110248.0,6143.2,3354
2024,Property Damage Accident,12:34,2024-08-16,Friday,Y,Daylight,HARRISON,REAR END,WESTCHESTER,Straight and Level,Clear,,Dry,,Not Applicable,"Other Motor Vehicle, Collision With",2,1009165,36119,850,0.8,18110248.0,6143.2,3354
2024,Property Damage Accident,10:00,2024-08-17,Saturday,N,Daylight,POUGHKEEPSIE,REAR END,DUTCHESS,Straight and Level,Clear,Traffic Signal,Dry,44 82021022,Not Applicable,"Other Motor Vehicle, Collision With",2,299256,36027,1695,0.8,5987961.0,3975.0,1300
2024,Property Damage Accident,20:30,2024-08-17,Saturday,Y,Dark-Road Unlighted,BEEKMAN,OTHER,DUTCHESS,Straight and Level,Clear,,Dry,,Not Applicable,Deer,1,299256,36027,1695,0.8,5987961.0,3975.0,1300
2024,Property Damage & Injury Accident,6:02,2024-08-17,Saturday,Y,Dawn,FISHKILL,OTHER,DUTCHESS,Straight and Level,Cloudy,,Dry,84I82021020,Not Applicable,"Guide Rail - End, Collision With Fixed Object",1,299256,36027,1695,0.8,5987961.0,3975.0,1300
2024,Property Damage & Injury Accident,6:31,2024-08-17,Saturday,Y,Daylight,FISHKILL,OTHER,DUTCHESS,Straight and Level,Clear,,Dry,9 82051036,Not Applicable,"Guide Rail - Not At End, Collision With Fixed Object",1,299256,36027,1695,0.8,5987961.0,3975.0,1300
2024,Property Damage & Injury Accident,12:56,2024-08-17,Saturday,Y,Daylight,FISHKILL,REAR END,DUTCHESS,Straight and Level,Clear,,Dry,52 82042065,Not Applicable,"Other Motor Vehicle, Collision With",2,299256,36027,1695,0.8,5987961.0,3975.0,1300
2024,Property Damage Accident,5:41,2024-08-17,Saturday,Y,Dawn,MIDDLETOWN,OVERTAKING,ORANGE,Straight and Level,Cloudy,,Wet,17M83012005,Not Applicable,"Other Motor Vehicle, Collision With",2,415088,36071,4753,2.6,13857119.0,5167.5,1527
2024,Property Damage & Injury Accident,10:08,2024-08-17,Saturday,Y,Daylight,CHESTER,LEFT TURN (3),ORANGE,Straight and Level,Clear,Traffic Signal,Dry,17M83013104,Not Applicable,"Other Motor Vehicle, Collision With",2,415088,36071,4753,2.6,13857119.0,5167.5,1527
2024,Property Damage Accident,10:00,2024-08-17,Saturday,Y,Daylight,HIGHLANDS,OVERTAKING,ORANGE,Curve and Level,Cloudy,Yield Sign,Dry,6 83012408,Not Applicable,"Other Motor Vehicle, Collision With",2,415088,36071,4753,2.6,13857119.0,5167.5,1527
2024,Property Damage Accident,17:50,2024-08-17,Saturday,Y,Daylight,WALLKILL,REAR END,ORANGE,Straight and Level,Cloudy,,Dry,84I83011204,Not Applicable,"Other Motor Vehicle, Collision With",2,415088,36071,4753,2.6,13857119.0,5167.5,1527
2024,Property Damage Accident,7:00,2024-08-17,Saturday,Y,Dawn,NEW WINDSOR,OTHER,ORANGE,Curve and Grade,Clear,Other,Dry,,Not Applicable,"Other Fixed Object*, Collision With Fixed Object",1,415088,36071,4753,2.6,13857119.0,5167.5,1527
2024,Property Damage Accident,9:25,2024-08-17,Saturday,Y,Daylight,MONROE,REAR END,ORANGE,Straight and Grade,Cloudy,Stop Sign,Dry,,Not Applicable,"Other Motor Vehicle, Collision With",2,415088,36071,4753,2.6,13857119.0,5167.5,1527
2024,Property Damage & Injury Accident,5:45,2024-08-17,Saturday,Y,Dawn,PATTERSON,OTHER,PUTNAM,Straight and Level,Clear,,Dry,,Not Applicable,"Guide Rail - Not At End, Collision With Fixed Object",1,98842,36079,509,0.7,2746105.0,4089.2,375
2024,Property Damage & Injury Accident,8:09,2024-08-17,Saturday,Y,Daylight,COLD SPRING,REAR END,PUTNAM,Straight and Level,Cloudy,No Passing Zone,Dry,9D84021081,Not Applicable,"Other Motor Vehicle, Collision With",2,98842,36079,509,0.7,2746105.0,4089.2,375
2024,Property Damage & Injury Accident,22:52,2024-08-17,Saturday,Y,Dark-Road Lighted,SUFFERN,OTHER,ROCKLAND,Straight and Grade,Rain,,Wet,59 85011014,Not Applicable,"Guide Rail - Not At End, Collision With Fixed Object",1,354829,36087,259,0.3,7336134.0,9989.2,886
2024,Property Damage Accident,15:24,2024-08-17,Saturday,Y,Daylight,CLARKSTOWN,Unknown,ROCKLAND,Straight and Level,Cloudy,,Dry,59 85011093,Not Applicable,"Other Motor Vehicle, Collision With",2,354829,36087,259,0.3,7336134.0,9989.2,886
2024,Property Damage Accident,16:00,2024-08-17,Saturday,Y,Daylight,WHITE PLAINS,RIGHT ANGLE,WESTCHESTER,Straight and Level,Clear,,Dry,,Not Applicable,"Other Motor Vehicle, Collision With",2,1009165,36119,850,0.8,18110248.0,6143.2,3354
2024,Property Damage Accident,10:15,2024-08-17,Saturday,Y,Daylight,SCARSDALE,OTHER,WESTCHESTER,Straight and Level,Clear,,Dry,,Not Applicable,Deer,1,1009165,36119,850,0.8,18110248.0,6143.2,3354
2024,Property Damage Accident,2:29,2024-08-17,Saturday,Y,Dark-Road Lighted,PEEKSKILL,REAR END,WESTCHESTER,Straight and Grade,Clear,,Dry,,Not Applicable,"Other Motor Vehicle, Collision With",2,1009165,36119,850,0.8,18110248.0,6143.2,3354
2024,Property Damage Accident,19:36,2024-08-17,Saturday,Y,Dusk,MAMARONECK,OTHER,WESTCHESTER,Straight and Level,Cloudy,,Wet,,Not Applicable,"Other Motor Vehicle, Collision With",3,1009165,36119,850,0.8,18110248.0,6143.2,3354
2024,Property Damage Accident,10:45,2024-08-17,Saturday,Y,Daylight,HARRISON,OVERTAKING,WESTCHESTER,Curve and Grade,Cloudy,Traffic Signal,Dry,,Not Applicable,"Other Motor Vehicle, Collision With",2,1009165,36119,850,0.8,18110248.0,6143.2,3354
2024,Injury Accident,15:17,2024-08-17,Saturday,Y,Daylight,BRONXVILLE,OTHER,WESTCHESTER,Straight and Grade,Clear,,Dry,,"Crossing, No Signal or Crosswalk","Pedestrian, Collision With",1,1009165,36119,850,0.8,18110248.0,6143.2,3354
2024,Property Damage Accident,12:40,2024-08-17,Saturday,Y,Daylight,NEW CASTLE,REAR END,WESTCHESTER,Straight and Level,Cloudy,Traffic Signal,Dry,100 87014122,Not Applicable,"Other Motor Vehicle, Collision With",2,1009165,36119,850,0.8,18110248.0,6143.2,3354
2024,Property Damage Accident,7:40,2024-08-18,Sunday,Y,Daylight,EAST FISHKILL,OTHER,DUTCHESS,Straight and Grade,Rain,,Wet,,Not Applicable,"Earth Embankment/Rock Cut/Ditch, Collision With Fixed Object",1,299256,36027,1695,0.8,5987961.0,3975.0,1300
2024,Property Damage & Injury Accident,7:00,2024-08-18,Sunday,Y,Daylight,FISHKILL,RIGHT ANGLE,DUTCHESS,Straight and Level,Rain,Traffic Signal,Wet,9 82051034,Not Applicable,"Other Motor Vehicle, Collision With",2,299256,36027,1695,0.8,5987961.0,3975.0,1300
2024,Property Damage & Injury Accident,17:10,2024-08-18,Sunday,Y,Daylight,AMENIA,OTHER,DUTCHESS,Straight and Level,Clear,,Dry,22 82041188,Not Applicable,"Tree, Collision With Fixed Object",1,299256,36027,1695,0.8,5987961.0,3975.0,1300
2024,Property Damage & Injury Accident,10:13,2024-08-18,Sunday,Y,Daylight,CLINTON,HEAD ON,DUTCHESS,Straight and Grade,Rain,Stop Sign,Wet,,Not Applicable,"Other Motor Vehicle, Collision With",2,299256,36027,1695,0.8,5987961.0,3975.0,1300
2024,Property Damage Accident,0:00,2024-08-18,Sunday,N,Unknown,RED HOOK,OTHER,DUTCHESS,Unknown,Unknown,Unknown,Unknown,,Not Applicable,"Tree, Collision With Fixed Object",1,299256,36027,1695,0.8,5987961.0,3975.0,1300
2024,Property Damage Accident,10:54,2024-08-18,Sunday,Y,Daylight,AMENIA,REAR END,DUTCHESS,Straight and Grade,Cloudy,No Passing Zone,Wet,22 82041243,Not Applicable,"Other Motor Vehicle, Collision With",2,299256,36027,1695,0.8,5987961.0,3975.0,1300
2024,Property Damage & Injury Accident,0:19,2024-08-18,Sunday,Y,Dark-Road Unlighted,PLEASANT VALLEY,OTHER,DUTCHESS,Curve and Level,Cloudy,No Passing Zone,Dry,44 82022057,Not Applicable,"Building/Wall, Collision With Fixed Object",1,299256,36027,1695,0.8,5987961.0,3975.0,1300
2024,Property Damage & Injury Accident,0:38,2024-08-18,Sunday,Y,Dark-Road Lighted,NEW WINDSOR,RIGHT ANGLE,ORANGE,Straight and Grade,Clear,Traffic Signal,Dry,,Not Applicable,"Other Motor Vehicle, Collision With",2,415088,36071,4753,2.6,13857119.0,5167.5,1527
2024,Property Damage Accident,18:04,2024-08-18,Sunday,Y,Daylight,NEW WINDSOR,RIGHT TURN (5),ORANGE,Straight and Grade,Cloudy,,Dry,,Not Applicable,"Other Motor Vehicle, Collision With",2,415088,36071,4753,2.6,13857119.0,5167.5,1527
2024,Property Damage & Injury Accident,22:50,2024-08-18,Sunday,Y,Dark-Road Lighted,NEWBURGH,RIGHT ANGLE,ORANGE,Straight and Level,Clear,Traffic Signal,Dry,300 83021090,Not Applicable,"Other Motor Vehicle, Collision With",2,415088,36071,4753,2.6,13857119.0,5167.5,1527
2024,Property Damage Accident,18:49,2024-08-18,Sunday,Y,Dark-Road Unlighted,MONTGOMERY,OTHER,ORANGE,Straight and Grade,Rain,,Wet,84I83011281,Not Applicable,"Guide Rail - Not At End, Collision With Fixed Object",1,415088,36071,4753,2.6,13857119.0,5167.5,1527
2024,Property Damage & Injury Accident,15:18,2024-08-18,Sunday,Y,Daylight,MONTGOMERY,HEAD ON,ORANGE,Straight and Level,Cloudy,,Dry,,Not Applicable,"Other Motor Vehicle, Collision With",2,415088,36071,4753,2.6,13857119.0,5167.5,1527
2024,Property Damage & Injury Accident,12:46,2024-08-18,Sunday,Y,Daylight,RAMAPO,REAR END,ROCKLAND,Straight and Level,Rain,,Wet,,Not Applicable,"Other Motor Vehicle, Collision With",2,354829,36087,259,0.3,7336134.0,9989.2,886
2024,Property Damage Accident,14:43,2024-08-18,Sunday,Y,Daylight,RAMAPO,RIGHT ANGLE,ROCKLAND,Straight and Level,Cloudy,,Wet,306 85011023,Not Applicable,"Other Motor Vehicle, Collision With",2,354829,36087,259,0.3,7336134.0,9989.2,886
2024,Property Damage & Injury Accident,22:45,2024-08-18,Sunday,Y,Dark-Road Lighted,CLARKSTOWN,RIGHT ANGLE,ROCKLAND,Straight and Level,Rain,Traffic Signal,Wet,59 85011087,Not Applicable,"Other Motor Vehicle, Collision With",2,354829,36087,259,0.3,7336134.0,9989.2,886
2024,Property Damage & Injury Accident,20:50,2024-08-18,Sunday,Y,Dark-Road Lighted,RAMAPO,OTHER,ROCKLAND,Straight and Level,Rain,Stop Sign,Wet,,"Crossing, No Signal, Marked Crosswalk","Pedestrian, Collision With",1,354829,36087,259,0.3,7336134.0,9989.2,886
2024,Property Damage Accident,21:55,2024-08-18,Sunday,Y,Dark-Road Lighted,CLARKSTOWN,OTHER,ROCKLAND,Straight and Grade,Rain,,Wet,,Not Applicable,"Light Support/Utility Pole, Collision With Fixed Object",1,354829,36087,259,0.3,7336134.0,9989.2,886
2024,Property Damage Accident,4:35,2024-08-18,Sunday,Y,Dark-Road Lighted,HILLBURN,OVERTAKING,ROCKLAND,Curve and Level,Rain,,Wet,,Not Applicable,"Other Motor Vehicle, Collision With",2,354829,36087,259,0.3,7336134.0,9989.2,886
2024,Property Damage Accident,5:57,2024-08-18,Sunday,Y,Dawn,PLATTEKILL,OTHER,ULSTER,Straight and Level,Clear,,Wet,,Not Applicable,"Animal, Collision With",1,183095,36111,3565,1.2,6410502.0,3939.4,999
2024,Property Damage & Injury Accident,10:48,2024-08-18,Sunday,Y,Daylight,YORKTOWN,OTHER,WESTCHESTER,Straight and Level,Rain,,Wet,987G87011198,Not Applicable,"Building/Wall, Collision With Fixed Object",1,1009165,36119,850,0.8,18110248.0,6143.2,3354
2024,Property Damage Accident,2:31,2024-08-18,Sunday,Y,Dark-Road Lighted,PEEKSKILL,OTHER,WESTCHESTER,Straight and Level,Cloudy,Stop Sign,Dry,,Not Applicable,"Light Support/Utility Pole, Collision With Fixed Object",1,1009165,36119,850,0.8,18110248.0,6143.2,3354
2024,Property Damage Accident,5:29,2024-08-18,Sunday,Y,Dark-Road Unlighted,NEW ROCHELLE,OTHER,WESTCHESTER,Straight and Level,Rain,,Wet,,Not Applicable,"Barrier, Collision With Fixed Object",1,1009165,36119,850,0.8,18110248.0,6143.2,3354
2024,Property Damage Accident,0:51,2024-08-18,Sunday,Y,Dark-Road Lighted,YONKERS,LEFT TURN (3),WESTCHESTER,Straight and Level,Clear,Stop Sign,Dry,,Not Applicable,"Other Motor Vehicle, Collision With",2,1009165,36119,850,0.8,18110248.0,6143.2,3354
2024,Property Damage Accident,2:03,2024-08-18,Sunday,Y,Dark-Road Unlighted,GREENBURGH,OTHER,WESTCHESTER,Curve and Grade,Clear,,Wet,987F87012042,Not Applicable,"Guide Rail - Not At End, Collision With Fixed Object",1,1009165,36119,850,0.8,18110248.0,6143.2,3354
2024,Property Damage Accident,0:00,2024-08-18,Sunday,N,Daylight,GREENBURGH,OTHER,WESTCHESTER,Curve and Level,Clear,Unknown,Dry,,Not Applicable,"Other Object (Not Fixed)*, Collision With",1,1009165,36119,850,0.8,18110248.0,6143.2,3354
2024,Property Damage & Injury Accident,9:10,2024-08-18,Sunday,Y,Daylight,MOUNT PLEASANT,OTHER,WESTCHESTER,Curve and Grade,Rain,,Wet,,Not Applicable,"Ran Off Roadway Only, Non-Collision",1,1009165,36119,850,0.8,18110248.0,6143.2,3354
2024,Property Damage & Injury Accident,18:20,2024-08-18,Sunday,Y,Daylight,MOUNT PLEASANT,OTHER,WESTCHESTER,Straight and Level,Clear,,Wet,,Not Applicable,"Bridge Structure, Collision With Fixed Object",1,1009165,36119,850,0.8,18110248.0,6143.2,3354
2024,Property Damage Accident,8:50,2024-08-19,Monday,Y,Daylight,WAPPINGER,REAR END,DUTCHESS,Straight and Level,Cloudy,,Dry,9 82051075,Not Applicable,"Other Motor Vehicle, Collision With",2,299256,36027,1695,0.8,5987961.0,3975.0,1300
2024,Property Damage Accident,13:45,2024-08-19,Monday,Y,Daylight,POUGHKEEPSIE,OVERTAKING,DUTCHESS,Straight and Level,Clear,,Dry,,Not Applicable,"Other Motor Vehicle, Collision With",2,299256,36027,1695,0.8,5987961.0,3975.0,1300
2024,Property Damage Accident,17:05,2024-08-19,Monday,Y,Daylight,RHINEBECK,OTHER,DUTCHESS,Curve and Grade,Rain,No Passing Zone,Wet,,Not Applicable,"Other*, Non-Collision",1,299256,36027,1695,0.8,5987961.0,3975.0,1300
2024,Property Damage & Injury Accident,10:56,2024-08-19,Monday,Y,Daylight,POUGHKEEPSIE,REAR END,DUTCHESS,Straight and Level,Cloudy,Traffic Signal,Dry,44 82022014,Not Applicable,"Other Motor Vehicle, Collision With",2,299256,36027,1695,0.8,5987961.0,3975.0,1300
2024,Property Damage & Injury Accident,12:08,2024-08-19,Monday,Y,Daylight,WAPPINGER FALLS,REAR END,DUTCHESS,Straight and Level,Clear,Traffic Signal,Dry,9 82051080,Not Applicable,"Other Motor Vehicle, Collision With",2,299256,36027,1695,0.8,5987961.0,3975.0,1300
2024,Property Damage & Injury Accident,14:50,2024-08-19,Monday,Y,Daylight,BEACON,RIGHT ANGLE,DUTCHESS,Straight and Level,Cloudy,No Passing Zone,Dry,,Not Applicable,"Other Motor Vehicle, Collision With",2,299256,36027,1695,0.8,5987961.0,3975.0,1300
2024,Property Damage Accident,18:49,2024-08-19,Monday,Y,Dusk,WAPPINGER,OTHER,DUTCHESS,Straight and Level,Cloudy,,Dry,,Not Applicable,"Other Motor Vehicle, Collision With",2,299256,36027,1695,0.8,5987961.0,3975.0,1300
2024,Property Damage & Injury Accident,10:08,2024-08-19,Monday,Y,Daylight,NEW WINDSOR,RIGHT ANGLE,ORANGE,Straight and Level,Clear,Traffic Signal,Dry,32 83011115,Not Applicable,"Other Motor Vehicle, Collision With",2,415088,36071,4753,2.6,13857119.0,5167.5,1527
2024,Property Damage Accident,16:33,2024-08-19,Monday,Y,Daylight,NEWBURGH,REAR END,ORANGE,Straight and Level,Rain,Traffic Signal,Wet,32 83013010,Not Applicable,"Other Motor Vehicle, Collision With",2,415088,36071,4753,2.6,13857119.0,5167.5,1527
2024,Property Damage Accident,20:18,2024-08-19,Monday,Y,Dark-Road Lighted,NEWBURGH,RIGHT ANGLE,ORANGE,Straight and Level,Clear,Stop Sign,Dry,,Not Applicable,"Other Motor Vehicle, Collision With",2,415088,36071,4753,2.6,13857119.0,5167.5,1527
2024,Property Damage Accident,17:24,2024-08-19,Monday,Y,Daylight,BLOOMING GROVE,OTHER,ORANGE,Curve and Level,Clear,No Passing Zone,Wet,,Not Applicable,"Earth Embankment/Rock Cut/Ditch, Collision With Fixed Object",1,415088,36071,4753,2.6,13857119.0,5167.5,1527
2024,Property Damage Accident,6:03,2024-08-19,Monday,Y,Dawn,GOSHEN,OTHER,ORANGE,Straight and Level,Cloudy,,Wet,94 83011120,Not Applicable,Deer,1,415088,36071,4753,2.6,13857119.0,5167.5,1527
2024,Property Damage Accident,15:30,2024-08-19,Monday,Y,Daylight,NEWBURGH,RIGHT ANGLE,ORANGE,Straight and Level,Clear,Traffic Signal,Dry,17K83012009,Not Applicable,"Other Motor Vehicle, Collision With",2,415088,36071,4753,2.6,13857119.0,5167.5,1527
2024,Property Damage Accident,14:15,2024-08-19,Monday,Y,Daylight,NEWBURGH,REAR END,ORANGE,Straight and Level,Clear,,Dry,,Not Applicable,"Other Motor Vehicle, Collision With",2,415088,36071,4753,2.6,13857119.0,5167.5,1527
2024,Property Damage Accident,9:49,2024-08-19,Monday,Y,Daylight,CORNWALL,LEFT TURN (3),ORANGE,Straight and Level,Cloudy,Stop Sign,Dry,,Not Applicable,"Other Motor Vehicle, Collision With",2,415088,36071,4753,2.6,13857119.0,5167.5,1527
2024,Property Damage Accident,19:30,2024-08-19,Monday,Y,Dusk,WALLKILL,REAR END,ORANGE,Straight and Level,Clear,Traffic Signal,Dry,,Not Applicable,"Other Motor Vehicle, Collision With",2,415088,36071,4753,2.6,13857119.0,5167.5,1527
2024,Property Damage Accident,19:20,2024-08-19,Monday,Y,Dusk,NEWBURGH,OTHER,ORANGE,Straight and Grade,Clear,Traffic Signal,Dry,,Not Applicable,"Other Motor Vehicle, Collision With",3,415088,36071,4753,2.6,13857119.0,5167.5,1527
2024,Property Damage Accident,14:52,2024-08-19,Monday,Y,Daylight,NEWBURGH,REAR END,ORANGE,Straight and Level,Rain,,Wet,,Not Applicable,"Other Motor Vehicle, Collision With",2,415088,36071,4753,2.6,13857119.0,5167.5,1527
2024,Property Damage & Injury Accident,16:12,2024-08-19,Monday,Y,Daylight,RAMAPO,REAR END,ROCKLAND,Straight and Grade,Cloudy,,Dry,,Not Applicable,"Other Motor Vehicle, Collision With",2,354829,36087,259,0.3,7336134.0,9989.2,886
2024,Property Damage Accident,18:59,2024-08-19,Monday,Y,Daylight,ORANGETOWN,OTHER,ROCKLAND,Straight and Level,Cloudy,,Dry,987C85011021,Not Applicable,"Animal, Collision With",1,354829,36087,259,0.3,7336134.0,9989.2,886
2024,Property Damage & Injury Accident,9:22,2024-08-19,Monday,Y,Daylight,ORANGETOWN,REAR END,ROCKLAND,Straight and Level,Clear,,Dry,,Not Applicable,"Other Motor Vehicle, Collision With",2,354829,36087,259,0.3,7336134.0,9989.2,886
2024,Property Damage Accident,10:07,2024-08-19,Monday,Y,Daylight,HAVERSTRAW,REAR END,ROCKLAND,Straight and Grade,Clear,,Dry,,Not Applicable,"Other Motor Vehicle, Collision With",2,354829,36087,259,0.3,7336134.0,9989.2,886
2024,Property Damage Accident,12:30,2024-08-19,Monday,Y,Daylight,CLARKSTOWN,OTHER,ROCKLAND,Curve and Grade,Clear,,Dry,,Not Applicable,"Tree, Collision With Fixed Object",1,354829,36087,259,0.3,7336134.0,9989.2,886
2024,Property Damage Accident,8:56,2024-08-19,Monday,Y,Daylight,CLARKSTOWN,RIGHT ANGLE,ROCKLAND,Straight and Level,Clear,,Dry,,Not Applicable,"Other Motor Vehicle, Collision With",2,354829,36087,259,0.3,7336134.0,9989.2,886
2024,Property Damage Accident,20:04,2024-08-19,Monday,Y,Dark-Road Unlighted,NEW PALTZ,OTHER,ULSTER,Straight and Level,Clear,No Passing Zone,Dry,,Not Applicable,Deer,1,183095,36111,3565,1.2,6410502.0,3939.4,999
2024,Property Damage Accident,8:00,2024-08-19,Monday,N,Daylight,ELMSFORD,REAR END,WESTCHESTER,Straight and Level,Clear,,Dry,,Not Applicable,"Other Motor Vehicle, Collision With",2,1009165,36119,850,0.8,18110248.0,6143.2,3354
2024,Property Damage Accident,10:10,2024-08-19,Monday,Y,Daylight,PELHAM MANOR,REAR END,WESTCHESTER,Straight and Level,Clear,Traffic Signal,Dry,1 87031007,Not Applicable,"Other Motor Vehicle, Collision With",2,1009165,36119,850,0.8,18110248.0,6143.2,3354
2024,Property Damage & Injury Accident,17:06,2024-08-19,Monday,Y,Daylight,YONKERS,OTHER,WESTCHESTER,Straight and Level,Clear,,Dry,9A87031037,Not Applicable,"Other Motor Vehicle, Collision With",3,1009165,36119,850,0.8,18110248.0,6143.2,3354
2024,Property Damage Accident,7:49,2024-08-19,Monday,Y,Daylight,HARRISON,OTHER,WESTCHESTER,Straight and Grade,Cloudy,,Wet,,Not Applicable,"Other Fixed Object*, Collision With Fixed Object",1,1009165,36119,850,0.8,18110248.0,6143.2,3354
2024,Property Damage & Injury Accident,10:19,2024-08-19,Monday,Y,Daylight,GREENBURGH,OVERTAKING,WESTCHESTER,Straight and Level,Clear,Traffic Signal,Dry,9A87032070,Not Applicable,"Other Motor Vehicle, Collision With",2,1009165,36119,850,0.8,18110248.0,6143.2,3354
2024,Property Damage Accident,5:51,2024-08-19,Monday,Y,Dark-Road Unlighted,NEW ROCHELLE,OTHER,WESTCHESTER,Straight and Level,Cloudy,,Wet,125 87011029,Not Applicable,"Tree, Collision With Fixed Object",1,1009165,36119,850,0.8,18110248.0,6143.2,3354
2024,Property Damage & Injury Accident,10:40,2024-08-19,Monday,Y,Daylight,YONKERS,REAR END,WESTCHESTER,Straight and Level,Clear,Traffic Signal,Dry,987D87011044,Not Applicable,"Other Motor Vehicle, Collision With",2,1009165,36119,850,0.8,18110248.0,6143.2,3354
2024,Property Damage Accident,8:27,2024-08-19,Monday,Y,Daylight,MAMARONECK,OTHER,WESTCHESTER,Curve and Grade,Cloudy,,Wet,,Not Applicable,"Tree, Collision With Fixed Object",1,1009165,36119,850,0.8,18110248.0,6143.2,3354
2024,Property Damage & Injury Accident,11:21,2024-08-19,Monday,Y,Daylight,YONKERS,OTHER,WESTCHESTER,Straight and Level,Clear,,Dry,987F87011000,Not Applicable,"Other Motor Vehicle, Collision With",3,1009165,36119,850,0.8,18110248.0,6143.2,3354
2024,Property Damage & Injury Accident,22:08,2024-08-19,Monday,Y,Dark-Road Unlighted,HARRISON,OVERTAKING,WESTCHESTER,Curve and Level,Clear,,Dry,684I87011035,Not Applicable,"Other Motor Vehicle, Collision With",2,1009165,36119,850,0.8,18110248.0,6143.2,3354
2024,Property Damage & Injury Accident,20:14,2024-08-20,Tuesday,Y,Dark-Road Unlighted,RHINEBECK,OTHER,DUTCHESS,Straight and Level,Clear,Traffic Signal,Dry,199 82021013,Not Applicable,"Other Motor Vehicle, Collision With",3,299256,36027,1695,0.8,5987961.0,3975.0,1300
2024,Property Damage & Injury Accident,12:00,2024-08-20,Tuesday,Y,Daylight,POUGHKEEPSIE,REAR END,DUTCHESS,Straight and Grade,Clear,Traffic Signal,Dry,115 82012002,Not Applicable,"Other Motor Vehicle, Collision With",2,299256,36027,1695,0.8,5987961.0,3975.0,1300
2024,Property Damage Accident,16:20,2024-08-20,Tuesday,Y,Daylight,FISHKILL,RIGHT ANGLE,DUTCHESS,Straight and Level,Clear,Traffic Signal,Dry,,Not Applicable,"Other Motor Vehicle, Collision With",2,299256,36027,1695,0.8,5987961.0,3975.0,1300