year,accident_descriptor,time,date,day_of_week,police_report,lighting_conditions,municipality,collision_type_descriptor,county_name,road_descriptor,weather_conditions,traffic_control_device,road_surface_conditions,dot_reference_marker_location,pedestrian_bicyclist_action,event_descriptor,number_of_vehicles_involved,county_population_2024,county_fips,county_deer_take_2024,county_antlerless_deer_per_sqmi_2024,county_daily_vmt_2019,county_mean_aadt_2019,county_aadt_segments_2019
2024,Property Damage Accident,9:50,2024-08-23,Friday,Y,Daylight,WHITE PLAINS,SIDESWIPE,WESTCHESTER,Straight and Grade,Clear,,Dry,,Not Applicable,"Other Motor Vehicle, Collision With",2,1009165,36119,850,0.8,18110248.0,6143.2,3354
2024,Property Damage Accident,14:19,2024-08-23,Friday,Y,Daylight,TARRYTOWN,REAR END,WESTCHESTER,Curve and Grade,Clear,,Dry,,Not Applicable,"Other Motor Vehicle, Collision With",2,1009165,36119,850,0.8,18110248.0,6143.2,3354
2024,Property Damage Accident,12:37,2024-08-23,Friday,Y,Daylight,WHITE PLAINS,OVERTAKING,WESTCHESTER,Straight and Level,Cloudy,,Dry,,Not Applicable,"Other Motor Vehicle, Collision With",2,1009165,36119,850,0.8,18110248.0,6143.2,3354
2024,Property Damage Accident,3:10,2024-08-23,Friday,Y,Dark-Road Unlighted,DOBBS FERRY,OTHER,WESTCHESTER,Curve at Hill Crest,Clear,,Dry,,Not Applicable,"Guide Rail - Not At End, Collision With Fixed Object",1,1009165,36119,850,0.8,18110248.0,6143.2,3354
2024,Property Damage & Injury Accident,20:05,2024-08-24,Saturday,Y,Dark-Road Unlighted,LA GRANGE,OTHER,DUTCHESS,Curve and Grade,Clear,No Passing Zone,Dry,,Not Applicable,"Earth Embankment/Rock Cut/Ditch, Collision With Fixed Object",1,299256,36027,1695,0.8,5987961.0,3975.0,1300
2024,Property Damage Accident,18:35,2024-08-24,Saturday,Y,Daylight,TIVOLI,OVERTAKING,DUTCHESS,Straight and Level,Clear,,Dry,,Not Applicable,"Other Motor Vehicle, Collision With",2,299256,36027,1695,0.8,5987961.0,3975.0,1300
2024,Property Damage Accident,15:51,2024-08-24,Saturday,Y,Daylight,WAPPINGER,REAR END,DUTCHESS,Straight and Level,Clear,,Dry,9 82051065,Not Applicable,"Other Motor Vehicle, Collision With",2,299256,36027,1695,0.8,5987961.0,3975.0,1300
2024,Property Damage Accident,6:00,2024-08-24,Saturday,Y,Dark-Road Lighted,NEWBURGH,REAR END,ORANGE,Straight and Grade,Clear,,Dry,,Not Applicable,"Other Motor Vehicle, Collision With",2,415088,36071,4753,2.6,13857119.0,5167.5,1527
2024,Property Damage Accident,22:27,2024-08-24,Saturday,Y,Dark-Road Lighted,NEWBURGH,RIGHT ANGLE,ORANGE,Straight and Level,Clear,Stop Sign,Dry,,Not Applicable,"Other Motor Vehicle, Collision With",2,415088,36071,4753,2.6,13857119.0,5167.5,1527
2024,Property Damage Accident,0:00,2024-08-24,Saturday,N,Dusk,BLOOMING GROVE,OTHER,ORANGE,Straight and Level,Cloudy,,Dry,208 83011038,Not Applicable,"Tree, Collision With Fixed Object",1,415088,36071,4753,2.6,13857119.0,5167.5,1527
2024,Property Damage Accident,9:26,2024-08-24,Saturday,Y,Daylight,NEWBURGH,OVERTAKING,ORANGE,Straight and Grade,Clear,,Dry,,Not Applicable,"Other Motor Vehicle, Collision With",2,415088,36071,4753,2.6,13857119.0,5167.5,1527
2024,Property Damage Accident,20:36,2024-08-24,Saturday,Y,Dusk,CHESTER,LEFT TURN (0),ORANGE,Straight and Grade,Clear,Traffic Signal,Dry,94 83011148,Not Applicable,"Other Motor Vehicle, Collision With",2,415088,36071,4753,2.6,13857119.0,5167.5,1527
2024,Property Damage & Injury Accident,21:11,2024-08-24,Saturday,Y,Dark-Road Lighted,NEW WINDSOR,OTHER,ORANGE,Curve and Level,Clear,,Dry,32 83011140,Not Applicable,"Other Motor Vehicle, Collision With",3,415088,36071,4753,2.6,13857119.0,5167.5,1527
2024,Property Damage Accident,5:41,2024-08-24,Saturday,Y,Dawn,PUTNAM VALLEY,OVERTAKING,PUTNAM,Curve and Grade,Clear,,Dry,987G84021065,Not Applicable,"Other Motor Vehicle, Collision With",2,98842,36079,509,0.7,2746105.0,4089.2,375
2024,Property Damage Accident,5:33,2024-08-24,Saturday,Y,Daylight,PUTNAM VALLEY,OTHER,PUTNAM,Curve and Level,Clear,,Dry,987G84021064,Not Applicable,"Other Object (Not Fixed)*, Collision With",1,98842,36079,509,0.7,2746105.0,4089.2,375
2024,Property Damage Accident,8:14,2024-08-24,Saturday,Y,Daylight,CLARKSTOWN,OTHER,ROCKLAND,Straight and Level,Clear,Other,Dry,,Not Applicable,"Earth Embankment/Rock Cut/Ditch, Collision With Fixed Object",1,354829,36087,259,0.3,7336134.0,9989.2,886
2024,Property Damage Accident,8:20,2024-08-24,Saturday,Y,Daylight,STONY POINT,SIDESWIPE,ROCKLAND,Curve and Grade,Clear,Stop Sign,Dry,9W85011209,Not Applicable,"Other Motor Vehicle, Collision With",2,354829,36087,259,0.3,7336134.0,9989.2,886
2024,Property Damage Accident,10:00,2024-08-24,Saturday,Y,Daylight,HAVERSTRAW,LEFT TURN (3),ROCKLAND,Straight at Hill Crest,Clear,Stop Sign,Dry,,Not Applicable,"Other Motor Vehicle, Collision With",2,354829,36087,259,0.3,7336134.0,9989.2,886
2024,Property Damage Accident,12:46,2024-08-24,Saturday,Y,Daylight,KINGSTON,REAR END,ULSTER,Straight and Level,Clear,,Dry,981K86011000,Not Applicable,"Other Motor Vehicle, Collision With",2,183095,36111,3565,1.2,6410502.0,3939.4,999
2024,Property Damage Accident,8:39,2024-08-24,Saturday,Y,Daylight,PLATTEKILL,REAR END,ULSTER,Straight and Level,Clear,No Passing Zone,Dry,32 86021053,Not Applicable,"Other Motor Vehicle, Collision With",2,183095,36111,3565,1.2,6410502.0,3939.4,999
2024,Property Damage Accident,18:47,2024-08-24,Saturday,Y,Daylight,BEDFORD,REAR END,WESTCHESTER,Straight and Level,Clear,Stop Sign,Dry,,Not Applicable,"Other Motor Vehicle, Collision With",2,1009165,36119,850,0.8,18110248.0,6143.2,3354
2024,Injury Accident,13:09,2024-08-24,Saturday,Y,Daylight,ELMSFORD,OTHER,WESTCHESTER,Straight and Level,Clear,Stop Sign,Dry,119 87011023,"Crossing, No Signal or Crosswalk","Bicyclist, Collision With",1,1009165,36119,850,0.8,18110248.0,6143.2,3354
2024,Property Damage & Injury Accident,1:10,2024-08-24,Saturday,Y,Dark-Road Lighted,MAMARONECK,REAR END,WESTCHESTER,Straight and Grade,Clear,Officer/Guard,Dry,,Not Applicable,"Other Motor Vehicle, Collision With",2,1009165,36119,850,0.8,18110248.0,6143.2,3354
2024,Injury Accident,10:31,2024-08-24,Saturday,Y,Daylight,MAMARONECK,OTHER,WESTCHESTER,Straight and Level,Clear,Traffic Signal,Dry,,"Crossing, With Signal","Pedestrian, Collision With",1,1009165,36119,850,0.8,18110248.0,6143.2,3354
2024,Property Damage Accident,4:33,2024-08-24,Saturday,Y,Dark-Road Lighted,YONKERS,Unknown,WESTCHESTER,Curve and Level,Clear,,Dry,,Not Applicable,"Guide Rail - End, Collision With Fixed Object",2,1009165,36119,850,0.8,18110248.0,6143.2,3354
2024,Property Damage Accident,12:15,2024-08-24,Saturday,Y,Daylight,SOMERS,REAR END,WESTCHESTER,Straight and Grade,Cloudy,,Muddy,6 87033077,Not Applicable,"Other Motor Vehicle, Collision With",2,1009165,36119,850,0.8,18110248.0,6143.2,3354
2024,Property Damage Accident,11:36,2024-08-24,Saturday,Y,Daylight,PORT CHESTER,OVERTAKING,WESTCHESTER,Straight and Level,Clear,,Dry,1 87035012,Not Applicable,"Other Motor Vehicle, Collision With",2,1009165,36119,850,0.8,18110248.0,6143.2,3354
2024,Property Damage Accident,13:00,2024-08-24,Saturday,Y,Daylight,CORTLANDT,OTHER,WESTCHESTER,Straight and Level,Clear,,Dry,6 87033007,Not Applicable,"Building/Wall, Collision With Fixed Object",1,1009165,36119,850,0.8,18110248.0,6143.2,3354
2024,Property Damage Accident,13:16,2024-08-24,Saturday,Y,Daylight,NEW ROCHELLE,OVERTAKING,WESTCHESTER,Straight and Level,Cloudy,,Dry,,Not Applicable,"Other Motor Vehicle, Collision With",2,1009165,36119,850,0.8,18110248.0,6143.2,3354
2024,Property Damage Accident,23:25,2024-08-24,Saturday,Y,Dark-Road Lighted,RYE BROOKE,REAR END,WESTCHESTER,Straight and Grade,Clear,Traffic Signal,Dry,,Not Applicable,"Other Motor Vehicle, Collision With",2,1009165,36119,850,0.8,18110248.0,6143.2,3354
2024,Property Damage Accident,3:06,2024-08-24,Saturday,Y,Dark-Road Unlighted,NORTH CASTLE,OTHER,WESTCHESTER,Straight and Grade,Clear,,Dry,120 87012082,Not Applicable,Deer,1,1009165,36119,850,0.8,18110248.0,6143.2,3354
2024,Property Damage Accident,12:38,2024-08-25,Sunday,Y,Daylight,MILAN,OVERTAKING,DUTCHESS,Curve and Grade,Clear,,Dry,,Not Applicable,"Other Motor Vehicle, Collision With",2,299256,36027,1695,0.8,5987961.0,3975.0,1300
2024,Property Damage Accident,0:35,2024-08-25,Sunday,Y,Dark-Road Lighted,WOODBURY,OVERTAKING,ORANGE,Straight and Grade,Clear,Unknown,Dry,32 83011005,Not Applicable,"Other Motor Vehicle, Collision With",2,415088,36071,4753,2.6,13857119.0,5167.5,1527
2024,Property Damage Accident,18:52,2024-08-25,Sunday,Y,Daylight,MIDDLETOWN,REAR END,ORANGE,Straight and Level,Clear,Stop Sign,Dry,,Not Applicable,"Other Motor Vehicle, Collision With",2,415088,36071,4753,2.6,13857119.0,5167.5,1527
2024,Property Damage Accident,14:32,2024-08-25,Sunday,Y,Daylight,MINISINK,OTHER,ORANGE,Straight and Level,Clear,Stop Sign,Dry,,Not Applicable,"Other Motor Vehicle, Collision With",2,415088,36071,4753,2.6,13857119.0,5167.5,1527
2024,Property Damage Accident,6:20,2024-08-25,Sunday,Y,Dawn,MONTGOMERY,OTHER,ORANGE,Curve and Grade,Clear,,Dry,84I83011303,Not Applicable,"Guide Rail - Not At End, Collision With Fixed Object",1,415088,36071,4753,2.6,13857119.0,5167.5,1527
2024,Property Damage Accident,14:15,2024-08-25,Sunday,Y,Daylight,NEWBURGH,SIDESWIPE,ORANGE,Straight and Level,Clear,Traffic Signal,Dry,17K83012010,Not Applicable,"Other Motor Vehicle, Collision With",2,415088,36071,4753,2.6,13857119.0,5167.5,1527
2024,Property Damage & Injury Accident,17:28,2024-08-25,Sunday,Y,Daylight,CHESTER,OTHER,ORANGE,Curve and Grade,Clear,,Dry,,Not Applicable,"Guide Rail - Not At End, Collision With Fixed Object",1,415088,36071,4753,2.6,13857119.0,5167.5,1527
2024,Property Damage Accident,14:59,2024-08-25,Sunday,Y,Daylight,WARWICK,OTHER,ORANGE,Curve and Grade,Clear,,Dry,,Not Applicable,"Ran Off Roadway Only, Non-Collision",1,415088,36071,4753,2.6,13857119.0,5167.5,1527
2024,Property Damage & Injury Accident,23:30,2024-08-25,Sunday,Y,Dark-Road Lighted,CRAWFORD,OTHER,ORANGE,Straight and Level,Clear,,Dry,,Not Applicable,Deer,1,415088,36071,4753,2.6,13857119.0,5167.5,1527
2024,Property Damage Accident,19:06,2024-08-25,Sunday,Y,Daylight,TUXEDO,REAR END,ORANGE,Straight and Level,Clear,,Dry,,Not Applicable,"Other Motor Vehicle, Collision With",2,415088,36071,4753,2.6,13857119.0,5167.5,1527
2024,Property Damage Accident,0:35,2024-08-25,Sunday,Y,Dark-Road Lighted,WALLKILL,LEFT TURN (3),ORANGE,Straight and Level,Clear,Traffic Signal,Dry,211 83013018,Not Applicable,"Other Motor Vehicle, Collision With",2,415088,36071,4753,2.6,13857119.0,5167.5,1527
2024,Property Damage Accident,14:13,2024-08-25,Sunday,Y,Daylight,RAMAPO,OTHER,ROCKLAND,Straight and Level,Clear,,Dry,,Not Applicable,"Other Motor Vehicle, Collision With",2,354829,36087,259,0.3,7336134.0,9989.2,886
2024,Property Damage Accident,7:00,2024-08-25,Sunday,Y,Dawn,CLARKSTOWN,REAR END,ROCKLAND,Straight and Grade,Clear,,Dry,,Not Applicable,"Other Motor Vehicle, Collision With",2,354829,36087,259,0.3,7336134.0,9989.2,886
2024,Property Damage & Injury Accident,21:03,2024-08-25,Sunday,N,Unknown,RAMAPO,REAR END,ROCKLAND,Unknown,Unknown,Unknown,Unknown,,Not Applicable,"Other Motor Vehicle, Collision With",2,354829,36087,259,0.3,7336134.0,9989.2,886
2024,Property Damage Accident,19:20,2024-08-25,Sunday,Y,Daylight,RAMAPO,OVERTAKING,ROCKLAND,Straight and Level,Cloudy,,Dry,,Not Applicable,"Other Motor Vehicle, Collision With",2,354829,36087,259,0.3,7336134.0,9989.2,886
2024,Property Damage Accident,20:30,2024-08-25,Sunday,Y,Dark-Road Lighted,RAMAPO,REAR END,ROCKLAND,Straight and Level,Clear,,Dry,,Not Applicable,"Other Motor Vehicle, Collision With",2,354829,36087,259,0.3,7336134.0,9989.2,886
2024,Property Damage & Injury Accident,8:20,2024-08-25,Sunday,Y,Daylight,ORANGETOWN,OTHER,ROCKLAND,Straight and Level,Clear,,Dry,,Riding/Walking/Skating Along Highway With Traffic,"Bicyclist, Collision With",1,354829,36087,259,0.3,7336134.0,9989.2,886
2024,Property Damage Accident,20:15,2024-08-25,Sunday,Y,Dark-Road Unlighted,SAUGERTIES,OTHER,ULSTER,Straight and Level,Cloudy,No Passing Zone,Wet,212 86011154,Not Applicable,Deer,1,183095,36111,3565,1.2,6410502.0,3939.4,999
2024,Property Damage Accident,12:54,2024-08-25,Sunday,Y,Daylight,WOODSTOCK,REAR END,ULSTER,Straight and Level,Clear,Traffic Signal,Dry,28 86012056,Not Applicable,"Other Motor Vehicle, Collision With",2,183095,36111,3565,1.2,6410502.0,3939.4,999
2024,Property Damage Accident,19:10,2024-08-25,Sunday,Y,Daylight,NEW ROCHELLE,LEFT TURN (3),WESTCHESTER,Straight and Level,Clear,,Dry,1 87032016,Not Applicable,"Other Motor Vehicle, Collision With",2,1009165,36119,850,0.8,18110248.0,6143.2,3354
2024,Property Damage Accident,8:57,2024-08-25,Sunday,Y,Daylight,EASTCHESTER,OTHER,WESTCHESTER,Straight and Grade,Clear,,Dry,22 87022031,Not Applicable,"Curbing, Collision With Fixed Object",1,1009165,36119,850,0.8,18110248.0,6143.2,3354
2024,Property Damage Accident,0:00,2024-08-25,Sunday,Y,Dark-Road Lighted,WHITE PLAINS,SIDESWIPE,WESTCHESTER,Straight and Level,Clear,,Dry,,Not Applicable,"Other Motor Vehicle, Collision With",2,1009165,36119,850,0.8,18110248.0,6143.2,3354
2024,Property Damage & Injury Accident,21:45,2024-08-25,Sunday,Y,Dusk,HARRISON,OTHER,WESTCHESTER,Straight and Level,Clear,,Dry,,Not Applicable,"Other Motor Vehicle, Collision With",3,1009165,36119,850,0.8,18110248.0,6143.2,3354
2024,Property Damage Accident,7:17,2024-08-26,Monday,Y,Daylight,POUGHKEEPSIE,REAR END,DUTCHESS,Straight and Level,Fog/Smog/Smoke,,Dry,,Not Applicable,"Other Motor Vehicle, Collision With",2,299256,36027,1695,0.8,5987961.0,3975.0,1300
2024,Injury Accident,21:15,2024-08-26,Monday,Y,Dark-Road Unlighted,HYDE PARK,OTHER,DUTCHESS,Straight and Grade,Cloudy,,Wet,,Not Applicable,"Animal, Collision With",1,299256,36027,1695,0.8,5987961.0,3975.0,1300
2024,Property Damage Accident,6:51,2024-08-26,Monday,Y,Daylight,BEEKMAN,OTHER,DUTCHESS,Straight and Grade,Clear,No Passing Zone,Dry,,Not Applicable,Deer,1,299256,36027,1695,0.8,5987961.0,3975.0,1300
2024,Property Damage & Injury Accident,14:18,2024-08-26,Monday,Y,Daylight,POUGHKEEPSIE,OTHER,DUTCHESS,Straight and Level,Clear,Traffic Signal,Dry,9 82051126,Not Applicable,"Other Motor Vehicle, Collision With",2,299256,36027,1695,0.8,5987961.0,3975.0,1300
2024,Property Damage Accident,17:16,2024-08-26,Monday,Y,Daylight,WAPPINGER,RIGHT ANGLE,DUTCHESS,Straight and Level,Clear,Stop Sign,Dry,,Not Applicable,"Other Motor Vehicle, Collision With",2,299256,36027,1695,0.8,5987961.0,3975.0,1300
2024,Property Damage Accident,4:15,2024-08-26,Monday,N,Unknown,BLOOMING GROVE,OTHER,ORANGE,Unknown,Unknown,Unknown,Unknown,,Not Applicable,Deer,1,415088,36071,4753,2.6,13857119.0,5167.5,1527
2024,Property Damage & Injury Accident,18:00,2024-08-26,Monday,Y,Daylight,HIGHLANDS,OVERTAKING,ORANGE,Curve and Level,Cloudy,,Dry,6 83011434,Not Applicable,"Other Motor Vehicle, Collision With",2,415088,36071,4753,2.6,13857119.0,5167.5,1527
2024,Property Damage & Injury Accident,2:14,2024-08-26,Monday,Y,Dark-Road Lighted,NEWBURGH,OTHER,ORANGE,Straight and Level,Clear,,Dry,,Riding/Walking/Skating Along Highway With Traffic,"Bicyclist, Collision With",1,415088,36071,4753,2.6,13857119.0,5167.5,1527
2024,Property Damage Accident,19:40,2024-08-26,Monday,Y,Dusk,WOODBURY,REAR END,ORANGE,Straight and Grade,Rain,Stop Sign,Wet,,Not Applicable,"Other Motor Vehicle, Collision With",2,415088,36071,4753,2.6,13857119.0,5167.5,1527
2024,Property Damage Accident,8:25,2024-08-26,Monday,Y,Daylight,NEWBURGH,OVERTAKING,ORANGE,Straight and Grade,Clear,,Dry,980P83011003,Not Applicable,"Other Motor Vehicle, Collision With",2,415088,36071,4753,2.6,13857119.0,5167.5,1527
2024,Property Damage Accident,8:15,2024-08-26,Monday,Y,Daylight,PUTNAM VALLEY,REAR END,PUTNAM,Straight and Level,Clear,,Dry,,Not Applicable,"Other Motor Vehicle, Collision With",2,98842,36079,509,0.7,2746105.0,4089.2,375
2024,Property Damage Accident,10:32,2024-08-26,Monday,Y,Daylight,CARMEL,OVERTAKING,PUTNAM,Straight and Level,Clear,Traffic Signal,Dry,6 84041027,Not Applicable,"Other Motor Vehicle, Collision With",2,98842,36079,509,0.7,2746105.0,4089.2,375
2024,Property Damage Accident,22:50,2024-08-26,Monday,Y,Dark-Road Unlighted,PATTERSON,OTHER,PUTNAM,Straight and Level,Cloudy,,Dry,22 84031114,Not Applicable,"Animal, Collision With",1,98842,36079,509,0.7,2746105.0,4089.2,375
2024,Property Damage Accident,21:34,2024-08-26,Monday,Y,Dark-Road Unlighted,PUTNAM VALLEY,OTHER,PUTNAM,Curve and Grade,Clear,No Passing Zone,Dry,,Not Applicable,"Guide Rail - End, Collision With Fixed Object",1,98842,36079,509,0.7,2746105.0,4089.2,375
2024,Property Damage Accident,7:47,2024-08-26,Monday,Y,Daylight,SUFFERN,SIDESWIPE,ROCKLAND,Straight and Level,Clear,,Dry,,Not Applicable,"Other Motor Vehicle, Collision With",2,354829,36087,259,0.3,7336134.0,9989.2,886
2024,Property Damage Accident,13:35,2024-08-26,Monday,Y,Daylight,CLARKSTOWN,OVERTAKING,ROCKLAND,Straight and Level,Clear,,Dry,,Not Applicable,"Other Motor Vehicle, Collision With",2,354829,36087,259,0.3,7336134.0,9989.2,886
2024,Property Damage Accident,12:53,2024-08-26,Monday,Y,Daylight,RAMAPO,RIGHT ANGLE,ROCKLAND,Straight and Grade,Clear,Stop Sign,Dry,,Not Applicable,"Other Motor Vehicle, Collision With",2,354829,36087,259,0.3,7336134.0,9989.2,886
2024,Property Damage Accident,9:35,2024-08-26,Monday,Y,Daylight,MONTEBELLO,REAR END,ROCKLAND,Straight and Level,Clear,,Dry,202 85011032,Not Applicable,"Other Motor Vehicle, Collision With",2,354829,36087,259,0.3,7336134.0,9989.2,886
2024,Property Damage Accident,13:57,2024-08-26,Monday,Y,Daylight,STONY POINT,REAR END,ROCKLAND,Curve and Grade,Clear,Construction Work Area,Dry,987C85011185,Not Applicable,"Other Motor Vehicle, Collision With",2,354829,36087,259,0.3,7336134.0,9989.2,886
2024,Property Damage Accident,17:04,2024-08-26,Monday,Y,Daylight,CLARKSTOWN,SIDESWIPE,ROCKLAND,Straight and Level,Clear,Stop Sign,Dry,,Not Applicable,"Other Motor Vehicle, Collision With",2,354829,36087,259,0.3,7336134.0,9989.2,886
2024,Injury Accident,6:30,2024-08-26,Monday,Y,Daylight,SPRING VALLEY,OTHER,ROCKLAND,Straight and Level,Clear,,Dry,45 85011032,Not in Roadway (Indicate),"Pedestrian, Collision With",1,354829,36087,259,0.3,7336134.0,9989.2,886
2024,Property Damage & Injury Accident,16:41,2024-08-26,Monday,Y,Daylight,YONKERS,OVERTAKING,WESTCHESTER,Straight and Grade,Clear,,Dry,984E87011019,Not Applicable,"Other Motor Vehicle, Collision With",2,1009165,36119,850,0.8,18110248.0,6143.2,3354
2024,Property Damage & Injury Accident,20:43,2024-08-26,Monday,Y,Dark-Road Lighted,PORT CHESTER,OTHER,WESTCHESTER,Straight and Level,Clear,Traffic Signal,Dry,,"Crossing, With Signal","Pedestrian, Collision With",1,1009165,36119,850,0.8,18110248.0,6143.2,3354
2024,Property Damage Accident,18:24,2024-08-26,Monday,Y,Daylight,MAMARONECK,OVERTAKING,WESTCHESTER,Straight and Grade,Clear,No Passing Zone,Dry,,Not Applicable,"Other Motor Vehicle, Collision With",2,1009165,36119,850,0.8,18110248.0,6143.2,3354
2024,Property Damage & Injury Accident,8:11,2024-08-26,Monday,Y,Daylight,WHITE PLAINS,REAR END,WESTCHESTER,Straight and Level,Clear,Traffic Signal,Dry,,Not Applicable,"Other Motor Vehicle, Collision With",2,1009165,36119,850,0.8,18110248.0,6143.2,3354
2024,Property Damage Accident,9:31,2024-08-27,Tuesday,Y,Daylight,POUGHKEEPSIE,REAR END,DUTCHESS,Straight and Level,Clear,,Dry,,Not Applicable,"Other Motor Vehicle, Collision With",2,299256,36027,1695,0.8,5987961.0,3975.0,1300
2024,Property Damage Accident,10:40,2024-08-27,Tuesday,Y,Daylight,RED HOOK,RIGHT TURN (6),DUTCHESS,Straight and Level,Clear,Stop Sign,Dry,199 82021061,Not Applicable,"Other Motor Vehicle, Collision With",2,299256,36027,1695,0.8,5987961.0,3975.0,1300
2024,Property Damage & Injury Accident,23:51,2024-08-27,Tuesday,Y,Dark-Road Lighted,PLEASANT VALLEY,OTHER,DUTCHESS,Straight and Level,Clear,,Dry,,Not Applicable,"Guide Rail - Not At End, Collision With Fixed Object",1,299256,36027,1695,0.8,5987961.0,3975.0,1300
2024,Property Damage Accident,8:32,2024-08-27,Tuesday,Y,Daylight,POUGHKEEPSIE,SIDESWIPE,DUTCHESS,Straight and Level,Cloudy,,Dry,,Not Applicable,"Other Motor Vehicle, Collision With",2,299256,36027,1695,0.8,5987961.0,3975.0,1300
2024,Property Damage & Injury Accident,4:02,2024-08-27,Tuesday,Y,Dark-Road Lighted,NEW WINDSOR,LEFT TURN (3),ORANGE,Straight and Level,Clear,Traffic Signal,Dry,94 83011328,Not Applicable,"Other Motor Vehicle, Collision With",2,415088,36071,4753,2.6,13857119.0,5167.5,1527
2024,Property Damage & Injury Accident,7:16,2024-08-27,Tuesday,Y,Daylight,WALLKILL,REAR END,ORANGE,Straight and Level,Clear,Traffic Signal,Dry,211 83013014,Not Applicable,"Other Motor Vehicle, Collision With",2,415088,36071,4753,2.6,13857119.0,5167.5,1527
2024,Property Damage Accident,12:44,2024-08-27,Tuesday,Y,Daylight,NEWBURGH,OVERTAKING,ORANGE,Straight and Level,Clear,,Dry,17K83012005,Not Applicable,"Other Motor Vehicle, Collision With",2,415088,36071,4753,2.6,13857119.0,5167.5,1527
2024,Property Damage & Injury Accident,2:20,2024-08-27,Tuesday,Y,Dark-Road Unlighted,MONROE,OTHER,ORANGE,Straight and Level,Cloudy,,Dry,17 83101242,Not Applicable,"Tree, Collision With Fixed Object",1,415088,36071,4753,2.6,13857119.0,5167.5,1527
2024,Property Damage & Injury Accident,15:16,2024-08-27,Tuesday,Y,Daylight,NEW WINDSOR,RIGHT ANGLE,ORANGE,Straight and Grade,Clear,Stop Sign,Dry,,Not Applicable,"Other Motor Vehicle, Collision With",2,415088,36071,4753,2.6,13857119.0,5167.5,1527
2024,Property Damage Accident,15:50,2024-08-27,Tuesday,Y,Daylight,PATTERSON,OTHER,PUTNAM,Straight and Grade,Clear,,Dry,84I84031048,Not Applicable,"Guide Rail - Not At End, Collision With Fixed Object",1,98842,36079,509,0.7,2746105.0,4089.2,375
2024,Property Damage Accident,9:30,2024-08-27,Tuesday,Y,Daylight,SOUTHEAST,REAR END,PUTNAM,Straight and Level,Clear,,Dry,6 84041139,Not Applicable,"Other Motor Vehicle, Collision With",2,98842,36079,509,0.7,2746105.0,4089.2,375
2024,Property Damage Accident,17:16,2024-08-27,Tuesday,Y,Daylight,SOUTHEAST,REAR END,PUTNAM,Straight and Level,Clear,,Dry,684I84021013,Not Applicable,"Other Motor Vehicle, Collision With",2,98842,36079,509,0.7,2746105.0,4089.2,375
2024,Property Damage Accident,0:00,2024-08-27,Tuesday,N,Daylight,SPRING VALLEY,Unknown,ROCKLAND,Straight and Level,Clear,Unknown,Dry,,Not Applicable,"Other Motor Vehicle, Collision With",2,354829,36087,259,0.3,7336134.0,9989.2,886
2024,Property Damage & Injury Accident,16:21,2024-08-27,Tuesday,Y,Daylight,ORANGETOWN,RIGHT ANGLE,ROCKLAND,Straight and Level,Clear,No Passing Zone,Dry,,Not Applicable,"Other Motor Vehicle, Collision With",2,354829,36087,259,0.3,7336134.0,9989.2,886
2024,Property Damage & Injury Accident,17:36,2024-08-27,Tuesday,Y,Daylight,ULSTER,RIGHT ANGLE,ULSTER,Straight and Level,Clear,Traffic Signal,Dry,981K86012001,Not Applicable,"Other Motor Vehicle, Collision With",2,183095,36111,3565,1.2,6410502.0,3939.4,999
2024,Property Damage Accident,14:53,2024-08-27,Tuesday,Y,Daylight,ULSTER,OVERTAKING,ULSTER,Straight and Level,Cloudy,Stop Sign,Dry,981M86011008,Not Applicable,"Other Motor Vehicle, Collision With",2,183095,36111,3565,1.2,6410502.0,3939.4,999
2024,Property Damage Accident,16:29,2024-08-27,Tuesday,Y,Daylight,PLATTEKILL,OTHER,ULSTER,Curve at Hill Crest,Clear,,Dry,,Not Applicable,"Ran Off Roadway Only, Non-Collision",1,183095,36111,3565,1.2,6410502.0,3939.4,999
2024,Property Damage Accident,11:59,2024-08-27,Tuesday,Y,Daylight,ULSTER,OVERTAKING,ULSTER,Straight and Level,Clear,Yield Sign,Dry,9W86035022,Not Applicable,"Other Motor Vehicle, Collision With",2,183095,36111,3565,1.2,6410502.0,3939.4,999
2024,Property Damage Accident,10:30,2024-08-27,Tuesday,N,Daylight,SCARSDALE,OVERTAKING,WESTCHESTER,Straight and Level,Clear,Unknown,Dry,907W87023004,Not Applicable,"Other Motor Vehicle, Collision With",2,1009165,36119,850,0.8,18110248.0,6143.2,3354
2024,Injury Accident,10:30,2024-08-27,Tuesday,N,Unknown,WHITE PLAINS,OVERTAKING,WESTCHESTER,Unknown,Unknown,Unknown,Unknown,,Not Applicable,"Other Motor Vehicle, Collision With",2,1009165,36119,850,0.8,18110248.0,6143.2,3354
2024,Property Damage Accident,9:55,2024-08-27,Tuesday,Y,Daylight,EASTCHESTER,OVERTAKING,WESTCHESTER,Straight and Level,Clear,,Dry,907K87013006,Not Applicable,"Other Motor Vehicle, Collision With",2,1009165,36119,850,0.8,18110248.0,6143.2,3354
2024,Property Damage Accident,14:45,2024-08-27,Tuesday,Y,Daylight,NEW ROCHELLE,OTHER,WESTCHESTER,Straight and Level,Clear,,Dry,,Not Applicable,"Other Fixed Object*, Collision With Fixed Object",2,1009165,36119,850,0.8,18110248.0,6143.2,3354