year,accident_descriptor,time,date,day_of_week,police_report,lighting_conditions,municipality,collision_type_descriptor,county_name,road_descriptor,weather_conditions,traffic_control_device,road_surface_conditions,dot_reference_marker_location,pedestrian_bicyclist_action,event_descriptor,number_of_vehicles_involved,county_population_2024,county_fips,county_deer_take_2024,county_antlerless_deer_per_sqmi_2024,county_daily_vmt_2019,county_mean_aadt_2019,county_aadt_segments_2019
2024,Property Damage Accident,14:50,2024-09-01,Sunday,Y,Daylight,MONROE,OTHER,ORANGE,Straight and Level,Clear,,Dry,17M83013177,Not Applicable,"Other Motor Vehicle, Collision With",2,415088,36071,4753,2.6,13857119.0,5167.5,1527
2024,Property Damage & Injury Accident,8:36,2024-09-01,Sunday,Y,Daylight,MIDDLETOWN,OTHER,ORANGE,Straight and Level,Clear,Stop Sign,Dry,,Not Applicable,"Sign Post, Collision With Fixed Object",1,415088,36071,4753,2.6,13857119.0,5167.5,1527
2024,Property Damage Accident,14:23,2024-09-01,Sunday,Y,Daylight,MONROE,LEFT TURN (3),ORANGE,Straight and Level,Cloudy,Traffic Signal,Wet,,Not Applicable,"Other Motor Vehicle, Collision With",2,415088,36071,4753,2.6,13857119.0,5167.5,1527
2024,Property Damage Accident,20:30,2024-09-01,Sunday,Y,Dark-Road Unlighted,GREENVILLE,OTHER,ORANGE,Straight and Level,Clear,,Dry,84I83011042,Not Applicable,Deer,1,415088,36071,4753,2.6,13857119.0,5167.5,1527
2024,Property Damage Accident,8:44,2024-09-01,Sunday,Y,Daylight,NEWBURGH,REAR END,ORANGE,Straight and Level,Cloudy,Traffic Signal,Dry,17K83011196,Not Applicable,"Other Motor Vehicle, Collision With",2,415088,36071,4753,2.6,13857119.0,5167.5,1527
2024,Property Damage Accident,19:50,2024-09-01,Sunday,Y,Dark-Road Lighted,WALLKILL,OTHER,ORANGE,Straight and Level,Clear,,Dry,,Not Applicable,Deer,1,415088,36071,4753,2.6,13857119.0,5167.5,1527
2024,Property Damage Accident,14:39,2024-09-01,Sunday,Y,Daylight,MIDDLETOWN,RIGHT ANGLE,ORANGE,Straight and Level,Clear,,Dry,,Not Applicable,"Other Motor Vehicle, Collision With",2,415088,36071,4753,2.6,13857119.0,5167.5,1527
2024,Property Damage Accident,13:38,2024-09-01,Sunday,Y,Daylight,PUTNAM VALLEY,REAR END,PUTNAM,Curve and Grade,Rain,,Wet,987G84021057,Not Applicable,"Other Motor Vehicle, Collision With",2,98842,36079,509,0.7,2746105.0,4089.2,375
2024,Property Damage & Injury Accident,19:15,2024-09-01,Sunday,Y,Daylight,WEST HAVERSTRAW,HEAD ON,ROCKLAND,Straight and Level,Clear,Traffic Signal,Dry,,Not Applicable,"Other Motor Vehicle, Collision With",2,354829,36087,259,0.3,7336134.0,9989.2,886
2024,Property Damage Accident,18:25,2024-09-01,Sunday,Y,Daylight,CLARKSTOWN,OTHER,ROCKLAND,Straight and Grade,Clear,Traffic Signal,Dry,,Not Applicable,"Other Motor Vehicle, Collision With",2,354829,36087,259,0.3,7336134.0,9989.2,886
2024,Property Damage Accident,12:46,2024-09-01,Sunday,Y,Daylight,CLARKSTOWN,REAR END,ROCKLAND,Straight at Hill Crest,Rain,Traffic Signal,Wet,304 85011090,Not Applicable,"Other Motor Vehicle, Collision With",2,354829,36087,259,0.3,7336134.0,9989.2,886
2024,Property Damage Accident,15:58,2024-09-01,Sunday,Y,Daylight,PLATTEKILL,OVERTAKING,ULSTER,Straight and Level,Clear,,Dry,,Not Applicable,"Other Motor Vehicle, Collision With",2,183095,36111,3565,1.2,6410502.0,3939.4,999
2024,Property Damage & Injury Accident,11:36,2024-09-01,Sunday,Y,Daylight,SAUGERTIES,OTHER,ULSTER,Curve and Level,Clear,,Dry,,Not Applicable,"Guide Rail - Not At End, Collision With Fixed Object",1,183095,36111,3565,1.2,6410502.0,3939.4,999
2024,Property Damage & Injury Accident,12:15,2024-09-01,Sunday,Y,Daylight,SHANDAKEN,REAR END,ULSTER,Straight and Level,Clear,,Dry,28 86012200,Not Applicable,"Other Motor Vehicle, Collision With",2,183095,36111,3565,1.2,6410502.0,3939.4,999
2024,Property Damage Accident,22:19,2024-09-01,Sunday,Y,Dark-Road Unlighted,MARLBOROUGH,OTHER,ULSTER,Curve and Level,Cloudy,Stop Sign,Dry,,Not Applicable,"Light Support/Utility Pole, Collision With Fixed Object",1,183095,36111,3565,1.2,6410502.0,3939.4,999
2024,Property Damage Accident,15:13,2024-09-01,Sunday,Y,Daylight,PORT CHESTER,OTHER,WESTCHESTER,Straight and Level,Cloudy,Traffic Signal,Dry,1 87035008,Not Applicable,"Other Motor Vehicle, Collision With",2,1009165,36119,850,0.8,18110248.0,6143.2,3354
2024,Property Damage Accident,18:25,2024-09-01,Sunday,N,Unknown,PELHAM,REAR END,WESTCHESTER,Unknown,Unknown,Unknown,Unknown,,Not Applicable,"Other Motor Vehicle, Collision With",2,1009165,36119,850,0.8,18110248.0,6143.2,3354
2024,Property Damage & Injury Accident,21:00,2024-09-01,Sunday,Y,Dark-Road Lighted,MOUNT PLEASANT,OTHER,WESTCHESTER,Curve and Grade,Clear,,Dry,,Not Applicable,"Guide Rail - Not At End, Collision With Fixed Object",1,1009165,36119,850,0.8,18110248.0,6143.2,3354
2024,Property Damage Accident,16:19,2024-09-01,Sunday,Y,Daylight,YONKERS,REAR END,WESTCHESTER,Straight and Level,Clear,,Dry,984E87011003,Not Applicable,"Other Motor Vehicle, Collision With",2,1009165,36119,850,0.8,18110248.0,6143.2,3354
2024,Property Damage Accident,15:00,2024-09-01,Sunday,Y,Daylight,NORTH CASTLE,OTHER,WESTCHESTER,Straight and Level,Rain,,Wet,684I87011098,Not Applicable,"Guide Rail - Not At End, Collision With Fixed Object",1,1009165,36119,850,0.8,18110248.0,6143.2,3354
2024,Property Damage & Injury Accident,16:21,2024-09-01,Sunday,Y,Daylight,WHITE PLAINS,REAR END,WESTCHESTER,Straight and Grade,Clear,,Dry,,Not Applicable,"Other Motor Vehicle, Collision With",2,1009165,36119,850,0.8,18110248.0,6143.2,3354
2024,Property Damage & Injury Accident,16:07,2024-09-01,Sunday,Y,Daylight,PLEASANTVILLE,REAR END,WESTCHESTER,Straight and Level,Clear,,Dry,,Not Applicable,"Other Motor Vehicle, Collision With",2,1009165,36119,850,0.8,18110248.0,6143.2,3354
2024,Property Damage Accident,20:02,2024-09-01,Sunday,Y,Dark-Road Unlighted,MOUNT PLEASANT,OTHER,WESTCHESTER,Curve and Grade,Cloudy,,Dry,,Not Applicable,"Animal, Collision With",1,1009165,36119,850,0.8,18110248.0,6143.2,3354
2024,Property Damage Accident,15:30,2024-09-01,Sunday,Y,Daylight,PEEKSKILL,SIDESWIPE,WESTCHESTER,Straight and Level,Cloudy,,Wet,,Not Applicable,"Other Motor Vehicle, Collision With",2,1009165,36119,850,0.8,18110248.0,6143.2,3354
2024,Property Damage & Injury Accident,20:15,2024-09-01,Sunday,Y,Dark-Road Lighted,YORKTOWN,Unknown,WESTCHESTER,Straight and Grade,Clear,,Dry,6 84041000,Not Applicable,"Other Motor Vehicle, Collision With",2,1009165,36119,850,0.8,18110248.0,6143.2,3354
2024,Property Damage Accident,13:54,2024-09-01,Sunday,Y,Daylight,PLEASANTVILLE,REAR END,WESTCHESTER,Curve and Level,Rain,Stop Sign,Wet,117 87011039,Not Applicable,"Other Motor Vehicle, Collision With",2,1009165,36119,850,0.8,18110248.0,6143.2,3354
2024,Property Damage Accident,17:39,2024-09-01,Sunday,Y,Daylight,YORKTOWN,OTHER,WESTCHESTER,Straight and Grade,Clear,,Dry,,Not Applicable,"Median - End, Collision With Fixed Object",1,1009165,36119,850,0.8,18110248.0,6143.2,3354
2024,Property Damage Accident,7:44,2024-09-01,Sunday,Y,Daylight,HARRISON,OTHER,WESTCHESTER,Straight and Level,Clear,,Dry,,Not Applicable,"Barrier, Collision With Fixed Object",1,1009165,36119,850,0.8,18110248.0,6143.2,3354
2024,Property Damage Accident,12:57,2024-09-01,Sunday,Y,Daylight,MAMARONECK,OVERTAKING,WESTCHESTER,Straight and Level,Cloudy,,Dry,,Not Applicable,"Other Motor Vehicle, Collision With",2,1009165,36119,850,0.8,18110248.0,6143.2,3354
2024,Property Damage Accident,11:20,2024-09-01,Sunday,Y,Daylight,NEW ROCHELLE,REAR END,WESTCHESTER,Curve and Grade,Cloudy,,Dry,,Not Applicable,"Other Motor Vehicle, Collision With",2,1009165,36119,850,0.8,18110248.0,6143.2,3354
2024,Property Damage Accident,19:47,2024-09-02,Monday,Y,Dusk,RHINEBECK,OTHER,DUTCHESS,Straight and Level,Clear,No Passing Zone,Dry,,Not Applicable,Deer,1,299256,36027,1695,0.8,5987961.0,3975.0,1300
2024,Property Damage Accident,10:59,2024-09-02,Monday,Y,Daylight,POUGHKEEPSIE,RIGHT ANGLE,DUTCHESS,Straight and Level,Clear,Stop Sign,Dry,9 82051132,Not Applicable,"Other Motor Vehicle, Collision With",2,299256,36027,1695,0.8,5987961.0,3975.0,1300
2024,Property Damage Accident,11:55,2024-09-02,Monday,Y,Daylight,FISHKILL,OVERTAKING,DUTCHESS,Straight and Level,Clear,,Dry,9 82051028,Not Applicable,"Other Motor Vehicle, Collision With",2,299256,36027,1695,0.8,5987961.0,3975.0,1300
2024,Property Damage & Injury Accident,13:11,2024-09-02,Monday,Y,Daylight,EAST FISHKILL,OTHER,DUTCHESS,Straight and Level,Cloudy,Traffic Signal,Dry,52 82042109,Not Applicable,"Building/Wall, Collision With Fixed Object",1,299256,36027,1695,0.8,5987961.0,3975.0,1300
2024,Property Damage & Injury Accident,14:02,2024-09-02,Monday,Y,Daylight,WALLKILL,RIGHT ANGLE,ORANGE,Straight and Level,Clear,Stop Sign,Dry,,Not Applicable,"Other Motor Vehicle, Collision With",2,415088,36071,4753,2.6,13857119.0,5167.5,1527
2024,Property Damage & Injury Accident,15:25,2024-09-02,Monday,Y,Daylight,DEERPARK,OTHER,ORANGE,Curve and Grade,Clear,,Dry,,Not Applicable,"Guide Rail - Not At End, Collision With Fixed Object",1,415088,36071,4753,2.6,13857119.0,5167.5,1527
2024,Property Damage Accident,9:29,2024-09-02,Monday,Y,Daylight,GOSHEN,OTHER,ORANGE,Curve and Grade,Clear,,Dry,,Not Applicable,"Guide Rail - Not At End, Collision With Fixed Object",1,415088,36071,4753,2.6,13857119.0,5167.5,1527
2024,Property Damage Accident,16:17,2024-09-02,Monday,Y,Daylight,MONROE,SIDESWIPE,ORANGE,Straight and Level,Clear,,Dry,,Not Applicable,"Other Motor Vehicle, Collision With",2,415088,36071,4753,2.6,13857119.0,5167.5,1527
2024,Property Damage Accident,18:30,2024-09-02,Monday,Y,Daylight,TUXEDO,REAR END,ORANGE,Straight and Level,Clear,,Dry,,Not Applicable,"Other Motor Vehicle, Collision With",2,415088,36071,4753,2.6,13857119.0,5167.5,1527
2024,Property Damage & Injury Accident,10:32,2024-09-02,Monday,Y,Daylight,WARWICK,OTHER,ORANGE,Straight and Grade,Clear,,Dry,,Not Applicable,"Other Motor Vehicle, Collision With",3,415088,36071,4753,2.6,13857119.0,5167.5,1527
2024,Property Damage Accident,20:49,2024-09-02,Monday,Y,Dark-Road Lighted,WEST HAVERSTRAW,OTHER,ROCKLAND,Straight and Level,Clear,,Dry,,Not Applicable,"Building/Wall, Collision With Fixed Object",1,354829,36087,259,0.3,7336134.0,9989.2,886
2024,Property Damage Accident,4:24,2024-09-02,Monday,Y,Dark-Road Unlighted,RAMAPO,OTHER,ROCKLAND,Curve and Grade,Clear,,Dry,,Not Applicable,"Guide Rail - Not At End, Collision With Fixed Object",1,354829,36087,259,0.3,7336134.0,9989.2,886
2024,Property Damage Accident,20:42,2024-09-02,Monday,Y,Dark-Road Lighted,HAVERSTRAW,REAR END,ROCKLAND,Straight and Grade,Clear,,Dry,,Not Applicable,"Other Motor Vehicle, Collision With",2,354829,36087,259,0.3,7336134.0,9989.2,886
2024,Property Damage Accident,14:48,2024-09-02,Monday,Y,Daylight,CLARKSTOWN,REAR END,ROCKLAND,Straight and Grade,Clear,,Dry,987C85011081,Not Applicable,"Other Motor Vehicle, Collision With",2,354829,36087,259,0.3,7336134.0,9989.2,886
2024,Property Damage Accident,16:12,2024-09-02,Monday,Y,Daylight,SLOATSBURG,SIDESWIPE,ROCKLAND,Straight and Level,Clear,,Dry,,Not Applicable,"Other Motor Vehicle, Collision With",2,354829,36087,259,0.3,7336134.0,9989.2,886
2024,Property Damage Accident,14:45,2024-09-02,Monday,Y,Daylight,NEW HEMPSTEAD,LEFT TURN (3),ROCKLAND,Straight and Grade,Cloudy,Stop Sign,Dry,,Not Applicable,"Other Motor Vehicle, Collision With",2,354829,36087,259,0.3,7336134.0,9989.2,886
2024,Property Damage Accident,15:26,2024-09-02,Monday,Y,Daylight,KINGSTON,RIGHT ANGLE,ULSTER,Straight and Level,Clear,Stop Sign,Dry,,Not Applicable,"Other Motor Vehicle, Collision With",2,183095,36111,3565,1.2,6410502.0,3939.4,999
2024,Property Damage Accident,9:04,2024-09-02,Monday,Y,Daylight,CROTON ON HUDSON,OVERTAKING,WESTCHESTER,Straight and Level,Clear,,Dry,9 87032168,Not Applicable,"Other Motor Vehicle, Collision With",2,1009165,36119,850,0.8,18110248.0,6143.2,3354
2024,Property Damage & Injury Accident,21:10,2024-09-02,Monday,Y,Dark-Road Lighted,NEW ROCHELLE,RIGHT TURN (6),WESTCHESTER,Straight and Level,Cloudy,Traffic Signal,Dry,,Not Applicable,"Other Motor Vehicle, Collision With",2,1009165,36119,850,0.8,18110248.0,6143.2,3354
2024,Property Damage Accident,13:59,2024-09-02,Monday,Y,Daylight,YONKERS,OVERTAKING,WESTCHESTER,Straight and Level,Clear,,Dry,,Not Applicable,"Other Motor Vehicle, Collision With",2,1009165,36119,850,0.8,18110248.0,6143.2,3354
2024,Property Damage & Injury Accident,7:00,2024-09-02,Monday,Y,Daylight,SCARSDALE,OTHER,WESTCHESTER,Curve and Level,Clear,,Dry,,Not Applicable,"Guide Rail - Not At End, Collision With Fixed Object",1,1009165,36119,850,0.8,18110248.0,6143.2,3354
2024,Property Damage Accident,1:31,2024-09-02,Monday,Y,Dark-Road Unlighted,BEDFORD,OTHER,WESTCHESTER,Straight and Level,Clear,,Dry,987D87012217,Not Applicable,"Curbing, Collision With Fixed Object",1,1009165,36119,850,0.8,18110248.0,6143.2,3354
2024,Property Damage Accident,19:30,2024-09-02,Monday,Y,Daylight,YONKERS,REAR END,WESTCHESTER,Straight and Grade,Clear,,Dry,,Not Applicable,"Other Motor Vehicle, Collision With",2,1009165,36119,850,0.8,18110248.0,6143.2,3354
2024,Property Damage Accident,12:00,2024-09-02,Monday,N,Unknown,BRONXVILLE,LEFT TURN (0),WESTCHESTER,Unknown,Unknown,Unknown,Unknown,,Not Applicable,"Other Motor Vehicle, Collision With",2,1009165,36119,850,0.8,18110248.0,6143.2,3354
2024,Property Damage Accident,6:23,2024-09-03,Tuesday,Y,Dawn,POUGHKEEPSIE,OTHER,DUTCHESS,Straight and Level,Clear,,Dry,,Not Applicable,Deer,1,299256,36027,1695,0.8,5987961.0,3975.0,1300
2024,Injury Accident,15:01,2024-09-03,Tuesday,Y,Daylight,POUGHKEEPSIE,REAR END,DUTCHESS,Straight and Level,Clear,Traffic Signal,Dry,,Not Applicable,"Other Motor Vehicle, Collision With",2,299256,36027,1695,0.8,5987961.0,3975.0,1300
2024,Property Damage & Injury Accident,5:00,2024-09-03,Tuesday,Y,Dark-Road Unlighted,WOODBURY,OTHER,ORANGE,Curve and Grade,Clear,,Dry,,Not Applicable,"Overturned, Non-Collision",1,415088,36071,4753,2.6,13857119.0,5167.5,1527
2024,Property Damage Accident,14:53,2024-09-03,Tuesday,Y,Daylight,NEWBURGH,REAR END,ORANGE,Straight and Level,Clear,Traffic Signal,Dry,980P83011003,Not Applicable,"Other Motor Vehicle, Collision With",2,415088,36071,4753,2.6,13857119.0,5167.5,1527
2024,Property Damage Accident,9:12,2024-09-03,Tuesday,Y,Daylight,WARWICK,REAR END,ORANGE,Straight and Level,Clear,No Passing Zone,Dry,,Not Applicable,"Other Motor Vehicle, Collision With",2,415088,36071,4753,2.6,13857119.0,5167.5,1527
2024,Property Damage Accident,11:00,2024-09-03,Tuesday,Y,Daylight,MIDDLETOWN,RIGHT ANGLE,ORANGE,Straight and Level,Clear,,Dry,,Not Applicable,"Other Motor Vehicle, Collision With",2,415088,36071,4753,2.6,13857119.0,5167.5,1527
2024,Property Damage Accident,13:42,2024-09-03,Tuesday,Y,Daylight,MIDDLETOWN,OVERTAKING,ORANGE,Straight and Level,Clear,,Dry,,Not Applicable,"Other Motor Vehicle, Collision With",2,415088,36071,4753,2.6,13857119.0,5167.5,1527
2024,Property Damage Accident,15:15,2024-09-03,Tuesday,Y,Daylight,WALLKILL,REAR END,ORANGE,Straight and Level,Clear,,Dry,,Not Applicable,"Other Motor Vehicle, Collision With",2,415088,36071,4753,2.6,13857119.0,5167.5,1527
2024,Property Damage & Injury Accident,3:09,2024-09-03,Tuesday,Y,Dark-Road Unlighted,WARWICK,OTHER,ORANGE,Curve and Grade,Clear,,Dry,210 83011001,Not Applicable,"Guide Rail - End, Collision With Fixed Object",1,415088,36071,4753,2.6,13857119.0,5167.5,1527
2024,Property Damage & Injury Accident,15:24,2024-09-03,Tuesday,Y,Daylight,ORANGETOWN,LEFT TURN (3),ROCKLAND,Straight and Level,Clear,Traffic Signal,Dry,,Not Applicable,"Other Motor Vehicle, Collision With",2,354829,36087,259,0.3,7336134.0,9989.2,886
2024,Property Damage Accident,6:52,2024-09-03,Tuesday,Y,Daylight,ORANGETOWN,OTHER,ROCKLAND,Straight and Level,Clear,,Dry,,Not Applicable,Deer,1,354829,36087,259,0.3,7336134.0,9989.2,886
2024,Property Damage Accident,16:51,2024-09-03,Tuesday,Y,Daylight,SLOATSBURG,OTHER,ROCKLAND,Straight and Level,Clear,,Dry,17 85111016,Not Applicable,"Other Motor Vehicle, Collision With",2,354829,36087,259,0.3,7336134.0,9989.2,886
2024,Property Damage Accident,0:00,2024-09-03,Tuesday,N,Dark-Road Lighted,RAMAPO,Unknown,ROCKLAND,Straight and Level,Clear,,Dry,,Not Applicable,"Other Motor Vehicle, Collision With",2,354829,36087,259,0.3,7336134.0,9989.2,886
2024,Property Damage Accident,18:26,2024-09-03,Tuesday,Y,Daylight,CLARKSTOWN,RIGHT TURN (6),ROCKLAND,Straight and Level,Clear,,Dry,59 85011101,Not Applicable,"Other Motor Vehicle, Collision With",2,354829,36087,259,0.3,7336134.0,9989.2,886
2024,Property Damage Accident,22:31,2024-09-03,Tuesday,Y,Dark-Road Lighted,RAMAPO,OVERTAKING,ROCKLAND,Straight and Level,Clear,,Dry,,Not Applicable,"Other Motor Vehicle, Collision With",2,354829,36087,259,0.3,7336134.0,9989.2,886
2024,Property Damage & Injury Accident,16:12,2024-09-03,Tuesday,Y,Daylight,KINGSTON,OVERTAKING,ULSTER,Straight and Level,Clear,,Dry,,Not Applicable,"Other Motor Vehicle, Collision With",2,183095,36111,3565,1.2,6410502.0,3939.4,999
2024,Property Damage & Injury Accident,5:43,2024-09-03,Tuesday,Y,Dawn,MARLBOROUGH,HEAD ON,ULSTER,Straight and Grade,Clear,,Dry,9W86031049,Not Applicable,"Other Motor Vehicle, Collision With",2,183095,36111,3565,1.2,6410502.0,3939.4,999
2024,Property Damage Accident,16:23,2024-09-03,Tuesday,Y,Daylight,KINGSTON,RIGHT ANGLE,ULSTER,Straight and Level,Clear,,Dry,,Not Applicable,"Other Motor Vehicle, Collision With",2,183095,36111,3565,1.2,6410502.0,3939.4,999
2024,Property Damage Accident,22:10,2024-09-03,Tuesday,Y,Dark-Road Lighted,NEW ROCHELLE,OVERTAKING,WESTCHESTER,Straight at Hill Crest,Clear,,Dry,907W87022009,Not Applicable,"Other Motor Vehicle, Collision With",2,1009165,36119,850,0.8,18110248.0,6143.2,3354
2024,Property Damage Accident,13:54,2024-09-03,Tuesday,Y,Daylight,PORT CHESTER,REAR END,WESTCHESTER,Straight and Level,Clear,Construction Work Area,Dry,,Not Applicable,"Other Motor Vehicle, Collision With",2,1009165,36119,850,0.8,18110248.0,6143.2,3354
2024,Property Damage Accident,20:13,2024-09-03,Tuesday,Y,Daylight,YONKERS,REAR END,WESTCHESTER,Straight and Grade,Unknown,,Dry,,Not Applicable,"Other Motor Vehicle, Collision With",2,1009165,36119,850,0.8,18110248.0,6143.2,3354
2024,Property Damage Accident,10:04,2024-09-03,Tuesday,Y,Daylight,GREENBURGH,OTHER,WESTCHESTER,Curve and Level,Clear,,Dry,987F87012039,Not Applicable,"Other Motor Vehicle, Collision With",2,1009165,36119,850,0.8,18110248.0,6143.2,3354
2024,Property Damage & Injury Accident,5:02,2024-09-03,Tuesday,Y,Dark-Road Unlighted,MOUNT PLEASANT,OTHER,WESTCHESTER,Curve and Level,Clear,,Dry,987G87011023,Not Applicable,"Guide Rail - Not At End, Collision With Fixed Object",1,1009165,36119,850,0.8,18110248.0,6143.2,3354
2024,Property Damage & Injury Accident,17:33,2024-09-03,Tuesday,Y,Daylight,YONKERS,OTHER,WESTCHESTER,Straight and Level,Clear,,Dry,9A87031002,Other Actions in Roadway,"Bicyclist, Collision With",1,1009165,36119,850,0.8,18110248.0,6143.2,3354
2024,Property Damage Accident,16:39,2024-09-03,Tuesday,Y,Daylight,RYE,REAR END,WESTCHESTER,Straight and Level,Clear,,Dry,,Not Applicable,"Other Motor Vehicle, Collision With",2,1009165,36119,850,0.8,18110248.0,6143.2,3354
2024,Property Damage Accident,18:30,2024-09-03,Tuesday,Y,Daylight,WHITE PLAINS,OVERTAKING,WESTCHESTER,Straight and Level,Clear,Traffic Signal,Dry,22 87023025,Not Applicable,"Other Motor Vehicle, Collision With",2,1009165,36119,850,0.8,18110248.0,6143.2,3354
2024,Property Damage Accident,8:13,2024-09-03,Tuesday,Y,Daylight,BEDFORD,REAR END,WESTCHESTER,Straight and Level,Clear,Traffic Signal,Dry,35 87012129,Not Applicable,"Other Motor Vehicle, Collision With",2,1009165,36119,850,0.8,18110248.0,6143.2,3354
2024,Property Damage Accident,13:27,2024-09-03,Tuesday,Y,Daylight,PORT CHESTER,RIGHT ANGLE,WESTCHESTER,Straight and Level,Clear,Stop Sign,Dry,,Not Applicable,"Other Motor Vehicle, Collision With",2,1009165,36119,850,0.8,18110248.0,6143.2,3354
2024,Injury Accident,5:50,2024-09-03,Tuesday,Y,Dawn,MAMARONECK,OTHER,WESTCHESTER,Straight and Level,Clear,Yield Sign,Dry,,"Crossing, No Signal, Marked Crosswalk","Pedestrian, Collision With",1,1009165,36119,850,0.8,18110248.0,6143.2,3354
2024,Property Damage Accident,9:41,2024-09-03,Tuesday,Y,Daylight,WHITE PLAINS,REAR END,WESTCHESTER,Straight and Level,Clear,,Dry,287I87011069,Not Applicable,"Other Motor Vehicle, Collision With",2,1009165,36119,850,0.8,18110248.0,6143.2,3354
2024,Property Damage Accident,10:41,2024-09-04,Wednesday,Y,Daylight,POUGHKEEPSIE,OTHER,DUTCHESS,Straight and Level,Clear,Other,Dry,44 82022014,Not Applicable,"Other Motor Vehicle, Collision With",2,299256,36027,1695,0.8,5987961.0,3975.0,1300
2024,Property Damage Accident,8:15,2024-09-04,Wednesday,Y,Daylight,POUGHKEEPSIE,LEFT TURN (3),DUTCHESS,Straight and Level,Clear,Traffic Signal,Dry,44 82021010,Not Applicable,"Other Motor Vehicle, Collision With",2,299256,36027,1695,0.8,5987961.0,3975.0,1300
2024,Property Damage Accident,11:01,2024-09-04,Wednesday,Y,Daylight,POUGHKEEPSIE,REAR END,DUTCHESS,Straight and Level,Clear,Traffic Signal,Dry,9 82051129,Not Applicable,"Other Motor Vehicle, Collision With",2,299256,36027,1695,0.8,5987961.0,3975.0,1300
2024,Property Damage & Injury Accident,13:23,2024-09-04,Wednesday,Y,Daylight,FISHKILL,RIGHT ANGLE,DUTCHESS,Straight and Level,Clear,Traffic Signal,Dry,9 82051032,Not Applicable,"Other Motor Vehicle, Collision With",2,299256,36027,1695,0.8,5987961.0,3975.0,1300
2024,Property Damage Accident,11:00,2024-09-04,Wednesday,Y,Daylight,WAWAYANDA,RIGHT TURN (6),ORANGE,Straight and Level,Cloudy,Traffic Signal,Dry,,Not Applicable,"Other Motor Vehicle, Collision With",2,415088,36071,4753,2.6,13857119.0,5167.5,1527
2024,Property Damage Accident,22:00,2024-09-04,Wednesday,Y,Dark-Road Unlighted,TUXEDO,OTHER,ORANGE,Curve and Grade,Clear,,Dry,,Not Applicable,"Tree, Collision With Fixed Object",1,415088,36071,4753,2.6,13857119.0,5167.5,1527
2024,Property Damage & Injury Accident,14:36,2024-09-04,Wednesday,Y,Daylight,NEWBURGH,OVERTAKING,ORANGE,Straight and Level,Clear,,Dry,300 83021086,Not Applicable,"Other Motor Vehicle, Collision With",2,415088,36071,4753,2.6,13857119.0,5167.5,1527
2024,Property Damage Accident,17:13,2024-09-04,Wednesday,Y,Daylight,HIGHLANDS,RIGHT TURN (6),ORANGE,Curve and Level,Clear,,Dry,6 83012435,Not Applicable,"Other Motor Vehicle, Collision With",2,415088,36071,4753,2.6,13857119.0,5167.5,1527
2024,Property Damage Accident,17:36,2024-09-04,Wednesday,Y,Daylight,MOUNT HOPE,REAR END,ORANGE,Straight and Level,Clear,Stop Sign,Dry,211 83011038,Not Applicable,"Other Motor Vehicle, Collision With",2,415088,36071,4753,2.6,13857119.0,5167.5,1527
2024,Property Damage Accident,8:35,2024-09-04,Wednesday,Y,Daylight,WAWAYANDA,OTHER,ORANGE,Straight and Level,Clear,Stop Sign,Dry,,Not Applicable,"Other Motor Vehicle, Collision With",2,415088,36071,4753,2.6,13857119.0,5167.5,1527
2024,Property Damage Accident,16:10,2024-09-04,Wednesday,Y,Daylight,WALLKILL,REAR END,ORANGE,Straight and Grade,Clear,Stop Sign,Dry,,Not Applicable,"Other Motor Vehicle, Collision With",2,415088,36071,4753,2.6,13857119.0,5167.5,1527
2024,Property Damage Accident,20:05,2024-09-04,Wednesday,Y,Dark-Road Unlighted,MONTGOMERY,OTHER,ORANGE,Straight and Level,Clear,,Dry,208 83011173,Not Applicable,"Tree, Collision With Fixed Object",1,415088,36071,4753,2.6,13857119.0,5167.5,1527
2024,Property Damage Accident,0:00,2024-09-04,Wednesday,Y,Dark-Road Lighted,WOODBURY,OTHER,ORANGE,Straight and Level,Clear,Traffic Signal,Dry,32 83011003,Not Applicable,"Light Support/Utility Pole, Collision With Fixed Object",1,415088,36071,4753,2.6,13857119.0,5167.5,1527
2024,Property Damage Accident,16:10,2024-09-04,Wednesday,Y,Daylight,BLOOMING GROVE,OVERTAKING,ORANGE,Straight and Level,Clear,,Dry,17 83101208,Not Applicable,"Other Motor Vehicle, Collision With",2,415088,36071,4753,2.6,13857119.0,5167.5,1527
2024,Property Damage Accident,10:12,2024-09-04,Wednesday,Y,Daylight,WALLKILL,OVERTAKING,ORANGE,Straight and Level,Clear,,Dry,211 83013018,Not Applicable,"Other Motor Vehicle, Collision With",2,415088,36071,4753,2.6,13857119.0,5167.5,1527
2024,Property Damage Accident,16:44,2024-09-04,Wednesday,Y,Daylight,NEWBURGH,OTHER,ORANGE,Straight and Level,Clear,,Dry,17K83011192,Not Applicable,"Other Motor Vehicle, Collision With",2,415088,36071,4753,2.6,13857119.0,5167.5,1527
2024,Property Damage Accident,19:35,2024-09-04,Wednesday,N,Unknown,PUTNAM VALLEY,OVERTAKING,PUTNAM,Unknown,Unknown,Unknown,Unknown,987G84021038,Not Applicable,"Other Motor Vehicle, Collision With",2,98842,36079,509,0.7,2746105.0,4089.2,375