year,accident_descriptor,time,date,day_of_week,police_report,lighting_conditions,municipality,collision_type_descriptor,county_name,road_descriptor,weather_conditions,traffic_control_device,road_surface_conditions,dot_reference_marker_location,pedestrian_bicyclist_action,event_descriptor,number_of_vehicles_involved,county_population_2024,county_fips,county_deer_take_2024,county_antlerless_deer_per_sqmi_2024,county_daily_vmt_2019,county_mean_aadt_2019,county_aadt_segments_2019
2024,Property Damage Accident,12:50,2024-09-04,Wednesday,Y,Daylight,RAMAPO,REAR END,ROCKLAND,Straight and Grade,Clear,,Dry,,Not Applicable,"Other Motor Vehicle, Collision With",2,354829,36087,259,0.3,7336134.0,9989.2,886
2024,Property Damage Accident,12:36,2024-09-04,Wednesday,Y,Daylight,SPRING VALLEY,REAR END,ROCKLAND,Straight and Level,Cloudy,Traffic Signal,Dry,59 85011067,Not Applicable,"Other Motor Vehicle, Collision With",2,354829,36087,259,0.3,7336134.0,9989.2,886
2024,Property Damage Accident,8:22,2024-09-04,Wednesday,Y,Daylight,LLOYD,Unknown,ULSTER,Straight and Grade,Clear,,Dry,299 86011124,Not Applicable,"Other Motor Vehicle, Collision With",2,183095,36111,3565,1.2,6410502.0,3939.4,999
2024,Property Damage Accident,18:56,2024-09-04,Wednesday,Y,Daylight,ELLENVILLE,OTHER,ULSTER,Straight and Level,Clear,Traffic Signal,Dry,209 86031051,Not Applicable,Deer,1,183095,36111,3565,1.2,6410502.0,3939.4,999
2024,Property Damage Accident,13:11,2024-09-04,Wednesday,Y,Daylight,ESOPUS,OTHER,ULSTER,Straight and Level,Clear,,Dry,9W86031133,Not Applicable,Deer,1,183095,36111,3565,1.2,6410502.0,3939.4,999
2024,Property Damage Accident,19:02,2024-09-04,Wednesday,Y,Daylight,WAWARSING,OTHER,ULSTER,Curve and Grade,Clear,No Passing Zone,Dry,52 86021129,Not Applicable,"Guide Rail - Not At End, Collision With Fixed Object",1,183095,36111,3565,1.2,6410502.0,3939.4,999
2024,Property Damage Accident,10:15,2024-09-04,Wednesday,Y,Daylight,SOMERS,Unknown,WESTCHESTER,Straight and Level,Clear,Traffic Signal,Dry,35 87012082,Not Applicable,"Other Motor Vehicle, Collision With",2,1009165,36119,850,0.8,18110248.0,6143.2,3354
2024,Property Damage Accident,7:09,2024-09-04,Wednesday,Y,Daylight,YORKTOWN,REAR END,WESTCHESTER,Straight and Level,Clear,,Dry,,Not Applicable,"Other Motor Vehicle, Collision With",2,1009165,36119,850,0.8,18110248.0,6143.2,3354
2024,Property Damage & Injury Accident,9:35,2024-09-04,Wednesday,Y,Daylight,MOUNT PLEASANT,Unknown,WESTCHESTER,Straight and Grade,Clear,,Dry,987F87012083,Not Applicable,"Other Motor Vehicle, Collision With",2,1009165,36119,850,0.8,18110248.0,6143.2,3354
2024,Property Damage Accident,6:22,2024-09-04,Wednesday,Y,Daylight,NEW CASTLE,OVERTAKING,WESTCHESTER,Straight and Level,Clear,,Dry,987D87012151,Not Applicable,"Other Motor Vehicle, Collision With",2,1009165,36119,850,0.8,18110248.0,6143.2,3354
2024,Property Damage Accident,14:30,2024-09-04,Wednesday,Y,Daylight,HARRISON,OTHER,WESTCHESTER,Straight and Level,Clear,,Dry,287I87011077,Not Applicable,"Other Motor Vehicle, Collision With",3,1009165,36119,850,0.8,18110248.0,6143.2,3354
2024,Property Damage Accident,10:40,2024-09-04,Wednesday,Y,Daylight,NEW ROCHELLE,OVERTAKING,WESTCHESTER,Straight and Level,Clear,,Dry,907W87022013,Not Applicable,"Other Motor Vehicle, Collision With",2,1009165,36119,850,0.8,18110248.0,6143.2,3354
2024,Property Damage Accident,16:58,2024-09-04,Wednesday,Y,Daylight,NEW ROCHELLE,HEAD ON,WESTCHESTER,Straight and Level,Clear,,Dry,1 87032006,Not Applicable,"Other Motor Vehicle, Collision With",2,1009165,36119,850,0.8,18110248.0,6143.2,3354
2024,Property Damage Accident,14:01,2024-09-04,Wednesday,Y,Daylight,NEW ROCHELLE,OVERTAKING,WESTCHESTER,Straight and Level,Clear,Traffic Signal,Dry,,Not Applicable,"Other Motor Vehicle, Collision With",2,1009165,36119,850,0.8,18110248.0,6143.2,3354
2024,Property Damage Accident,8:20,2024-09-04,Wednesday,Y,Daylight,CROTON ON HUDSON,OTHER,WESTCHESTER,Straight and Level,Clear,,Dry,9 87032164,Not Applicable,"Other Motor Vehicle, Collision With",3,1009165,36119,850,0.8,18110248.0,6143.2,3354
2024,Property Damage Accident,18:41,2024-09-04,Wednesday,Y,Dusk,WHITE PLAINS,OVERTAKING,WESTCHESTER,Straight and Level,Clear,Traffic Signal,Dry,,Not Applicable,"Other Motor Vehicle, Collision With",2,1009165,36119,850,0.8,18110248.0,6143.2,3354
2024,Property Damage Accident,13:01,2024-09-05,Thursday,Y,Daylight,FISHKILL,RIGHT TURN (5),DUTCHESS,Straight and Level,Clear,No Passing Zone,Dry,52 82042062,Not Applicable,"Other Motor Vehicle, Collision With",2,299256,36027,1695,0.8,5987961.0,3975.0,1300
2024,Property Damage & Injury Accident,13:57,2024-09-05,Thursday,Y,Daylight,POUGHKEEPSIE,OTHER,DUTCHESS,Straight and Level,Clear,Traffic Signal,Dry,9 82051091,Not Applicable,"Other Motor Vehicle, Collision With",4,299256,36027,1695,0.8,5987961.0,3975.0,1300
2024,Property Damage Accident,12:59,2024-09-05,Thursday,Y,Daylight,POUGHKEEPSIE,OVERTAKING,DUTCHESS,Straight and Level,Clear,Traffic Signal,Dry,,Not Applicable,"Other Motor Vehicle, Collision With",2,299256,36027,1695,0.8,5987961.0,3975.0,1300
2024,Property Damage Accident,19:45,2024-09-05,Thursday,Y,Dusk,PLEASANT VALLEY,OTHER,DUTCHESS,Straight and Grade,Clear,,Dry,987G82031177,Not Applicable,"Other Motor Vehicle, Collision With",2,299256,36027,1695,0.8,5987961.0,3975.0,1300
2024,Property Damage Accident,19:45,2024-09-05,Thursday,Y,Dark-Road Lighted,EAST FISHKILL,OTHER,DUTCHESS,Straight and Level,Clear,Traffic Signal,Dry,376 82011022,Not Applicable,"Other Motor Vehicle, Collision With",2,299256,36027,1695,0.8,5987961.0,3975.0,1300
2024,Property Damage Accident,20:30,2024-09-05,Thursday,Y,Dark-Road Unlighted,FLORIDA,OVERTAKING,ORANGE,Straight and Grade,Clear,,Dry,,Not Applicable,"Other Motor Vehicle, Collision With",2,415088,36071,4753,2.6,13857119.0,5167.5,1527
2024,Property Damage Accident,17:14,2024-09-05,Thursday,Y,Daylight,TUXEDO,OTHER,ORANGE,Straight and Level,Clear,,Dry,17 83101315,Not Applicable,"Other Motor Vehicle, Collision With",3,415088,36071,4753,2.6,13857119.0,5167.5,1527
2024,Property Damage & Injury Accident,17:43,2024-09-05,Thursday,Y,Daylight,NEW WINDSOR,RIGHT TURN (6),ORANGE,Straight and Level,Clear,Stop Sign,Dry,94 83011308,Not Applicable,"Other Motor Vehicle, Collision With",2,415088,36071,4753,2.6,13857119.0,5167.5,1527
2024,Property Damage Accident,15:05,2024-09-05,Thursday,Y,Daylight,NEWBURGH,OTHER,ORANGE,Straight and Level,Clear,Traffic Signal,Dry,17K83011170,Not Applicable,"Other Motor Vehicle, Collision With",2,415088,36071,4753,2.6,13857119.0,5167.5,1527
2024,Property Damage Accident,22:50,2024-09-05,Thursday,Y,Dark-Road Unlighted,WARWICK,RIGHT ANGLE,ORANGE,Straight and Grade,Clear,,Dry,,Not Applicable,"Other Motor Vehicle, Collision With",2,415088,36071,4753,2.6,13857119.0,5167.5,1527
2024,Property Damage Accident,17:50,2024-09-05,Thursday,Y,Daylight,NEWBURGH,REAR END,ORANGE,Straight and Grade,Clear,Traffic Signal,Dry,,Not Applicable,"Other Motor Vehicle, Collision With",2,415088,36071,4753,2.6,13857119.0,5167.5,1527
2024,Property Damage Accident,13:24,2024-09-05,Thursday,Y,Daylight,NEW WINDSOR,RIGHT ANGLE,ORANGE,Straight and Level,Clear,,Dry,32 83011125,Not Applicable,"Other Motor Vehicle, Collision With",2,415088,36071,4753,2.6,13857119.0,5167.5,1527
2024,Property Damage Accident,18:45,2024-09-05,Thursday,Y,Daylight,CRAWFORD,OTHER,ORANGE,Straight and Level,Clear,,Dry,17K83011054,Not Applicable,Deer,1,415088,36071,4753,2.6,13857119.0,5167.5,1527
2024,Property Damage & Injury Accident,21:48,2024-09-05,Thursday,Y,Dark-Road Lighted,RAMAPO,RIGHT ANGLE,ROCKLAND,Straight and Level,Clear,,Dry,,Not Applicable,"Other Motor Vehicle, Collision With",2,354829,36087,259,0.3,7336134.0,9989.2,886
2024,Property Damage & Injury Accident,8:54,2024-09-05,Thursday,Y,Daylight,CLARKSTOWN,REAR END,ROCKLAND,Straight and Level,Clear,,Dry,987C85011112,Not Applicable,"Other Motor Vehicle, Collision With",2,354829,36087,259,0.3,7336134.0,9989.2,886
2024,Property Damage Accident,22:13,2024-09-05,Thursday,Y,Dark-Road Unlighted,HILLBURN,OTHER,ROCKLAND,Curve and Level,Clear,,Dry,17 85111041,Not Applicable,"Other Object (Not Fixed)*, Collision With",1,354829,36087,259,0.3,7336134.0,9989.2,886
2024,Property Damage Accident,18:50,2024-09-05,Thursday,Y,Daylight,RAMAPO,RIGHT ANGLE,ROCKLAND,Straight and Level,Clear,Traffic Signal,Dry,,Not Applicable,"Other Motor Vehicle, Collision With",2,354829,36087,259,0.3,7336134.0,9989.2,886
2024,Property Damage Accident,9:55,2024-09-05,Thursday,Y,Daylight,STONY POINT,OVERTAKING,ROCKLAND,Straight and Grade,Clear,Other,Dry,9W85011228,Not Applicable,"Other Motor Vehicle, Collision With",2,354829,36087,259,0.3,7336134.0,9989.2,886
2024,Property Damage & Injury Accident,15:24,2024-09-05,Thursday,Y,Daylight,ORANGETOWN,RIGHT ANGLE,ROCKLAND,Straight and Level,Clear,Stop Sign,Dry,,Not Applicable,"Other Motor Vehicle, Collision With",2,354829,36087,259,0.3,7336134.0,9989.2,886
2024,Property Damage Accident,22:06,2024-09-05,Thursday,Y,Dark-Road Lighted,NYACK,RIGHT TURN (5),ROCKLAND,Straight and Level,Clear,Traffic Signal,Dry,,Not Applicable,"Other Motor Vehicle, Collision With",2,354829,36087,259,0.3,7336134.0,9989.2,886
2024,Property Damage Accident,16:08,2024-09-05,Thursday,Y,Daylight,CLARKSTOWN,OVERTAKING,ROCKLAND,Straight and Level,Clear,,Dry,,Not Applicable,"Other Motor Vehicle, Collision With",2,354829,36087,259,0.3,7336134.0,9989.2,886
2024,Property Damage Accident,12:00,2024-09-05,Thursday,N,Unknown,STONY POINT,OVERTAKING,ROCKLAND,Unknown,Unknown,Unknown,Unknown,,Not Applicable,"Other Motor Vehicle, Collision With",2,354829,36087,259,0.3,7336134.0,9989.2,886
2024,Property Damage Accident,18:36,2024-09-05,Thursday,Y,Daylight,ORANGETOWN,REAR END,ROCKLAND,Straight and Level,Clear,,Dry,,Not Applicable,"Other Motor Vehicle, Collision With",2,354829,36087,259,0.3,7336134.0,9989.2,886
2024,Property Damage & Injury Accident,8:50,2024-09-05,Thursday,Y,Daylight,RAMAPO,HEAD ON,ROCKLAND,Straight and Level,Clear,Traffic Signal,Dry,,Not Applicable,"Other Motor Vehicle, Collision With",2,354829,36087,259,0.3,7336134.0,9989.2,886
2024,Property Damage & Injury Accident,17:12,2024-09-05,Thursday,Y,Daylight,NYACK,REAR END,ROCKLAND,Straight and Level,Clear,Traffic Signal,Dry,59 85011140,Not Applicable,"Other Motor Vehicle, Collision With",2,354829,36087,259,0.3,7336134.0,9989.2,886
2024,Property Damage & Injury Accident,16:51,2024-09-05,Thursday,Y,Daylight,NEW PALTZ,RIGHT ANGLE,ULSTER,Straight and Level,Clear,Stop Sign,Dry,299 86011057,Not Applicable,"Other Motor Vehicle, Collision With",2,183095,36111,3565,1.2,6410502.0,3939.4,999
2024,Property Damage Accident,7:09,2024-09-05,Thursday,Y,Daylight,SHAWANGUNK,REAR END,ULSTER,Straight and Grade,Clear,,Dry,300 86011004,Not Applicable,"Other Motor Vehicle, Collision With",2,183095,36111,3565,1.2,6410502.0,3939.4,999
2024,Property Damage Accident,8:45,2024-09-05,Thursday,Y,Daylight,NEW ROCHELLE,LEFT TURN (3),WESTCHESTER,Straight and Level,Clear,,Dry,,Not Applicable,"Other Motor Vehicle, Collision With",2,1009165,36119,850,0.8,18110248.0,6143.2,3354
2024,Property Damage Accident,13:14,2024-09-05,Thursday,Y,Daylight,MOUNT PLEASANT,REAR END,WESTCHESTER,Straight and Level,Clear,,Dry,,Not Applicable,"Other Motor Vehicle, Collision With",2,1009165,36119,850,0.8,18110248.0,6143.2,3354
2024,Property Damage Accident,18:37,2024-09-05,Thursday,Y,Daylight,NORTH CASTLE,OTHER,WESTCHESTER,Curve and Level,Clear,,Dry,120 87012099,Not Applicable,Deer,1,1009165,36119,850,0.8,18110248.0,6143.2,3354
2024,Property Damage Accident,17:25,2024-09-05,Thursday,Y,Daylight,RYE,OTHER,WESTCHESTER,Straight and Level,Clear,,Dry,,Not Applicable,"Other Motor Vehicle, Collision With",3,1009165,36119,850,0.8,18110248.0,6143.2,3354
2024,Property Damage & Injury Accident,23:44,2024-09-05,Thursday,Y,Dark-Road Unlighted,RYE BROOKE,REAR END,WESTCHESTER,Curve and Grade,Clear,,Dry,,Not Applicable,"Guide Rail - Not At End, Collision With Fixed Object",2,1009165,36119,850,0.8,18110248.0,6143.2,3354
2024,Property Damage Accident,16:34,2024-09-05,Thursday,Y,Daylight,WHITE PLAINS,HEAD ON,WESTCHESTER,Straight and Level,Clear,,Dry,,Not Applicable,"Other Motor Vehicle, Collision With",2,1009165,36119,850,0.8,18110248.0,6143.2,3354
2024,Property Damage Accident,19:01,2024-09-05,Thursday,Y,Dusk,NEW CASTLE,OVERTAKING,WESTCHESTER,Straight and Level,Cloudy,,Dry,,Not Applicable,"Other Motor Vehicle, Collision With",2,1009165,36119,850,0.8,18110248.0,6143.2,3354
2024,Property Damage Accident,14:44,2024-09-05,Thursday,Y,Daylight,PEEKSKILL,OVERTAKING,WESTCHESTER,Straight and Level,Clear,,Dry,,Not Applicable,"Other Motor Vehicle, Collision With",2,1009165,36119,850,0.8,18110248.0,6143.2,3354
2024,Property Damage Accident,17:47,2024-09-05,Thursday,Y,Daylight,ELMSFORD,REAR END,WESTCHESTER,Straight and Level,Clear,Traffic Signal,Dry,,Not Applicable,"Other Motor Vehicle, Collision With",2,1009165,36119,850,0.8,18110248.0,6143.2,3354
2024,Property Damage Accident,9:26,2024-09-05,Thursday,Y,Daylight,NEW ROCHELLE,OVERTAKING,WESTCHESTER,Curve and Grade,Clear,,Dry,,Not Applicable,"Other Motor Vehicle, Collision With",2,1009165,36119,850,0.8,18110248.0,6143.2,3354
2024,Property Damage Accident,8:00,2024-09-05,Thursday,Y,Daylight,NEW ROCHELLE,OVERTAKING,WESTCHESTER,Straight and Level,Clear,Yield Sign,Dry,,Not Applicable,"Other Motor Vehicle, Collision With",2,1009165,36119,850,0.8,18110248.0,6143.2,3354
2024,Property Damage Accident,8:30,2024-09-05,Thursday,Y,Daylight,MAMARONECK,RIGHT ANGLE,WESTCHESTER,Straight and Level,Clear,Stop Sign,Dry,125 87011006,Not Applicable,"Other Motor Vehicle, Collision With",2,1009165,36119,850,0.8,18110248.0,6143.2,3354
2024,Property Damage Accident,14:31,2024-09-05,Thursday,Y,Daylight,BEDFORD,REAR END,WESTCHESTER,Straight and Level,Clear,,Dry,684I87011129,Not Applicable,"Other Motor Vehicle, Collision With",2,1009165,36119,850,0.8,18110248.0,6143.2,3354
2024,Property Damage & Injury Accident,7:10,2024-09-05,Thursday,Y,Daylight,CORTLANDT,LEFT TURN (3),WESTCHESTER,Straight and Level,Clear,,Dry,35 87012010,Not Applicable,"Other Motor Vehicle, Collision With",2,1009165,36119,850,0.8,18110248.0,6143.2,3354
2024,Property Damage Accident,6:34,2024-09-05,Thursday,Y,Daylight,PORT CHESTER,OVERTAKING,WESTCHESTER,Straight and Level,Clear,,Dry,,Not Applicable,"Other Motor Vehicle, Collision With",2,1009165,36119,850,0.8,18110248.0,6143.2,3354
2024,Property Damage Accident,12:40,2024-09-05,Thursday,Y,Daylight,MOUNT KISCO,REAR END,WESTCHESTER,Curve at Hill Crest,Clear,Stop Sign,Dry,,Not Applicable,"Other Motor Vehicle, Collision With",2,1009165,36119,850,0.8,18110248.0,6143.2,3354
2024,Property Damage Accident,19:56,2024-09-05,Thursday,Y,Dark-Road Lighted,PELHAM MANOR,RIGHT ANGLE,WESTCHESTER,Straight and Level,Clear,,Dry,,Not Applicable,"Other Motor Vehicle, Collision With",2,1009165,36119,850,0.8,18110248.0,6143.2,3354
2024,Property Damage Accident,9:24,2024-09-05,Thursday,Y,Daylight,YONKERS,Unknown,WESTCHESTER,Straight and Level,Clear,,Dry,,Not Applicable,"Other Motor Vehicle, Collision With",2,1009165,36119,850,0.8,18110248.0,6143.2,3354
2024,Property Damage Accident,22:20,2024-09-06,Friday,Y,Dark-Road Lighted,POUGHKEEPSIE,OTHER,DUTCHESS,Straight and Level,Clear,,Dry,,Not Applicable,"Other Motor Vehicle, Collision With",4,299256,36027,1695,0.8,5987961.0,3975.0,1300
2024,Property Damage & Injury Accident,16:47,2024-09-06,Friday,Y,Daylight,NEWBURGH,REAR END,ORANGE,Straight and Level,Clear,Traffic Signal,Dry,9W83022006,Not Applicable,"Other Motor Vehicle, Collision With",2,415088,36071,4753,2.6,13857119.0,5167.5,1527
2024,Injury Accident,12:14,2024-09-06,Friday,Y,Daylight,MIDDLETOWN,OTHER,ORANGE,Straight and Level,Clear,,Dry,,"Crossing, No Signal or Crosswalk","Pedestrian, Collision With",1,415088,36071,4753,2.6,13857119.0,5167.5,1527
2024,Property Damage Accident,6:57,2024-09-06,Friday,Y,Daylight,MONTGOMERY,REAR END,ORANGE,Straight and Level,Cloudy,Traffic Signal,Dry,208 83011170,Not Applicable,"Other Motor Vehicle, Collision With",2,415088,36071,4753,2.6,13857119.0,5167.5,1527
2024,Property Damage & Injury Accident,17:05,2024-09-06,Friday,Y,Daylight,DEERPARK,LEFT TURN (3),ORANGE,Straight and Grade,Clear,No Passing Zone,Dry,6 83012003,Not Applicable,"Other Motor Vehicle, Collision With",2,415088,36071,4753,2.6,13857119.0,5167.5,1527
2024,Property Damage Accident,12:06,2024-09-06,Friday,Y,Daylight,NEWBURGH,REAR END,ORANGE,Straight and Level,Clear,Traffic Signal,Dry,32 83013034,Not Applicable,"Other Motor Vehicle, Collision With",2,415088,36071,4753,2.6,13857119.0,5167.5,1527
2024,Property Damage & Injury Accident,7:43,2024-09-06,Friday,Y,Daylight,NEWBURGH,OTHER,ORANGE,Straight and Level,Clear,,Dry,,"Crossing, No Signal or Crosswalk","Pedestrian, Collision With",1,415088,36071,4753,2.6,13857119.0,5167.5,1527
2024,Property Damage Accident,18:30,2024-09-06,Friday,Y,Daylight,WALLKILL,HEAD ON,ORANGE,Straight and Grade,Clear,,Dry,,Not Applicable,"Other Motor Vehicle, Collision With",2,415088,36071,4753,2.6,13857119.0,5167.5,1527
2024,Property Damage Accident,13:01,2024-09-06,Friday,Y,Daylight,CHESTER,LEFT TURN (3),ORANGE,Straight and Level,Clear,,Dry,,Not Applicable,"Other Motor Vehicle, Collision With",2,415088,36071,4753,2.6,13857119.0,5167.5,1527
2024,Property Damage Accident,12:10,2024-09-06,Friday,Y,Daylight,PATTERSON,OTHER,PUTNAM,Curve at Hill Crest,Clear,No Passing Zone,Dry,,Not Applicable,"Other*, Non-Collision",1,98842,36079,509,0.7,2746105.0,4089.2,375
2024,Property Damage Accident,17:55,2024-09-06,Friday,Y,Daylight,STONY POINT,OTHER,ROCKLAND,Straight and Level,Clear,,Dry,,Not Applicable,"Other Motor Vehicle, Collision With",2,354829,36087,259,0.3,7336134.0,9989.2,886
2024,Property Damage Accident,20:00,2024-09-06,Friday,Y,Dark-Road Lighted,HAVERSTRAW,RIGHT ANGLE,ROCKLAND,Straight and Level,Clear,,Dry,,Not Applicable,"Other Motor Vehicle, Collision With",2,354829,36087,259,0.3,7336134.0,9989.2,886
2024,Property Damage Accident,14:53,2024-09-06,Friday,Y,Daylight,RAMAPO,OVERTAKING,ROCKLAND,Straight and Grade,Clear,,Dry,306 85011001,Not Applicable,"Other Motor Vehicle, Collision With",2,354829,36087,259,0.3,7336134.0,9989.2,886
2024,Property Damage Accident,11:45,2024-09-06,Friday,Y,Daylight,SPRING VALLEY,RIGHT ANGLE,ROCKLAND,Straight and Level,Clear,,Dry,,Not Applicable,"Other Motor Vehicle, Collision With",2,354829,36087,259,0.3,7336134.0,9989.2,886
2024,Property Damage Accident,6:10,2024-09-06,Friday,Y,Daylight,ORANGETOWN,REAR END,ROCKLAND,Curve and Level,Clear,,Dry,,Not Applicable,"Other Motor Vehicle, Collision With",2,354829,36087,259,0.3,7336134.0,9989.2,886
2024,Property Damage Accident,19:56,2024-09-06,Friday,Y,Dark-Road Lighted,RAMAPO,OTHER,ROCKLAND,Straight and Level,Clear,Traffic Signal,Dry,59 85011028,Not Applicable,"Other Motor Vehicle, Collision With",2,354829,36087,259,0.3,7336134.0,9989.2,886
2024,Property Damage Accident,20:05,2024-09-06,Friday,Y,Dusk,SPRING VALLEY,REAR END,ROCKLAND,Straight and Level,Clear,,Dry,59 85011077,Not Applicable,"Other Motor Vehicle, Collision With",2,354829,36087,259,0.3,7336134.0,9989.2,886
2024,Property Damage Accident,14:45,2024-09-06,Friday,Y,Daylight,GARDINER,OVERTAKING,ULSTER,Straight and Level,Cloudy,No Passing Zone,Dry,208 86021081,Not Applicable,"Other Motor Vehicle, Collision With",2,183095,36111,3565,1.2,6410502.0,3939.4,999
2024,Property Damage Accident,7:21,2024-09-06,Friday,Y,Daylight,PLATTEKILL,OTHER,ULSTER,Straight and Level,Clear,No Passing Zone,Dry,44 86011195,Not Applicable,Deer,1,183095,36111,3565,1.2,6410502.0,3939.4,999
2024,Property Damage Accident,16:57,2024-09-06,Friday,Y,Daylight,KINGSTON,OVERTAKING,ULSTER,Straight and Level,Clear,,Dry,983F86011004,Not Applicable,"Other Motor Vehicle, Collision With",2,183095,36111,3565,1.2,6410502.0,3939.4,999
2024,Property Damage Accident,17:45,2024-09-06,Friday,N,Daylight,YONKERS,REAR END,WESTCHESTER,Straight and Level,Clear,,Dry,987D87011012,Not Applicable,"Other Motor Vehicle, Collision With",2,1009165,36119,850,0.8,18110248.0,6143.2,3354
2024,Property Damage Accident,11:30,2024-09-06,Friday,N,Unknown,GREENBURGH,RIGHT TURN (5),WESTCHESTER,Unknown,Unknown,Unknown,Unknown,100A87011000,Not Applicable,"Other Motor Vehicle, Collision With",2,1009165,36119,850,0.8,18110248.0,6143.2,3354
2024,Property Damage Accident,11:36,2024-09-06,Friday,Y,Daylight,YONKERS,RIGHT ANGLE,WESTCHESTER,Curve and Level,Clear,Stop Sign,Dry,987F87011028,Not Applicable,"Other Motor Vehicle, Collision With",2,1009165,36119,850,0.8,18110248.0,6143.2,3354
2024,Property Damage Accident,8:52,2024-09-06,Friday,Y,Daylight,YONKERS,LEFT TURN (0),WESTCHESTER,Straight and Level,Clear,,Dry,984E87011009,Not Applicable,"Other Motor Vehicle, Collision With",2,1009165,36119,850,0.8,18110248.0,6143.2,3354
2024,Property Damage Accident,15:30,2024-09-06,Friday,Y,Daylight,YONKERS,OVERTAKING,WESTCHESTER,Straight and Level,Clear,,Dry,987D87011040,Not Applicable,"Other Motor Vehicle, Collision With",2,1009165,36119,850,0.8,18110248.0,6143.2,3354
2024,Property Damage Accident,13:57,2024-09-06,Friday,Y,Daylight,MOUNT PLEASANT,LEFT TURN (3),WESTCHESTER,Straight and Level,Cloudy,,Dry,,Not Applicable,"Other Motor Vehicle, Collision With",2,1009165,36119,850,0.8,18110248.0,6143.2,3354
2024,Property Damage Accident,16:09,2024-09-06,Friday,Y,Daylight,NEW CASTLE,REAR END,WESTCHESTER,Straight and Grade,Clear,No Passing Zone,Dry,120 87012120,Not Applicable,"Other Motor Vehicle, Collision With",2,1009165,36119,850,0.8,18110248.0,6143.2,3354
2024,Property Damage & Injury Accident,17:19,2024-09-06,Friday,Y,Daylight,YONKERS,OTHER,WESTCHESTER,Straight and Level,Clear,Traffic Signal,Dry,100 87011034,Not Applicable,"Other Motor Vehicle, Collision With",3,1009165,36119,850,0.8,18110248.0,6143.2,3354
2024,Property Damage Accident,7:55,2024-09-06,Friday,Y,Dark-Road Lighted,YONKERS,SIDESWIPE,WESTCHESTER,Straight at Hill Crest,Clear,Unknown,Dry,,Not Applicable,"Other Motor Vehicle, Collision With",2,1009165,36119,850,0.8,18110248.0,6143.2,3354
2024,Property Damage Accident,12:22,2024-09-06,Friday,Y,Daylight,MAMARONECK,REAR END,WESTCHESTER,Straight and Level,Clear,Traffic Signal,Dry,1 87033024,Not Applicable,"Other Motor Vehicle, Collision With",2,1009165,36119,850,0.8,18110248.0,6143.2,3354
2024,Property Damage & Injury Accident,21:47,2024-09-06,Friday,Y,Dark-Road Unlighted,YONKERS,OVERTAKING,WESTCHESTER,Straight and Level,Clear,,Dry,,Not Applicable,"Other Motor Vehicle, Collision With",2,1009165,36119,850,0.8,18110248.0,6143.2,3354
2024,Property Damage Accident,12:33,2024-09-07,Saturday,Y,Daylight,FISHKILL,OVERTAKING,DUTCHESS,Straight and Level,Cloudy,Traffic Signal,Dry,9 82051042,Not Applicable,"Other Motor Vehicle, Collision With",2,299256,36027,1695,0.8,5987961.0,3975.0,1300
2024,Property Damage Accident,13:00,2024-09-07,Saturday,Y,Daylight,RHINEBECK,REAR END,DUTCHESS,Straight and Level,Clear,,Dry,9 82053156,Not Applicable,"Other Motor Vehicle, Collision With",2,299256,36027,1695,0.8,5987961.0,3975.0,1300
2024,Property Damage Accident,18:15,2024-09-07,Saturday,Y,Daylight,WOODBURY,OTHER,ORANGE,Curve and Level,Rain,,Wet,,Not Applicable,"Barrier, Collision With Fixed Object",1,415088,36071,4753,2.6,13857119.0,5167.5,1527
2024,Property Damage Accident,16:37,2024-09-07,Saturday,Y,Daylight,NEW WINDSOR,REAR END,ORANGE,Straight and Level,Cloudy,Traffic Signal,Dry,207 83011167,Not Applicable,"Other Motor Vehicle, Collision With",2,415088,36071,4753,2.6,13857119.0,5167.5,1527
2024,Property Damage & Injury Accident,15:40,2024-09-07,Saturday,Y,Daylight,GOSHEN,OTHER,ORANGE,Curve and Level,Rain,,Wet,17 83101136,Not Applicable,"Guide Rail - Not At End, Collision With Fixed Object",1,415088,36071,4753,2.6,13857119.0,5167.5,1527
2024,Property Damage Accident,21:30,2024-09-07,Saturday,Y,Dark-Road Lighted,WALLKILL,LEFT TURN (3),ORANGE,Straight and Level,Cloudy,,Wet,,Not Applicable,"Other Motor Vehicle, Collision With",2,415088,36071,4753,2.6,13857119.0,5167.5,1527
2024,Property Damage Accident,21:56,2024-09-07,Saturday,Y,Dark-Road Lighted,MIDDLETOWN,OVERTAKING,ORANGE,Straight and Level,Rain,,Wet,,Not Applicable,"Other Motor Vehicle, Collision With",2,415088,36071,4753,2.6,13857119.0,5167.5,1527
2024,Property Damage Accident,12:13,2024-09-07,Saturday,Y,Daylight,WOODBURY,Unknown,ORANGE,Straight and Level,Clear,Stop Sign,Dry,,Not Applicable,"Other Motor Vehicle, Collision With",2,415088,36071,4753,2.6,13857119.0,5167.5,1527
2024,Property Damage Accident,9:41,2024-09-07,Saturday,Y,Daylight,TUXEDO,OTHER,ORANGE,Straight and Grade,Rain,,Wet,17 83101328,Not Applicable,"Guide Rail - Not At End, Collision With Fixed Object",1,415088,36071,4753,2.6,13857119.0,5167.5,1527