year,accident_descriptor,time,date,day_of_week,police_report,lighting_conditions,municipality,collision_type_descriptor,county_name,road_descriptor,weather_conditions,traffic_control_device,road_surface_conditions,dot_reference_marker_location,pedestrian_bicyclist_action,event_descriptor,number_of_vehicles_involved,county_population_2024,county_fips,county_deer_take_2024,county_antlerless_deer_per_sqmi_2024,county_daily_vmt_2019,county_mean_aadt_2019,county_aadt_segments_2019
2024,Property Damage Accident,14:33,2024-09-13,Friday,Y,Daylight,CLARKSTOWN,REAR END,ROCKLAND,Straight and Level,Clear,,Dry,,Not Applicable,"Other Motor Vehicle, Collision With",2,354829,36087,259,0.3,7336134.0,9989.2,886
2024,Property Damage Accident,11:55,2024-09-13,Friday,Y,Daylight,,OVERTAKING,ROCKLAND,Straight and Level,Clear,,Dry,,Not Applicable,"Other Motor Vehicle, Collision With",2,354829,36087,259,0.3,7336134.0,9989.2,886
2024,Property Damage Accident,8:22,2024-09-13,Friday,Y,Daylight,NEW HEMPSTEAD,REAR END,ROCKLAND,Straight and Level,Clear,,Dry,45 85011057,Not Applicable,"Other Motor Vehicle, Collision With",2,354829,36087,259,0.3,7336134.0,9989.2,886
2024,Property Damage & Injury Accident,17:27,2024-09-13,Friday,Y,Daylight,CLARKSTOWN,LEFT TURN (3),ROCKLAND,Straight and Grade,Clear,,Dry,59 85011130,Not Applicable,"Other Motor Vehicle, Collision With",2,354829,36087,259,0.3,7336134.0,9989.2,886
2024,Property Damage Accident,7:40,2024-09-13,Friday,Y,Daylight,RAMAPO,LEFT TURN (3),ROCKLAND,Straight and Level,Clear,,Dry,,Not Applicable,"Other Motor Vehicle, Collision With",2,354829,36087,259,0.3,7336134.0,9989.2,886
2024,Property Damage Accident,18:46,2024-09-13,Friday,Y,Dark-Road Lighted,SHAWANGUNK,OTHER,ULSTER,Straight and Level,Cloudy,No Passing Zone,Dry,,Not Applicable,"Light Support/Utility Pole, Collision With Fixed Object",1,183095,36111,3565,1.2,6410502.0,3939.4,999
2024,Property Damage Accident,14:38,2024-09-13,Friday,Y,Daylight,SAUGERTIES,OTHER,ULSTER,Straight and Level,Clear,,Dry,,Not Applicable,"Sign Post, Collision With Fixed Object",1,183095,36111,3565,1.2,6410502.0,3939.4,999
2024,Property Damage Accident,21:40,2024-09-13,Friday,Y,Dark-Road Lighted,GARDINER,LEFT TURN (3),ULSTER,Straight and Level,Cloudy,Traffic Signal,Dry,44 86011163,Not Applicable,"Other Motor Vehicle, Collision With",2,183095,36111,3565,1.2,6410502.0,3939.4,999
2024,Property Damage Accident,16:10,2024-09-13,Friday,Y,Daylight,LLOYD,REAR END,ULSTER,Straight and Level,Clear,,Dry,44 86011290,Not Applicable,"Other Motor Vehicle, Collision With",2,183095,36111,3565,1.2,6410502.0,3939.4,999
2024,Property Damage Accident,22:47,2024-09-13,Friday,Y,Dark-Road Lighted,YONKERS,OTHER,WESTCHESTER,Straight at Hill Crest,Clear,,Dry,,Not Applicable,"Other Fixed Object*, Collision With Fixed Object",1,1009165,36119,850,0.8,18110248.0,6143.2,3354
2024,Property Damage Accident,16:24,2024-09-13,Friday,Y,Daylight,YONKERS,REAR END,WESTCHESTER,Curve and Level,Clear,Yield Sign,Dry,984L87011004,Not Applicable,"Other Motor Vehicle, Collision With",2,1009165,36119,850,0.8,18110248.0,6143.2,3354
2024,Property Damage Accident,6:52,2024-09-13,Friday,Y,Daylight,DOBBS FERRY,OTHER,WESTCHESTER,Straight and Level,Clear,Traffic Signal,Dry,,Not Applicable,"Building/Wall, Collision With Fixed Object",1,1009165,36119,850,0.8,18110248.0,6143.2,3354
2024,Property Damage & Injury Accident,7:19,2024-09-13,Friday,Y,Daylight,YONKERS,OTHER,WESTCHESTER,Straight and Level,Clear,Unknown,Dry,,Not Applicable,"Other Motor Vehicle, Collision With",5,1009165,36119,850,0.8,18110248.0,6143.2,3354
2024,Injury Accident,16:33,2024-09-13,Friday,Y,Daylight,NEW ROCHELLE,OTHER,WESTCHESTER,Straight and Level,Clear,Traffic Signal,Dry,,"Crossing, Against Signal","Pedestrian, Collision With",1,1009165,36119,850,0.8,18110248.0,6143.2,3354
2024,Property Damage Accident,10:02,2024-09-13,Friday,Y,Daylight,BRIARCLIFF MANOR,OVERTAKING,WESTCHESTER,Straight and Grade,Clear,Traffic Signal,Dry,9A87032136,Not Applicable,"Other Motor Vehicle, Collision With",2,1009165,36119,850,0.8,18110248.0,6143.2,3354
2024,Injury Accident,21:07,2024-09-13,Friday,Y,Dark-Road Lighted,ELMSFORD,REAR END,WESTCHESTER,Straight and Grade,Clear,Traffic Signal,Dry,119 87011025,Not Applicable,"Other Motor Vehicle, Collision With",2,1009165,36119,850,0.8,18110248.0,6143.2,3354
2024,Property Damage & Injury Accident,19:28,2024-09-13,Friday,Y,Dark-Road Lighted,LARCHMONT,OTHER,WESTCHESTER,Straight and Level,Clear,Traffic Signal,Dry,,"Crossing, Against Signal","Pedestrian, Collision With",2,1009165,36119,850,0.8,18110248.0,6143.2,3354
2024,Property Damage Accident,18:53,2024-09-13,Friday,Y,Dusk,YONKERS,OVERTAKING,WESTCHESTER,Curve and Level,Clear,,Dry,987F87011016,Not Applicable,"Other Motor Vehicle, Collision With",2,1009165,36119,850,0.8,18110248.0,6143.2,3354
2024,Property Damage Accident,8:34,2024-09-13,Friday,Y,Daylight,NEW ROCHELLE,REAR END,WESTCHESTER,Curve and Level,Clear,Yield Sign,Dry,981U87011003,Not Applicable,"Other Motor Vehicle, Collision With",2,1009165,36119,850,0.8,18110248.0,6143.2,3354
2024,Property Damage Accident,22:31,2024-09-13,Friday,Y,Dark-Road Lighted,YONKERS,OTHER,WESTCHESTER,Straight and Level,Clear,,Dry,9A87031003,Not Applicable,"Other Motor Vehicle, Collision With",4,1009165,36119,850,0.8,18110248.0,6143.2,3354
2024,Property Damage Accident,15:35,2024-09-13,Friday,Y,Daylight,YONKERS,OTHER,WESTCHESTER,Straight and Level,Clear,Traffic Signal,Dry,983B87011000,Not Applicable,"Other Motor Vehicle, Collision With",3,1009165,36119,850,0.8,18110248.0,6143.2,3354
2024,Property Damage Accident,16:04,2024-09-13,Friday,Y,Daylight,CORTLANDT,OVERTAKING,WESTCHESTER,Straight and Level,Clear,,Dry,9A87032217,Not Applicable,"Other Motor Vehicle, Collision With",2,1009165,36119,850,0.8,18110248.0,6143.2,3354
2024,Property Damage Accident,16:20,2024-09-13,Friday,Y,Daylight,MOUNT PLEASANT,REAR END,WESTCHESTER,Straight at Hill Crest,Clear,Traffic Signal,Dry,117 87011029,Not Applicable,"Other Motor Vehicle, Collision With",2,1009165,36119,850,0.8,18110248.0,6143.2,3354
2024,Property Damage Accident,8:30,2024-09-13,Friday,Y,Daylight,YONKERS,OTHER,WESTCHESTER,Straight and Level,Clear,,Dry,,Not Applicable,"Other Motor Vehicle, Collision With",3,1009165,36119,850,0.8,18110248.0,6143.2,3354
2024,Property Damage & Injury Accident,16:50,2024-09-13,Friday,Y,Daylight,MOUNT VERNON,REAR END,WESTCHESTER,Straight and Level,Clear,,Dry,,Not Applicable,"Other Motor Vehicle, Collision With",2,1009165,36119,850,0.8,18110248.0,6143.2,3354
2024,Property Damage Accident,5:53,2024-09-14,Saturday,Y,Daylight,POUGHKEEPSIE,Unknown,DUTCHESS,Straight and Level,Clear,Other,Dry,,Not Applicable,"Other Motor Vehicle, Collision With",2,299256,36027,1695,0.8,5987961.0,3975.0,1300
2024,Property Damage Accident,12:10,2024-09-14,Saturday,N,Dark-Road Lighted,FISHKILL,RIGHT TURN (5),DUTCHESS,Straight and Level,Clear,Traffic Signal,Dry,9 82051034,Not Applicable,"Other Motor Vehicle, Collision With",2,299256,36027,1695,0.8,5987961.0,3975.0,1300
2024,Property Damage Accident,15:40,2024-09-14,Saturday,Y,Daylight,POUGHKEEPSIE,OVERTAKING,DUTCHESS,Straight and Level,Clear,Traffic Signal,Dry,9G82011000,Not Applicable,"Other Motor Vehicle, Collision With",2,299256,36027,1695,0.8,5987961.0,3975.0,1300
2024,Property Damage Accident,23:09,2024-09-14,Saturday,Y,Dark-Road Unlighted,EAST FISHKILL,OVERTAKING,DUTCHESS,Straight and Level,Cloudy,,Dry,84I82021103,Not Applicable,"Other Motor Vehicle, Collision With",2,299256,36027,1695,0.8,5987961.0,3975.0,1300
2024,Property Damage Accident,11:43,2024-09-14,Saturday,Y,Daylight,WOODBURY,OTHER,ORANGE,Straight and Level,Clear,,Dry,,Not Applicable,"Other Motor Vehicle, Collision With",2,415088,36071,4753,2.6,13857119.0,5167.5,1527
2024,Property Damage & Injury Accident,9:13,2024-09-14,Saturday,Y,Daylight,NEWBURGH,OTHER,ORANGE,Straight and Level,Clear,Stop Sign,Dry,,Not Applicable,"Other Motor Vehicle, Collision With",3,415088,36071,4753,2.6,13857119.0,5167.5,1527
2024,Property Damage Accident,11:24,2024-09-14,Saturday,Y,Daylight,NEW WINDSOR,OTHER,ORANGE,Straight and Grade,Clear,,Dry,94 83011304,Not Applicable,Deer,1,415088,36071,4753,2.6,13857119.0,5167.5,1527
2024,Property Damage Accident,11:03,2024-09-14,Saturday,Y,Daylight,MONTGOMERY,LEFT TURN (3),ORANGE,Straight and Level,Clear,,Dry,17K83011157,Not Applicable,"Other Motor Vehicle, Collision With",2,415088,36071,4753,2.6,13857119.0,5167.5,1527
2024,Property Damage & Injury Accident,17:29,2024-09-14,Saturday,Y,Daylight,NEWBURGH,OTHER,ORANGE,Straight and Level,Clear,,Dry,,Not Applicable,"Other Motor Vehicle, Collision With",4,415088,36071,4753,2.6,13857119.0,5167.5,1527
2024,Property Damage Accident,20:16,2024-09-14,Saturday,Y,Dark-Road Unlighted,WALLKILL,OTHER,ORANGE,Straight and Grade,Clear,,Dry,,Not Applicable,Deer,1,415088,36071,4753,2.6,13857119.0,5167.5,1527
2024,Property Damage Accident,15:20,2024-09-14,Saturday,Y,Daylight,CLARKSTOWN,RIGHT ANGLE,ROCKLAND,Straight and Level,Clear,,Dry,,Not Applicable,"Other Motor Vehicle, Collision With",2,354829,36087,259,0.3,7336134.0,9989.2,886
2024,Property Damage Accident,0:32,2024-09-14,Saturday,Y,Dark-Road Unlighted,CLARKSTOWN,REAR END,ROCKLAND,Straight and Level,Clear,Traffic Signal,Dry,,Not Applicable,"Other Motor Vehicle, Collision With",2,354829,36087,259,0.3,7336134.0,9989.2,886
2024,Property Damage Accident,11:37,2024-09-14,Saturday,Y,Daylight,ORANGETOWN,REAR END,ROCKLAND,Curve and Level,Clear,,Dry,9W85011058,Not Applicable,"Other Motor Vehicle, Collision With",2,354829,36087,259,0.3,7336134.0,9989.2,886
2024,Property Damage Accident,14:27,2024-09-14,Saturday,Y,Daylight,ORANGETOWN,OVERTAKING,ROCKLAND,Straight and Level,Clear,,Dry,,Not Applicable,"Other Motor Vehicle, Collision With",2,354829,36087,259,0.3,7336134.0,9989.2,886
2024,Property Damage Accident,16:04,2024-09-14,Saturday,Y,Daylight,WEST HAVERSTRAW,LEFT TURN (0),ROCKLAND,Straight and Grade,Clear,Stop Sign,Dry,,Not Applicable,"Other Motor Vehicle, Collision With",2,354829,36087,259,0.3,7336134.0,9989.2,886
2024,Property Damage Accident,14:34,2024-09-14,Saturday,Y,Daylight,CLARKSTOWN,REAR END,ROCKLAND,Straight and Level,Clear,,Dry,,Not Applicable,"Other Motor Vehicle, Collision With",2,354829,36087,259,0.3,7336134.0,9989.2,886
2024,Property Damage Accident,4:25,2024-09-14,Saturday,Y,Dark-Road Lighted,SUFFERN,SIDESWIPE,ROCKLAND,Straight and Level,Clear,,Dry,,Not Applicable,"Other Motor Vehicle, Collision With",2,354829,36087,259,0.3,7336134.0,9989.2,886
2024,Property Damage Accident,3:15,2024-09-14,Saturday,N,Unknown,STONY POINT,OTHER,ROCKLAND,Unknown,Unknown,Unknown,Unknown,,Not Applicable,Deer,1,354829,36087,259,0.3,7336134.0,9989.2,886
2024,Property Damage Accident,12:11,2024-09-14,Saturday,Y,Daylight,STONY POINT,OTHER,ROCKLAND,Straight and Level,Clear,,Dry,,Not Applicable,"Fence, Collision With Fixed Object",1,354829,36087,259,0.3,7336134.0,9989.2,886
2024,Property Damage & Injury Accident,20:29,2024-09-14,Saturday,Y,Dark-Road Lighted,ULSTER,LEFT TURN (3),ULSTER,Straight and Level,Clear,Traffic Signal,Dry,,Not Applicable,"Other Motor Vehicle, Collision With",2,183095,36111,3565,1.2,6410502.0,3939.4,999
2024,Property Damage & Injury Accident,18:00,2024-09-14,Saturday,Y,Daylight,RYE,REAR END,WESTCHESTER,Straight and Grade,Clear,,Dry,,Not Applicable,"Other Motor Vehicle, Collision With",2,1009165,36119,850,0.8,18110248.0,6143.2,3354
2024,Property Damage Accident,18:47,2024-09-14,Saturday,Y,Dusk,YORKTOWN,OTHER,WESTCHESTER,Straight and Level,Clear,,Dry,,Not Applicable,"Other Motor Vehicle, Collision With",2,1009165,36119,850,0.8,18110248.0,6143.2,3354
2024,Property Damage & Injury Accident,16:28,2024-09-14,Saturday,Y,Daylight,OSSINING,OTHER,WESTCHESTER,Straight and Level,Clear,Stop Sign,Dry,,"Crossing, No Signal or Crosswalk","Bicyclist, Collision With",1,1009165,36119,850,0.8,18110248.0,6143.2,3354
2024,Property Damage Accident,23:13,2024-09-14,Saturday,Y,Dark-Road Lighted,NEW ROCHELLE,OVERTAKING,WESTCHESTER,Straight and Level,Clear,,Dry,,Not Applicable,"Other Motor Vehicle, Collision With",2,1009165,36119,850,0.8,18110248.0,6143.2,3354
2024,Property Damage & Injury Accident,1:39,2024-09-14,Saturday,Y,Dark-Road Unlighted,MOUNT PLEASANT,OTHER,WESTCHESTER,Curve and Level,Clear,,Dry,,Not Applicable,"Tree, Collision With Fixed Object",1,1009165,36119,850,0.8,18110248.0,6143.2,3354
2024,Property Damage & Injury Accident,18:06,2024-09-14,Saturday,Y,Daylight,WHITE PLAINS,OVERTAKING,WESTCHESTER,Straight and Level,Clear,,Dry,,Not Applicable,"Other Motor Vehicle, Collision With",2,1009165,36119,850,0.8,18110248.0,6143.2,3354
2024,Property Damage Accident,9:13,2024-09-14,Saturday,Y,Daylight,SCARSDALE,REAR END,WESTCHESTER,Straight and Level,Clear,,Dry,907W87024000,Not Applicable,"Other Motor Vehicle, Collision With",2,1009165,36119,850,0.8,18110248.0,6143.2,3354
2024,Property Damage & Injury Accident,20:18,2024-09-14,Saturday,Y,Dark-Road Lighted,NEW ROCHELLE,OTHER,WESTCHESTER,Straight and Level,Clear,,Dry,,"Crossing, No Signal or Crosswalk","Pedestrian, Collision With",1,1009165,36119,850,0.8,18110248.0,6143.2,3354
2024,Property Damage Accident,12:33,2024-09-14,Saturday,Y,Daylight,GREENBURGH,SIDESWIPE,WESTCHESTER,Straight and Grade,Clear,Traffic Signal,Dry,100A87011022,Not Applicable,"Other Motor Vehicle, Collision With",2,1009165,36119,850,0.8,18110248.0,6143.2,3354
2024,Property Damage Accident,17:10,2024-09-14,Saturday,Y,Daylight,MOUNT PLEASANT,REAR END,WESTCHESTER,Curve and Level,Clear,Traffic Signal,Dry,,Not Applicable,"Other Motor Vehicle, Collision With",2,1009165,36119,850,0.8,18110248.0,6143.2,3354
2024,Injury Accident,21:25,2024-09-14,Saturday,Y,Dark-Road Lighted,PORT CHESTER,OTHER,WESTCHESTER,Straight and Level,Clear,Traffic Signal,Dry,,"Crossing, Against Signal","Bicyclist, Collision With",1,1009165,36119,850,0.8,18110248.0,6143.2,3354
2024,Injury Accident,20:05,2024-09-15,Sunday,Y,Dusk,BEACON,OTHER,DUTCHESS,Straight and Level,Clear,Traffic Signal,Dry,9D82032026,"Crossing, With Signal","Pedestrian, Collision With",1,299256,36027,1695,0.8,5987961.0,3975.0,1300
2024,Property Damage & Injury Accident,9:21,2024-09-15,Sunday,Y,Daylight,AMENIA,OTHER,DUTCHESS,Curve and Level,Clear,,Dry,343 82011172,Not Applicable,"Ran Off Roadway Only, Non-Collision",1,299256,36027,1695,0.8,5987961.0,3975.0,1300
2024,Property Damage & Injury Accident,16:47,2024-09-15,Sunday,Y,Daylight,WAPPINGER,OTHER,DUTCHESS,Straight and Level,Clear,,Dry,9 82051069,Not Applicable,"Other Motor Vehicle, Collision With",3,299256,36027,1695,0.8,5987961.0,3975.0,1300
2024,Property Damage Accident,13:43,2024-09-15,Sunday,Y,Daylight,MONROE,OTHER,ORANGE,Straight and Grade,Clear,No Passing Zone,Dry,,Not Applicable,"Light Support/Utility Pole, Collision With Fixed Object",2,415088,36071,4753,2.6,13857119.0,5167.5,1527
2024,Property Damage Accident,11:45,2024-09-15,Sunday,Y,Daylight,WARWICK,REAR END,ORANGE,Straight and Level,Clear,No Passing Zone,Dry,94 83011028,Not Applicable,"Other Motor Vehicle, Collision With",2,415088,36071,4753,2.6,13857119.0,5167.5,1527
2024,Property Damage Accident,13:20,2024-09-15,Sunday,Y,Daylight,CHESTER,SIDESWIPE,ORANGE,Straight and Level,Clear,,Dry,,Not Applicable,"Other Motor Vehicle, Collision With",2,415088,36071,4753,2.6,13857119.0,5167.5,1527
2024,Property Damage Accident,21:02,2024-09-15,Sunday,Y,Dark-Road Lighted,NEWBURGH,OVERTAKING,ORANGE,Straight and Level,Clear,,Dry,,Not Applicable,"Other Motor Vehicle, Collision With",2,415088,36071,4753,2.6,13857119.0,5167.5,1527
2024,Property Damage Accident,2:05,2024-09-15,Sunday,Y,Dark-Road Unlighted,GOSHEN,OTHER,ORANGE,Straight and Level,Clear,No Passing Zone,Dry,94 83011110,Not Applicable,"Barrier, Collision With Fixed Object",1,415088,36071,4753,2.6,13857119.0,5167.5,1527
2024,Property Damage Accident,2:09,2024-09-15,Sunday,Y,Dark-Road Lighted,NEWBURGH,OVERTAKING,ORANGE,Straight and Grade,Clear,,Dry,,Not Applicable,"Other Motor Vehicle, Collision With",2,415088,36071,4753,2.6,13857119.0,5167.5,1527
2024,Property Damage Accident,20:23,2024-09-15,Sunday,Y,Dark-Road Lighted,RAMAPO,OTHER,ROCKLAND,Curve and Level,Clear,,Dry,,Not Applicable,Deer,1,354829,36087,259,0.3,7336134.0,9989.2,886
2024,Property Damage Accident,20:51,2024-09-15,Sunday,Y,Dark-Road Lighted,RAMAPO,OTHER,ROCKLAND,Curve and Grade,Clear,Stop Sign,Dry,,Not Applicable,"Other Motor Vehicle, Collision With",2,354829,36087,259,0.3,7336134.0,9989.2,886
2024,Property Damage & Injury Accident,14:07,2024-09-15,Sunday,Y,Daylight,SLOATSBURG,OTHER,ROCKLAND,Straight and Grade,Clear,,Dry,,Not Applicable,Deer,1,354829,36087,259,0.3,7336134.0,9989.2,886
2024,Property Damage Accident,9:27,2024-09-15,Sunday,Y,Daylight,SPRING VALLEY,LEFT TURN (0),ROCKLAND,Straight and Level,Clear,Stop Sign,Dry,,Not Applicable,"Other Motor Vehicle, Collision With",2,354829,36087,259,0.3,7336134.0,9989.2,886
2024,Property Damage Accident,8:21,2024-09-15,Sunday,Y,Dusk,HAVERSTRAW,OVERTAKING,ROCKLAND,Straight and Level,Clear,,Dry,,Not Applicable,"Other Motor Vehicle, Collision With",2,354829,36087,259,0.3,7336134.0,9989.2,886
2024,Property Damage Accident,16:15,2024-09-15,Sunday,Y,Daylight,PLATTEKILL,REAR END,ULSTER,Curve at Hill Crest,Clear,,Dry,,Not Applicable,"Other Motor Vehicle, Collision With",2,183095,36111,3565,1.2,6410502.0,3939.4,999
2024,Property Damage Accident,22:42,2024-09-15,Sunday,Y,Dark-Road Unlighted,ROCHESTER,OTHER,ULSTER,Straight and Level,Clear,,Dry,,Not Applicable,"Earth Embankment/Rock Cut/Ditch, Collision With Fixed Object",1,183095,36111,3565,1.2,6410502.0,3939.4,999
2024,Property Damage Accident,11:36,2024-09-15,Sunday,Y,Daylight,ULSTER,OVERTAKING,ULSTER,Straight and Level,Clear,No Passing Zone,Dry,28 86012006,Not Applicable,"Other Motor Vehicle, Collision With",2,183095,36111,3565,1.2,6410502.0,3939.4,999
2024,Property Damage Accident,17:57,2024-09-15,Sunday,Y,Daylight,KINGSTON,RIGHT ANGLE,ULSTER,Straight and Level,Clear,Traffic Signal,Dry,,Not Applicable,"Other Motor Vehicle, Collision With",2,183095,36111,3565,1.2,6410502.0,3939.4,999
2024,Property Damage Accident,6:30,2024-09-15,Sunday,Y,Dawn,OLIVE,OTHER,ULSTER,Straight and Level,Clear,,Dry,,Not Applicable,Deer,1,183095,36111,3565,1.2,6410502.0,3939.4,999
2024,Property Damage & Injury Accident,1:58,2024-09-15,Sunday,Y,Dark-Road Lighted,PORT CHESTER,OTHER,WESTCHESTER,Straight and Level,Clear,,Dry,,Not Applicable,"Tree, Collision With Fixed Object",1,1009165,36119,850,0.8,18110248.0,6143.2,3354
2024,Property Damage Accident,20:41,2024-09-15,Sunday,Y,Dark-Road Lighted,IRVINGTON,OVERTAKING,WESTCHESTER,Straight and Grade,Clear,,Dry,,Not Applicable,"Other Motor Vehicle, Collision With",2,1009165,36119,850,0.8,18110248.0,6143.2,3354
2024,Property Damage Accident,12:33,2024-09-15,Sunday,Y,Daylight,PORT CHESTER,REAR END,WESTCHESTER,Straight and Level,Clear,Construction Work Area,Dry,,Not Applicable,"Other Motor Vehicle, Collision With",2,1009165,36119,850,0.8,18110248.0,6143.2,3354
2024,Injury Accident,0:19,2024-09-15,Sunday,Y,Dark-Road Lighted,YONKERS,OTHER,WESTCHESTER,Straight and Level,Clear,Traffic Signal,Dry,9 87031017,"Crossing, No Signal or Crosswalk","Pedestrian, Collision With",1,1009165,36119,850,0.8,18110248.0,6143.2,3354
2024,Property Damage Accident,19:27,2024-09-16,Monday,Y,Dark-Road Unlighted,EAST FISHKILL,OTHER,DUTCHESS,Straight and Level,Cloudy,,Dry,84I82021131,Not Applicable,Deer,1,299256,36027,1695,0.8,5987961.0,3975.0,1300
2024,Property Damage Accident,14:31,2024-09-16,Monday,Y,Daylight,LA GRANGE,OTHER,DUTCHESS,Straight and Grade,Clear,,Dry,,Not Applicable,"Ran Off Roadway Only, Non-Collision",1,299256,36027,1695,0.8,5987961.0,3975.0,1300
2024,Property Damage Accident,14:34,2024-09-16,Monday,Y,Daylight,POUGHKEEPSIE,REAR END,DUTCHESS,Straight and Level,Clear,Stop Sign,Dry,,Not Applicable,"Other Motor Vehicle, Collision With",2,299256,36027,1695,0.8,5987961.0,3975.0,1300
2024,Property Damage Accident,6:17,2024-09-16,Monday,Y,Daylight,CHESTER,REAR END,ORANGE,Straight and Grade,Clear,,Dry,17M83011120,Not Applicable,"Other Motor Vehicle, Collision With",2,415088,36071,4753,2.6,13857119.0,5167.5,1527
2024,Property Damage Accident,8:07,2024-09-16,Monday,Y,Daylight,NEWBURGH,RIGHT ANGLE,ORANGE,Straight and Grade,Clear,,Dry,980P83012019,Not Applicable,"Other Motor Vehicle, Collision With",2,415088,36071,4753,2.6,13857119.0,5167.5,1527
2024,Property Damage Accident,21:50,2024-09-16,Monday,Y,Dark-Road Unlighted,MONTGOMERY,OTHER,ORANGE,Straight and Level,Clear,,Dry,84I83011294,Not Applicable,Deer,1,415088,36071,4753,2.6,13857119.0,5167.5,1527
2024,Property Damage & Injury Accident,7:30,2024-09-16,Monday,Y,Daylight,MONROE,RIGHT ANGLE,ORANGE,Straight and Grade,Clear,Stop Sign,Dry,,Not Applicable,"Other Motor Vehicle, Collision With",2,415088,36071,4753,2.6,13857119.0,5167.5,1527
2024,Property Damage Accident,16:39,2024-09-16,Monday,Y,Daylight,DEERPARK,OTHER,ORANGE,Straight and Level,Clear,,Dry,42 83012052,Not Applicable,Deer,1,415088,36071,4753,2.6,13857119.0,5167.5,1527
2024,Property Damage Accident,19:29,2024-09-16,Monday,Y,Dark-Road Unlighted,CHESTER,OVERTAKING,ORANGE,Straight and Level,Clear,Traffic Signal,Dry,17M83013113,Not Applicable,"Other Motor Vehicle, Collision With",2,415088,36071,4753,2.6,13857119.0,5167.5,1527
2024,Property Damage Accident,14:40,2024-09-16,Monday,Y,Daylight,MONROE,OVERTAKING,ORANGE,Straight and Grade,Clear,,Dry,17 83101242,Not Applicable,"Other Motor Vehicle, Collision With",2,415088,36071,4753,2.6,13857119.0,5167.5,1527
2024,Property Damage Accident,12:30,2024-09-16,Monday,Y,Daylight,WALLKILL,REAR END,ORANGE,Straight and Level,Clear,Traffic Signal,Dry,211 83013018,Not Applicable,"Other Motor Vehicle, Collision With",2,415088,36071,4753,2.6,13857119.0,5167.5,1527
2024,Property Damage & Injury Accident,16:34,2024-09-16,Monday,Y,Daylight,BLOOMING GROVE,OTHER,ORANGE,Curve and Level,Clear,No Passing Zone,Dry,,Not Applicable,"Earth Embankment/Rock Cut/Ditch, Collision With Fixed Object",1,415088,36071,4753,2.6,13857119.0,5167.5,1527
2024,Property Damage Accident,17:13,2024-09-16,Monday,Y,Daylight,CLARKSTOWN,OVERTAKING,ROCKLAND,Straight and Level,Clear,Traffic Signal,Dry,,Not Applicable,"Other Motor Vehicle, Collision With",2,354829,36087,259,0.3,7336134.0,9989.2,886
2024,Property Damage Accident,8:30,2024-09-16,Monday,Y,Daylight,CLARKSTOWN,REAR END,ROCKLAND,Straight and Level,Cloudy,,Dry,987C85011095,Not Applicable,"Other Motor Vehicle, Collision With",2,354829,36087,259,0.3,7336134.0,9989.2,886
2024,Property Damage Accident,8:45,2024-09-16,Monday,Y,Daylight,CLARKSTOWN,OTHER,ROCKLAND,Straight and Level,Clear,,Dry,,Not Applicable,"Animal, Collision With",1,354829,36087,259,0.3,7336134.0,9989.2,886
2024,Property Damage Accident,0:38,2024-09-16,Monday,Y,Dark-Road Lighted,SUFFERN,LEFT TURN (3),ROCKLAND,Straight and Level,Clear,Traffic Signal,Dry,202 85011007,Not Applicable,"Other Motor Vehicle, Collision With",2,354829,36087,259,0.3,7336134.0,9989.2,886
2024,Property Damage Accident,21:54,2024-09-16,Monday,Y,Dark-Road Unlighted,NEW PALTZ,OTHER,ULSTER,Straight and Level,Clear,,Dry,,Not Applicable,"Animal, Collision With",1,183095,36111,3565,1.2,6410502.0,3939.4,999
2024,Property Damage Accident,7:28,2024-09-16,Monday,Y,Daylight,KINGSTON,RIGHT ANGLE,ULSTER,Straight and Level,Clear,Stop Sign,Dry,,Not Applicable,"Other Motor Vehicle, Collision With",2,183095,36111,3565,1.2,6410502.0,3939.4,999
2024,Property Damage Accident,20:20,2024-09-16,Monday,N,Dark-Road Unlighted,ROCHESTER,Unknown,ULSTER,Straight and Level,Clear,,Dry,,Not Applicable,"Other Motor Vehicle, Collision With",2,183095,36111,3565,1.2,6410502.0,3939.4,999
2024,Injury Accident,17:38,2024-09-16,Monday,Y,Daylight,NEW ROCHELLE,OTHER,WESTCHESTER,Straight and Level,Clear,,Dry,,Other Actions in Roadway,"Pedestrian, Collision With",1,1009165,36119,850,0.8,18110248.0,6143.2,3354
2024,Property Damage Accident,13:37,2024-09-16,Monday,Y,Daylight,YORKTOWN,OVERTAKING,WESTCHESTER,Straight and Level,Clear,Traffic Signal,Dry,118 87011043,Not Applicable,"Other Motor Vehicle, Collision With",2,1009165,36119,850,0.8,18110248.0,6143.2,3354
2024,Property Damage Accident,10:21,2024-09-16,Monday,Y,Daylight,NEW ROCHELLE,RIGHT ANGLE,WESTCHESTER,Straight and Level,Clear,,Dry,,Not Applicable,"Other Motor Vehicle, Collision With",2,1009165,36119,850,0.8,18110248.0,6143.2,3354
2024,Property Damage & Injury Accident,16:56,2024-09-16,Monday,Y,Daylight,SOMERS,OTHER,WESTCHESTER,Straight at Hill Crest,Clear,No Passing Zone,Dry,6 87033072,Not Applicable,"Other Motor Vehicle, Collision With",3,1009165,36119,850,0.8,18110248.0,6143.2,3354