year,accident_descriptor,time,date,day_of_week,police_report,lighting_conditions,municipality,collision_type_descriptor,county_name,road_descriptor,weather_conditions,traffic_control_device,road_surface_conditions,dot_reference_marker_location,pedestrian_bicyclist_action,event_descriptor,number_of_vehicles_involved,county_population_2024,county_fips,county_deer_take_2024,county_antlerless_deer_per_sqmi_2024,county_daily_vmt_2019,county_mean_aadt_2019,county_aadt_segments_2019
2024,Property Damage Accident,6:39,2024-09-16,Monday,Y,Daylight,YONKERS,OVERTAKING,WESTCHESTER,Straight and Level,Clear,,Dry,,Not Applicable,"Other Motor Vehicle, Collision With",2,1009165,36119,850,0.8,18110248.0,6143.2,3354
2024,Property Damage Accident,11:20,2024-09-16,Monday,Y,Daylight,WHITE PLAINS,RIGHT ANGLE,WESTCHESTER,Straight at Hill Crest,Clear,Traffic Signal,Dry,,Not Applicable,"Other Motor Vehicle, Collision With",2,1009165,36119,850,0.8,18110248.0,6143.2,3354
2024,Property Damage & Injury Accident,12:42,2024-09-16,Monday,Y,Daylight,BEDFORD,OTHER,WESTCHESTER,Curve and Grade,Clear,,Dry,,Not Applicable,"Light Support/Utility Pole, Collision With Fixed Object",1,1009165,36119,850,0.8,18110248.0,6143.2,3354
2024,Fatal Accident,9:01,2024-09-16,Monday,Y,Daylight,WHITE PLAINS,OTHER,WESTCHESTER,Straight at Hill Crest,Clear,,Dry,,Unknown,"Building/Wall, Collision With Fixed Object",1,1009165,36119,850,0.8,18110248.0,6143.2,3354
2024,Property Damage Accident,12:20,2024-09-16,Monday,Y,Daylight,NEW ROCHELLE,OVERTAKING,WESTCHESTER,Straight and Level,Clear,Yield Sign,Dry,,Not Applicable,"Other Motor Vehicle, Collision With",2,1009165,36119,850,0.8,18110248.0,6143.2,3354
2024,Property Damage Accident,10:05,2024-09-16,Monday,Y,Daylight,GREENBURGH,REAR END,WESTCHESTER,Straight and Level,Clear,Traffic Signal,Dry,,Not Applicable,"Other Motor Vehicle, Collision With",2,1009165,36119,850,0.8,18110248.0,6143.2,3354
2024,Property Damage & Injury Accident,11:51,2024-09-16,Monday,Y,Daylight,YONKERS,Unknown,WESTCHESTER,Straight and Level,Clear,Stop Sign,Dry,,Not Applicable,"Other Motor Vehicle, Collision With",2,1009165,36119,850,0.8,18110248.0,6143.2,3354
2024,Property Damage Accident,7:30,2024-09-17,Tuesday,N,Daylight,POUGHKEEPSIE,RIGHT ANGLE,DUTCHESS,Straight and Level,Clear,,Dry,,Not Applicable,"Other Motor Vehicle, Collision With",2,299256,36027,1695,0.8,5987961.0,3975.0,1300
2024,Property Damage Accident,12:45,2024-09-17,Tuesday,Y,Daylight,POUGHKEEPSIE,OVERTAKING,DUTCHESS,Straight and Level,Clear,,Dry,,Not Applicable,"Other Motor Vehicle, Collision With",2,299256,36027,1695,0.8,5987961.0,3975.0,1300
2024,Property Damage Accident,18:16,2024-09-17,Tuesday,Y,Daylight,POUGHKEEPSIE,RIGHT ANGLE,DUTCHESS,Straight and Level,Clear,,Dry,,Not Applicable,"Other Motor Vehicle, Collision With",2,299256,36027,1695,0.8,5987961.0,3975.0,1300
2024,Property Damage Accident,15:46,2024-09-17,Tuesday,Y,Daylight,WAPPINGER,RIGHT ANGLE,DUTCHESS,Straight and Level,Cloudy,No Passing Zone,Dry,9D82033047,Not Applicable,"Other Motor Vehicle, Collision With",2,299256,36027,1695,0.8,5987961.0,3975.0,1300
2024,Property Damage Accident,14:25,2024-09-17,Tuesday,Y,Daylight,FISHKILL,OTHER,DUTCHESS,Straight and Grade,Clear,,Dry,,Not Applicable,"Other Object (Not Fixed)*, Collision With",1,299256,36027,1695,0.8,5987961.0,3975.0,1300
2024,Property Damage Accident,4:45,2024-09-17,Tuesday,Y,Dark-Road Unlighted,DOVER,OTHER,DUTCHESS,Curve and Level,Cloudy,No Passing Zone,Dry,,Not Applicable,"Animal, Collision With",1,299256,36027,1695,0.8,5987961.0,3975.0,1300
2024,Property Damage Accident,13:00,2024-09-17,Tuesday,Y,Daylight,CRAWFORD,Unknown,ORANGE,Straight and Level,Clear,,Dry,,Not Applicable,"Other Motor Vehicle, Collision With",2,415088,36071,4753,2.6,13857119.0,5167.5,1527
2024,Property Damage Accident,6:21,2024-09-17,Tuesday,Y,Dawn,WARWICK,OTHER,ORANGE,Straight and Level,Clear,,Dry,,Not Applicable,Deer,1,415088,36071,4753,2.6,13857119.0,5167.5,1527
2024,Property Damage Accident,14:33,2024-09-17,Tuesday,Y,Daylight,NEWBURGH,RIGHT ANGLE,ORANGE,Straight and Level,Clear,Stop Sign,Dry,,Not Applicable,"Other Motor Vehicle, Collision With",2,415088,36071,4753,2.6,13857119.0,5167.5,1527
2024,Property Damage & Injury Accident,13:55,2024-09-17,Tuesday,Y,Daylight,WARWICK,RIGHT ANGLE,ORANGE,Straight and Level,Clear,Stop Sign,Dry,,Not Applicable,"Other Motor Vehicle, Collision With",2,415088,36071,4753,2.6,13857119.0,5167.5,1527
2024,Property Damage Accident,14:45,2024-09-17,Tuesday,Y,Daylight,MINISINK,OTHER,ORANGE,Straight and Level,Cloudy,,Dry,,Not Applicable,"Other Object (Not Fixed)*, Collision With",1,415088,36071,4753,2.6,13857119.0,5167.5,1527
2024,Property Damage Accident,18:17,2024-09-17,Tuesday,Y,Daylight,GOSHEN,OTHER,ORANGE,Straight and Level,Clear,,Dry,,Not Applicable,"Light Support/Utility Pole, Collision With Fixed Object",1,415088,36071,4753,2.6,13857119.0,5167.5,1527
2024,Property Damage Accident,9:13,2024-09-17,Tuesday,Y,Daylight,NEWBURGH,REAR END,ORANGE,Straight and Level,Clear,,Dry,207 83011182,Not Applicable,"Other Motor Vehicle, Collision With",2,415088,36071,4753,2.6,13857119.0,5167.5,1527
2024,Property Damage Accident,14:40,2024-09-17,Tuesday,Y,Daylight,MIDDLETOWN,REAR END,ORANGE,Straight and Level,Clear,,Dry,17M83013002,Not Applicable,"Other Motor Vehicle, Collision With",2,415088,36071,4753,2.6,13857119.0,5167.5,1527
2024,Property Damage & Injury Accident,18:41,2024-09-17,Tuesday,Y,Dusk,WALLKILL,OTHER,ORANGE,Straight and Level,Clear,,Dry,211 83013055,Not Applicable,Deer,1,415088,36071,4753,2.6,13857119.0,5167.5,1527
2024,Property Damage Accident,13:30,2024-09-17,Tuesday,Y,Daylight,SOUTHEAST,LEFT TURN (3),PUTNAM,Straight and Grade,Clear,Traffic Signal,Dry,6 84041137,Not Applicable,"Other Motor Vehicle, Collision With",2,98842,36079,509,0.7,2746105.0,4089.2,375
2024,Property Damage & Injury Accident,13:58,2024-09-17,Tuesday,Y,Daylight,CLARKSTOWN,OTHER,ROCKLAND,Straight and Level,Cloudy,,Dry,,Not Applicable,"Other Motor Vehicle, Collision With",3,354829,36087,259,0.3,7336134.0,9989.2,886
2024,Property Damage Accident,12:28,2024-09-17,Tuesday,Y,Daylight,,Unknown,ROCKLAND,Straight and Level,Clear,Traffic Signal,Dry,59 85011040,Not Applicable,"Other Motor Vehicle, Collision With",2,354829,36087,259,0.3,7336134.0,9989.2,886
2024,Property Damage Accident,18:03,2024-09-17,Tuesday,Y,Dusk,HAVERSTRAW,OTHER,ROCKLAND,Straight and Level,Clear,Other,Dry,,Not Applicable,"Sign Post, Collision With Fixed Object",1,354829,36087,259,0.3,7336134.0,9989.2,886
2024,Injury Accident,12:41,2024-09-17,Tuesday,Y,Daylight,SPRING VALLEY,OTHER,ROCKLAND,Straight and Level,Clear,Stop Sign,Dry,,"Crossing, No Signal or Crosswalk","Pedestrian, Collision With",1,354829,36087,259,0.3,7336134.0,9989.2,886
2024,Property Damage & Injury Accident,13:19,2024-09-17,Tuesday,Y,Daylight,SPRING VALLEY,RIGHT ANGLE,ROCKLAND,Straight and Level,Clear,,Dry,,Not Applicable,"Other Motor Vehicle, Collision With",2,354829,36087,259,0.3,7336134.0,9989.2,886
2024,Property Damage Accident,16:45,2024-09-17,Tuesday,Y,Daylight,RAMAPO,OTHER,ROCKLAND,Straight and Level,Clear,Stop Sign,Dry,,Not Applicable,"Other Motor Vehicle, Collision With",3,354829,36087,259,0.3,7336134.0,9989.2,886
2024,Property Damage Accident,9:15,2024-09-17,Tuesday,Y,Daylight,CLARKSTOWN,OVERTAKING,ROCKLAND,Straight and Level,Clear,Traffic Signal,Dry,304 85011081,Not Applicable,"Other Motor Vehicle, Collision With",2,354829,36087,259,0.3,7336134.0,9989.2,886
2024,Injury Accident,14:10,2024-09-17,Tuesday,Y,Daylight,KINGSTON,OTHER,ULSTER,Straight and Level,Clear,,Dry,,"Crossing, No Signal, Marked Crosswalk","Pedestrian, Collision With",1,183095,36111,3565,1.2,6410502.0,3939.4,999
2024,Property Damage Accident,7:29,2024-09-17,Tuesday,Y,Daylight,KINGSTON,OVERTAKING,ULSTER,Straight and Level,Clear,Traffic Signal,Dry,,Not Applicable,"Other Motor Vehicle, Collision With",2,183095,36111,3565,1.2,6410502.0,3939.4,999
2024,Property Damage Accident,9:29,2024-09-17,Tuesday,Y,Daylight,NEW PALTZ,SIDESWIPE,ULSTER,Straight and Grade,Clear,,Dry,,Not Applicable,"Other Motor Vehicle, Collision With",2,183095,36111,3565,1.2,6410502.0,3939.4,999
2024,Property Damage & Injury Accident,16:37,2024-09-17,Tuesday,Y,Daylight,NEW PALTZ,OTHER,ULSTER,Straight and Grade,Clear,No Passing Zone,Dry,,Not Applicable,"Tree, Collision With Fixed Object",1,183095,36111,3565,1.2,6410502.0,3939.4,999
2024,Property Damage Accident,15:32,2024-09-17,Tuesday,Y,Daylight,PELHAM,OVERTAKING,WESTCHESTER,Straight and Level,Clear,,Dry,,Not Applicable,"Other Motor Vehicle, Collision With",2,1009165,36119,850,0.8,18110248.0,6143.2,3354
2024,Injury Accident,9:58,2024-09-17,Tuesday,Y,Daylight,,OTHER,WESTCHESTER,Straight and Grade,Clear,Stop Sign,Dry,,"Crossing, No Signal, Marked Crosswalk","Pedestrian, Collision With",1,1009165,36119,850,0.8,18110248.0,6143.2,3354
2024,Property Damage & Injury Accident,16:31,2024-09-17,Tuesday,Y,Daylight,PELHAM MANOR,RIGHT ANGLE,WESTCHESTER,Straight and Level,Clear,,Dry,1 87031012,Not Applicable,"Other Motor Vehicle, Collision With",2,1009165,36119,850,0.8,18110248.0,6143.2,3354
2024,Property Damage Accident,22:38,2024-09-17,Tuesday,Y,Dark-Road Lighted,CORTLANDT,OTHER,WESTCHESTER,Straight and Level,Clear,No Passing Zone,Dry,987H87012013,Not Applicable,Deer,1,1009165,36119,850,0.8,18110248.0,6143.2,3354
2024,Property Damage Accident,19:35,2024-09-17,Tuesday,Y,Dark-Road Unlighted,YORKTOWN,OTHER,WESTCHESTER,Curve and Level,Clear,,Dry,987G87011194,Not Applicable,"Guide Rail - Not At End, Collision With Fixed Object",1,1009165,36119,850,0.8,18110248.0,6143.2,3354
2024,Property Damage Accident,14:00,2024-09-17,Tuesday,Y,Daylight,GREENBURGH,REAR END,WESTCHESTER,Straight and Level,Clear,Traffic Signal,Dry,,Not Applicable,"Other Motor Vehicle, Collision With",2,1009165,36119,850,0.8,18110248.0,6143.2,3354
2024,Property Damage Accident,8:11,2024-09-17,Tuesday,Y,Daylight,NEW ROCHELLE,OVERTAKING,WESTCHESTER,Straight and Level,Cloudy,Stop Sign,Dry,,Not Applicable,"Other Motor Vehicle, Collision With",2,1009165,36119,850,0.8,18110248.0,6143.2,3354
2024,Property Damage & Injury Accident,7:30,2024-09-17,Tuesday,N,Unknown,CROTON ON HUDSON,Unknown,WESTCHESTER,Unknown,Unknown,Unknown,Unknown,,Not Applicable,"Other Motor Vehicle, Collision With",2,1009165,36119,850,0.8,18110248.0,6143.2,3354
2024,Property Damage Accident,18:00,2024-09-17,Tuesday,N,Daylight,BEDFORD,LEFT TURN (3),WESTCHESTER,Straight and Level,Cloudy,Stop Sign,Dry,,Not Applicable,"Other Motor Vehicle, Collision With",2,1009165,36119,850,0.8,18110248.0,6143.2,3354
2024,Property Damage Accident,18:46,2024-09-17,Tuesday,Y,Dusk,HASTINGS ON HUDSON,Unknown,WESTCHESTER,Straight and Level,Clear,Unknown,Dry,,Not Applicable,"Other Motor Vehicle, Collision With",2,1009165,36119,850,0.8,18110248.0,6143.2,3354
2024,Property Damage Accident,12:12,2024-09-18,Wednesday,Y,Daylight,LA GRANGE,REAR END,DUTCHESS,Straight and Level,Cloudy,Traffic Signal,Dry,,Not Applicable,"Other Motor Vehicle, Collision With",2,299256,36027,1695,0.8,5987961.0,3975.0,1300
2024,Fatal Accident,16:29,2024-09-18,Wednesday,Y,Daylight,PLEASANT VALLEY,OTHER,DUTCHESS,Straight and Grade,Clear,No Passing Zone,Dry,44 82022062,Riding/Walking/Skating Along Highway With Traffic,Other Pedestrian,1,299256,36027,1695,0.8,5987961.0,3975.0,1300
2024,Property Damage Accident,6:15,2024-09-18,Wednesday,Y,Dark-Road Unlighted,WOODBURY,OTHER,ORANGE,Curve and Level,Cloudy,,Dry,,Not Applicable,"Sign Post, Collision With Fixed Object",1,415088,36071,4753,2.6,13857119.0,5167.5,1527
2024,Property Damage Accident,8:19,2024-09-18,Wednesday,Y,Daylight,MONROE,REAR END,ORANGE,Straight and Level,Cloudy,,Dry,17 83101234,Not Applicable,"Other Motor Vehicle, Collision With",2,415088,36071,4753,2.6,13857119.0,5167.5,1527
2024,Property Damage Accident,9:55,2024-09-18,Wednesday,Y,Daylight,HIGHLANDS,OVERTAKING,ORANGE,Straight and Grade,Clear,Construction Work Area,Dry,9W83021072,Not Applicable,"Other Motor Vehicle, Collision With",2,415088,36071,4753,2.6,13857119.0,5167.5,1527
2024,Property Damage Accident,6:05,2024-09-18,Wednesday,Y,Dawn,WALLKILL,OTHER,ORANGE,Curve at Hill Crest,Clear,,Dry,,Not Applicable,"Light Support/Utility Pole, Collision With Fixed Object",1,415088,36071,4753,2.6,13857119.0,5167.5,1527
2024,Property Damage Accident,16:25,2024-09-18,Wednesday,Y,Daylight,WAWAYANDA,REAR END,ORANGE,Straight and Level,Cloudy,Traffic Signal,Dry,,Not Applicable,"Other Motor Vehicle, Collision With",2,415088,36071,4753,2.6,13857119.0,5167.5,1527
2024,Property Damage & Injury Accident,12:53,2024-09-18,Wednesday,Y,Daylight,NEWBURGH,Unknown,ORANGE,Straight and Level,Clear,,Dry,84I83011366,Not Applicable,"Other Motor Vehicle, Collision With",2,415088,36071,4753,2.6,13857119.0,5167.5,1527
2024,Property Damage Accident,13:31,2024-09-18,Wednesday,Y,Daylight,NEWBURGH,REAR END,ORANGE,Straight and Grade,Cloudy,Traffic Signal,Dry,300 83021051,Not Applicable,"Other Motor Vehicle, Collision With",2,415088,36071,4753,2.6,13857119.0,5167.5,1527
2024,Property Damage & Injury Accident,16:58,2024-09-18,Wednesday,Y,Daylight,CORNWALL,LEFT TURN (0),ORANGE,Straight and Level,Clear,Stop Sign,Dry,9W83021118,Not Applicable,"Other Motor Vehicle, Collision With",2,415088,36071,4753,2.6,13857119.0,5167.5,1527
2024,Property Damage Accident,14:19,2024-09-18,Wednesday,Y,Daylight,CHESTER,REAR END,ORANGE,Straight and Grade,Clear,Traffic Signal,Dry,94 83011148,Not Applicable,"Other Motor Vehicle, Collision With",2,415088,36071,4753,2.6,13857119.0,5167.5,1527
2024,Property Damage Accident,12:31,2024-09-18,Wednesday,Y,Daylight,CARMEL,OTHER,PUTNAM,Straight and Grade,Cloudy,Stop Sign,Dry,,Not Applicable,"Earth Embankment/Rock Cut/Ditch, Collision With Fixed Object",1,98842,36079,509,0.7,2746105.0,4089.2,375
2024,Property Damage Accident,10:02,2024-09-18,Wednesday,Y,Daylight,RAMAPO,OTHER,ROCKLAND,Straight and Level,Cloudy,Traffic Signal,Dry,,Not Applicable,"Other Motor Vehicle, Collision With",2,354829,36087,259,0.3,7336134.0,9989.2,886
2024,Property Damage & Injury Accident,7:42,2024-09-18,Wednesday,Y,Daylight,RAMAPO,RIGHT ANGLE,ROCKLAND,Straight and Level,Cloudy,Stop Sign,Dry,,Not Applicable,"Other Motor Vehicle, Collision With",2,354829,36087,259,0.3,7336134.0,9989.2,886
2024,Property Damage Accident,9:47,2024-09-18,Wednesday,Y,Daylight,,OTHER,ROCKLAND,Straight and Level,Clear,,Dry,,Not Applicable,"Curbing, Collision With Fixed Object",1,354829,36087,259,0.3,7336134.0,9989.2,886
2024,Property Damage & Injury Accident,20:11,2024-09-18,Wednesday,Y,Dark-Road Lighted,ORANGETOWN,OTHER,ROCKLAND,Straight and Level,Clear,Traffic Signal,Dry,,Not Applicable,"Other Motor Vehicle, Collision With",3,354829,36087,259,0.3,7336134.0,9989.2,886
2024,Property Damage Accident,7:41,2024-09-18,Wednesday,Y,Daylight,CLARKSTOWN,REAR END,ROCKLAND,Straight and Level,Clear,,Dry,987C85011093,Not Applicable,"Other Motor Vehicle, Collision With",2,354829,36087,259,0.3,7336134.0,9989.2,886
2024,Property Damage & Injury Accident,14:39,2024-09-18,Wednesday,Y,Daylight,HILLBURN,REAR END,ROCKLAND,Straight and Grade,Clear,,Dry,59 85011007,Not Applicable,"Other Motor Vehicle, Collision With",2,354829,36087,259,0.3,7336134.0,9989.2,886
2024,Property Damage Accident,18:06,2024-09-18,Wednesday,Y,Daylight,CLARKSTOWN,REAR END,ROCKLAND,Straight and Grade,Clear,Traffic Signal,Dry,304 85011061,Not Applicable,"Other Motor Vehicle, Collision With",2,354829,36087,259,0.3,7336134.0,9989.2,886
2024,Property Damage Accident,19:34,2024-09-18,Wednesday,Y,Dark-Road Lighted,RAMAPO,OVERTAKING,ROCKLAND,Straight and Level,Clear,,Dry,,Not Applicable,"Other Motor Vehicle, Collision With",2,354829,36087,259,0.3,7336134.0,9989.2,886
2024,Property Damage Accident,16:06,2024-09-18,Wednesday,Y,Daylight,ULSTER,OTHER,ULSTER,Straight and Level,Clear,,Dry,9W86035027,Not Applicable,"Other Motor Vehicle, Collision With",2,183095,36111,3565,1.2,6410502.0,3939.4,999
2024,Property Damage Accident,19:23,2024-09-18,Wednesday,Y,Dark-Road Unlighted,ESOPUS,OTHER,ULSTER,Curve and Level,Clear,No Passing Zone,Dry,9W86031163,Not Applicable,Deer,1,183095,36111,3565,1.2,6410502.0,3939.4,999
2024,Property Damage Accident,16:59,2024-09-18,Wednesday,Y,Daylight,KINGSTON,REAR END,ULSTER,Straight and Level,Clear,Stop Sign,Dry,,Not Applicable,"Other Motor Vehicle, Collision With",2,183095,36111,3565,1.2,6410502.0,3939.4,999
2024,Property Damage Accident,8:26,2024-09-18,Wednesday,Y,Daylight,CORTLANDT,LEFT TURN (0),WESTCHESTER,Straight and Level,Cloudy,Stop Sign,Dry,35 87012012,Not Applicable,"Other Motor Vehicle, Collision With",2,1009165,36119,850,0.8,18110248.0,6143.2,3354
2024,Property Damage & Injury Accident,18:40,2024-09-18,Wednesday,Y,Dawn,YORKTOWN,REAR END,WESTCHESTER,Straight and Grade,Clear,,Dry,,Not Applicable,"Other Motor Vehicle, Collision With",2,1009165,36119,850,0.8,18110248.0,6143.2,3354
2024,Property Damage Accident,12:46,2024-09-18,Wednesday,Y,Daylight,NEW ROCHELLE,OVERTAKING,WESTCHESTER,Straight and Level,Cloudy,Traffic Signal,Dry,1 87032006,Not Applicable,"Other Motor Vehicle, Collision With",2,1009165,36119,850,0.8,18110248.0,6143.2,3354
2024,Property Damage Accident,16:04,2024-09-18,Wednesday,Y,Daylight,WHITE PLAINS,HEAD ON,WESTCHESTER,Straight and Level,Clear,,Dry,125 87012018,Not Applicable,"Other Motor Vehicle, Collision With",2,1009165,36119,850,0.8,18110248.0,6143.2,3354
2024,Property Damage Accident,21:15,2024-09-18,Wednesday,Y,Dark-Road Lighted,SCARSDALE,RIGHT ANGLE,WESTCHESTER,Straight and Level,Clear,Stop Sign,Dry,125 87011034,Not Applicable,"Other Motor Vehicle, Collision With",2,1009165,36119,850,0.8,18110248.0,6143.2,3354
2024,Injury Accident,14:24,2024-09-18,Wednesday,Y,Daylight,ARDSLEY,OTHER,WESTCHESTER,Straight and Level,Clear,Stopped School Bus-Red Lights Flashing,Dry,,Going to/From Stopped School Bus,"Pedestrian, Collision With",1,1009165,36119,850,0.8,18110248.0,6143.2,3354
2024,Property Damage Accident,13:30,2024-09-18,Wednesday,N,Unknown,WHITE PLAINS,Unknown,WESTCHESTER,Unknown,Unknown,Unknown,Unknown,,Not Applicable,"Other Motor Vehicle, Collision With",2,1009165,36119,850,0.8,18110248.0,6143.2,3354
2024,Property Damage Accident,18:45,2024-09-18,Wednesday,Y,Daylight,YONKERS,REAR END,WESTCHESTER,Straight and Level,Clear,Traffic Signal,Dry,100 87011028,Not Applicable,"Other Motor Vehicle, Collision With",2,1009165,36119,850,0.8,18110248.0,6143.2,3354
2024,Property Damage Accident,16:52,2024-09-18,Wednesday,Y,Dusk,MAMARONECK,REAR END,WESTCHESTER,Straight and Level,Cloudy,Yield Sign,Dry,,Not Applicable,"Other Motor Vehicle, Collision With",2,1009165,36119,850,0.8,18110248.0,6143.2,3354
2024,Property Damage Accident,17:40,2024-09-18,Wednesday,Y,Daylight,SCARSDALE,OVERTAKING,WESTCHESTER,Straight and Level,Cloudy,,Dry,,Not Applicable,"Other Motor Vehicle, Collision With",2,1009165,36119,850,0.8,18110248.0,6143.2,3354
2024,Property Damage Accident,12:00,2024-09-18,Wednesday,Y,Daylight,WHITE PLAINS,REAR END,WESTCHESTER,Straight and Level,Clear,,Dry,,Not Applicable,"Other Motor Vehicle, Collision With",2,1009165,36119,850,0.8,18110248.0,6143.2,3354
2024,Property Damage Accident,16:20,2024-09-19,Thursday,Y,Daylight,RED HOOK,OVERTAKING,DUTCHESS,Straight and Level,Clear,,Dry,9 82053207,Not Applicable,"Other Motor Vehicle, Collision With",2,299256,36027,1695,0.8,5987961.0,3975.0,1300
2024,Property Damage Accident,6:57,2024-09-19,Thursday,Y,Daylight,POUGHKEEPSIE,REAR END,DUTCHESS,Straight and Level,Clear,,Dry,44 82021006,Not Applicable,"Other Motor Vehicle, Collision With",2,299256,36027,1695,0.8,5987961.0,3975.0,1300
2024,Property Damage Accident,17:40,2024-09-19,Thursday,Y,Daylight,EAST FISHKILL,OTHER,DUTCHESS,Curve and Level,Clear,No Passing Zone,Dry,52 82042165,Not Applicable,"Other Fixed Object*, Collision With Fixed Object",1,299256,36027,1695,0.8,5987961.0,3975.0,1300
2024,Property Damage & Injury Accident,7:19,2024-09-19,Thursday,Y,Daylight,MILAN,RIGHT ANGLE,DUTCHESS,Straight and Level,Clear,No Passing Zone,Dry,308 82011062,Not Applicable,"Other Motor Vehicle, Collision With",2,299256,36027,1695,0.8,5987961.0,3975.0,1300
2024,Property Damage Accident,7:55,2024-09-19,Thursday,Y,Daylight,EAST FISHKILL,OTHER,DUTCHESS,Straight and Level,Fog/Smog/Smoke,,Dry,84I82021125,Not Applicable,"Other Motor Vehicle, Collision With",2,299256,36027,1695,0.8,5987961.0,3975.0,1300
2024,Property Damage Accident,7:48,2024-09-19,Thursday,Y,Daylight,RHINEBECK,OTHER,DUTCHESS,Straight and Level,Clear,,Dry,9 82053153,Not Applicable,"Other Motor Vehicle, Collision With",2,299256,36027,1695,0.8,5987961.0,3975.0,1300
2024,Property Damage Accident,10:25,2024-09-19,Thursday,Y,Daylight,FISHKILL,OTHER,DUTCHESS,Straight and Level,Clear,,Dry,84I82021039,Not Applicable,"Guide Rail - Not At End, Collision With Fixed Object",1,299256,36027,1695,0.8,5987961.0,3975.0,1300
2024,Property Damage Accident,8:00,2024-09-19,Thursday,N,Daylight,POUGHKEEPSIE,REAR END,DUTCHESS,Straight and Level,Clear,,Dry,,Not Applicable,"Other Motor Vehicle, Collision With",2,299256,36027,1695,0.8,5987961.0,3975.0,1300
2024,Property Damage Accident,7:03,2024-09-19,Thursday,Y,Daylight,WASHINGTON,OTHER,DUTCHESS,Straight and Level,Clear,,Dry,,Not Applicable,Deer,1,299256,36027,1695,0.8,5987961.0,3975.0,1300
2024,Property Damage Accident,19:46,2024-09-19,Thursday,Y,Dark-Road Lighted,NEWBURGH,OTHER,ORANGE,Straight and Level,Cloudy,,Dry,,Not Applicable,"Other Motor Vehicle, Collision With",3,415088,36071,4753,2.6,13857119.0,5167.5,1527
2024,Property Damage Accident,13:58,2024-09-19,Thursday,Y,Daylight,GOSHEN,OTHER,ORANGE,Straight and Level,Clear,,Dry,,Not Applicable,"Other Fixed Object*, Collision With Fixed Object",1,415088,36071,4753,2.6,13857119.0,5167.5,1527
2024,Property Damage Accident,20:09,2024-09-19,Thursday,Y,Dark-Road Unlighted,NEWBURGH,OTHER,ORANGE,Straight at Hill Crest,Cloudy,,Dry,980T83012003,Not Applicable,Deer,1,415088,36071,4753,2.6,13857119.0,5167.5,1527
2024,Property Damage & Injury Accident,6:21,2024-09-19,Thursday,Y,Dawn,HIGHLANDS,REAR END,ORANGE,Straight and Grade,Cloudy,Yield Sign,Dry,9W83021002,Not Applicable,"Other Motor Vehicle, Collision With",2,415088,36071,4753,2.6,13857119.0,5167.5,1527
2024,Property Damage Accident,19:25,2024-09-19,Thursday,Y,Dark-Road Unlighted,MINISINK,OTHER,ORANGE,Straight and Grade,Clear,,Dry,284 83011067,Not Applicable,Deer,1,415088,36071,4753,2.6,13857119.0,5167.5,1527
2024,Property Damage Accident,17:47,2024-09-19,Thursday,Y,Daylight,PORT JERVIS,RIGHT TURN (5),ORANGE,Straight and Level,Clear,Stop Sign,Dry,6 83011003,Not Applicable,"Other Motor Vehicle, Collision With",2,415088,36071,4753,2.6,13857119.0,5167.5,1527
2024,Property Damage & Injury Accident,21:50,2024-09-19,Thursday,Y,Dark-Road Lighted,WAWAYANDA,RIGHT ANGLE,ORANGE,Straight and Grade,Clear,Stop Sign,Dry,6 83012102,Not Applicable,"Other Motor Vehicle, Collision With",2,415088,36071,4753,2.6,13857119.0,5167.5,1527
2024,Property Damage Accident,19:03,2024-09-19,Thursday,Y,Dark-Road Unlighted,DEERPARK,OTHER,ORANGE,Straight and Grade,Clear,,Dry,,Not Applicable,"Tree, Collision With Fixed Object",1,415088,36071,4753,2.6,13857119.0,5167.5,1527
2024,Property Damage & Injury Accident,14:44,2024-09-19,Thursday,Y,Daylight,MIDDLETOWN,RIGHT ANGLE,ORANGE,Straight and Level,Clear,Traffic Signal,Dry,,Not Applicable,"Other Motor Vehicle, Collision With",2,415088,36071,4753,2.6,13857119.0,5167.5,1527
2024,Property Damage Accident,15:50,2024-09-19,Thursday,Y,Daylight,SOUTHEAST,REAR END,PUTNAM,Straight and Grade,Clear,No Passing Zone,Dry,22 84031059,Not Applicable,"Other Motor Vehicle, Collision With",2,98842,36079,509,0.7,2746105.0,4089.2,375
2024,Property Damage & Injury Accident,11:48,2024-09-19,Thursday,Y,Daylight,CLARKSTOWN,OTHER,ROCKLAND,Straight and Level,Cloudy,Traffic Signal,Dry,,"Crossing, With Signal","Pedestrian, Collision With",1,354829,36087,259,0.3,7336134.0,9989.2,886
2024,Property Damage Accident,14:57,2024-09-19,Thursday,Y,Daylight,CLARKSTOWN,OVERTAKING,ROCKLAND,Straight and Level,Clear,Traffic Signal,Dry,59 85011084,Not Applicable,"Other Motor Vehicle, Collision With",2,354829,36087,259,0.3,7336134.0,9989.2,886
2024,Property Damage Accident,6:23,2024-09-19,Thursday,Y,Dawn,POMONA,OTHER,ROCKLAND,Straight and Level,Clear,,Dry,202 85011075,Not Applicable,"Animal, Collision With",1,354829,36087,259,0.3,7336134.0,9989.2,886
2024,Property Damage Accident,8:31,2024-09-19,Thursday,Y,Daylight,SUFFERN,SIDESWIPE,ROCKLAND,Straight and Level,Clear,Traffic Signal,Dry,59 85011018,Not Applicable,"Other Motor Vehicle, Collision With",2,354829,36087,259,0.3,7336134.0,9989.2,886