year,accident_descriptor,time,date,day_of_week,police_report,lighting_conditions,municipality,collision_type_descriptor,county_name,road_descriptor,weather_conditions,traffic_control_device,road_surface_conditions,dot_reference_marker_location,pedestrian_bicyclist_action,event_descriptor,number_of_vehicles_involved,county_population_2024,county_fips,county_deer_take_2024,county_antlerless_deer_per_sqmi_2024,county_daily_vmt_2019,county_mean_aadt_2019,county_aadt_segments_2019
2024,Property Damage & Injury Accident,11:30,2024-09-22,Sunday,Y,Daylight,WHITE PLAINS,REAR END,WESTCHESTER,Straight and Level,Clear,,Dry,,Not Applicable,"Other Motor Vehicle, Collision With",2,1009165,36119,850,0.8,18110248.0,6143.2,3354
2024,Property Damage Accident,0:25,2024-09-22,Sunday,Y,Dark-Road Unlighted,PELHAM,OTHER,WESTCHESTER,Straight and Level,Clear,,Dry,,Not Applicable,"Other Motor Vehicle, Collision With",4,1009165,36119,850,0.8,18110248.0,6143.2,3354
2024,Property Damage & Injury Accident,18:48,2024-09-22,Sunday,Y,Dusk,YONKERS,REAR END,WESTCHESTER,Straight and Level,Clear,,Dry,,Not Applicable,"Other Motor Vehicle, Collision With",2,1009165,36119,850,0.8,18110248.0,6143.2,3354
2024,Property Damage Accident,10:30,2024-09-22,Sunday,Y,Daylight,BEDFORD,OTHER,WESTCHESTER,Curve and Level,Clear,No Passing Zone,Dry,,Not Applicable,Deer,1,1009165,36119,850,0.8,18110248.0,6143.2,3354
2024,Property Damage Accident,12:42,2024-09-22,Sunday,Y,Daylight,PORT CHESTER,Unknown,WESTCHESTER,Straight and Level,Clear,,Dry,,Not Applicable,"Other Motor Vehicle, Collision With",2,1009165,36119,850,0.8,18110248.0,6143.2,3354
2024,Property Damage Accident,19:37,2024-09-22,Sunday,Y,Dusk,TUCKAHOE,OTHER,WESTCHESTER,Curve and Grade,Clear,No Passing Zone,Dry,,Not Applicable,"Other Motor Vehicle, Collision With",4,1009165,36119,850,0.8,18110248.0,6143.2,3354
2024,Property Damage Accident,16:15,2024-09-22,Sunday,Y,Daylight,PEEKSKILL,OVERTAKING,WESTCHESTER,Straight and Level,Clear,,Dry,,Not Applicable,"Other Motor Vehicle, Collision With",2,1009165,36119,850,0.8,18110248.0,6143.2,3354
2024,Property Damage & Injury Accident,17:03,2024-09-22,Sunday,Y,Daylight,NORTH CASTLE,OTHER,WESTCHESTER,Straight and Level,Cloudy,,Dry,,Not Applicable,"Light Support/Utility Pole, Collision With Fixed Object",1,1009165,36119,850,0.8,18110248.0,6143.2,3354
2024,Property Damage Accident,15:30,2024-09-23,Monday,Y,Daylight,DOVER,OTHER,DUTCHESS,Straight and Level,Cloudy,,Dry,,Not Applicable,"Tree, Collision With Fixed Object",1,299256,36027,1695,0.8,5987961.0,3975.0,1300
2024,Property Damage Accident,21:09,2024-09-23,Monday,Y,Dark-Road Lighted,POUGHKEEPSIE,RIGHT ANGLE,DUTCHESS,Straight and Level,Clear,,Dry,9 82051117,Not Applicable,"Other Motor Vehicle, Collision With",2,299256,36027,1695,0.8,5987961.0,3975.0,1300
2024,Property Damage Accident,18:35,2024-09-23,Monday,Y,Daylight,EAST FISHKILL,OTHER,DUTCHESS,Straight and Level,Clear,,Dry,,Not Applicable,"Light Support/Utility Pole, Collision With Fixed Object",1,299256,36027,1695,0.8,5987961.0,3975.0,1300
2024,Property Damage & Injury Accident,9:55,2024-09-23,Monday,Y,Daylight,POUGHKEEPSIE,OTHER,DUTCHESS,Straight and Level,Cloudy,Traffic Signal,Dry,,Riding/Walking/Skating Along Highway Against Traffic,"Pedestrian, Collision With",1,299256,36027,1695,0.8,5987961.0,3975.0,1300
2024,Property Damage & Injury Accident,18:00,2024-09-23,Monday,Y,Dusk,MONROE,OTHER,ORANGE,Curve and Grade,Cloudy,No Passing Zone,Wet,,Not Applicable,"Earth Embankment/Rock Cut/Ditch, Collision With Fixed Object",1,415088,36071,4753,2.6,13857119.0,5167.5,1527
2024,Property Damage Accident,18:35,2024-09-23,Monday,Y,Dark-Road Lighted,WOODBURY,REAR END,ORANGE,Straight and Level,Rain,No Passing Zone,Wet,,Not Applicable,"Other Motor Vehicle, Collision With",2,415088,36071,4753,2.6,13857119.0,5167.5,1527
2024,Property Damage Accident,21:10,2024-09-23,Monday,Y,Dark-Road Lighted,PORT JERVIS,OTHER,ORANGE,Straight and Level,Clear,,Dry,,Not Applicable,"Tree, Collision With Fixed Object",1,415088,36071,4753,2.6,13857119.0,5167.5,1527
2024,Property Damage Accident,7:31,2024-09-23,Monday,Y,Daylight,BLOOMING GROVE,OTHER,ORANGE,Straight and Level,Cloudy,No Passing Zone,Dry,,Not Applicable,"Earth Embankment/Rock Cut/Ditch, Collision With Fixed Object",1,415088,36071,4753,2.6,13857119.0,5167.5,1527
2024,Property Damage & Injury Accident,23:55,2024-09-23,Monday,Y,Dark-Road Lighted,WAWAYANDA,OTHER,ORANGE,Curve and Grade,Clear,No Passing Zone,Dry,6 83012118,Not Applicable,"Light Support/Utility Pole, Collision With Fixed Object",3,415088,36071,4753,2.6,13857119.0,5167.5,1527
2024,Property Damage & Injury Accident,17:16,2024-09-23,Monday,Y,Daylight,CORNWALL,SIDESWIPE,ORANGE,Curve and Grade,Cloudy,No Passing Zone,Wet,,Not Applicable,"Other Motor Vehicle, Collision With",2,415088,36071,4753,2.6,13857119.0,5167.5,1527
2024,Property Damage & Injury Accident,15:33,2024-09-23,Monday,Y,Daylight,MONROE,REAR END,ORANGE,Straight and Level,Rain,,Wet,,Not Applicable,"Other Motor Vehicle, Collision With",2,415088,36071,4753,2.6,13857119.0,5167.5,1527
2024,Property Damage Accident,17:19,2024-09-23,Monday,Y,Daylight,CLARKSTOWN,OVERTAKING,ROCKLAND,Straight and Grade,Cloudy,,Wet,303 85011074,Not Applicable,"Other Motor Vehicle, Collision With",2,354829,36087,259,0.3,7336134.0,9989.2,886
2024,Property Damage Accident,15:41,2024-09-23,Monday,Y,Daylight,RAMAPO,OTHER,ROCKLAND,Curve and Level,Rain,,Wet,,Not Applicable,"Other Fixed Object*, Collision With Fixed Object",2,354829,36087,259,0.3,7336134.0,9989.2,886
2024,Property Damage Accident,1:00,2024-09-23,Monday,Y,Dark-Road Lighted,RAMAPO,HEAD ON,ROCKLAND,Straight and Level,Clear,,Dry,,Not Applicable,"Other Motor Vehicle, Collision With",2,354829,36087,259,0.3,7336134.0,9989.2,886
2024,Property Damage & Injury Accident,14:22,2024-09-23,Monday,Y,Daylight,CLARKSTOWN,REAR END,ROCKLAND,Straight and Grade,Rain,,Wet,59 85011114,Not Applicable,"Other Motor Vehicle, Collision With",2,354829,36087,259,0.3,7336134.0,9989.2,886
2024,Property Damage Accident,7:48,2024-09-23,Monday,Y,Daylight,CHESTNUT RIDGE,SIDESWIPE,ROCKLAND,Straight and Level,Clear,,Dry,,Not Applicable,"Other Motor Vehicle, Collision With",2,354829,36087,259,0.3,7336134.0,9989.2,886
2024,Property Damage Accident,14:30,2024-09-23,Monday,N,Daylight,MOUNT KISCO,OVERTAKING,WESTCHESTER,Straight at Hill Crest,Rain,Unknown,Dry,,Not Applicable,"Other Motor Vehicle, Collision With",2,1009165,36119,850,0.8,18110248.0,6143.2,3354
2024,Property Damage Accident,9:29,2024-09-23,Monday,Y,Daylight,YONKERS,SIDESWIPE,WESTCHESTER,Straight and Level,Clear,,Dry,,Not Applicable,"Other Motor Vehicle, Collision With",2,1009165,36119,850,0.8,18110248.0,6143.2,3354
2024,Property Damage Accident,15:28,2024-09-23,Monday,Y,Daylight,NEW ROCHELLE,OTHER,WESTCHESTER,Curve and Level,Cloudy,,Wet,,Not Applicable,"Guide Rail - Not At End, Collision With Fixed Object",1,1009165,36119,850,0.8,18110248.0,6143.2,3354
2024,Property Damage Accident,12:13,2024-09-23,Monday,Y,Daylight,MAMARONECK,OVERTAKING,WESTCHESTER,Curve and Level,Cloudy,,Dry,,Not Applicable,"Other Motor Vehicle, Collision With",2,1009165,36119,850,0.8,18110248.0,6143.2,3354
2024,Property Damage Accident,10:04,2024-09-23,Monday,Y,Daylight,NEW ROCHELLE,HEAD ON,WESTCHESTER,Straight and Level,Clear,,Dry,,Not Applicable,"Other Motor Vehicle, Collision With",2,1009165,36119,850,0.8,18110248.0,6143.2,3354
2024,Property Damage & Injury Accident,14:51,2024-09-23,Monday,Y,Daylight,MOUNT PLEASANT,REAR END,WESTCHESTER,Straight and Level,Rain,Traffic Signal,Wet,100C87011005,Not Applicable,"Other Motor Vehicle, Collision With",2,1009165,36119,850,0.8,18110248.0,6143.2,3354
2024,Property Damage Accident,14:45,2024-09-23,Monday,Y,Daylight,NEW ROCHELLE,OVERTAKING,WESTCHESTER,Straight and Level,Clear,,Dry,,Not Applicable,"Other Motor Vehicle, Collision With",2,1009165,36119,850,0.8,18110248.0,6143.2,3354
2024,Property Damage Accident,1:00,2024-09-23,Monday,Y,Dark-Road Lighted,MOUNT PLEASANT,LEFT TURN (3),WESTCHESTER,Straight and Level,Clear,,Dry,117 87011035,Not Applicable,"Other Motor Vehicle, Collision With",2,1009165,36119,850,0.8,18110248.0,6143.2,3354
2024,Property Damage & Injury Accident,19:04,2024-09-23,Monday,Y,Dark-Road Lighted,DOBBS FERRY,REAR END,WESTCHESTER,Straight and Level,Clear,Traffic Signal,Dry,987D87012017,Not Applicable,"Other Motor Vehicle, Collision With",2,1009165,36119,850,0.8,18110248.0,6143.2,3354
2024,Property Damage & Injury Accident,16:22,2024-09-23,Monday,Y,Daylight,NORTH CASTLE,REAR END,WESTCHESTER,Straight and Level,Rain,Traffic Signal,Wet,22 87024056,Not Applicable,"Other Motor Vehicle, Collision With",2,1009165,36119,850,0.8,18110248.0,6143.2,3354
2024,Property Damage Accident,20:24,2024-09-24,Tuesday,Y,Dark-Road Lighted,AMENIA,HEAD ON,DUTCHESS,Straight and Level,Clear,No Passing Zone,Dry,,Not Applicable,"Other Motor Vehicle, Collision With",2,299256,36027,1695,0.8,5987961.0,3975.0,1300
2024,Injury Accident,13:15,2024-09-24,Tuesday,Y,Daylight,POUGHKEEPSIE,OTHER,DUTCHESS,Straight and Grade,Cloudy,,Dry,,Not Applicable,"Overturned, Non-Collision",1,299256,36027,1695,0.8,5987961.0,3975.0,1300
2024,Property Damage & Injury Accident,16:50,2024-09-24,Tuesday,Y,Daylight,POUGHKEEPSIE,REAR END,DUTCHESS,Straight and Level,Cloudy,Traffic Signal,Dry,,Not Applicable,"Other Motor Vehicle, Collision With",2,299256,36027,1695,0.8,5987961.0,3975.0,1300
2024,Property Damage Accident,10:59,2024-09-24,Tuesday,Y,Daylight,NEWBURGH,OTHER,ORANGE,Straight and Level,Cloudy,Traffic Signal,Dry,9W83021021,Not Applicable,"Other Motor Vehicle, Collision With",2,415088,36071,4753,2.6,13857119.0,5167.5,1527
2024,Property Damage Accident,20:10,2024-09-24,Tuesday,N,Dark-Road Lighted,NEWBURGH,OTHER,ORANGE,Straight and Level,Cloudy,Maintenance Work Area,Unknown,,Not Applicable,Deer,1,415088,36071,4753,2.6,13857119.0,5167.5,1527
2024,Property Damage Accident,20:35,2024-09-24,Tuesday,Y,Dark-Road Unlighted,WOODBURY,OVERTAKING,ORANGE,Straight and Level,Clear,No Passing Zone,Dry,,Not Applicable,"Other Motor Vehicle, Collision With",2,415088,36071,4753,2.6,13857119.0,5167.5,1527
2024,Property Damage & Injury Accident,6:53,2024-09-24,Tuesday,Y,Daylight,CHESTER,RIGHT TURN (5),ORANGE,Straight and Grade,Clear,,Dry,17 83101160,Not Applicable,"Other Motor Vehicle, Collision With",2,415088,36071,4753,2.6,13857119.0,5167.5,1527
2024,Property Damage Accident,4:31,2024-09-24,Tuesday,Y,Dark-Road Unlighted,WOODBURY,OTHER,ORANGE,Curve and Level,Clear,Construction Work Area,Dry,,Not Applicable,"Guide Rail - Not At End, Collision With Fixed Object",1,415088,36071,4753,2.6,13857119.0,5167.5,1527
2024,Property Damage Accident,13:36,2024-09-24,Tuesday,Y,Daylight,WARWICK,REAR END,ORANGE,Curve and Level,Cloudy,No Passing Zone,Dry,,Not Applicable,"Other Motor Vehicle, Collision With",2,415088,36071,4753,2.6,13857119.0,5167.5,1527
2024,Property Damage Accident,6:51,2024-09-24,Tuesday,Y,Dawn,WARWICK,OTHER,ORANGE,Straight and Grade,Clear,,Dry,,Not Applicable,"Earth Embankment/Rock Cut/Ditch, Collision With Fixed Object",1,415088,36071,4753,2.6,13857119.0,5167.5,1527
2024,Property Damage & Injury Accident,8:42,2024-09-24,Tuesday,Y,Daylight,GOSHEN,REAR END,ORANGE,Curve at Hill Crest,Clear,Stop Sign,Dry,17A83011001,Not Applicable,"Other Motor Vehicle, Collision With",2,415088,36071,4753,2.6,13857119.0,5167.5,1527
2024,Property Damage Accident,9:57,2024-09-24,Tuesday,Y,Daylight,NEWBURGH,REAR END,ORANGE,Straight and Level,Clear,,Dry,17K83012004,Not Applicable,"Other Motor Vehicle, Collision With",2,415088,36071,4753,2.6,13857119.0,5167.5,1527
2024,Property Damage & Injury Accident,12:04,2024-09-24,Tuesday,Y,Daylight,WALLKILL,OTHER,ORANGE,Straight and Level,Cloudy,,Dry,211 83013019,Not Applicable,"Other Motor Vehicle, Collision With",3,415088,36071,4753,2.6,13857119.0,5167.5,1527
2024,Property Damage Accident,20:21,2024-09-24,Tuesday,Y,Dark-Road Lighted,WALLKILL,OVERTAKING,ORANGE,Straight and Level,Clear,Traffic Signal,Dry,211 83013018,Not Applicable,"Other Motor Vehicle, Collision With",2,415088,36071,4753,2.6,13857119.0,5167.5,1527
2024,Property Damage Accident,0:48,2024-09-24,Tuesday,Y,Dark-Road Unlighted,KENT,OTHER,PUTNAM,Straight and Grade,Clear,,Dry,987G84021128,Not Applicable,"Guide Rail - Not At End, Collision With Fixed Object",1,98842,36079,509,0.7,2746105.0,4089.2,375
2024,Property Damage Accident,13:39,2024-09-24,Tuesday,Y,Daylight,KENT,REAR END,PUTNAM,Straight at Hill Crest,Cloudy,Stop Sign,Dry,,Not Applicable,"Other Motor Vehicle, Collision With",2,98842,36079,509,0.7,2746105.0,4089.2,375
2024,Property Damage Accident,9:41,2024-09-24,Tuesday,Y,Daylight,CLARKSTOWN,RIGHT TURN (6),ROCKLAND,Straight and Level,Clear,,Dry,,Not Applicable,"Other Motor Vehicle, Collision With",2,354829,36087,259,0.3,7336134.0,9989.2,886
2024,Property Damage Accident,6:30,2024-09-24,Tuesday,Y,Dawn,CLARKSTOWN,REAR END,ROCKLAND,Straight and Level,Clear,Traffic Signal,Dry,,Not Applicable,"Other Motor Vehicle, Collision With",2,354829,36087,259,0.3,7336134.0,9989.2,886
2024,Injury Accident,7:20,2024-09-24,Tuesday,Y,Daylight,CLARKSTOWN,REAR END,ROCKLAND,Straight at Hill Crest,Clear,Traffic Signal,Dry,59 85011129,Not Applicable,"Other Motor Vehicle, Collision With",2,354829,36087,259,0.3,7336134.0,9989.2,886
2024,Property Damage Accident,16:44,2024-09-24,Tuesday,Y,Daylight,ELLENVILLE,REAR END,ULSTER,Straight and Level,Clear,Traffic Signal,Dry,209 86031046,Not Applicable,"Other Motor Vehicle, Collision With",2,183095,36111,3565,1.2,6410502.0,3939.4,999
2024,Property Damage Accident,19:25,2024-09-24,Tuesday,Y,Dark-Road Lighted,NEW ROCHELLE,OTHER,WESTCHESTER,Straight and Level,Clear,Traffic Signal,Dry,,"Crossing, With Signal","Pedestrian, Collision With",1,1009165,36119,850,0.8,18110248.0,6143.2,3354
2024,Property Damage Accident,9:45,2024-09-24,Tuesday,Y,Daylight,ELMSFORD,REAR END,WESTCHESTER,Straight and Level,Clear,Traffic Signal,Dry,119 87011024,Not Applicable,"Other Motor Vehicle, Collision With",2,1009165,36119,850,0.8,18110248.0,6143.2,3354
2024,Property Damage Accident,18:56,2024-09-24,Tuesday,Y,Dusk,WHITE PLAINS,LEFT TURN (3),WESTCHESTER,Straight and Grade,Clear,,Dry,,Not Applicable,"Other Motor Vehicle, Collision With",2,1009165,36119,850,0.8,18110248.0,6143.2,3354
2024,Property Damage Accident,16:05,2024-09-24,Tuesday,Y,Daylight,BEDFORD,RIGHT ANGLE,WESTCHESTER,Straight and Level,Cloudy,Traffic Signal,Dry,,Not Applicable,"Other Motor Vehicle, Collision With",2,1009165,36119,850,0.8,18110248.0,6143.2,3354
2024,Property Damage & Injury Accident,17:34,2024-09-24,Tuesday,Y,Dusk,PORT CHESTER,REAR END,WESTCHESTER,Straight and Level,Clear,Traffic Signal,Dry,,Not Applicable,"Other Motor Vehicle, Collision With",2,1009165,36119,850,0.8,18110248.0,6143.2,3354
2024,Property Damage & Injury Accident,10:16,2024-09-24,Tuesday,Y,Daylight,NORTH CASTLE,OTHER,WESTCHESTER,Straight and Level,Clear,,Dry,684I87011098,Not Applicable,"Other Motor Vehicle, Collision With",3,1009165,36119,850,0.8,18110248.0,6143.2,3354
2024,Property Damage & Injury Accident,15:46,2024-09-24,Tuesday,Y,Daylight,CORTLANDT,HEAD ON,WESTCHESTER,Straight and Level,Clear,No Passing Zone,Dry,9A87032242,Not Applicable,"Other Motor Vehicle, Collision With",2,1009165,36119,850,0.8,18110248.0,6143.2,3354
2024,Property Damage Accident,16:36,2024-09-24,Tuesday,Y,Daylight,YORKTOWN,REAR END,WESTCHESTER,Straight and Level,Cloudy,,Dry,,Not Applicable,"Other Motor Vehicle, Collision With",2,1009165,36119,850,0.8,18110248.0,6143.2,3354
2024,Property Damage Accident,19:36,2024-09-24,Tuesday,Y,Dark-Road Lighted,ELMSFORD,OVERTAKING,WESTCHESTER,Straight and Level,Clear,,Dry,119 87011023,Not Applicable,"Other Motor Vehicle, Collision With",2,1009165,36119,850,0.8,18110248.0,6143.2,3354
2024,Property Damage Accident,18:40,2024-09-24,Tuesday,Y,Dusk,PEEKSKILL,LEFT TURN (3),WESTCHESTER,Straight at Hill Crest,Clear,Traffic Signal,Dry,,Not Applicable,"Other Motor Vehicle, Collision With",2,1009165,36119,850,0.8,18110248.0,6143.2,3354
2024,Property Damage Accident,20:58,2024-09-24,Tuesday,Y,Dark-Road Lighted,HARRISON,OVERTAKING,WESTCHESTER,Straight and Level,Cloudy,,Dry,,Not Applicable,"Other Motor Vehicle, Collision With",2,1009165,36119,850,0.8,18110248.0,6143.2,3354
2024,Property Damage & Injury Accident,8:00,2024-09-24,Tuesday,Y,Daylight,YONKERS,OTHER,WESTCHESTER,Straight and Level,Clear,,Dry,987F87011029,Not Applicable,"Other Motor Vehicle, Collision With",4,1009165,36119,850,0.8,18110248.0,6143.2,3354
2024,Property Damage Accident,8:00,2024-09-24,Tuesday,N,Unknown,YONKERS,Unknown,WESTCHESTER,Unknown,Unknown,Unknown,Unknown,,Not Applicable,"Other Motor Vehicle, Collision With",2,1009165,36119,850,0.8,18110248.0,6143.2,3354
2024,Property Damage Accident,20:23,2024-09-24,Tuesday,Y,Dark-Road Lighted,PORT CHESTER,RIGHT ANGLE,WESTCHESTER,Straight and Level,Cloudy,Traffic Signal,Dry,1 87035007,Not Applicable,"Other Motor Vehicle, Collision With",2,1009165,36119,850,0.8,18110248.0,6143.2,3354
2024,Property Damage & Injury Accident,16:16,2024-09-24,Tuesday,Y,Daylight,MAMARONECK,REAR END,WESTCHESTER,Straight and Level,Cloudy,,Dry,,Not Applicable,"Other Motor Vehicle, Collision With",2,1009165,36119,850,0.8,18110248.0,6143.2,3354
2024,Property Damage Accident,18:20,2024-09-25,Wednesday,Y,Dusk,FISHKILL,OTHER,DUTCHESS,Straight and Level,Rain,,Wet,,Not Applicable,"Light Support/Utility Pole, Collision With Fixed Object",1,299256,36027,1695,0.8,5987961.0,3975.0,1300
2024,Property Damage & Injury Accident,16:58,2024-09-25,Wednesday,Y,Daylight,WAPPINGER,RIGHT ANGLE,DUTCHESS,Straight and Level,Rain,No Passing Zone,Wet,376 82011075,Not Applicable,"Other Motor Vehicle, Collision With",2,299256,36027,1695,0.8,5987961.0,3975.0,1300
2024,Property Damage Accident,7:38,2024-09-25,Wednesday,Y,Daylight,STANFORD,OTHER,DUTCHESS,Curve and Level,Cloudy,,Wet,,Not Applicable,"Tree, Collision With Fixed Object",1,299256,36027,1695,0.8,5987961.0,3975.0,1300
2024,Property Damage Accident,14:43,2024-09-25,Wednesday,Y,Daylight,LA GRANGE,OTHER,DUTCHESS,Curve and Grade,Cloudy,,Dry,,Not Applicable,"Sign Post, Collision With Fixed Object",1,299256,36027,1695,0.8,5987961.0,3975.0,1300
2024,Property Damage Accident,7:51,2024-09-25,Wednesday,Y,Daylight,POUGHKEEPSIE,RIGHT ANGLE,DUTCHESS,Straight and Level,Clear,,Dry,,Not Applicable,"Other Motor Vehicle, Collision With",2,299256,36027,1695,0.8,5987961.0,3975.0,1300
2024,Property Damage Accident,11:45,2024-09-25,Wednesday,Y,Daylight,FISHKILL,REAR END,DUTCHESS,Straight and Level,Cloudy,Traffic Signal,Dry,,Not Applicable,"Other Motor Vehicle, Collision With",2,299256,36027,1695,0.8,5987961.0,3975.0,1300
2024,Property Damage Accident,11:10,2024-09-25,Wednesday,Y,Daylight,FISHKILL,OTHER,DUTCHESS,Straight and Level,Cloudy,,Dry,9 82051037,Not Applicable,"Building/Wall, Collision With Fixed Object",1,299256,36027,1695,0.8,5987961.0,3975.0,1300
2024,Property Damage Accident,21:20,2024-09-25,Wednesday,Y,Dark-Road Lighted,NEWBURGH,OVERTAKING,ORANGE,Straight and Level,Rain,,Wet,,Not Applicable,"Other Motor Vehicle, Collision With",2,415088,36071,4753,2.6,13857119.0,5167.5,1527
2024,Property Damage Accident,7:53,2024-09-25,Wednesday,Y,Daylight,BLOOMING GROVE,OTHER,ORANGE,Straight and Level,Cloudy,,Dry,17 83101219,Not Applicable,"Other Object (Not Fixed)*, Collision With",1,415088,36071,4753,2.6,13857119.0,5167.5,1527
2024,Property Damage Accident,20:00,2024-09-25,Wednesday,N,Unknown,WOODBURY,OTHER,ORANGE,Unknown,Unknown,Unknown,Unknown,,Not Applicable,"Fire/Explosion, Non-Collision",1,415088,36071,4753,2.6,13857119.0,5167.5,1527
2024,Property Damage Accident,23:00,2024-09-25,Wednesday,Y,Dark-Road Unlighted,WEST HAVERSTRAW,SIDESWIPE,ROCKLAND,Straight and Grade,Clear,,Dry,,Not Applicable,"Other Motor Vehicle, Collision With",2,354829,36087,259,0.3,7336134.0,9989.2,886
2024,Property Damage Accident,15:03,2024-09-25,Wednesday,Y,Daylight,SPRING VALLEY,RIGHT ANGLE,ROCKLAND,Straight and Level,Clear,Stop Sign,Dry,,Not Applicable,"Other Motor Vehicle, Collision With",2,354829,36087,259,0.3,7336134.0,9989.2,886
2024,Property Damage Accident,9:25,2024-09-25,Wednesday,Y,Daylight,UPPER NYACK,SIDESWIPE,ROCKLAND,Straight and Level,Cloudy,,Dry,,Not Applicable,"Other Motor Vehicle, Collision With",2,354829,36087,259,0.3,7336134.0,9989.2,886
2024,Property Damage Accident,15:55,2024-09-25,Wednesday,Y,Daylight,STONY POINT,OVERTAKING,ROCKLAND,Straight and Grade,Rain,,Wet,987C85011177,Not Applicable,"Other Motor Vehicle, Collision With",2,354829,36087,259,0.3,7336134.0,9989.2,886
2024,Property Damage Accident,10:23,2024-09-25,Wednesday,Y,Daylight,,OTHER,ROCKLAND,Straight and Level,Clear,,Dry,,Not Applicable,"Other Motor Vehicle, Collision With",2,354829,36087,259,0.3,7336134.0,9989.2,886
2024,Property Damage Accident,8:07,2024-09-25,Wednesday,Y,Daylight,MARLBOROUGH,OTHER,ULSTER,Straight and Level,Cloudy,No Passing Zone,Dry,9W86031020,Not Applicable,"Guide Rail - End, Collision With Fixed Object",1,183095,36111,3565,1.2,6410502.0,3939.4,999
2024,Property Damage Accident,6:58,2024-09-25,Wednesday,Y,Dawn,WAWARSING,OTHER,ULSTER,Curve and Grade,Cloudy,No Passing Zone,Dry,209 86031024,Not Applicable,Deer,1,183095,36111,3565,1.2,6410502.0,3939.4,999
2024,Property Damage Accident,9:30,2024-09-25,Wednesday,Y,Daylight,SHANDAKEN,OTHER,ULSTER,Straight and Level,Cloudy,,Dry,28 86012256,Not Applicable,Deer,1,183095,36111,3565,1.2,6410502.0,3939.4,999
2024,Property Damage & Injury Accident,7:26,2024-09-25,Wednesday,Y,Daylight,CORTLANDT,OTHER,WESTCHESTER,Curve and Level,Cloudy,No Passing Zone,Dry,6 87031023,Not Applicable,"Culver/Head Wall, Collision With Fixed Object",1,1009165,36119,850,0.8,18110248.0,6143.2,3354
2024,Property Damage Accident,17:00,2024-09-25,Wednesday,Y,Daylight,MOUNT PLEASANT,OVERTAKING,WESTCHESTER,Straight and Level,Cloudy,,Wet,,Not Applicable,"Other Motor Vehicle, Collision With",2,1009165,36119,850,0.8,18110248.0,6143.2,3354
2024,Property Damage Accident,13:00,2024-09-25,Wednesday,Y,Daylight,MAMARONECK,REAR END,WESTCHESTER,Straight and Level,Cloudy,,Dry,,Not Applicable,"Other Motor Vehicle, Collision With",2,1009165,36119,850,0.8,18110248.0,6143.2,3354
2024,Property Damage Accident,16:24,2024-09-25,Wednesday,Y,Dawn,HASTINGS ON HUDSON,OTHER,WESTCHESTER,Straight and Level,Cloudy,,Dry,,Not Applicable,"Light Support/Utility Pole, Collision With Fixed Object",1,1009165,36119,850,0.8,18110248.0,6143.2,3354
2024,Property Damage Accident,16:25,2024-09-25,Wednesday,Y,Daylight,MOUNT PLEASANT,OVERTAKING,WESTCHESTER,Straight and Level,Cloudy,,Dry,,Not Applicable,"Other Motor Vehicle, Collision With",2,1009165,36119,850,0.8,18110248.0,6143.2,3354
2024,Property Damage & Injury Accident,16:00,2024-09-25,Wednesday,Y,Daylight,WHITE PLAINS,RIGHT ANGLE,WESTCHESTER,Straight and Level,Clear,Stop Sign,Dry,,Not Applicable,"Other Motor Vehicle, Collision With",2,1009165,36119,850,0.8,18110248.0,6143.2,3354
2024,Property Damage & Injury Accident,21:31,2024-09-25,Wednesday,Y,Dark-Road Unlighted,NEW CASTLE,OTHER,WESTCHESTER,Straight and Level,Clear,,Wet,,Not Applicable,"Animal, Collision With",1,1009165,36119,850,0.8,18110248.0,6143.2,3354
2024,Property Damage Accident,11:01,2024-09-25,Wednesday,Y,Daylight,NEW ROCHELLE,OVERTAKING,WESTCHESTER,Straight at Hill Crest,Cloudy,,Dry,981V87011004,Not Applicable,"Other Motor Vehicle, Collision With",2,1009165,36119,850,0.8,18110248.0,6143.2,3354
2024,Property Damage Accident,13:40,2024-09-25,Wednesday,Y,Daylight,NEW ROCHELLE,OVERTAKING,WESTCHESTER,Straight and Level,Clear,Traffic Signal,Dry,1 87032007,Not Applicable,"Other Motor Vehicle, Collision With",2,1009165,36119,850,0.8,18110248.0,6143.2,3354
2024,Property Damage Accident,7:40,2024-09-25,Wednesday,Y,Daylight,YONKERS,OVERTAKING,WESTCHESTER,Straight and Level,Clear,,Dry,983C87011003,Not Applicable,"Other Motor Vehicle, Collision With",2,1009165,36119,850,0.8,18110248.0,6143.2,3354
2024,Property Damage Accident,8:04,2024-09-25,Wednesday,Y,Dawn,PORT CHESTER,REAR END,WESTCHESTER,Straight and Level,Clear,,Dry,287I87011104,Not Applicable,"Other Motor Vehicle, Collision With",2,1009165,36119,850,0.8,18110248.0,6143.2,3354
2024,Property Damage Accident,8:02,2024-09-26,Thursday,Y,Daylight,POUGHKEEPSIE,REAR END,DUTCHESS,Straight and Grade,Rain,,Wet,9G82011003,Not Applicable,"Other Motor Vehicle, Collision With",2,299256,36027,1695,0.8,5987961.0,3975.0,1300
2024,Property Damage Accident,18:54,2024-09-26,Thursday,Y,Dark-Road Unlighted,CLINTON,RIGHT ANGLE,DUTCHESS,Straight and Level,Rain,Stop Sign,Wet,,Not Applicable,"Other Motor Vehicle, Collision With",2,299256,36027,1695,0.8,5987961.0,3975.0,1300