year,accident_descriptor,time,date,day_of_week,police_report,lighting_conditions,municipality,collision_type_descriptor,county_name,road_descriptor,weather_conditions,traffic_control_device,road_surface_conditions,dot_reference_marker_location,pedestrian_bicyclist_action,event_descriptor,number_of_vehicles_involved,county_population_2024,county_fips,county_deer_take_2024,county_antlerless_deer_per_sqmi_2024,county_daily_vmt_2019,county_mean_aadt_2019,county_aadt_segments_2019
2024,Property Damage & Injury Accident,7:46,2024-09-26,Thursday,Y,Dawn,HYDE PARK,OTHER,DUTCHESS,Curve and Grade,Rain,,Wet,,Not Applicable,"Tree, Collision With Fixed Object",1,299256,36027,1695,0.8,5987961.0,3975.0,1300
2024,Property Damage Accident,13:08,2024-09-26,Thursday,Y,Daylight,POUGHKEEPSIE,OTHER,DUTCHESS,Straight and Level,Rain,Stop Sign,Wet,,Not Applicable,"Other Motor Vehicle, Collision With",2,299256,36027,1695,0.8,5987961.0,3975.0,1300
2024,Property Damage & Injury Accident,19:05,2024-09-26,Thursday,Y,Dark-Road Unlighted,FISHKILL,RIGHT ANGLE,DUTCHESS,Straight and Level,Cloudy,Traffic Signal,Wet,9 82051027,Not Applicable,"Other Motor Vehicle, Collision With",2,299256,36027,1695,0.8,5987961.0,3975.0,1300
2024,Property Damage Accident,15:25,2024-09-26,Thursday,Y,Daylight,WALLKILL,OTHER,ORANGE,Straight and Level,Rain,,Wet,,Not Applicable,"Other Motor Vehicle, Collision With",3,415088,36071,4753,2.6,13857119.0,5167.5,1527
2024,Property Damage & Injury Accident,15:09,2024-09-26,Thursday,Y,Daylight,MONROE,OTHER,ORANGE,Curve and Grade,Rain,No Passing Zone,Wet,,Not Applicable,"Guide Rail - Not At End, Collision With Fixed Object",1,415088,36071,4753,2.6,13857119.0,5167.5,1527
2024,Property Damage Accident,17:00,2024-09-26,Thursday,Y,Daylight,CHESTER,OTHER,ORANGE,Curve and Grade,Clear,,Wet,,Not Applicable,"Ran Off Roadway Only, Non-Collision",1,415088,36071,4753,2.6,13857119.0,5167.5,1527
2024,Property Damage & Injury Accident,9:31,2024-09-26,Thursday,Y,Daylight,MIDDLETOWN,RIGHT TURN (6),ORANGE,Straight and Level,Cloudy,,Wet,,Not Applicable,"Other Motor Vehicle, Collision With",2,415088,36071,4753,2.6,13857119.0,5167.5,1527
2024,Property Damage Accident,10:38,2024-09-26,Thursday,Y,Daylight,NEW WINDSOR,LEFT TURN (3),ORANGE,Straight and Level,Rain,Traffic Signal,Wet,,Not Applicable,"Other Motor Vehicle, Collision With",2,415088,36071,4753,2.6,13857119.0,5167.5,1527
2024,Property Damage & Injury Accident,9:41,2024-09-26,Thursday,Y,Daylight,GOSHEN,OTHER,ORANGE,Curve and Grade,Rain,No Passing Zone,Wet,,Not Applicable,"Light Support/Utility Pole, Collision With Fixed Object",1,415088,36071,4753,2.6,13857119.0,5167.5,1527
2024,Property Damage Accident,7:23,2024-09-26,Thursday,Y,Daylight,MIDDLETOWN,OVERTAKING,ORANGE,Curve and Level,Rain,Other,Wet,,Not Applicable,"Other Motor Vehicle, Collision With",2,415088,36071,4753,2.6,13857119.0,5167.5,1527
2024,Property Damage Accident,20:29,2024-09-26,Thursday,Y,Dark-Road Unlighted,HIGHLAND FALLS,OTHER,ORANGE,Curve and Level,Clear,,Dry,982E83011003,Not Applicable,"Animal, Collision With",1,415088,36071,4753,2.6,13857119.0,5167.5,1527
2024,Property Damage Accident,16:49,2024-09-26,Thursday,Y,Daylight,NEW WINDSOR,RIGHT ANGLE,ORANGE,Straight and Level,Rain,Traffic Signal,Wet,94 83011298,Not Applicable,"Other Motor Vehicle, Collision With",2,415088,36071,4753,2.6,13857119.0,5167.5,1527
2024,Property Damage Accident,15:30,2024-09-26,Thursday,Y,Daylight,MONROE,REAR END,ORANGE,Straight and Grade,Rain,Stop Sign,Wet,,Not Applicable,"Other Motor Vehicle, Collision With",2,415088,36071,4753,2.6,13857119.0,5167.5,1527
2024,Property Damage & Injury Accident,9:27,2024-09-26,Thursday,Y,Daylight,POMONA,OTHER,ROCKLAND,Straight and Grade,Rain,Stop Sign,Wet,202 85011074,Not Applicable,"Other Motor Vehicle, Collision With",3,354829,36087,259,0.3,7336134.0,9989.2,886
2024,Property Damage Accident,6:30,2024-09-26,Thursday,Y,Dawn,STONY POINT,OTHER,ROCKLAND,Curve and Level,Rain,,Wet,987C85011175,Not Applicable,Deer,1,354829,36087,259,0.3,7336134.0,9989.2,886
2024,Property Damage Accident,15:20,2024-09-26,Thursday,Y,Daylight,CHESTNUT RIDGE,REAR END,ROCKLAND,Straight and Level,Clear,,Wet,45 85011013,Not Applicable,"Other Motor Vehicle, Collision With",2,354829,36087,259,0.3,7336134.0,9989.2,886
2024,Property Damage Accident,9:21,2024-09-26,Thursday,Y,Daylight,WEST HAVERSTRAW,OVERTAKING,ROCKLAND,Straight and Level,Cloudy,,Wet,,Not Applicable,"Other Motor Vehicle, Collision With",2,354829,36087,259,0.3,7336134.0,9989.2,886
2024,Property Damage & Injury Accident,16:07,2024-09-26,Thursday,Y,Daylight,CLARKSTOWN,REAR END,ROCKLAND,Straight and Grade,Rain,Traffic Signal,Wet,304 85011055,Not Applicable,"Other Motor Vehicle, Collision With",2,354829,36087,259,0.3,7336134.0,9989.2,886
2024,Property Damage Accident,22:32,2024-09-26,Thursday,Y,Dark-Road Lighted,RAMAPO,RIGHT ANGLE,ROCKLAND,Straight and Level,Clear,,Wet,59 85011062,Not Applicable,"Other Motor Vehicle, Collision With",2,354829,36087,259,0.3,7336134.0,9989.2,886
2024,Property Damage Accident,10:34,2024-09-26,Thursday,Y,Daylight,CLARKSTOWN,LEFT TURN (3),ROCKLAND,Straight and Level,Rain,Traffic Signal,Wet,304 85011081,Not Applicable,"Other Motor Vehicle, Collision With",2,354829,36087,259,0.3,7336134.0,9989.2,886
2024,Property Damage Accident,4:19,2024-09-26,Thursday,Y,Dark-Road Unlighted,RAMAPO,OTHER,ROCKLAND,Straight and Level,Clear,,Dry,202 85011054,Not Applicable,"Animal, Collision With",1,354829,36087,259,0.3,7336134.0,9989.2,886
2024,Property Damage Accident,16:23,2024-09-26,Thursday,Y,Daylight,CLARKSTOWN,RIGHT ANGLE,ROCKLAND,Straight and Level,Cloudy,,Wet,303 85011097,Not Applicable,"Other Motor Vehicle, Collision With",2,354829,36087,259,0.3,7336134.0,9989.2,886
2024,Property Damage Accident,20:46,2024-09-26,Thursday,Y,Dark-Road Lighted,RAMAPO,RIGHT ANGLE,ROCKLAND,Straight and Level,Rain,,Wet,45 85011043,Not Applicable,"Other Motor Vehicle, Collision With",2,354829,36087,259,0.3,7336134.0,9989.2,886
2024,Property Damage Accident,17:36,2024-09-26,Thursday,Y,Daylight,,REAR END,ROCKLAND,Straight and Level,Cloudy,,Wet,59 85011040,Not Applicable,"Other Motor Vehicle, Collision With",2,354829,36087,259,0.3,7336134.0,9989.2,886
2024,Property Damage Accident,12:48,2024-09-26,Thursday,Y,Daylight,SHAWANGUNK,OTHER,ULSTER,Curve and Level,Rain,No Passing Zone,Wet,,Not Applicable,"Tree, Collision With Fixed Object",1,183095,36111,3565,1.2,6410502.0,3939.4,999
2024,Property Damage Accident,15:25,2024-09-26,Thursday,Y,Daylight,MARBLETOWN,LEFT TURN (3),ULSTER,Straight and Level,Cloudy,,Wet,209 86031223,Not Applicable,"Other Motor Vehicle, Collision With",2,183095,36111,3565,1.2,6410502.0,3939.4,999
2024,Property Damage Accident,8:57,2024-09-26,Thursday,Y,Daylight,ESOPUS,REAR END,ULSTER,Straight and Level,Cloudy,No Passing Zone,Wet,9W86031229,Not Applicable,"Other Motor Vehicle, Collision With",2,183095,36111,3565,1.2,6410502.0,3939.4,999
2024,Property Damage Accident,14:44,2024-09-26,Thursday,Y,Daylight,KINGSTON,RIGHT ANGLE,ULSTER,Straight and Level,Rain,,Wet,,Not Applicable,"Other Motor Vehicle, Collision With",2,183095,36111,3565,1.2,6410502.0,3939.4,999
2024,Property Damage Accident,14:13,2024-09-26,Thursday,Y,Daylight,KINGSTON,OTHER,ULSTER,Curve and Grade,Rain,,Wet,32 86022004,Not Applicable,"Earth Embankment/Rock Cut/Ditch, Collision With Fixed Object",1,183095,36111,3565,1.2,6410502.0,3939.4,999
2024,Property Damage Accident,6:56,2024-09-26,Thursday,Y,Dawn,ULSTER,OTHER,ULSTER,Curve and Level,Rain,,Wet,,Not Applicable,"Guide Rail - Not At End, Collision With Fixed Object",1,183095,36111,3565,1.2,6410502.0,3939.4,999
2024,Property Damage Accident,17:30,2024-09-26,Thursday,Y,Daylight,LLOYD,REAR END,ULSTER,Curve and Grade,Cloudy,,Wet,9W86031088,Not Applicable,"Other Motor Vehicle, Collision With",2,183095,36111,3565,1.2,6410502.0,3939.4,999
2024,Property Damage Accident,8:50,2024-09-26,Thursday,Y,Daylight,GREENBURGH,OVERTAKING,WESTCHESTER,Straight and Level,Cloudy,,Dry,987F87012043,Not Applicable,"Other Motor Vehicle, Collision With",2,1009165,36119,850,0.8,18110248.0,6143.2,3354
2024,Property Damage Accident,20:00,2024-09-26,Thursday,Y,Dusk,SOMERS,Unknown,WESTCHESTER,Straight and Level,Rain,Stop Sign,Wet,35 87012081,Not Applicable,"Other Motor Vehicle, Collision With",2,1009165,36119,850,0.8,18110248.0,6143.2,3354
2024,Property Damage Accident,12:30,2024-09-26,Thursday,Y,Daylight,HARRISON,OTHER,WESTCHESTER,Curve and Grade,Rain,,Wet,684I87011003,Not Applicable,"Guide Rail - Not At End, Collision With Fixed Object",1,1009165,36119,850,0.8,18110248.0,6143.2,3354
2024,Property Damage Accident,14:11,2024-09-26,Thursday,Y,Daylight,WHITE PLAINS,LEFT TURN (3),WESTCHESTER,Straight at Hill Crest,Cloudy,Traffic Signal,Wet,22 87023018,Not Applicable,"Other Motor Vehicle, Collision With",2,1009165,36119,850,0.8,18110248.0,6143.2,3354
2024,Property Damage & Injury Accident,8:05,2024-09-26,Thursday,Y,Daylight,YORKTOWN,OTHER,WESTCHESTER,Curve and Grade,Cloudy,,Wet,129 87011053,Not Applicable,"Earth Embankment/Rock Cut/Ditch, Collision With Fixed Object",1,1009165,36119,850,0.8,18110248.0,6143.2,3354
2024,Property Damage Accident,6:30,2024-09-26,Thursday,Y,Dawn,NEW ROCHELLE,OTHER,WESTCHESTER,Straight and Level,Rain,Traffic Signal,Wet,982J87011002,Not Applicable,"Sign Post, Collision With Fixed Object",1,1009165,36119,850,0.8,18110248.0,6143.2,3354
2024,Property Damage Accident,13:19,2024-09-26,Thursday,Y,Daylight,HASTINGS ON HUDSON,REAR END,WESTCHESTER,Straight and Level,Rain,Traffic Signal,Wet,987J87011000,Not Applicable,"Other Motor Vehicle, Collision With",2,1009165,36119,850,0.8,18110248.0,6143.2,3354
2024,Property Damage & Injury Accident,20:00,2024-09-26,Thursday,Y,Unknown,HASTINGS ON HUDSON,OTHER,WESTCHESTER,Straight and Level,Unknown,,Unknown,9A87032004,"Crossing, No Signal or Crosswalk","Pedestrian, Collision With",1,1009165,36119,850,0.8,18110248.0,6143.2,3354
2024,Property Damage Accident,17:01,2024-09-26,Thursday,Y,Daylight,YONKERS,REAR END,WESTCHESTER,Curve and Level,Clear,,Dry,,Not Applicable,"Other Motor Vehicle, Collision With",2,1009165,36119,850,0.8,18110248.0,6143.2,3354
2024,Property Damage Accident,18:10,2024-09-26,Thursday,Y,Dusk,DOBBS FERRY,OVERTAKING,WESTCHESTER,Straight and Level,Rain,,Wet,,Not Applicable,"Other Motor Vehicle, Collision With",2,1009165,36119,850,0.8,18110248.0,6143.2,3354
2024,Property Damage Accident,15:21,2024-09-26,Thursday,Y,Daylight,MOUNT PLEASANT,HEAD ON,WESTCHESTER,Straight and Level,Cloudy,Traffic Signal,Dry,,Not Applicable,"Other Motor Vehicle, Collision With",2,1009165,36119,850,0.8,18110248.0,6143.2,3354
2024,Property Damage Accident,12:50,2024-09-26,Thursday,Y,Daylight,CORTLANDT,REAR END,WESTCHESTER,Straight at Hill Crest,Rain,,Wet,987H87012002,Not Applicable,"Other Motor Vehicle, Collision With",2,1009165,36119,850,0.8,18110248.0,6143.2,3354
2024,Property Damage & Injury Accident,6:45,2024-09-26,Thursday,Y,Dawn,NORTH SALEM,OTHER,WESTCHESTER,Curve and Grade,Rain,,Wet,121 87011134,Not Applicable,"Earth Embankment/Rock Cut/Ditch, Collision With Fixed Object",1,1009165,36119,850,0.8,18110248.0,6143.2,3354
2024,Property Damage Accident,9:17,2024-09-26,Thursday,Y,Daylight,YONKERS,OVERTAKING,WESTCHESTER,Straight and Level,Rain,,Wet,,Not Applicable,"Other Motor Vehicle, Collision With",2,1009165,36119,850,0.8,18110248.0,6143.2,3354
2024,Property Damage Accident,16:57,2024-09-26,Thursday,Y,Daylight,MAMARONECK,OTHER,WESTCHESTER,Straight and Level,Cloudy,,Dry,,Not Applicable,"Other Motor Vehicle, Collision With",3,1009165,36119,850,0.8,18110248.0,6143.2,3354
2024,Property Damage Accident,18:20,2024-09-26,Thursday,Y,Dusk,YONKERS,OVERTAKING,WESTCHESTER,Straight and Level,Rain,,Wet,,Not Applicable,"Other Motor Vehicle, Collision With",2,1009165,36119,850,0.8,18110248.0,6143.2,3354
2024,Property Damage Accident,14:30,2024-09-27,Friday,Y,Daylight,BEACON,SIDESWIPE,DUTCHESS,Straight and Level,Clear,,Dry,,Not Applicable,"Other Motor Vehicle, Collision With",2,299256,36027,1695,0.8,5987961.0,3975.0,1300
2024,Property Damage & Injury Accident,15:04,2024-09-27,Friday,Y,Daylight,UNION VALE,OTHER,DUTCHESS,Curve and Grade,Clear,No Passing Zone,Dry,55 82032102,Not Applicable,"Other*, Non-Collision",1,299256,36027,1695,0.8,5987961.0,3975.0,1300
2024,Property Damage Accident,9:06,2024-09-27,Friday,Y,Daylight,BEACON,OVERTAKING,DUTCHESS,Straight and Level,Clear,No Passing Zone,Dry,,Not Applicable,"Other Motor Vehicle, Collision With",2,299256,36027,1695,0.8,5987961.0,3975.0,1300
2024,Property Damage & Injury Accident,18:37,2024-09-27,Friday,Y,Dusk,RHINEBECK,OTHER,DUTCHESS,Curve and Grade,Cloudy,No Passing Zone,Dry,,Not Applicable,"Earth Embankment/Rock Cut/Ditch, Collision With Fixed Object",1,299256,36027,1695,0.8,5987961.0,3975.0,1300
2024,Property Damage Accident,17:16,2024-09-27,Friday,Y,Daylight,POUGHKEEPSIE,SIDESWIPE,DUTCHESS,Straight and Level,Cloudy,,Dry,,Not Applicable,"Other Motor Vehicle, Collision With",2,299256,36027,1695,0.8,5987961.0,3975.0,1300
2024,Property Damage Accident,8:20,2024-09-27,Friday,Y,Unknown,POUGHKEEPSIE,RIGHT ANGLE,DUTCHESS,Straight and Level,Unknown,,Dry,115 82011001,Not Applicable,"Other Motor Vehicle, Collision With",2,299256,36027,1695,0.8,5987961.0,3975.0,1300
2024,Property Damage Accident,14:28,2024-09-27,Friday,Y,Daylight,NEWBURGH,OTHER,ORANGE,Straight and Level,Cloudy,School Zone,Dry,,Not Applicable,"Other Motor Vehicle, Collision With",2,415088,36071,4753,2.6,13857119.0,5167.5,1527
2024,Property Damage & Injury Accident,14:30,2024-09-27,Friday,Y,Daylight,HIGHLAND FALLS,REAR END,ORANGE,Straight and Grade,Cloudy,,Dry,9W83022037,Not Applicable,"Other Motor Vehicle, Collision With",2,415088,36071,4753,2.6,13857119.0,5167.5,1527
2024,Property Damage Accident,14:48,2024-09-27,Friday,Y,Daylight,NEWBURGH,OVERTAKING,ORANGE,Straight and Level,Clear,Traffic Signal,Dry,,Not Applicable,"Other Motor Vehicle, Collision With",2,415088,36071,4753,2.6,13857119.0,5167.5,1527
2024,Property Damage Accident,11:21,2024-09-27,Friday,Y,Daylight,MONTGOMERY,REAR END,ORANGE,Straight and Level,Cloudy,,Dry,,Not Applicable,"Other Motor Vehicle, Collision With",2,415088,36071,4753,2.6,13857119.0,5167.5,1527
2024,Property Damage Accident,5:11,2024-09-27,Friday,Y,Dark-Road Unlighted,CARMEL,OTHER,PUTNAM,Straight and Level,Rain,,Wet,,Not Applicable,"Guide Rail - Not At End, Collision With Fixed Object",1,98842,36079,509,0.7,2746105.0,4089.2,375
2024,Property Damage Accident,12:00,2024-09-27,Friday,Y,Daylight,KENT,RIGHT ANGLE,PUTNAM,Straight and Grade,Clear,Traffic Signal,Dry,52 84051047,Not Applicable,"Other Motor Vehicle, Collision With",2,98842,36079,509,0.7,2746105.0,4089.2,375
2024,Property Damage & Injury Accident,18:04,2024-09-27,Friday,Y,Dusk,KENT,OTHER,PUTNAM,Curve and Level,Clear,,Dry,987G84021122,Not Applicable,"Earth Embankment/Rock Cut/Ditch, Collision With Fixed Object",1,98842,36079,509,0.7,2746105.0,4089.2,375
2024,Property Damage Accident,10:04,2024-09-27,Friday,Y,Daylight,PATTERSON,OTHER,PUTNAM,Straight and Level,Cloudy,No Passing Zone,Dry,,Not Applicable,Deer,1,98842,36079,509,0.7,2746105.0,4089.2,375
2024,Property Damage Accident,3:16,2024-09-27,Friday,Y,Dark-Road Unlighted,KENT,OTHER,PUTNAM,Curve and Grade,Rain,No Passing Zone,Wet,,Not Applicable,"Ran Off Roadway Only, Non-Collision",1,98842,36079,509,0.7,2746105.0,4089.2,375
2024,Property Damage Accident,8:53,2024-09-27,Friday,N,Daylight,NYACK,OVERTAKING,ROCKLAND,Straight and Level,Clear,,Dry,,Not Applicable,"Other Motor Vehicle, Collision With",2,354829,36087,259,0.3,7336134.0,9989.2,886
2024,Property Damage Accident,15:30,2024-09-27,Friday,Y,Daylight,RAMAPO,REAR END,ROCKLAND,Straight and Level,Clear,Traffic Signal,Dry,306 85011000,Not Applicable,"Other Motor Vehicle, Collision With",2,354829,36087,259,0.3,7336134.0,9989.2,886
2024,Property Damage Accident,16:51,2024-09-27,Friday,Y,Daylight,WEST HAVERSTRAW,OVERTAKING,ROCKLAND,Straight and Level,Cloudy,Traffic Signal,Dry,,Not Applicable,"Other Motor Vehicle, Collision With",2,354829,36087,259,0.3,7336134.0,9989.2,886
2024,Property Damage Accident,21:48,2024-09-27,Friday,Y,Dark-Road Unlighted,GARDINER,OTHER,ULSTER,Straight and Level,Cloudy,No Passing Zone,Dry,,Not Applicable,Deer,1,183095,36111,3565,1.2,6410502.0,3939.4,999
2024,Property Damage & Injury Accident,7:34,2024-09-27,Friday,Y,Daylight,SAUGERTIES,RIGHT ANGLE,ULSTER,Straight and Level,Clear,Traffic Signal,Dry,32 86023119,Not Applicable,"Other Motor Vehicle, Collision With",2,183095,36111,3565,1.2,6410502.0,3939.4,999
2024,Property Damage & Injury Accident,7:02,2024-09-27,Friday,Y,Daylight,PLATTEKILL,OTHER,ULSTER,Curve and Level,Cloudy,Stop Sign,Wet,,Not Applicable,"Guide Rail - End, Collision With Fixed Object",1,183095,36111,3565,1.2,6410502.0,3939.4,999
2024,Injury Accident,12:30,2024-09-27,Friday,N,Unknown,YONKERS,REAR END,WESTCHESTER,Unknown,Unknown,Unknown,Unknown,100 87011022,Not Applicable,"Other Motor Vehicle, Collision With",2,1009165,36119,850,0.8,18110248.0,6143.2,3354
2024,Property Damage Accident,19:45,2024-09-27,Friday,Y,Dark-Road Lighted,MOUNT KISCO,REAR END,WESTCHESTER,Straight and Level,Clear,,Dry,,Not Applicable,"Other Motor Vehicle, Collision With",2,1009165,36119,850,0.8,18110248.0,6143.2,3354
2024,Property Damage Accident,4:17,2024-09-27,Friday,Y,Dark-Road Lighted,NEW ROCHELLE,OTHER,WESTCHESTER,Straight and Level,Rain,Traffic Signal,Wet,981V87011004,Not Applicable,"Other Fixed Object*, Collision With Fixed Object",1,1009165,36119,850,0.8,18110248.0,6143.2,3354
2024,Property Damage & Injury Accident,9:47,2024-09-27,Friday,Y,Daylight,YONKERS,OTHER,WESTCHESTER,Straight and Level,Clear,,Dry,100 87011034,Not Applicable,"Building/Wall, Collision With Fixed Object",1,1009165,36119,850,0.8,18110248.0,6143.2,3354
2024,Property Damage & Injury Accident,18:01,2024-09-27,Friday,Y,Daylight,YONKERS,REAR END,WESTCHESTER,Curve and Level,Clear,Stop Sign,Dry,907K87011003,Not Applicable,"Other Motor Vehicle, Collision With",2,1009165,36119,850,0.8,18110248.0,6143.2,3354
2024,Property Damage Accident,11:00,2024-09-27,Friday,Y,Daylight,MOUNT VERNON,OVERTAKING,WESTCHESTER,Straight and Level,Clear,,Dry,,Not Applicable,"Other Motor Vehicle, Collision With",2,1009165,36119,850,0.8,18110248.0,6143.2,3354
2024,Property Damage Accident,6:44,2024-09-27,Friday,Y,Dark-Road Lighted,YONKERS,OVERTAKING,WESTCHESTER,Straight and Level,Clear,,Dry,,Not Applicable,"Other Motor Vehicle, Collision With",2,1009165,36119,850,0.8,18110248.0,6143.2,3354
2024,Property Damage Accident,15:44,2024-09-27,Friday,Y,Daylight,MOUNT PLEASANT,REAR END,WESTCHESTER,Straight and Level,Cloudy,,Dry,987D87012097,Not Applicable,"Other Motor Vehicle, Collision With",2,1009165,36119,850,0.8,18110248.0,6143.2,3354
2024,Property Damage & Injury Accident,7:50,2024-09-27,Friday,Y,Daylight,SOMERS,REAR END,WESTCHESTER,Straight and Grade,Cloudy,,Wet,,Not Applicable,"Other Motor Vehicle, Collision With",2,1009165,36119,850,0.8,18110248.0,6143.2,3354
2024,Property Damage & Injury Accident,14:58,2024-09-27,Friday,Y,Daylight,YORKTOWN,REAR END,WESTCHESTER,Straight and Level,Clear,,Dry,35 87012060,Not Applicable,"Other Motor Vehicle, Collision With",2,1009165,36119,850,0.8,18110248.0,6143.2,3354
2024,Property Damage Accident,20:11,2024-09-27,Friday,Y,Dark-Road Lighted,PORT CHESTER,OVERTAKING,WESTCHESTER,Straight and Level,Clear,,Dry,1 87035003,Not Applicable,"Other Motor Vehicle, Collision With",2,1009165,36119,850,0.8,18110248.0,6143.2,3354
2024,Property Damage Accident,19:08,2024-09-28,Saturday,Y,Dark-Road Unlighted,FISHKILL,RIGHT ANGLE,DUTCHESS,Straight and Level,Rain,Stop Sign,Wet,,Not Applicable,"Other Motor Vehicle, Collision With",2,299256,36027,1695,0.8,5987961.0,3975.0,1300
2024,Property Damage & Injury Accident,18:36,2024-09-28,Saturday,Y,Dark-Road Unlighted,LA GRANGE,OTHER,DUTCHESS,Straight and Grade,Cloudy,Stop Sign,Dry,987G82031154,Not Applicable,"Other Motor Vehicle, Collision With",2,299256,36027,1695,0.8,5987961.0,3975.0,1300
2024,Property Damage Accident,19:57,2024-09-28,Saturday,Y,Dark-Road Lighted,POUGHKEEPSIE,RIGHT ANGLE,DUTCHESS,Straight and Level,Rain,Traffic Signal,Wet,376 82011136,Not Applicable,"Other Motor Vehicle, Collision With",2,299256,36027,1695,0.8,5987961.0,3975.0,1300
2024,Property Damage Accident,21:56,2024-09-28,Saturday,Y,Dark-Road Lighted,POUGHKEEPSIE,OVERTAKING,DUTCHESS,Straight and Level,Rain,Traffic Signal,Wet,44 82022003,Not Applicable,"Other Motor Vehicle, Collision With",2,299256,36027,1695,0.8,5987961.0,3975.0,1300
2024,Property Damage Accident,18:47,2024-09-28,Saturday,Y,Dark-Road Lighted,POUGHKEEPSIE,OVERTAKING,DUTCHESS,Straight and Level,Rain,,Wet,44 82021009,Not Applicable,"Other Motor Vehicle, Collision With",2,299256,36027,1695,0.8,5987961.0,3975.0,1300
2024,Property Damage & Injury Accident,14:50,2024-09-28,Saturday,Y,Daylight,WAPPINGER,OTHER,DUTCHESS,Curve and Level,Cloudy,No Passing Zone,Dry,,Not Applicable,"Light Support/Utility Pole, Collision With Fixed Object",1,299256,36027,1695,0.8,5987961.0,3975.0,1300
2024,Injury Accident,9:17,2024-09-28,Saturday,Y,Daylight,PAWLING,OTHER,DUTCHESS,Straight and Grade,Clear,No Passing Zone,Dry,292 82021020,Not Applicable,"Tree, Collision With Fixed Object",1,299256,36027,1695,0.8,5987961.0,3975.0,1300
2024,Property Damage & Injury Accident,21:19,2024-09-28,Saturday,Y,Dark-Road Unlighted,BLOOMING GROVE,OTHER,ORANGE,Straight and Level,Rain,,Wet,17 83101209,Not Applicable,"Other Motor Vehicle, Collision With",3,415088,36071,4753,2.6,13857119.0,5167.5,1527
2024,Property Damage & Injury Accident,4:38,2024-09-28,Saturday,Y,Dark-Road Unlighted,TUXEDO,OTHER,ORANGE,Straight and Level,Clear,,Dry,,Not Applicable,"Other Motor Vehicle, Collision With",2,415088,36071,4753,2.6,13857119.0,5167.5,1527
2024,Property Damage Accident,11:38,2024-09-28,Saturday,Y,Daylight,WOODBURY,OTHER,ORANGE,Straight and Level,Cloudy,No Passing Zone,Dry,,Not Applicable,Deer,1,415088,36071,4753,2.6,13857119.0,5167.5,1527
2024,Property Damage & Injury Accident,15:50,2024-09-28,Saturday,Y,Daylight,NEW WINDSOR,REAR END,ORANGE,Straight and Grade,Rain,,Wet,32 83011140,Not Applicable,"Other Motor Vehicle, Collision With",2,415088,36071,4753,2.6,13857119.0,5167.5,1527
2024,Property Damage & Injury Accident,8:54,2024-09-28,Saturday,Y,Daylight,NEWBURGH,OTHER,ORANGE,Straight and Level,Cloudy,,Dry,52 83031162,Not Applicable,"Other Motor Vehicle, Collision With",3,415088,36071,4753,2.6,13857119.0,5167.5,1527
2024,Property Damage Accident,13:11,2024-09-28,Saturday,Y,Daylight,MIDDLETOWN,RIGHT ANGLE,ORANGE,Straight and Level,Clear,Stop Sign,Dry,,Not Applicable,"Other Motor Vehicle, Collision With",2,415088,36071,4753,2.6,13857119.0,5167.5,1527
2024,Property Damage & Injury Accident,17:59,2024-09-28,Saturday,Y,Daylight,MONROE,HEAD ON,ORANGE,Straight and Level,Cloudy,,Dry,,Not Applicable,"Light Support/Utility Pole, Collision With Fixed Object",2,415088,36071,4753,2.6,13857119.0,5167.5,1527
2024,Property Damage Accident,13:04,2024-09-28,Saturday,Y,Daylight,NEW WINDSOR,OTHER,ORANGE,Straight and Level,Cloudy,,Dry,32 83011113,Not Applicable,"Other Motor Vehicle, Collision With",2,415088,36071,4753,2.6,13857119.0,5167.5,1527
2024,Property Damage Accident,11:55,2024-09-28,Saturday,Y,Daylight,KENT,LEFT TURN (3),PUTNAM,Straight and Grade,Clear,No Passing Zone,Dry,52 84051026,Not Applicable,"Other Motor Vehicle, Collision With",2,98842,36079,509,0.7,2746105.0,4089.2,375
2024,Property Damage & Injury Accident,15:07,2024-09-28,Saturday,Y,Daylight,PHILLIPSTOWN,OTHER,PUTNAM,Straight and Level,Rain,No Passing Zone,Wet,9D84021031,Not Applicable,"Earth Embankment/Rock Cut/Ditch, Collision With Fixed Object",1,98842,36079,509,0.7,2746105.0,4089.2,375
2024,Property Damage & Injury Accident,18:13,2024-09-28,Saturday,Y,Dusk,SOUTHEAST,REAR END,PUTNAM,Straight and Level,Rain,,Wet,84I84031118,Not Applicable,"Other Motor Vehicle, Collision With",2,98842,36079,509,0.7,2746105.0,4089.2,375
2024,Property Damage & Injury Accident,3:07,2024-09-28,Saturday,Y,Dark-Road Lighted,ORANGETOWN,OTHER,ROCKLAND,Straight and Level,Cloudy,,Dry,9W85011049,Not Applicable,"Tree, Collision With Fixed Object",1,354829,36087,259,0.3,7336134.0,9989.2,886
2024,Property Damage Accident,13:15,2024-09-28,Saturday,Y,Daylight,SPRING VALLEY,OTHER,ROCKLAND,Straight and Level,Rain,No Passing Zone,Wet,45 85011033,Not Applicable,"Other Motor Vehicle, Collision With",3,354829,36087,259,0.3,7336134.0,9989.2,886
2024,Property Damage Accident,2:35,2024-09-28,Saturday,Y,Dark-Road Lighted,HAVERSTRAW,OTHER,ROCKLAND,Straight and Level,Clear,,Dry,,Not Applicable,"Other Motor Vehicle, Collision With",4,354829,36087,259,0.3,7336134.0,9989.2,886