year,accident_descriptor,time,date,day_of_week,police_report,lighting_conditions,municipality,collision_type_descriptor,county_name,road_descriptor,weather_conditions,traffic_control_device,road_surface_conditions,dot_reference_marker_location,pedestrian_bicyclist_action,event_descriptor,number_of_vehicles_involved,county_population_2024,county_fips,county_deer_take_2024,county_antlerless_deer_per_sqmi_2024,county_daily_vmt_2019,county_mean_aadt_2019,county_aadt_segments_2019
2024,Property Damage Accident,19:20,2024-09-28,Saturday,Y,Dark-Road Lighted,SPRING VALLEY,OTHER,ROCKLAND,Straight and Level,Rain,,Wet,59 85011080,Not Applicable,"Other Motor Vehicle, Collision With",3,354829,36087,259,0.3,7336134.0,9989.2,886
2024,Property Damage Accident,16:32,2024-09-28,Saturday,Y,Daylight,YORKTOWN,REAR END,WESTCHESTER,Straight and Level,Rain,Traffic Signal,Wet,35 87012052,Not Applicable,"Other Motor Vehicle, Collision With",2,1009165,36119,850,0.8,18110248.0,6143.2,3354
2024,Property Damage Accident,19:03,2024-09-28,Saturday,Y,Dark-Road Lighted,PORT CHESTER,REAR END,WESTCHESTER,Straight and Level,Rain,,Wet,,Not Applicable,"Other Motor Vehicle, Collision With",2,1009165,36119,850,0.8,18110248.0,6143.2,3354
2024,Property Damage & Injury Accident,17:00,2024-09-28,Saturday,Y,Daylight,YONKERS,REAR END,WESTCHESTER,Straight and Level,Rain,,Dry,,Not Applicable,"Other Motor Vehicle, Collision With",2,1009165,36119,850,0.8,18110248.0,6143.2,3354
2024,Property Damage Accident,9:36,2024-09-28,Saturday,Y,Daylight,YONKERS,LEFT TURN (0),WESTCHESTER,Straight at Hill Crest,Cloudy,,Wet,,Not Applicable,"Other Motor Vehicle, Collision With",2,1009165,36119,850,0.8,18110248.0,6143.2,3354
2024,Property Damage Accident,13:51,2024-09-28,Saturday,Y,Daylight,YONKERS,RIGHT TURN (5),WESTCHESTER,Curve at Hill Crest,Rain,,Wet,,Not Applicable,"Other Motor Vehicle, Collision With",2,1009165,36119,850,0.8,18110248.0,6143.2,3354
2024,Property Damage Accident,1:08,2024-09-28,Saturday,N,Dark-Road Unlighted,CORTLANDT,OTHER,WESTCHESTER,Curve and Grade,Clear,,Dry,,Not Applicable,"Light Support/Utility Pole, Collision With Fixed Object",1,1009165,36119,850,0.8,18110248.0,6143.2,3354
2024,Property Damage & Injury Accident,16:46,2024-09-28,Saturday,Y,Daylight,MAMARONECK,HEAD ON,WESTCHESTER,Curve and Grade,Rain,,Wet,,Not Applicable,"Other Motor Vehicle, Collision With",2,1009165,36119,850,0.8,18110248.0,6143.2,3354
2024,Property Damage Accident,18:33,2024-09-28,Saturday,Y,Dusk,GREENBURGH,OVERTAKING,WESTCHESTER,Straight and Level,Rain,Traffic Signal,Wet,100C87011013,Not Applicable,"Other Motor Vehicle, Collision With",2,1009165,36119,850,0.8,18110248.0,6143.2,3354
2024,Property Damage Accident,23:55,2024-09-28,Saturday,Y,Dark-Road Lighted,PORT CHESTER,REAR END,WESTCHESTER,Straight and Level,Clear,,Dry,,Not Applicable,"Other Motor Vehicle, Collision With",2,1009165,36119,850,0.8,18110248.0,6143.2,3354
2024,Property Damage Accident,17:00,2024-09-29,Sunday,Y,Daylight,EAST FISHKILL,OTHER,DUTCHESS,Straight and Level,Cloudy,,Dry,84I82021182,Not Applicable,"Guide Rail - Not At End, Collision With Fixed Object",1,299256,36027,1695,0.8,5987961.0,3975.0,1300
2024,Property Damage Accident,12:18,2024-09-29,Sunday,Y,Daylight,CLINTON,HEAD ON,DUTCHESS,Curve and Grade,Cloudy,,Wet,,Not Applicable,"Other Motor Vehicle, Collision With",2,299256,36027,1695,0.8,5987961.0,3975.0,1300
2024,Property Damage Accident,12:06,2024-09-29,Sunday,Y,Daylight,RHINEBECK,OTHER,DUTCHESS,Curve and Grade,Cloudy,,Wet,,Not Applicable,"Tree, Collision With Fixed Object",1,299256,36027,1695,0.8,5987961.0,3975.0,1300
2024,Property Damage & Injury Accident,11:16,2024-09-29,Sunday,Y,Daylight,EAST FISHKILL,OTHER,DUTCHESS,Straight and Level,Cloudy,No Passing Zone,Wet,,Not Applicable,"Sign Post, Collision With Fixed Object",1,299256,36027,1695,0.8,5987961.0,3975.0,1300
2024,Property Damage Accident,8:10,2024-09-29,Sunday,Y,Daylight,FISHKILL,OTHER,DUTCHESS,Curve and Level,Rain,,Wet,9 82051010,Not Applicable,"Tree, Collision With Fixed Object",1,299256,36027,1695,0.8,5987961.0,3975.0,1300
2024,Property Damage Accident,11:12,2024-09-29,Sunday,Y,Daylight,NEWBURGH,OTHER,ORANGE,Straight and Level,Cloudy,,Wet,32 83013009,Not Applicable,"Other Motor Vehicle, Collision With",2,415088,36071,4753,2.6,13857119.0,5167.5,1527
2024,Property Damage Accident,2:53,2024-09-29,Sunday,Y,Dark-Road Unlighted,WALLKILL,OTHER,ORANGE,Straight at Hill Crest,Rain,,Wet,,Not Applicable,"Other Object (Not Fixed)*, Collision With",1,415088,36071,4753,2.6,13857119.0,5167.5,1527
2024,Property Damage & Injury Accident,19:42,2024-09-29,Sunday,Y,Dark-Road Lighted,MIDDLETOWN,RIGHT ANGLE,ORANGE,Straight and Level,Rain,Traffic Signal,Wet,17M83012024,Not Applicable,"Other Motor Vehicle, Collision With",2,415088,36071,4753,2.6,13857119.0,5167.5,1527
2024,Injury Accident,20:31,2024-09-29,Sunday,Y,Dawn,KIRYAS JOEL,OTHER,ORANGE,Straight and Level,Cloudy,RR Crossing Gates,Dry,,"Crossing, No Signal, Marked Crosswalk","Pedestrian, Collision With",1,415088,36071,4753,2.6,13857119.0,5167.5,1527
2024,Property Damage Accident,5:36,2024-09-29,Sunday,Y,Dark-Road Unlighted,NEWBURGH,OTHER,ORANGE,Straight and Level,Rain,,Wet,,Not Applicable,"Barrier, Collision With Fixed Object",1,415088,36071,4753,2.6,13857119.0,5167.5,1527
2024,Property Damage & Injury Accident,17:36,2024-09-29,Sunday,Y,Daylight,NEWBURGH,OTHER,ORANGE,Straight and Level,Cloudy,,Dry,9W83023025,Not Applicable,"Other Motor Vehicle, Collision With",2,415088,36071,4753,2.6,13857119.0,5167.5,1527
2024,Property Damage Accident,19:53,2024-09-29,Sunday,Y,Dark-Road Unlighted,STONY POINT,OTHER,ROCKLAND,Straight and Grade,Rain,No Passing Zone,Wet,9W85011246,Not Applicable,"Guide Rail - Not At End, Collision With Fixed Object",1,354829,36087,259,0.3,7336134.0,9989.2,886
2024,Property Damage Accident,9:05,2024-09-29,Sunday,Y,Daylight,MONTEBELLO,OTHER,ROCKLAND,Curve and Grade,Rain,,Wet,,Not Applicable,"Other Fixed Object*, Collision With Fixed Object",1,354829,36087,259,0.3,7336134.0,9989.2,886
2024,Property Damage Accident,20:13,2024-09-29,Sunday,Y,Dark-Road Lighted,CLARKSTOWN,RIGHT TURN (6),ROCKLAND,Straight and Level,Clear,,Wet,303 85011036,Not Applicable,"Other Motor Vehicle, Collision With",2,354829,36087,259,0.3,7336134.0,9989.2,886
2024,Property Damage & Injury Accident,13:14,2024-09-29,Sunday,Y,Daylight,RAMAPO,REAR END,ROCKLAND,Curve and Level,Rain,,Wet,202 85011062,Not Applicable,"Other Motor Vehicle, Collision With",2,354829,36087,259,0.3,7336134.0,9989.2,886
2024,Property Damage Accident,23:15,2024-09-29,Sunday,Y,Dark-Road Unlighted,LLOYD,OTHER,ULSTER,Straight and Level,Clear,No Passing Zone,Dry,,Not Applicable,Deer,1,183095,36111,3565,1.2,6410502.0,3939.4,999
2024,Property Damage Accident,6:50,2024-09-29,Sunday,Y,Dawn,ROSENDALE,OTHER,ULSTER,Straight and Grade,Clear,,Wet,213 86011119,Not Applicable,Deer,1,183095,36111,3565,1.2,6410502.0,3939.4,999
2024,Property Damage Accident,11:56,2024-09-29,Sunday,Y,Daylight,CORTLANDT,REAR END,WESTCHESTER,Straight and Grade,Rain,,Wet,6 87033017,Not Applicable,"Other Motor Vehicle, Collision With",2,1009165,36119,850,0.8,18110248.0,6143.2,3354
2024,Property Damage Accident,13:37,2024-09-29,Sunday,Y,Daylight,MOUNT VERNON,REAR END,WESTCHESTER,Straight and Level,Rain,,Wet,907W87011009,Not Applicable,"Other Motor Vehicle, Collision With",2,1009165,36119,850,0.8,18110248.0,6143.2,3354
2024,Property Damage Accident,10:25,2024-09-29,Sunday,Y,Daylight,PORT CHESTER,OTHER,WESTCHESTER,Straight and Level,Rain,,Wet,1 87035012,Not Applicable,"Other Motor Vehicle, Collision With",2,1009165,36119,850,0.8,18110248.0,6143.2,3354
2024,Property Damage Accident,10:52,2024-09-29,Sunday,Y,Daylight,OSSINING,REAR END,WESTCHESTER,Straight and Level,Cloudy,Traffic Signal,Wet,,Not Applicable,"Other Motor Vehicle, Collision With",2,1009165,36119,850,0.8,18110248.0,6143.2,3354
2024,Property Damage Accident,3:30,2024-09-29,Sunday,Y,Dark-Road Lighted,MOUNT PLEASANT,OTHER,WESTCHESTER,Straight and Grade,Rain,,Wet,987D87012107,Not Applicable,"Guide Rail - Not At End, Collision With Fixed Object",1,1009165,36119,850,0.8,18110248.0,6143.2,3354
2024,Property Damage Accident,0:00,2024-09-29,Sunday,N,Daylight,YONKERS,OVERTAKING,WESTCHESTER,Straight and Level,Rain,Traffic Signal,Wet,984H87011008,Not Applicable,"Other Motor Vehicle, Collision With",2,1009165,36119,850,0.8,18110248.0,6143.2,3354
2024,Property Damage Accident,13:05,2024-09-29,Sunday,Y,Daylight,PORT CHESTER,RIGHT ANGLE,WESTCHESTER,Straight and Level,Cloudy,,Wet,,Not Applicable,"Other Motor Vehicle, Collision With",2,1009165,36119,850,0.8,18110248.0,6143.2,3354
2024,Property Damage Accident,18:57,2024-09-29,Sunday,Y,Dusk,NEW ROCHELLE,REAR END,WESTCHESTER,Straight and Grade,Rain,,Wet,,Not Applicable,"Other Motor Vehicle, Collision With",2,1009165,36119,850,0.8,18110248.0,6143.2,3354
2024,Property Damage Accident,2:41,2024-09-29,Sunday,Y,Dark-Road Lighted,YONKERS,OTHER,WESTCHESTER,Straight at Hill Crest,Cloudy,Unknown,Wet,,Not Applicable,"Light Support/Utility Pole, Collision With Fixed Object",1,1009165,36119,850,0.8,18110248.0,6143.2,3354
2024,Property Damage Accident,8:06,2024-09-30,Monday,Y,Daylight,CLINTON,RIGHT ANGLE,DUTCHESS,Curve and Level,Clear,,Dry,9G82013100,Not Applicable,"Other Motor Vehicle, Collision With",2,299256,36027,1695,0.8,5987961.0,3975.0,1300
2024,Property Damage Accident,17:40,2024-09-30,Monday,Y,Daylight,RED HOOK,OTHER,DUTCHESS,Straight and Level,Clear,,Dry,9 82053232,Not Applicable,Deer,1,299256,36027,1695,0.8,5987961.0,3975.0,1300
2024,Property Damage Accident,15:40,2024-09-30,Monday,Y,Daylight,WALLKILL,RIGHT TURN (5),ORANGE,Straight and Level,Clear,Traffic Signal,Dry,211 83013015,Not Applicable,"Other Motor Vehicle, Collision With",2,415088,36071,4753,2.6,13857119.0,5167.5,1527
2024,Property Damage Accident,14:28,2024-09-30,Monday,Y,Daylight,WARWICK,REAR END,ORANGE,Straight and Level,Clear,,Dry,17A83011101,Not Applicable,"Other Motor Vehicle, Collision With",2,415088,36071,4753,2.6,13857119.0,5167.5,1527
2024,Property Damage & Injury Accident,7:55,2024-09-30,Monday,Y,Daylight,TUXEDO,OTHER,ORANGE,Straight and Level,Cloudy,Other,Dry,17 83101362,Not Applicable,"Other Motor Vehicle, Collision With",2,415088,36071,4753,2.6,13857119.0,5167.5,1527
2024,Property Damage & Injury Accident,22:15,2024-09-30,Monday,Y,Dark-Road Unlighted,WOODBURY,RIGHT ANGLE,ORANGE,Curve and Level,Clear,Yield Sign,Dry,6 83012407,Not Applicable,"Other Motor Vehicle, Collision With",2,415088,36071,4753,2.6,13857119.0,5167.5,1527
2024,Property Damage Accident,7:20,2024-09-30,Monday,N,Dawn,MONTGOMERY,OTHER,ORANGE,Straight and Level,Fog/Smog/Smoke,,Dry,,Not Applicable,"Other Object (Not Fixed)*, Collision With",1,415088,36071,4753,2.6,13857119.0,5167.5,1527
2024,Injury Accident,16:42,2024-09-30,Monday,Y,Daylight,MIDDLETOWN,RIGHT ANGLE,ORANGE,Straight and Level,Clear,,Dry,,Not Applicable,"Other Motor Vehicle, Collision With",2,415088,36071,4753,2.6,13857119.0,5167.5,1527
2024,Property Damage Accident,5:42,2024-09-30,Monday,Y,Dark-Road Unlighted,MOUNT HOPE,OTHER,ORANGE,Straight and Level,Clear,,Dry,,Not Applicable,Deer,1,415088,36071,4753,2.6,13857119.0,5167.5,1527
2024,Property Damage & Injury Accident,23:31,2024-09-30,Monday,Y,Dark-Road Unlighted,CRAWFORD,OTHER,ORANGE,Straight and Level,Clear,,Dry,17K83011060,Not Applicable,Deer,1,415088,36071,4753,2.6,13857119.0,5167.5,1527
2024,Property Damage Accident,19:45,2024-09-30,Monday,Y,Dark-Road Unlighted,PATTERSON,OTHER,PUTNAM,Straight and Level,Clear,,Dry,,Not Applicable,"Tree, Collision With Fixed Object",1,98842,36079,509,0.7,2746105.0,4089.2,375
2024,Property Damage Accident,15:50,2024-09-30,Monday,Y,Daylight,SOUTHEAST,OTHER,PUTNAM,Straight and Level,Clear,,Dry,684I84021021,Not Applicable,"Other Motor Vehicle, Collision With",3,98842,36079,509,0.7,2746105.0,4089.2,375
2024,Property Damage Accident,21:30,2024-09-30,Monday,Y,Dark-Road Lighted,BREWSTER,OVERTAKING,PUTNAM,Straight and Level,Clear,,Dry,6 84041125,Not Applicable,"Other Motor Vehicle, Collision With",2,98842,36079,509,0.7,2746105.0,4089.2,375
2024,Property Damage & Injury Accident,12:02,2024-09-30,Monday,Y,Daylight,CARMEL,OTHER,PUTNAM,Straight and Grade,Cloudy,No Passing Zone,Dry,,Riding/Walking/Skating Along Highway With Traffic,"Bicyclist, Collision With",1,98842,36079,509,0.7,2746105.0,4089.2,375
2024,Property Damage Accident,10:10,2024-09-30,Monday,Y,Daylight,CLARKSTOWN,SIDESWIPE,ROCKLAND,Curve and Grade,Clear,,Dry,,Not Applicable,"Other Motor Vehicle, Collision With",2,354829,36087,259,0.3,7336134.0,9989.2,886
2024,Property Damage Accident,13:25,2024-09-30,Monday,Y,Daylight,WEST HAVERSTRAW,REAR END,ROCKLAND,Straight and Level,Clear,,Dry,,Not Applicable,"Other Motor Vehicle, Collision With",2,354829,36087,259,0.3,7336134.0,9989.2,886
2024,Property Damage & Injury Accident,5:53,2024-09-30,Monday,Y,Dark-Road Lighted,STONY POINT,RIGHT ANGLE,ROCKLAND,Straight at Hill Crest,Clear,Stop Sign,Dry,9W85011187,Not Applicable,"Other Motor Vehicle, Collision With",2,354829,36087,259,0.3,7336134.0,9989.2,886
2024,Property Damage Accident,19:40,2024-09-30,Monday,Y,Dark-Road Lighted,CLARKSTOWN,OVERTAKING,ROCKLAND,Straight and Level,Clear,,Dry,,Not Applicable,"Other Motor Vehicle, Collision With",2,354829,36087,259,0.3,7336134.0,9989.2,886
2024,Property Damage Accident,15:30,2024-09-30,Monday,N,Daylight,NYACK,Unknown,ROCKLAND,Straight and Level,Clear,,Dry,,Not Applicable,"Other Motor Vehicle, Collision With",2,354829,36087,259,0.3,7336134.0,9989.2,886
2024,Property Damage Accident,17:35,2024-09-30,Monday,Y,Daylight,ORANGETOWN,RIGHT TURN (6),ROCKLAND,Straight and Grade,Clear,,Dry,,Not Applicable,"Other Motor Vehicle, Collision With",2,354829,36087,259,0.3,7336134.0,9989.2,886
2024,Property Damage & Injury Accident,6:17,2024-09-30,Monday,Y,Dawn,MONTEBELLO,RIGHT ANGLE,ROCKLAND,Straight and Level,Clear,,Dry,202 85011018,Not Applicable,"Other Motor Vehicle, Collision With",2,354829,36087,259,0.3,7336134.0,9989.2,886
2024,Property Damage Accident,16:11,2024-09-30,Monday,Y,Daylight,NEW PALTZ,RIGHT ANGLE,ULSTER,Straight and Level,Clear,Stop Sign,Dry,208 86021105,Not Applicable,"Other Motor Vehicle, Collision With",2,183095,36111,3565,1.2,6410502.0,3939.4,999
2024,Property Damage & Injury Accident,12:58,2024-09-30,Monday,Y,Daylight,ROSENDALE,OTHER,ULSTER,Straight and Level,Clear,No Passing Zone,Dry,,Not Applicable,"Tree, Collision With Fixed Object",1,183095,36111,3565,1.2,6410502.0,3939.4,999
2024,Property Damage Accident,15:30,2024-09-30,Monday,Y,Daylight,LLOYD,REAR END,ULSTER,Straight and Grade,Clear,,Dry,9W86031127,Not Applicable,"Other Motor Vehicle, Collision With",2,183095,36111,3565,1.2,6410502.0,3939.4,999
2024,Property Damage Accident,14:24,2024-09-30,Monday,Y,Daylight,ULSTER,OTHER,ULSTER,Straight and Level,Clear,,Dry,32 86023037,Not Applicable,"Other Fixed Object*, Collision With Fixed Object",1,183095,36111,3565,1.2,6410502.0,3939.4,999
2024,Property Damage Accident,12:16,2024-09-30,Monday,Y,Daylight,ULSTER,RIGHT TURN (6),ULSTER,Straight and Level,Cloudy,,Dry,,Not Applicable,"Other Motor Vehicle, Collision With",2,183095,36111,3565,1.2,6410502.0,3939.4,999
2024,Property Damage Accident,11:35,2024-09-30,Monday,Y,Daylight,PEEKSKILL,RIGHT ANGLE,WESTCHESTER,Straight and Grade,Clear,,Dry,,Not Applicable,"Other Motor Vehicle, Collision With",2,1009165,36119,850,0.8,18110248.0,6143.2,3354
2024,Property Damage Accident,23:29,2024-09-30,Monday,Y,Dark-Road Lighted,YONKERS,OVERTAKING,WESTCHESTER,Curve and Level,Cloudy,,Dry,,Not Applicable,"Other Motor Vehicle, Collision With",2,1009165,36119,850,0.8,18110248.0,6143.2,3354
2024,Property Damage Accident,17:30,2024-09-30,Monday,Y,Daylight,PORT CHESTER,OVERTAKING,WESTCHESTER,Straight and Level,Clear,,Dry,982B87011007,Not Applicable,"Other Motor Vehicle, Collision With",2,1009165,36119,850,0.8,18110248.0,6143.2,3354
2024,Property Damage Accident,6:11,2024-09-30,Monday,Y,Daylight,BEDFORD,OTHER,WESTCHESTER,Straight and Level,Clear,,Dry,,Not Applicable,"Building/Wall, Collision With Fixed Object",1,1009165,36119,850,0.8,18110248.0,6143.2,3354
2024,Property Damage & Injury Accident,20:55,2024-09-30,Monday,Y,Dark-Road Lighted,YONKERS,RIGHT TURN (5),WESTCHESTER,Straight and Level,Clear,Stop Sign,Dry,,Not Applicable,"Other Motor Vehicle, Collision With",2,1009165,36119,850,0.8,18110248.0,6143.2,3354
2024,Property Damage Accident,12:55,2024-09-30,Monday,Y,Daylight,YONKERS,SIDESWIPE,WESTCHESTER,Curve and Grade,Clear,,Dry,,Not Applicable,"Other Motor Vehicle, Collision With",2,1009165,36119,850,0.8,18110248.0,6143.2,3354
2024,Injury Accident,15:20,2024-09-30,Monday,Y,Daylight,HARRISON,REAR END,WESTCHESTER,Straight and Grade,Clear,Traffic Signal,Dry,,Not Applicable,"Other Motor Vehicle, Collision With",2,1009165,36119,850,0.8,18110248.0,6143.2,3354
2024,Property Damage & Injury Accident,10:37,2024-09-30,Monday,Y,Daylight,BEDFORD,OVERTAKING,WESTCHESTER,Straight and Level,Clear,,Dry,117 87011121,Not Applicable,"Other Motor Vehicle, Collision With",2,1009165,36119,850,0.8,18110248.0,6143.2,3354
2024,Property Damage Accident,3:44,2024-10-01,Tuesday,Y,Dark-Road Lighted,HYDE PARK,OTHER,DUTCHESS,Straight and Level,Clear,,Dry,9 82053052,Not Applicable,Deer,1,299256,36027,1695,0.8,5987961.0,3975.0,1300
2024,Property Damage & Injury Accident,7:43,2024-10-01,Tuesday,Y,Daylight,FISHKILL,RIGHT ANGLE,DUTCHESS,Straight and Level,Clear,,Dry,,Not Applicable,"Other Motor Vehicle, Collision With",2,299256,36027,1695,0.8,5987961.0,3975.0,1300
2024,Property Damage Accident,14:52,2024-10-01,Tuesday,Y,Daylight,EAST FISHKILL,REAR END,DUTCHESS,Straight and Grade,Clear,,Dry,84I82021139,Not Applicable,"Other Motor Vehicle, Collision With",2,299256,36027,1695,0.8,5987961.0,3975.0,1300
2024,Property Damage Accident,12:35,2024-10-01,Tuesday,Y,Daylight,FISHKILL,REAR END,DUTCHESS,Straight and Level,Clear,Traffic Signal,Dry,9 82051026,Not Applicable,"Other Motor Vehicle, Collision With",2,299256,36027,1695,0.8,5987961.0,3975.0,1300
2024,Property Damage Accident,11:35,2024-10-01,Tuesday,Y,Daylight,MILAN,OTHER,DUTCHESS,Straight and Level,Clear,,Dry,987G82031316,Not Applicable,Deer,1,299256,36027,1695,0.8,5987961.0,3975.0,1300
2024,Property Damage Accident,22:50,2024-10-01,Tuesday,Y,Dark-Road Unlighted,FISHKILL,OTHER,DUTCHESS,Straight and Level,Clear,No Passing Zone,Dry,9D82033027,Not Applicable,"Animal, Collision With",1,299256,36027,1695,0.8,5987961.0,3975.0,1300
2024,Property Damage & Injury Accident,19:09,2024-10-01,Tuesday,Y,Dark-Road Lighted,RED HOOK,OTHER,DUTCHESS,Straight and Level,Clear,,Dry,199 82021065,Not Applicable,"Sign Post, Collision With Fixed Object",3,299256,36027,1695,0.8,5987961.0,3975.0,1300
2024,Property Damage Accident,14:50,2024-10-01,Tuesday,Y,Daylight,HAMPTONBURGH,REAR END,ORANGE,Straight and Level,Cloudy,,Dry,,Not Applicable,"Other Motor Vehicle, Collision With",2,415088,36071,4753,2.6,13857119.0,5167.5,1527
2024,Property Damage & Injury Accident,4:05,2024-10-01,Tuesday,Y,Dark-Road Unlighted,GOSHEN,OTHER,ORANGE,Straight and Grade,Cloudy,,Dry,6 83012181,Not Applicable,"Light Support/Utility Pole, Collision With Fixed Object",1,415088,36071,4753,2.6,13857119.0,5167.5,1527
2024,Property Damage Accident,21:00,2024-10-01,Tuesday,Y,Dark-Road Lighted,NEWBURGH,REAR END,ORANGE,Straight and Level,Clear,Traffic Signal,Dry,,Not Applicable,"Other Motor Vehicle, Collision With",2,415088,36071,4753,2.6,13857119.0,5167.5,1527
2024,Property Damage Accident,18:13,2024-10-01,Tuesday,Y,Daylight,NEW WINDSOR,OTHER,ORANGE,Straight and Level,Clear,,Dry,32 83011140,Not Applicable,Deer,1,415088,36071,4753,2.6,13857119.0,5167.5,1527
2024,Property Damage & Injury Accident,6:27,2024-10-01,Tuesday,Y,Dawn,PHILLIPSTOWN,REAR END,PUTNAM,Straight and Level,Clear,No Passing Zone,Dry,9 84041103,Not Applicable,"Other Motor Vehicle, Collision With",2,98842,36079,509,0.7,2746105.0,4089.2,375
2024,Property Damage Accident,8:55,2024-10-01,Tuesday,Y,Daylight,CLARKSTOWN,REAR END,ROCKLAND,Straight and Level,Cloudy,,Dry,987C85011112,Not Applicable,"Other Motor Vehicle, Collision With",2,354829,36087,259,0.3,7336134.0,9989.2,886
2024,Property Damage & Injury Accident,19:00,2024-10-01,Tuesday,Y,Dusk,CLARKSTOWN,REAR END,ROCKLAND,Straight and Level,Clear,,Dry,987C85011069,Not Applicable,"Other Motor Vehicle, Collision With",2,354829,36087,259,0.3,7336134.0,9989.2,886
2024,Property Damage Accident,11:55,2024-10-01,Tuesday,Y,Daylight,CLARKSTOWN,REAR END,ROCKLAND,Curve and Grade,Clear,,Dry,,Not Applicable,"Other Motor Vehicle, Collision With",2,354829,36087,259,0.3,7336134.0,9989.2,886
2024,Property Damage Accident,18:27,2024-10-01,Tuesday,Y,Daylight,SPRING VALLEY,SIDESWIPE,ROCKLAND,Straight and Level,Clear,Traffic Signal,Dry,59 85011077,Not Applicable,"Other Motor Vehicle, Collision With",2,354829,36087,259,0.3,7336134.0,9989.2,886
2024,Property Damage Accident,23:20,2024-10-01,Tuesday,Y,Dark-Road Lighted,CLARKSTOWN,REAR END,ROCKLAND,Straight at Hill Crest,Clear,,Dry,,Not Applicable,"Other Motor Vehicle, Collision With",2,354829,36087,259,0.3,7336134.0,9989.2,886
2024,Property Damage & Injury Accident,18:00,2024-10-01,Tuesday,Y,Daylight,HAVERSTRAW,RIGHT TURN (6),ROCKLAND,Straight and Level,Clear,Stop Sign,Dry,,Not Applicable,"Other Motor Vehicle, Collision With",2,354829,36087,259,0.3,7336134.0,9989.2,886
2024,Property Damage Accident,13:00,2024-10-01,Tuesday,Y,Daylight,STONY POINT,RIGHT TURN (6),ROCKLAND,Straight and Level,Clear,Traffic Signal,Dry,9W85011176,Not Applicable,"Other Motor Vehicle, Collision With",2,354829,36087,259,0.3,7336134.0,9989.2,886
2024,Property Damage Accident,15:28,2024-10-01,Tuesday,Y,Daylight,LLOYD,REAR END,ULSTER,Straight and Level,Clear,Stop Sign,Dry,,Not Applicable,"Other Motor Vehicle, Collision With",2,183095,36111,3565,1.2,6410502.0,3939.4,999
2024,Property Damage & Injury Accident,5:36,2024-10-01,Tuesday,Y,Dark-Road Unlighted,WAWARSING,OTHER,ULSTER,Straight and Grade,Fog/Smog/Smoke,No Passing Zone,Dry,52 86021015,Not Applicable,Deer,1,183095,36111,3565,1.2,6410502.0,3939.4,999
2024,Property Damage Accident,10:57,2024-10-01,Tuesday,Y,Daylight,NEW ROCHELLE,OVERTAKING,WESTCHESTER,Straight and Level,Clear,,Dry,,Not Applicable,"Other Motor Vehicle, Collision With",2,1009165,36119,850,0.8,18110248.0,6143.2,3354
2024,Injury Accident,19:10,2024-10-01,Tuesday,Y,Dark-Road Lighted,ARDSLEY,OTHER,WESTCHESTER,Straight and Grade,Clear,Traffic Signal,Dry,9A87032024,"Crossing, No Signal or Crosswalk","Pedestrian, Collision With",1,1009165,36119,850,0.8,18110248.0,6143.2,3354
2024,Property Damage & Injury Accident,17:46,2024-10-01,Tuesday,Y,Daylight,YONKERS,OTHER,WESTCHESTER,Straight and Level,Clear,,Dry,987F87011012,Not Applicable,"Other Motor Vehicle, Collision With",3,1009165,36119,850,0.8,18110248.0,6143.2,3354
2024,Injury Accident,17:08,2024-10-01,Tuesday,Y,Daylight,MAMARONECK,OTHER,WESTCHESTER,Straight and Level,Clear,Traffic Signal,Dry,,"Crossing, No Signal, Marked Crosswalk","Pedestrian, Collision With",1,1009165,36119,850,0.8,18110248.0,6143.2,3354
2024,Property Damage Accident,16:45,2024-10-01,Tuesday,Y,Daylight,YONKERS,REAR END,WESTCHESTER,Straight and Level,Clear,,Dry,987F87011015,Not Applicable,"Other Motor Vehicle, Collision With",2,1009165,36119,850,0.8,18110248.0,6143.2,3354
2024,Property Damage Accident,15:30,2024-10-01,Tuesday,Y,Daylight,ELMSFORD,OVERTAKING,WESTCHESTER,Straight and Level,Clear,,Dry,119 87011018,Not Applicable,"Other Motor Vehicle, Collision With",2,1009165,36119,850,0.8,18110248.0,6143.2,3354
2024,Property Damage Accident,19:00,2024-10-01,Tuesday,Y,Dark-Road Lighted,HARRISON,REAR END,WESTCHESTER,Straight and Grade,Clear,Traffic Signal,Dry,,Not Applicable,"Other Motor Vehicle, Collision With",2,1009165,36119,850,0.8,18110248.0,6143.2,3354
2024,Property Damage Accident,7:19,2024-10-01,Tuesday,Y,Daylight,PORT CHESTER,OTHER,WESTCHESTER,Straight and Level,Cloudy,,Dry,120A87011012,Not Applicable,"Other Motor Vehicle, Collision With",3,1009165,36119,850,0.8,18110248.0,6143.2,3354
2024,Property Damage Accident,8:02,2024-10-01,Tuesday,Y,Daylight,NEW ROCHELLE,LEFT TURN (3),WESTCHESTER,Straight and Level,Clear,,Dry,,Not Applicable,"Other Motor Vehicle, Collision With",2,1009165,36119,850,0.8,18110248.0,6143.2,3354
2024,Property Damage Accident,17:47,2024-10-01,Tuesday,Y,Dusk,OSSINING,OVERTAKING,WESTCHESTER,Straight and Level,Clear,,Dry,134 87011002,Not Applicable,"Other Motor Vehicle, Collision With",2,1009165,36119,850,0.8,18110248.0,6143.2,3354