year,accident_descriptor,time,date,day_of_week,police_report,lighting_conditions,municipality,collision_type_descriptor,county_name,road_descriptor,weather_conditions,traffic_control_device,road_surface_conditions,dot_reference_marker_location,pedestrian_bicyclist_action,event_descriptor,number_of_vehicles_involved,county_population_2024,county_fips,county_deer_take_2024,county_antlerless_deer_per_sqmi_2024,county_daily_vmt_2019,county_mean_aadt_2019,county_aadt_segments_2019
2024,Property Damage Accident,19:29,2024-10-01,Tuesday,Y,Dark-Road Lighted,GREENBURGH,OTHER,WESTCHESTER,Curve and Level,Clear,,Dry,,Not Applicable,"Guide Rail - Not At End, Collision With Fixed Object",1,1009165,36119,850,0.8,18110248.0,6143.2,3354
2024,Property Damage Accident,11:30,2024-10-01,Tuesday,Y,Daylight,MOUNT VERNON,OVERTAKING,WESTCHESTER,Straight and Level,Clear,,Dry,,Not Applicable,"Other Motor Vehicle, Collision With",2,1009165,36119,850,0.8,18110248.0,6143.2,3354
2024,Property Damage Accident,8:29,2024-10-01,Tuesday,Y,Daylight,WHITE PLAINS,HEAD ON,WESTCHESTER,Straight and Level,Cloudy,,Dry,,Not Applicable,"Other Motor Vehicle, Collision With",2,1009165,36119,850,0.8,18110248.0,6143.2,3354
2024,Property Damage Accident,8:34,2024-10-01,Tuesday,Y,Daylight,IRVINGTON,Unknown,WESTCHESTER,Straight and Level,Cloudy,Stop Sign,Dry,9 87032035,Not Applicable,"Other Motor Vehicle, Collision With",2,1009165,36119,850,0.8,18110248.0,6143.2,3354
2024,Property Damage Accident,15:18,2024-10-01,Tuesday,Y,Daylight,OSSINING,Unknown,WESTCHESTER,Straight at Hill Crest,Clear,,Dry,9A87032166,Not Applicable,"Other Motor Vehicle, Collision With",2,1009165,36119,850,0.8,18110248.0,6143.2,3354
2024,Property Damage Accident,8:52,2024-10-01,Tuesday,Y,Daylight,GREENBURGH,OVERTAKING,WESTCHESTER,Straight and Level,Cloudy,,Dry,287I87011033,Not Applicable,"Other Motor Vehicle, Collision With",2,1009165,36119,850,0.8,18110248.0,6143.2,3354
2024,Property Damage Accident,15:14,2024-10-01,Tuesday,Y,Daylight,PORT CHESTER,OVERTAKING,WESTCHESTER,Straight and Level,Clear,Stop Sign,Dry,120A87011011,Not Applicable,"Other Motor Vehicle, Collision With",2,1009165,36119,850,0.8,18110248.0,6143.2,3354
2024,Property Damage Accident,14:45,2024-10-01,Tuesday,Y,Daylight,GREENBURGH,REAR END,WESTCHESTER,Straight and Level,Clear,Traffic Signal,Dry,100 87012005,Not Applicable,"Other Motor Vehicle, Collision With",2,1009165,36119,850,0.8,18110248.0,6143.2,3354
2024,Property Damage Accident,14:00,2024-10-02,Wednesday,Y,Daylight,EAST FISHKILL,OVERTAKING,DUTCHESS,Straight and Grade,Cloudy,Construction Work Area,Dry,84I82021130,Not Applicable,"Other Motor Vehicle, Collision With",2,299256,36027,1695,0.8,5987961.0,3975.0,1300
2024,Property Damage & Injury Accident,15:45,2024-10-02,Wednesday,Y,Daylight,WAPPINGER,REAR END,DUTCHESS,Straight and Level,Cloudy,Traffic Signal,Dry,9 82051066,Not Applicable,"Other Motor Vehicle, Collision With",2,299256,36027,1695,0.8,5987961.0,3975.0,1300
2024,Property Damage Accident,18:00,2024-10-02,Wednesday,Y,Dusk,POUGHKEEPSIE,OVERTAKING,DUTCHESS,Straight and Level,Clear,,Dry,,Not Applicable,"Other Motor Vehicle, Collision With",2,299256,36027,1695,0.8,5987961.0,3975.0,1300
2024,Property Damage & Injury Accident,0:44,2024-10-02,Wednesday,Y,Dark-Road Unlighted,EAST FISHKILL,OTHER,DUTCHESS,Curve and Grade,Clear,,Dry,987G82031008,Not Applicable,"Guide Rail - Not At End, Collision With Fixed Object",1,299256,36027,1695,0.8,5987961.0,3975.0,1300
2024,Property Damage Accident,19:35,2024-10-02,Wednesday,Y,Dark-Road Unlighted,FISHKILL,REAR END,DUTCHESS,Straight and Level,Clear,,Dry,84I82021038,Not Applicable,"Other Motor Vehicle, Collision With",2,299256,36027,1695,0.8,5987961.0,3975.0,1300
2024,Property Damage Accident,0:44,2024-10-02,Wednesday,Y,Dark-Road Lighted,MIDDLETOWN,HEAD ON,ORANGE,Straight and Level,Clear,,Dry,,Not Applicable,"Other Motor Vehicle, Collision With",2,415088,36071,4753,2.6,13857119.0,5167.5,1527
2024,Property Damage & Injury Accident,7:15,2024-10-02,Wednesday,Y,Dawn,WALLKILL,OTHER,ORANGE,Straight and Level,Clear,,Dry,302 83011023,Not Applicable,"Tree, Collision With Fixed Object",1,415088,36071,4753,2.6,13857119.0,5167.5,1527
2024,Property Damage & Injury Accident,15:00,2024-10-02,Wednesday,Y,Daylight,WAWAYANDA,RIGHT ANGLE,ORANGE,Straight and Grade,Cloudy,Stop Sign,Dry,,Not Applicable,"Other Motor Vehicle, Collision With",2,415088,36071,4753,2.6,13857119.0,5167.5,1527
2024,Property Damage Accident,17:16,2024-10-02,Wednesday,Y,Daylight,MONTGOMERY,OVERTAKING,ORANGE,Straight and Level,Cloudy,,Dry,,Not Applicable,"Other Motor Vehicle, Collision With",2,415088,36071,4753,2.6,13857119.0,5167.5,1527
2024,Property Damage Accident,11:23,2024-10-02,Wednesday,N,Daylight,NEWBURGH,REAR END,ORANGE,Straight and Level,Clear,Traffic Signal,Dry,17K83012010,Not Applicable,"Other Motor Vehicle, Collision With",2,415088,36071,4753,2.6,13857119.0,5167.5,1527
2024,Property Damage Accident,17:35,2024-10-02,Wednesday,Y,Dusk,NEWBURGH,HEAD ON,ORANGE,Straight and Level,Clear,,Dry,,Not Applicable,"Other Motor Vehicle, Collision With",2,415088,36071,4753,2.6,13857119.0,5167.5,1527
2024,Property Damage Accident,8:12,2024-10-02,Wednesday,Y,Daylight,WALLKILL,OVERTAKING,ORANGE,Straight and Level,Cloudy,,Dry,17 83101025,Not Applicable,"Other Motor Vehicle, Collision With",2,415088,36071,4753,2.6,13857119.0,5167.5,1527
2024,Property Damage Accident,6:52,2024-10-02,Wednesday,Y,Daylight,GOSHEN,REAR END,ORANGE,Straight and Grade,Clear,,Dry,94 83011116,Not Applicable,"Other Motor Vehicle, Collision With",2,415088,36071,4753,2.6,13857119.0,5167.5,1527
2024,Property Damage & Injury Accident,11:33,2024-10-02,Wednesday,Y,Daylight,NEWBURGH,RIGHT ANGLE,ORANGE,Straight and Level,Clear,Traffic Signal,Dry,9W83022002,Not Applicable,"Other Motor Vehicle, Collision With",2,415088,36071,4753,2.6,13857119.0,5167.5,1527
2024,Property Damage Accident,8:55,2024-10-02,Wednesday,Y,Daylight,CLARKSTOWN,REAR END,ROCKLAND,Straight and Level,Clear,Traffic Signal,Dry,303 85011088,Not Applicable,"Other Motor Vehicle, Collision With",2,354829,36087,259,0.3,7336134.0,9989.2,886
2024,Property Damage & Injury Accident,8:29,2024-10-02,Wednesday,Y,Daylight,,OVERTAKING,ROCKLAND,Straight and Level,Clear,,Dry,59 85011037,Not Applicable,"Other Motor Vehicle, Collision With",2,354829,36087,259,0.3,7336134.0,9989.2,886
2024,Property Damage Accident,16:12,2024-10-02,Wednesday,Y,Daylight,HAVERSTRAW,LEFT TURN (3),ROCKLAND,Straight and Level,Clear,No Passing Zone,Dry,9W85011144,Not Applicable,"Other Motor Vehicle, Collision With",2,354829,36087,259,0.3,7336134.0,9989.2,886
2024,Property Damage Accident,15:10,2024-10-02,Wednesday,Y,Daylight,STONY POINT,OTHER,ROCKLAND,Curve and Grade,Clear,,Dry,987C85011182,Not Applicable,"Guide Rail - Not At End, Collision With Fixed Object",1,354829,36087,259,0.3,7336134.0,9989.2,886
2024,Property Damage & Injury Accident,21:00,2024-10-02,Wednesday,Y,Dark-Road Unlighted,STONY POINT,OTHER,ROCKLAND,Curve and Grade,Clear,,Dry,,Not Applicable,"Earth Embankment/Rock Cut/Ditch, Collision With Fixed Object",1,354829,36087,259,0.3,7336134.0,9989.2,886
2024,Property Damage Accident,15:10,2024-10-02,Wednesday,Y,Daylight,CLARKSTOWN,OVERTAKING,ROCKLAND,Straight and Level,Clear,,Dry,59 85011129,Not Applicable,"Other Motor Vehicle, Collision With",2,354829,36087,259,0.3,7336134.0,9989.2,886
2024,Property Damage Accident,21:26,2024-10-02,Wednesday,Y,Dark-Road Unlighted,SAUGERTIES,OTHER,ULSTER,Straight at Hill Crest,Clear,,Dry,,Not Applicable,"Light Support/Utility Pole, Collision With Fixed Object",1,183095,36111,3565,1.2,6410502.0,3939.4,999
2024,Property Damage & Injury Accident,9:27,2024-10-02,Wednesday,Y,Daylight,SAUGERTIES,RIGHT ANGLE,ULSTER,Straight and Level,Clear,Stop Sign,Dry,9W86035086,Not Applicable,"Other Motor Vehicle, Collision With",2,183095,36111,3565,1.2,6410502.0,3939.4,999
2024,Injury Accident,20:10,2024-10-02,Wednesday,Y,Dark-Road Lighted,NEW PALTZ,OTHER,ULSTER,Straight and Level,Clear,Stop Sign,Dry,,"Crossing, No Signal, Marked Crosswalk","Bicyclist, Collision With",1,183095,36111,3565,1.2,6410502.0,3939.4,999
2024,Property Damage & Injury Accident,8:08,2024-10-02,Wednesday,Y,Daylight,ULSTER,OTHER,ULSTER,Straight and Level,Cloudy,Traffic Signal,Dry,9W86035027,Not Applicable,"Other Fixed Object*, Collision With Fixed Object",1,183095,36111,3565,1.2,6410502.0,3939.4,999
2024,Property Damage & Injury Accident,16:09,2024-10-02,Wednesday,Y,Daylight,NEW ROCHELLE,RIGHT ANGLE,WESTCHESTER,Straight and Level,Clear,Traffic Signal,Dry,,Not Applicable,"Other Motor Vehicle, Collision With",2,1009165,36119,850,0.8,18110248.0,6143.2,3354
2024,Property Damage Accident,13:40,2024-10-02,Wednesday,Y,Daylight,LEWISBORO,HEAD ON,WESTCHESTER,Straight and Level,Clear,,Dry,35 87012179,Not Applicable,"Other Motor Vehicle, Collision With",2,1009165,36119,850,0.8,18110248.0,6143.2,3354
2024,Property Damage Accident,16:13,2024-10-02,Wednesday,Y,Daylight,MAMARONECK,Unknown,WESTCHESTER,Straight and Level,Clear,Stop Sign,Dry,125 87011000,Not Applicable,"Other Motor Vehicle, Collision With",2,1009165,36119,850,0.8,18110248.0,6143.2,3354
2024,Property Damage Accident,14:56,2024-10-02,Wednesday,Y,Daylight,YORKTOWN,OVERTAKING,WESTCHESTER,Straight and Grade,Cloudy,,Dry,987G87011132,Not Applicable,"Other Motor Vehicle, Collision With",2,1009165,36119,850,0.8,18110248.0,6143.2,3354
2024,Property Damage Accident,15:14,2024-10-02,Wednesday,Y,Daylight,NEW ROCHELLE,OVERTAKING,WESTCHESTER,Straight and Level,Clear,,Dry,,Not Applicable,"Other Motor Vehicle, Collision With",2,1009165,36119,850,0.8,18110248.0,6143.2,3354
2024,Property Damage Accident,23:11,2024-10-02,Wednesday,Y,Dark-Road Lighted,GREENBURGH,OTHER,WESTCHESTER,Straight and Level,Cloudy,,Dry,287I87011023,Not Applicable,"Animal, Collision With",1,1009165,36119,850,0.8,18110248.0,6143.2,3354
2024,Property Damage Accident,18:43,2024-10-02,Wednesday,Y,Dark-Road Lighted,YORKTOWN,REAR END,WESTCHESTER,Straight and Level,Clear,,Dry,,Not Applicable,"Other Motor Vehicle, Collision With",2,1009165,36119,850,0.8,18110248.0,6143.2,3354
2024,Property Damage Accident,16:21,2024-10-02,Wednesday,Y,Daylight,OSSINING,Unknown,WESTCHESTER,Straight and Level,Cloudy,Stop Sign,Dry,133 87011013,Not Applicable,"Other Motor Vehicle, Collision With",2,1009165,36119,850,0.8,18110248.0,6143.2,3354
2024,Property Damage Accident,9:00,2024-10-02,Wednesday,Y,Daylight,YONKERS,OVERTAKING,WESTCHESTER,Straight and Level,Clear,,Dry,,Not Applicable,"Other Motor Vehicle, Collision With",2,1009165,36119,850,0.8,18110248.0,6143.2,3354
2024,Property Damage Accident,13:21,2024-10-02,Wednesday,Y,Daylight,MAMARONECK,OVERTAKING,WESTCHESTER,Straight and Level,Cloudy,,Dry,,Not Applicable,"Other Motor Vehicle, Collision With",2,1009165,36119,850,0.8,18110248.0,6143.2,3354
2024,Property Damage Accident,14:08,2024-10-03,Thursday,Y,Daylight,POUGHKEEPSIE,REAR END,DUTCHESS,Straight and Level,Clear,,Dry,113 82011031,Not Applicable,"Other Motor Vehicle, Collision With",2,299256,36027,1695,0.8,5987961.0,3975.0,1300
2024,Property Damage Accident,14:36,2024-10-03,Thursday,Y,Daylight,POUGHKEEPSIE,REAR END,DUTCHESS,Straight and Level,Clear,Traffic Signal,Dry,44 82021010,Not Applicable,"Other Motor Vehicle, Collision With",2,299256,36027,1695,0.8,5987961.0,3975.0,1300
2024,Property Damage Accident,7:54,2024-10-03,Thursday,Y,Daylight,AMENIA,REAR END,DUTCHESS,Straight and Level,Cloudy,,Dry,22 82041223,Not Applicable,"Other Motor Vehicle, Collision With",2,299256,36027,1695,0.8,5987961.0,3975.0,1300
2024,Property Damage Accident,16:30,2024-10-03,Thursday,Y,Daylight,POUGHKEEPSIE,RIGHT TURN (5),DUTCHESS,Straight and Level,Clear,Traffic Signal,Dry,,Not Applicable,"Other Motor Vehicle, Collision With",2,299256,36027,1695,0.8,5987961.0,3975.0,1300
2024,Property Damage Accident,15:41,2024-10-03,Thursday,Y,Daylight,POUGHKEEPSIE,OTHER,DUTCHESS,Straight and Grade,Cloudy,,Dry,,Not Applicable,"Other Motor Vehicle, Collision With",3,299256,36027,1695,0.8,5987961.0,3975.0,1300
2024,Injury Accident,13:30,2024-10-03,Thursday,N,Unknown,POUGHKEEPSIE,REAR END,DUTCHESS,Unknown,Unknown,Unknown,Unknown,,Not Applicable,"Other Motor Vehicle, Collision With",2,299256,36027,1695,0.8,5987961.0,3975.0,1300
2024,Property Damage Accident,6:54,2024-10-03,Thursday,Y,Daylight,BLOOMING GROVE,OTHER,ORANGE,Curve and Level,Cloudy,No Passing Zone,Dry,,Not Applicable,Deer,1,415088,36071,4753,2.6,13857119.0,5167.5,1527
2024,Property Damage Accident,10:50,2024-10-03,Thursday,Y,Daylight,WALLKILL,OVERTAKING,ORANGE,Curve and Grade,Cloudy,,Dry,,Not Applicable,"Other Motor Vehicle, Collision With",2,415088,36071,4753,2.6,13857119.0,5167.5,1527
2024,Property Damage Accident,9:00,2024-10-03,Thursday,Y,Daylight,GOSHEN,OVERTAKING,ORANGE,Straight and Level,Clear,,Dry,207 83011002,Not Applicable,"Other Motor Vehicle, Collision With",2,415088,36071,4753,2.6,13857119.0,5167.5,1527
2024,Property Damage Accident,7:10,2024-10-03,Thursday,Y,Daylight,GREENVILLE,OTHER,ORANGE,Straight and Grade,Cloudy,,Dry,,Not Applicable,Deer,1,415088,36071,4753,2.6,13857119.0,5167.5,1527
2024,Property Damage Accident,16:34,2024-10-03,Thursday,Y,Daylight,HARRIMAN,REAR END,ORANGE,Straight and Grade,Clear,Stop Sign,Dry,17M83013188,Not Applicable,"Other Motor Vehicle, Collision With",2,415088,36071,4753,2.6,13857119.0,5167.5,1527
2024,Property Damage Accident,19:44,2024-10-03,Thursday,Y,Dark-Road Unlighted,GOSHEN,OTHER,ORANGE,Straight and Level,Cloudy,,Dry,17A83011022,Not Applicable,"Animal, Collision With",1,415088,36071,4753,2.6,13857119.0,5167.5,1527
2024,Property Damage & Injury Accident,18:55,2024-10-03,Thursday,Y,Dusk,BLOOMING GROVE,HEAD ON,ORANGE,Straight and Level,Clear,Traffic Signal,Dry,208 83011066,Not Applicable,"Other Motor Vehicle, Collision With",2,415088,36071,4753,2.6,13857119.0,5167.5,1527
2024,Property Damage Accident,13:09,2024-10-03,Thursday,Y,Daylight,NEWBURGH,OTHER,ORANGE,Straight and Level,Clear,,Dry,84I83013011,Not Applicable,"Other Motor Vehicle, Collision With",2,415088,36071,4753,2.6,13857119.0,5167.5,1527
2024,Property Damage & Injury Accident,20:07,2024-10-03,Thursday,Y,Dusk,MIDDLETOWN,REAR END,ORANGE,Straight and Grade,Clear,Traffic Signal,Dry,211 83012022,Not Applicable,"Other Motor Vehicle, Collision With",2,415088,36071,4753,2.6,13857119.0,5167.5,1527
2024,Injury Accident,14:11,2024-10-03,Thursday,Y,Daylight,CARMEL,OTHER,PUTNAM,Straight and Level,Clear,No Passing Zone,Dry,52 84051063,Riding/Walking/Skating Along Highway Against Traffic,"Bicyclist, Collision With",1,98842,36079,509,0.7,2746105.0,4089.2,375
2024,Property Damage Accident,7:12,2024-10-03,Thursday,Y,Dawn,STONY POINT,OTHER,ROCKLAND,Straight and Grade,Cloudy,No Passing Zone,Dry,,Not Applicable,"Other Object (Not Fixed)*, Collision With",1,354829,36087,259,0.3,7336134.0,9989.2,886
2024,Property Damage Accident,15:47,2024-10-03,Thursday,Y,Daylight,NEW HEMPSTEAD,LEFT TURN (3),ROCKLAND,Straight and Level,Clear,Stop Sign,Dry,45 85011072,Not Applicable,"Other Motor Vehicle, Collision With",2,354829,36087,259,0.3,7336134.0,9989.2,886
2024,Property Damage & Injury Accident,15:50,2024-10-03,Thursday,Y,Daylight,ORANGETOWN,RIGHT ANGLE,ROCKLAND,Straight and Level,Clear,Stop Sign,Dry,340 85011019,Not Applicable,"Other Motor Vehicle, Collision With",2,354829,36087,259,0.3,7336134.0,9989.2,886
2024,Property Damage Accident,19:09,2024-10-03,Thursday,Y,Dark-Road Lighted,ORANGETOWN,REAR END,ROCKLAND,Straight and Level,Clear,Traffic Signal,Dry,340 85011030,Not Applicable,"Other Motor Vehicle, Collision With",2,354829,36087,259,0.3,7336134.0,9989.2,886
2024,Property Damage Accident,12:54,2024-10-03,Thursday,Y,Daylight,NYACK,OVERTAKING,ROCKLAND,Straight and Level,Clear,,Dry,,Not Applicable,"Other Motor Vehicle, Collision With",2,354829,36087,259,0.3,7336134.0,9989.2,886
2024,Property Damage Accident,8:23,2024-10-03,Thursday,Y,Daylight,CLARKSTOWN,HEAD ON,ROCKLAND,Straight and Level,Clear,,Dry,,Not Applicable,"Other Motor Vehicle, Collision With",2,354829,36087,259,0.3,7336134.0,9989.2,886
2024,Property Damage Accident,8:20,2024-10-03,Thursday,Y,Daylight,WEST HAVERSTRAW,OVERTAKING,ROCKLAND,Straight and Level,Clear,,Dry,,Not Applicable,"Other Motor Vehicle, Collision With",2,354829,36087,259,0.3,7336134.0,9989.2,886
2024,Property Damage & Injury Accident,20:29,2024-10-03,Thursday,Y,Dark-Road Lighted,CLARKSTOWN,RIGHT ANGLE,ROCKLAND,Straight and Level,Clear,Traffic Signal,Dry,59 85011123,Not Applicable,"Other Motor Vehicle, Collision With",2,354829,36087,259,0.3,7336134.0,9989.2,886
2024,Property Damage Accident,23:31,2024-10-03,Thursday,Y,Dark-Road Unlighted,NEW PALTZ,OTHER,ULSTER,Straight and Level,Clear,No Passing Zone,Dry,32 86021161,Not Applicable,Deer,1,183095,36111,3565,1.2,6410502.0,3939.4,999
2024,Property Damage Accident,14:43,2024-10-03,Thursday,Y,Daylight,WHITE PLAINS,RIGHT TURN (5),WESTCHESTER,Curve and Level,Cloudy,,Dry,,Not Applicable,"Other Motor Vehicle, Collision With",2,1009165,36119,850,0.8,18110248.0,6143.2,3354
2024,Property Damage Accident,11:35,2024-10-03,Thursday,Y,Daylight,NEW ROCHELLE,REAR END,WESTCHESTER,Straight and Level,Cloudy,,Dry,,Not Applicable,"Other Motor Vehicle, Collision With",2,1009165,36119,850,0.8,18110248.0,6143.2,3354
2024,Property Damage Accident,20:28,2024-10-03,Thursday,Y,Dusk,NEW ROCHELLE,OTHER,WESTCHESTER,Straight and Level,Clear,,Dry,,Not Applicable,"Other Motor Vehicle, Collision With",3,1009165,36119,850,0.8,18110248.0,6143.2,3354
2024,Property Damage & Injury Accident,17:59,2024-10-03,Thursday,Y,Dusk,MAMARONECK,OTHER,WESTCHESTER,Curve and Grade,Clear,,Dry,,Not Applicable,"Light Support/Utility Pole, Collision With Fixed Object",1,1009165,36119,850,0.8,18110248.0,6143.2,3354
2024,Property Damage & Injury Accident,8:20,2024-10-03,Thursday,Y,Daylight,YONKERS,REAR END,WESTCHESTER,Straight and Level,Clear,,Dry,,Not Applicable,"Other Motor Vehicle, Collision With",2,1009165,36119,850,0.8,18110248.0,6143.2,3354
2024,Property Damage Accident,11:16,2024-10-03,Thursday,Y,Daylight,PEEKSKILL,REAR END,WESTCHESTER,Straight and Level,Clear,Stop Sign,Dry,,Not Applicable,"Other Motor Vehicle, Collision With",2,1009165,36119,850,0.8,18110248.0,6143.2,3354
2024,Property Damage Accident,5:00,2024-10-03,Thursday,Y,Dark-Road Lighted,HARRISON,RIGHT ANGLE,WESTCHESTER,Straight and Grade,Clear,,Dry,,Not Applicable,"Other Motor Vehicle, Collision With",2,1009165,36119,850,0.8,18110248.0,6143.2,3354
2024,Property Damage & Injury Accident,16:43,2024-10-03,Thursday,Y,Daylight,BEDFORD,OTHER,WESTCHESTER,Curve at Hill Crest,Clear,Stop Sign,Dry,172 87011055,Riding/Walking/Skating Along Highway With Traffic,"Bicyclist, Collision With",1,1009165,36119,850,0.8,18110248.0,6143.2,3354
2024,Property Damage Accident,18:01,2024-10-03,Thursday,Y,Daylight,NEW ROCHELLE,RIGHT ANGLE,WESTCHESTER,Straight and Grade,Clear,Stop Sign,Dry,,Not Applicable,"Other Motor Vehicle, Collision With",2,1009165,36119,850,0.8,18110248.0,6143.2,3354
2024,Property Damage Accident,12:38,2024-10-03,Thursday,Y,Daylight,PORT CHESTER,OVERTAKING,WESTCHESTER,Straight and Level,Cloudy,Traffic Signal,Dry,,Not Applicable,"Other Motor Vehicle, Collision With",2,1009165,36119,850,0.8,18110248.0,6143.2,3354
2024,Property Damage Accident,15:50,2024-10-03,Thursday,Y,Daylight,SCARSDALE,REAR END,WESTCHESTER,Straight and Level,Clear,,Dry,907W87023010,Not Applicable,"Other Motor Vehicle, Collision With",2,1009165,36119,850,0.8,18110248.0,6143.2,3354
2024,Property Damage Accident,9:34,2024-10-03,Thursday,Y,Daylight,PEEKSKILL,OVERTAKING,WESTCHESTER,Curve and Grade,Cloudy,,Dry,,Not Applicable,"Other Motor Vehicle, Collision With",2,1009165,36119,850,0.8,18110248.0,6143.2,3354
2024,Property Damage Accident,15:45,2024-10-04,Friday,Y,Daylight,LA GRANGE,RIGHT ANGLE,DUTCHESS,Straight and Level,Clear,Traffic Signal,Dry,,Not Applicable,"Other Motor Vehicle, Collision With",2,299256,36027,1695,0.8,5987961.0,3975.0,1300
2024,Property Damage Accident,13:11,2024-10-04,Friday,Y,Daylight,FISHKILL,REAR END,DUTCHESS,Straight and Level,Clear,,Dry,84I82021014,Not Applicable,"Other Motor Vehicle, Collision With",2,299256,36027,1695,0.8,5987961.0,3975.0,1300
2024,Property Damage Accident,8:45,2024-10-04,Friday,Y,Daylight,FISHKILL,OTHER,DUTCHESS,Curve and Level,Clear,Traffic Signal,Dry,9 82052026,Not Applicable,"Other Fixed Object*, Collision With Fixed Object",1,299256,36027,1695,0.8,5987961.0,3975.0,1300
2024,Property Damage & Injury Accident,8:29,2024-10-04,Friday,Y,Daylight,LA GRANGE,OTHER,DUTCHESS,Straight and Grade,Cloudy,,Dry,987G82031147,Not Applicable,Deer,1,299256,36027,1695,0.8,5987961.0,3975.0,1300
2024,Property Damage & Injury Accident,13:58,2024-10-04,Friday,Y,Daylight,FISHKILL,REAR END,DUTCHESS,Straight and Level,Clear,No Passing Zone,Dry,82 82011001,Not Applicable,"Other Motor Vehicle, Collision With",2,299256,36027,1695,0.8,5987961.0,3975.0,1300
2024,Property Damage & Injury Accident,17:23,2024-10-04,Friday,Y,Daylight,MOUNT HOPE,RIGHT ANGLE,ORANGE,Curve and Level,Clear,Stop Sign,Dry,,Not Applicable,"Other Motor Vehicle, Collision With",2,415088,36071,4753,2.6,13857119.0,5167.5,1527
2024,Property Damage Accident,19:06,2024-10-04,Friday,Y,Dark-Road Unlighted,HAMPTONBURGH,OTHER,ORANGE,Curve and Level,Clear,No Passing Zone,Dry,,Not Applicable,Deer,1,415088,36071,4753,2.6,13857119.0,5167.5,1527
2024,Property Damage Accident,18:09,2024-10-04,Friday,Y,Daylight,HIGHLANDS,OTHER,ORANGE,Straight and Grade,Clear,,Dry,9W83021077,Not Applicable,Deer,1,415088,36071,4753,2.6,13857119.0,5167.5,1527
2024,Property Damage & Injury Accident,20:11,2024-10-04,Friday,Y,Dusk,MONROE,LEFT TURN (3),ORANGE,Straight and Level,Clear,Traffic Signal,Dry,,Not Applicable,"Other Motor Vehicle, Collision With",2,415088,36071,4753,2.6,13857119.0,5167.5,1527
2024,Property Damage Accident,17:09,2024-10-04,Friday,Y,Daylight,WOODBURY,OTHER,ORANGE,Straight and Level,Clear,,Dry,,Not Applicable,"Other Object (Not Fixed)*, Collision With",1,415088,36071,4753,2.6,13857119.0,5167.5,1527
2024,Property Damage & Injury Accident,15:45,2024-10-04,Friday,Y,Daylight,WALLKILL,REAR END,ORANGE,Straight and Level,Clear,No Passing Zone,Dry,211 83013029,Not Applicable,"Other Motor Vehicle, Collision With",2,415088,36071,4753,2.6,13857119.0,5167.5,1527
2024,Property Damage Accident,21:48,2024-10-04,Friday,Y,Dark-Road Lighted,PORT JERVIS,OTHER,ORANGE,Straight and Level,Cloudy,,Dry,6 83011006,Not Applicable,"Other Fixed Object*, Collision With Fixed Object",1,415088,36071,4753,2.6,13857119.0,5167.5,1527
2024,Property Damage Accident,20:35,2024-10-04,Friday,Y,Dark-Road Lighted,WALLKILL,LEFT TURN (0),ORANGE,Straight and Level,Clear,Traffic Signal,Dry,,Not Applicable,"Other Motor Vehicle, Collision With",2,415088,36071,4753,2.6,13857119.0,5167.5,1527
2024,Property Damage Accident,7:30,2024-10-04,Friday,Y,Daylight,MINISINK,OTHER,ORANGE,Straight and Level,Cloudy,No Passing Zone,Dry,,Not Applicable,Deer,1,415088,36071,4753,2.6,13857119.0,5167.5,1527
2024,Property Damage & Injury Accident,13:15,2024-10-04,Friday,Y,Daylight,PORT JERVIS,OVERTAKING,ORANGE,Straight and Level,Clear,,Dry,,Not Applicable,"Other Motor Vehicle, Collision With",2,415088,36071,4753,2.6,13857119.0,5167.5,1527
2024,Property Damage Accident,4:14,2024-10-04,Friday,Y,Dark-Road Unlighted,CHESTER,OTHER,ORANGE,Straight and Level,Rain,,Wet,,Not Applicable,Deer,1,415088,36071,4753,2.6,13857119.0,5167.5,1527
2024,Property Damage Accident,11:41,2024-10-04,Friday,Y,Daylight,SPRING VALLEY,RIGHT ANGLE,ROCKLAND,Straight and Level,Clear,Traffic Signal,Dry,59 85011077,Not Applicable,"Other Motor Vehicle, Collision With",2,354829,36087,259,0.3,7336134.0,9989.2,886
2024,Property Damage & Injury Accident,23:30,2024-10-04,Friday,Y,Dark-Road Lighted,CLARKSTOWN,OVERTAKING,ROCKLAND,Straight and Level,Clear,,Dry,,Not Applicable,"Other Motor Vehicle, Collision With",2,354829,36087,259,0.3,7336134.0,9989.2,886
2024,Property Damage Accident,14:32,2024-10-04,Friday,Y,Daylight,SPRING VALLEY,OTHER,ROCKLAND,Straight and Level,Clear,Traffic Signal,Dry,45 85011041,Not Applicable,"Other Motor Vehicle, Collision With",4,354829,36087,259,0.3,7336134.0,9989.2,886
2024,Property Damage Accident,12:40,2024-10-04,Friday,Y,Daylight,STONY POINT,OVERTAKING,ROCKLAND,Straight and Level,Clear,,Dry,9W85011180,Not Applicable,"Other Motor Vehicle, Collision With",2,354829,36087,259,0.3,7336134.0,9989.2,886
2024,Property Damage & Injury Accident,21:03,2024-10-04,Friday,Y,Dark-Road Unlighted,OLIVE,OVERTAKING,ULSTER,Straight and Grade,Clear,,Dry,,Not Applicable,"Other Motor Vehicle, Collision With",2,183095,36111,3565,1.2,6410502.0,3939.4,999
2024,Property Damage Accident,20:05,2024-10-04,Friday,Y,Dark-Road Unlighted,ROCHESTER,OTHER,ULSTER,Curve and Level,Clear,,Dry,,Not Applicable,"Animal, Collision With",1,183095,36111,3565,1.2,6410502.0,3939.4,999