year,accident_descriptor,time,date,day_of_week,police_report,lighting_conditions,municipality,collision_type_descriptor,county_name,road_descriptor,weather_conditions,traffic_control_device,road_surface_conditions,dot_reference_marker_location,pedestrian_bicyclist_action,event_descriptor,number_of_vehicles_involved,county_population_2024,county_fips,county_deer_take_2024,county_antlerless_deer_per_sqmi_2024,county_daily_vmt_2019,county_mean_aadt_2019,county_aadt_segments_2019
2024,Property Damage Accident,0:00,2024-10-04,Friday,N,Unknown,HURLEY,OTHER,ULSTER,Unknown,Unknown,Unknown,Unknown,,Not Applicable,Deer,1,183095,36111,3565,1.2,6410502.0,3939.4,999
2024,Property Damage Accident,8:00,2024-10-04,Friday,Y,Daylight,MOUNT KISCO,SIDESWIPE,WESTCHESTER,Straight and Level,Clear,,Dry,,Not Applicable,"Other Motor Vehicle, Collision With",2,1009165,36119,850,0.8,18110248.0,6143.2,3354
2024,Property Damage Accident,6:08,2024-10-04,Friday,Y,Dawn,YORKTOWN,OTHER,WESTCHESTER,Straight and Grade,Cloudy,,Dry,,Not Applicable,Deer,1,1009165,36119,850,0.8,18110248.0,6143.2,3354
2024,Property Damage Accident,13:03,2024-10-04,Friday,Y,Daylight,YORKTOWN,RIGHT ANGLE,WESTCHESTER,Straight and Grade,Clear,Traffic Signal,Dry,35 87012040,Not Applicable,"Other Motor Vehicle, Collision With",2,1009165,36119,850,0.8,18110248.0,6143.2,3354
2024,Property Damage & Injury Accident,17:04,2024-10-04,Friday,Y,Daylight,GREENBURGH,LEFT TURN (3),WESTCHESTER,Curve and Level,Clear,,Dry,,Not Applicable,"Other Motor Vehicle, Collision With",2,1009165,36119,850,0.8,18110248.0,6143.2,3354
2024,Property Damage & Injury Accident,11:50,2024-10-04,Friday,Y,Daylight,OSSINING,OVERTAKING,WESTCHESTER,Straight and Level,Cloudy,Traffic Signal,Dry,9 87032139,Not Applicable,"Other Motor Vehicle, Collision With",2,1009165,36119,850,0.8,18110248.0,6143.2,3354
2024,Property Damage Accident,14:59,2024-10-04,Friday,Y,Daylight,MOUNT VERNON,OVERTAKING,WESTCHESTER,Straight and Level,Clear,,Dry,,Not Applicable,"Other Motor Vehicle, Collision With",2,1009165,36119,850,0.8,18110248.0,6143.2,3354
2024,Property Damage Accident,13:48,2024-10-04,Friday,Y,Daylight,PORT CHESTER,OVERTAKING,WESTCHESTER,Straight and Grade,Cloudy,Traffic Signal,Dry,120A87011020,Not Applicable,"Other Motor Vehicle, Collision With",2,1009165,36119,850,0.8,18110248.0,6143.2,3354
2024,Property Damage & Injury Accident,21:00,2024-10-04,Friday,Y,Dark-Road Lighted,YONKERS,Unknown,WESTCHESTER,Straight and Level,Clear,Stop Sign,Dry,,Not Applicable,"Other Motor Vehicle, Collision With",2,1009165,36119,850,0.8,18110248.0,6143.2,3354
2024,Property Damage Accident,11:19,2024-10-04,Friday,Y,Daylight,GREENBURGH,REAR END,WESTCHESTER,Straight and Level,Clear,Traffic Signal,Dry,100A87011000,Not Applicable,"Other Motor Vehicle, Collision With",2,1009165,36119,850,0.8,18110248.0,6143.2,3354
2024,Injury Accident,19:34,2024-10-04,Friday,Y,Dusk,YONKERS,Unknown,WESTCHESTER,Straight at Hill Crest,Clear,,Dry,,Not Applicable,"Other Motor Vehicle, Collision With",2,1009165,36119,850,0.8,18110248.0,6143.2,3354
2024,Property Damage Accident,13:07,2024-10-05,Saturday,Y,Daylight,RHINEBECK,REAR END,DUTCHESS,Straight and Level,Clear,Traffic Signal,Dry,199 82021013,Not Applicable,"Other Motor Vehicle, Collision With",2,299256,36027,1695,0.8,5987961.0,3975.0,1300
2024,Property Damage Accident,14:40,2024-10-05,Saturday,Y,Daylight,BEACON,OVERTAKING,DUTCHESS,Straight and Level,Clear,No Passing Zone,Dry,,Not Applicable,"Other Motor Vehicle, Collision With",2,299256,36027,1695,0.8,5987961.0,3975.0,1300
2024,Property Damage Accident,11:40,2024-10-05,Saturday,Y,Daylight,POUGHKEEPSIE,RIGHT TURN (5),DUTCHESS,Straight and Level,Clear,Stop Sign,Dry,,Not Applicable,"Other Motor Vehicle, Collision With",2,299256,36027,1695,0.8,5987961.0,3975.0,1300
2024,Property Damage & Injury Accident,15:58,2024-10-05,Saturday,Y,Daylight,FISHKILL,REAR END,DUTCHESS,Straight and Level,Clear,,Dry,52 82042038,Not Applicable,"Other Motor Vehicle, Collision With",2,299256,36027,1695,0.8,5987961.0,3975.0,1300
2024,Property Damage Accident,12:51,2024-10-05,Saturday,Y,Daylight,HIGHLANDS,RIGHT TURN (5),ORANGE,Curve and Level,Clear,,Dry,9W83021001,Not Applicable,"Other Motor Vehicle, Collision With",2,415088,36071,4753,2.6,13857119.0,5167.5,1527
2024,Property Damage Accident,19:08,2024-10-05,Saturday,Y,Dusk,WARWICK,REAR END,ORANGE,Curve and Grade,Clear,,Dry,,Not Applicable,"Other Motor Vehicle, Collision With",2,415088,36071,4753,2.6,13857119.0,5167.5,1527
2024,Property Damage Accident,3:02,2024-10-05,Saturday,Y,Dark-Road Unlighted,NEWBURGH,OTHER,ORANGE,Straight and Level,Clear,,Dry,,Not Applicable,Deer,1,415088,36071,4753,2.6,13857119.0,5167.5,1527
2024,Property Damage Accident,16:55,2024-10-05,Saturday,Y,Daylight,HIGHLANDS,RIGHT TURN (5),ORANGE,Curve and Level,Clear,,Dry,987C83021035,Not Applicable,"Other Motor Vehicle, Collision With",2,415088,36071,4753,2.6,13857119.0,5167.5,1527
2024,Property Damage & Injury Accident,17:04,2024-10-05,Saturday,Y,Daylight,PUTNAM VALLEY,OTHER,PUTNAM,Curve and Grade,Clear,,Dry,987G84021037,Not Applicable,"Guide Rail - Not At End, Collision With Fixed Object",1,98842,36079,509,0.7,2746105.0,4089.2,375
2024,Property Damage Accident,9:17,2024-10-05,Saturday,Y,Daylight,PUTNAM VALLEY,OVERTAKING,PUTNAM,Straight and Grade,Clear,No Passing Zone,Dry,,Not Applicable,"Other Motor Vehicle, Collision With",2,98842,36079,509,0.7,2746105.0,4089.2,375
2024,Property Damage & Injury Accident,11:19,2024-10-05,Saturday,Y,Daylight,SOUTHEAST,OTHER,PUTNAM,Straight and Level,Clear,,Dry,84I84031111,Not Applicable,"Other Motor Vehicle, Collision With",3,98842,36079,509,0.7,2746105.0,4089.2,375
2024,Property Damage Accident,9:01,2024-10-05,Saturday,Y,Daylight,CLARKSTOWN,OTHER,ROCKLAND,Straight and Level,Clear,,Dry,304 85011049,Not Applicable,"Animal, Collision With",1,354829,36087,259,0.3,7336134.0,9989.2,886
2024,Injury Accident,13:00,2024-10-05,Saturday,N,Unknown,,REAR END,ROCKLAND,Unknown,Unknown,Unknown,Unknown,,Not Applicable,"Other Motor Vehicle, Collision With",2,354829,36087,259,0.3,7336134.0,9989.2,886
2024,Property Damage & Injury Accident,12:36,2024-10-05,Saturday,Y,Daylight,CLARKSTOWN,LEFT TURN (3),ROCKLAND,Straight and Level,Clear,Stop Sign,Dry,,Not Applicable,"Other Motor Vehicle, Collision With",2,354829,36087,259,0.3,7336134.0,9989.2,886
2024,Property Damage & Injury Accident,5:00,2024-10-05,Saturday,Y,Dark-Road Lighted,CLARKSTOWN,REAR END,ROCKLAND,Straight and Level,Clear,,Dry,59 85011104,Not Applicable,"Other Motor Vehicle, Collision With",2,354829,36087,259,0.3,7336134.0,9989.2,886
2024,Property Damage Accident,18:54,2024-10-05,Saturday,Y,Dark-Road Lighted,KINGSTON,REAR END,ULSTER,Straight and Level,Clear,Traffic Signal,Dry,981K86011000,Not Applicable,"Other Motor Vehicle, Collision With",2,183095,36111,3565,1.2,6410502.0,3939.4,999
2024,Property Damage Accident,9:18,2024-10-05,Saturday,Y,Daylight,WAWARSING,REAR END,ULSTER,Straight and Grade,Clear,No Passing Zone,Dry,52 86021017,Not Applicable,"Other Motor Vehicle, Collision With",2,183095,36111,3565,1.2,6410502.0,3939.4,999
2024,Property Damage Accident,20:30,2024-10-05,Saturday,Y,Dark-Road Lighted,KINGSTON,REAR END,ULSTER,Straight and Level,Clear,Stop Sign,Dry,,Not Applicable,"Other Motor Vehicle, Collision With",2,183095,36111,3565,1.2,6410502.0,3939.4,999
2024,Property Damage Accident,11:59,2024-10-05,Saturday,Y,Daylight,LLOYD,RIGHT TURN (5),ULSTER,Curve at Hill Crest,Clear,,Dry,9W86031071,Not Applicable,"Other Motor Vehicle, Collision With",2,183095,36111,3565,1.2,6410502.0,3939.4,999
2024,Property Damage Accident,12:30,2024-10-05,Saturday,Y,Daylight,SHAWANGUNK,REAR END,ULSTER,Straight and Level,Cloudy,,Dry,208 86021020,Not Applicable,"Other Motor Vehicle, Collision With",2,183095,36111,3565,1.2,6410502.0,3939.4,999
2024,Property Damage Accident,12:42,2024-10-05,Saturday,Y,Daylight,WAWARSING,REAR END,ULSTER,Straight and Level,Clear,,Dry,55 86021115,Not Applicable,"Other Motor Vehicle, Collision With",2,183095,36111,3565,1.2,6410502.0,3939.4,999
2024,Property Damage Accident,13:01,2024-10-05,Saturday,Y,Daylight,NEW ROCHELLE,RIGHT ANGLE,WESTCHESTER,Straight and Level,Clear,Traffic Signal,Dry,982J87011000,Not Applicable,"Other Motor Vehicle, Collision With",2,1009165,36119,850,0.8,18110248.0,6143.2,3354
2024,Property Damage Accident,11:21,2024-10-05,Saturday,Y,Daylight,PEEKSKILL,OVERTAKING,WESTCHESTER,Straight and Level,Clear,,Dry,6 87032020,Not Applicable,"Other Motor Vehicle, Collision With",2,1009165,36119,850,0.8,18110248.0,6143.2,3354
2024,Property Damage Accident,13:55,2024-10-05,Saturday,Y,Daylight,MOUNT PLEASANT,SIDESWIPE,WESTCHESTER,Straight and Level,Clear,,Dry,448 87011014,Not Applicable,"Other Motor Vehicle, Collision With",2,1009165,36119,850,0.8,18110248.0,6143.2,3354
2024,Property Damage & Injury Accident,13:43,2024-10-05,Saturday,Y,Daylight,GREENBURGH,LEFT TURN (3),WESTCHESTER,Straight at Hill Crest,Clear,Stop Sign,Dry,100A87011021,Not Applicable,"Other Motor Vehicle, Collision With",2,1009165,36119,850,0.8,18110248.0,6143.2,3354
2024,Property Damage Accident,15:00,2024-10-05,Saturday,Y,Daylight,HASTINGS ON HUDSON,REAR END,WESTCHESTER,Straight and Level,Clear,,Dry,987D87012002,Not Applicable,"Other Motor Vehicle, Collision With",2,1009165,36119,850,0.8,18110248.0,6143.2,3354
2024,Property Damage Accident,23:35,2024-10-05,Saturday,Y,Dark-Road Lighted,MAMARONECK,RIGHT ANGLE,WESTCHESTER,Straight and Level,Clear,Traffic Signal,Dry,125 87011000,Not Applicable,"Other Motor Vehicle, Collision With",2,1009165,36119,850,0.8,18110248.0,6143.2,3354
2024,Property Damage Accident,11:15,2024-10-05,Saturday,N,Daylight,YONKERS,REAR END,WESTCHESTER,Straight and Grade,Clear,Unknown,Dry,,Not Applicable,"Other Motor Vehicle, Collision With",2,1009165,36119,850,0.8,18110248.0,6143.2,3354
2024,Property Damage Accident,5:38,2024-10-05,Saturday,Y,Dark-Road Unlighted,ELMSFORD,OTHER,WESTCHESTER,Straight and Level,Clear,,Dry,,Not Applicable,"Guide Rail - Not At End, Collision With Fixed Object",1,1009165,36119,850,0.8,18110248.0,6143.2,3354
2024,Property Damage Accident,16:14,2024-10-05,Saturday,Y,Daylight,NEW ROCHELLE,OTHER,WESTCHESTER,Straight and Level,Clear,,Dry,982J87011010,Not Applicable,"Other Motor Vehicle, Collision With",4,1009165,36119,850,0.8,18110248.0,6143.2,3354
2024,Injury Accident,0:15,2024-10-05,Saturday,Y,Dark-Road Lighted,NEW ROCHELLE,OTHER,WESTCHESTER,Straight and Level,Clear,,Dry,,Not in Roadway (Indicate),"Pedestrian, Collision With",1,1009165,36119,850,0.8,18110248.0,6143.2,3354
2024,Property Damage & Injury Accident,16:19,2024-10-05,Saturday,Y,Daylight,NEW CASTLE,OTHER,WESTCHESTER,Straight and Grade,Clear,,Dry,987D87012172,Not Applicable,"Guide Rail - Not At End, Collision With Fixed Object",1,1009165,36119,850,0.8,18110248.0,6143.2,3354
2024,Property Damage Accident,6:48,2024-10-05,Saturday,Y,Unknown,YONKERS,SIDESWIPE,WESTCHESTER,Straight and Level,Clear,,Dry,,Not Applicable,"Other Motor Vehicle, Collision With",2,1009165,36119,850,0.8,18110248.0,6143.2,3354
2024,Property Damage Accident,7:30,2024-10-05,Saturday,Y,Dawn,HARRISON,RIGHT ANGLE,WESTCHESTER,Straight and Grade,Clear,Stop Sign,Dry,,Not Applicable,"Other Motor Vehicle, Collision With",2,1009165,36119,850,0.8,18110248.0,6143.2,3354
2024,Injury Accident,19:10,2024-10-05,Saturday,Y,Dark-Road Lighted,NEW ROCHELLE,REAR END,WESTCHESTER,Straight and Grade,Clear,,Dry,,Not Applicable,"Other Motor Vehicle, Collision With",2,1009165,36119,850,0.8,18110248.0,6143.2,3354
2024,Property Damage Accident,18:26,2024-10-05,Saturday,Y,Daylight,ELMSFORD,REAR END,WESTCHESTER,Straight and Level,Clear,,Dry,,Not Applicable,"Other Motor Vehicle, Collision With",2,1009165,36119,850,0.8,18110248.0,6143.2,3354
2024,Property Damage & Injury Accident,17:03,2024-10-05,Saturday,Y,Daylight,RYE BROOKE,OTHER,WESTCHESTER,Straight and Grade,Clear,,Dry,,Not Applicable,"Light Support/Utility Pole, Collision With Fixed Object",1,1009165,36119,850,0.8,18110248.0,6143.2,3354
2024,Property Damage & Injury Accident,12:42,2024-10-05,Saturday,Y,Daylight,PELHAM MANOR,RIGHT ANGLE,WESTCHESTER,Straight and Grade,Clear,Stop Sign,Dry,1 87031012,Not Applicable,"Other Motor Vehicle, Collision With",2,1009165,36119,850,0.8,18110248.0,6143.2,3354
2024,Property Damage Accident,14:35,2024-10-05,Saturday,Y,Daylight,SCARSDALE,REAR END,WESTCHESTER,Curve and Level,Clear,,Dry,,Not Applicable,"Other Motor Vehicle, Collision With",2,1009165,36119,850,0.8,18110248.0,6143.2,3354
2024,Property Damage Accident,9:26,2024-10-05,Saturday,Y,Daylight,PELHAM,OTHER,WESTCHESTER,Straight and Level,Clear,,Dry,,Not Applicable,"Tree, Collision With Fixed Object",1,1009165,36119,850,0.8,18110248.0,6143.2,3354
2024,Property Damage & Injury Accident,14:29,2024-10-05,Saturday,Y,Daylight,CROTON ON HUDSON,RIGHT ANGLE,WESTCHESTER,Straight and Level,Clear,Stop Sign,Dry,9 87032166,Not Applicable,"Other Motor Vehicle, Collision With",2,1009165,36119,850,0.8,18110248.0,6143.2,3354
2024,Property Damage Accident,18:20,2024-10-06,Sunday,Y,Dusk,MILAN,OTHER,DUTCHESS,Straight and Level,Clear,,Dry,987G82031369,Not Applicable,Deer,1,299256,36027,1695,0.8,5987961.0,3975.0,1300
2024,Property Damage Accident,15:38,2024-10-06,Sunday,Y,Daylight,FISHKILL,OTHER,DUTCHESS,Straight and Level,Clear,,Dry,84I82021054,Not Applicable,"Other Object (Not Fixed)*, Collision With",1,299256,36027,1695,0.8,5987961.0,3975.0,1300
2024,Property Damage Accident,14:31,2024-10-06,Sunday,Y,Daylight,POUGHKEEPSIE,OVERTAKING,DUTCHESS,Straight and Grade,Clear,Traffic Signal,Dry,9 82051120,Not Applicable,"Other Motor Vehicle, Collision With",2,299256,36027,1695,0.8,5987961.0,3975.0,1300
2024,Property Damage Accident,0:17,2024-10-06,Sunday,Y,Dark-Road Unlighted,EAST FISHKILL,OTHER,DUTCHESS,Straight and Level,Clear,No Passing Zone,Dry,,Not Applicable,Deer,1,299256,36027,1695,0.8,5987961.0,3975.0,1300
2024,Property Damage Accident,18:09,2024-10-06,Sunday,Y,Dusk,RHINEBECK,OTHER,DUTCHESS,Straight and Level,Clear,No Passing Zone,Dry,,Not Applicable,Deer,1,299256,36027,1695,0.8,5987961.0,3975.0,1300
2024,Property Damage & Injury Accident,16:30,2024-10-06,Sunday,Y,Daylight,WALLKILL,OTHER,ORANGE,Straight and Level,Clear,,Dry,17 83101096,Not Applicable,"Tree, Collision With Fixed Object",1,415088,36071,4753,2.6,13857119.0,5167.5,1527
2024,Property Damage Accident,18:13,2024-10-06,Sunday,Y,Daylight,WAWAYANDA,REAR END,ORANGE,Straight and Level,Clear,,Dry,6 83012173,Not Applicable,"Other Motor Vehicle, Collision With",2,415088,36071,4753,2.6,13857119.0,5167.5,1527
2024,Property Damage Accident,14:00,2024-10-06,Sunday,Y,Daylight,MIDDLETOWN,OVERTAKING,ORANGE,Straight and Level,Clear,,Dry,,Not Applicable,"Other Motor Vehicle, Collision With",2,415088,36071,4753,2.6,13857119.0,5167.5,1527
2024,Property Damage Accident,0:59,2024-10-06,Sunday,Y,Dark-Road Unlighted,CORNWALL,OVERTAKING,ORANGE,Curve and Grade,Clear,,Dry,,Not Applicable,"Other Motor Vehicle, Collision With",2,415088,36071,4753,2.6,13857119.0,5167.5,1527
2024,Property Damage Accident,17:22,2024-10-06,Sunday,Y,Daylight,TUXEDO,REAR END,ORANGE,Straight and Grade,Clear,,Dry,,Not Applicable,"Other Motor Vehicle, Collision With",2,415088,36071,4753,2.6,13857119.0,5167.5,1527
2024,Property Damage Accident,11:49,2024-10-06,Sunday,Y,Daylight,NEW WINDSOR,REAR END,ORANGE,Straight and Level,Clear,Traffic Signal,Dry,207 83011166,Not Applicable,"Other Motor Vehicle, Collision With",2,415088,36071,4753,2.6,13857119.0,5167.5,1527
2024,Property Damage Accident,19:46,2024-10-06,Sunday,Y,Dark-Road Unlighted,WALLKILL,OTHER,ORANGE,Straight and Level,Clear,,Dry,17 83101066,Not Applicable,Deer,1,415088,36071,4753,2.6,13857119.0,5167.5,1527
2024,Property Damage Accident,21:11,2024-10-06,Sunday,Y,Dark-Road Unlighted,CARMEL,SIDESWIPE,PUTNAM,Curve and Grade,Clear,Stop Sign,Dry,,Not Applicable,"Other Motor Vehicle, Collision With",2,98842,36079,509,0.7,2746105.0,4089.2,375
2024,Property Damage Accident,17:59,2024-10-06,Sunday,Y,Daylight,SOUTHEAST,LEFT TURN (3),PUTNAM,Straight and Level,Clear,,Dry,6 84041160,Not Applicable,"Other Motor Vehicle, Collision With",2,98842,36079,509,0.7,2746105.0,4089.2,375
2024,Property Damage Accident,15:10,2024-10-06,Sunday,Y,Daylight,RAMAPO,RIGHT ANGLE,ROCKLAND,Straight and Level,Clear,Traffic Signal,Dry,45 85011025,Not Applicable,"Other Motor Vehicle, Collision With",2,354829,36087,259,0.3,7336134.0,9989.2,886
2024,Property Damage Accident,3:19,2024-10-06,Sunday,Y,Dark-Road Unlighted,STONY POINT,OTHER,ROCKLAND,Curve and Level,Clear,No Passing Zone,Dry,,Not Applicable,"Other Fixed Object*, Collision With Fixed Object",1,354829,36087,259,0.3,7336134.0,9989.2,886
2024,Injury Accident,20:40,2024-10-06,Sunday,Y,Dark-Road Lighted,HAVERSTRAW,OTHER,ROCKLAND,Straight and Level,Clear,,Dry,202 85011091,Riding/Walking/Skating Along Highway With Traffic,"Bicyclist, Collision With",1,354829,36087,259,0.3,7336134.0,9989.2,886
2024,Property Damage & Injury Accident,11:25,2024-10-06,Sunday,Y,Daylight,ORANGETOWN,OTHER,ROCKLAND,Curve and Level,Clear,Stop Sign,Dry,,Riding/Walking/Skating Along Highway With Traffic,"Bicyclist, Collision With",1,354829,36087,259,0.3,7336134.0,9989.2,886
2024,Property Damage Accident,19:29,2024-10-06,Sunday,Y,Dawn,SPRING VALLEY,SIDESWIPE,ROCKLAND,Straight and Grade,Clear,,Dry,,Not Applicable,"Other Motor Vehicle, Collision With",2,354829,36087,259,0.3,7336134.0,9989.2,886
2024,Property Damage Accident,23:56,2024-10-06,Sunday,Y,Dark-Road Unlighted,ORANGETOWN,OTHER,ROCKLAND,Straight and Grade,Cloudy,,Dry,987C85011009,Not Applicable,Deer,1,354829,36087,259,0.3,7336134.0,9989.2,886
2024,Property Damage Accident,15:00,2024-10-06,Sunday,Y,Daylight,CLARKSTOWN,REAR END,ROCKLAND,Straight and Level,Clear,,Dry,,Not Applicable,"Other Motor Vehicle, Collision With",2,354829,36087,259,0.3,7336134.0,9989.2,886
2024,Property Damage Accident,18:35,2024-10-06,Sunday,Y,Dark-Road Unlighted,SAUGERTIES,OTHER,ULSTER,Straight and Level,Cloudy,No Passing Zone,Dry,,Not Applicable,Deer,1,183095,36111,3565,1.2,6410502.0,3939.4,999
2024,Property Damage & Injury Accident,10:57,2024-10-06,Sunday,Y,Daylight,ULSTER,OTHER,ULSTER,Curve and Level,Clear,,Dry,199 86011011,Not Applicable,"Ran Off Roadway Only, Non-Collision",1,183095,36111,3565,1.2,6410502.0,3939.4,999
2024,Property Damage & Injury Accident,10:22,2024-10-06,Sunday,Y,Daylight,OLIVE,OTHER,ULSTER,Straight and Level,Clear,,Dry,28 86012165,Not Applicable,"Other Motor Vehicle, Collision With",3,183095,36111,3565,1.2,6410502.0,3939.4,999
2024,Property Damage Accident,16:10,2024-10-06,Sunday,Y,Dark-Road Unlighted,CORTLANDT,REAR END,WESTCHESTER,Curve and Level,Clear,,Dry,6 87031037,Not Applicable,"Other Motor Vehicle, Collision With",2,1009165,36119,850,0.8,18110248.0,6143.2,3354
2024,Property Damage Accident,8:00,2024-10-06,Sunday,Y,Daylight,PELHAM,HEAD ON,WESTCHESTER,Straight and Level,Clear,,Dry,,Not Applicable,"Other Motor Vehicle, Collision With",2,1009165,36119,850,0.8,18110248.0,6143.2,3354
2024,Property Damage Accident,12:08,2024-10-06,Sunday,Y,Daylight,CROTON ON HUDSON,OTHER,WESTCHESTER,Straight and Level,Clear,,Dry,,Not Applicable,"Tree, Collision With Fixed Object",1,1009165,36119,850,0.8,18110248.0,6143.2,3354
2024,Property Damage Accident,12:44,2024-10-06,Sunday,Y,Daylight,YONKERS,OVERTAKING,WESTCHESTER,Curve and Level,Clear,,Dry,,Not Applicable,"Other Motor Vehicle, Collision With",2,1009165,36119,850,0.8,18110248.0,6143.2,3354
2024,Property Damage Accident,23:13,2024-10-06,Sunday,Y,Dark-Road Lighted,WHITE PLAINS,OTHER,WESTCHESTER,Straight and Level,Clear,Traffic Signal,Dry,,Not Applicable,"Curbing, Collision With Fixed Object",1,1009165,36119,850,0.8,18110248.0,6143.2,3354
2024,Property Damage Accident,3:33,2024-10-06,Sunday,Y,Dark-Road Unlighted,MOUNT PLEASANT,OTHER,WESTCHESTER,Straight and Level,Clear,,Dry,987G87011035,Not Applicable,"Guide Rail - Not At End, Collision With Fixed Object",1,1009165,36119,850,0.8,18110248.0,6143.2,3354
2024,Property Damage Accident,15:50,2024-10-06,Sunday,Y,Daylight,OSSINING,REAR END,WESTCHESTER,Straight and Grade,Clear,Traffic Signal,Dry,,Not Applicable,"Other Motor Vehicle, Collision With",2,1009165,36119,850,0.8,18110248.0,6143.2,3354
2024,Property Damage & Injury Accident,12:36,2024-10-07,Monday,Y,Daylight,LA GRANGE,OTHER,DUTCHESS,Straight and Grade,Cloudy,,Dry,987G82031103,Not Applicable,"Other Motor Vehicle, Collision With",3,299256,36027,1695,0.8,5987961.0,3975.0,1300
2024,Property Damage Accident,15:46,2024-10-07,Monday,Y,Daylight,POUGHKEEPSIE,OVERTAKING,DUTCHESS,Straight and Level,Clear,,Dry,,Not Applicable,"Other Motor Vehicle, Collision With",2,299256,36027,1695,0.8,5987961.0,3975.0,1300
2024,Property Damage Accident,17:20,2024-10-07,Monday,Y,Daylight,FISHKILL,LEFT TURN (3),DUTCHESS,Straight and Level,Clear,,Dry,52 82042041,Not Applicable,"Other Motor Vehicle, Collision With",2,299256,36027,1695,0.8,5987961.0,3975.0,1300
2024,Property Damage & Injury Accident,19:30,2024-10-07,Monday,Y,Dark-Road Lighted,POUGHKEEPSIE,RIGHT ANGLE,DUTCHESS,Straight and Level,Clear,Traffic Signal,Dry,9 82051125,Not Applicable,"Other Motor Vehicle, Collision With",2,299256,36027,1695,0.8,5987961.0,3975.0,1300
2024,Property Damage Accident,8:59,2024-10-07,Monday,Y,Daylight,POUGHKEEPSIE,REAR END,DUTCHESS,Straight and Level,Clear,,Dry,,Not Applicable,"Other Motor Vehicle, Collision With",2,299256,36027,1695,0.8,5987961.0,3975.0,1300
2024,Property Damage Accident,14:48,2024-10-07,Monday,Y,Daylight,FISHKILL,OTHER,DUTCHESS,Straight and Level,Clear,,Dry,9 82051028,Not Applicable,"Other Motor Vehicle, Collision With",2,299256,36027,1695,0.8,5987961.0,3975.0,1300
2024,Property Damage & Injury Accident,11:23,2024-10-07,Monday,Y,Daylight,NEWBURGH,OTHER,ORANGE,Straight and Level,Clear,Traffic Signal,Dry,17K83012008,Not Applicable,"Other Motor Vehicle, Collision With",3,415088,36071,4753,2.6,13857119.0,5167.5,1527
2024,Property Damage Accident,3:27,2024-10-07,Monday,Y,Dark-Road Unlighted,WAWAYANDA,OTHER,ORANGE,Straight and Level,Cloudy,,Dry,,Not Applicable,Deer,1,415088,36071,4753,2.6,13857119.0,5167.5,1527
2024,Property Damage Accident,17:50,2024-10-07,Monday,Y,Dusk,WAWAYANDA,LEFT TURN (3),ORANGE,Straight and Level,Cloudy,Stop Sign,Dry,,Not Applicable,"Other Motor Vehicle, Collision With",2,415088,36071,4753,2.6,13857119.0,5167.5,1527
2024,Injury Accident,18:22,2024-10-07,Monday,Y,Dawn,WALLKILL,REAR END,ORANGE,Straight and Level,Clear,Traffic Signal,Dry,,Not Applicable,"Other Motor Vehicle, Collision With",2,415088,36071,4753,2.6,13857119.0,5167.5,1527
2024,Property Damage Accident,7:04,2024-10-07,Monday,Y,Daylight,CARMEL,REAR END,PUTNAM,Straight and Level,Rain,Stopped School Bus-Red Lights Flashing,Wet,6N84021006,Not Applicable,"Other Motor Vehicle, Collision With",2,98842,36079,509,0.7,2746105.0,4089.2,375
2024,Property Damage Accident,22:34,2024-10-07,Monday,Y,Dark-Road Lighted,SPRING VALLEY,REAR END,ROCKLAND,Straight and Level,Clear,,Dry,45 85011031,Not Applicable,"Other Motor Vehicle, Collision With",2,354829,36087,259,0.3,7336134.0,9989.2,886
2024,Property Damage & Injury Accident,6:09,2024-10-07,Monday,Y,Dark-Road Unlighted,CHESTNUT RIDGE,OVERTAKING,ROCKLAND,Straight and Level,Clear,,Dry,,Not Applicable,"Other Motor Vehicle, Collision With",2,354829,36087,259,0.3,7336134.0,9989.2,886
2024,Property Damage Accident,6:30,2024-10-07,Monday,Y,Dark-Road Lighted,CLARKSTOWN,OTHER,ROCKLAND,Straight and Grade,Rain,,Wet,,Not Applicable,Deer,1,354829,36087,259,0.3,7336134.0,9989.2,886
2024,Property Damage & Injury Accident,9:02,2024-10-07,Monday,Y,Daylight,ORANGETOWN,REAR END,ROCKLAND,Straight and Level,Cloudy,,Dry,303 85011006,Not Applicable,"Other Motor Vehicle, Collision With",2,354829,36087,259,0.3,7336134.0,9989.2,886
2024,Property Damage Accident,21:03,2024-10-07,Monday,Y,Dark-Road Lighted,CLARKSTOWN,OTHER,ROCKLAND,Straight and Level,Clear,,Dry,,Not Applicable,Deer,1,354829,36087,259,0.3,7336134.0,9989.2,886
2024,Property Damage Accident,6:25,2024-10-07,Monday,Y,Dawn,SPRING VALLEY,RIGHT ANGLE,ROCKLAND,Straight and Level,Rain,Stop Sign,Wet,,Not Applicable,"Other Motor Vehicle, Collision With",2,354829,36087,259,0.3,7336134.0,9989.2,886
2024,Property Damage & Injury Accident,20:15,2024-10-07,Monday,Y,Dark-Road Lighted,RAMAPO,OTHER,ROCKLAND,Straight and Level,Clear,Stop Sign,Dry,,Other Actions in Roadway,Other Pedestrian,1,354829,36087,259,0.3,7336134.0,9989.2,886
2024,Property Damage Accident,17:30,2024-10-07,Monday,Y,Daylight,CLARKSTOWN,LEFT TURN (3),ROCKLAND,Straight and Level,Clear,,Dry,,Not Applicable,"Other Motor Vehicle, Collision With",2,354829,36087,259,0.3,7336134.0,9989.2,886