year,accident_descriptor,time,date,day_of_week,police_report,lighting_conditions,municipality,collision_type_descriptor,county_name,road_descriptor,weather_conditions,traffic_control_device,road_surface_conditions,dot_reference_marker_location,pedestrian_bicyclist_action,event_descriptor,number_of_vehicles_involved,county_population_2024,county_fips,county_deer_take_2024,county_antlerless_deer_per_sqmi_2024,county_daily_vmt_2019,county_mean_aadt_2019,county_aadt_segments_2019
2024,Property Damage Accident,8:50,2024-10-10,Thursday,Y,Daylight,LLOYD,RIGHT ANGLE,ULSTER,Straight and Level,Clear,Stop Sign,Dry,44 86011271,Not Applicable,"Other Motor Vehicle, Collision With",2,183095,36111,3565,1.2,6410502.0,3939.4,999
2024,Property Damage Accident,22:22,2024-10-10,Thursday,Y,Dark-Road Unlighted,NEW PALTZ,OTHER,ULSTER,Straight and Level,Clear,,Dry,,Not Applicable,Deer,1,183095,36111,3565,1.2,6410502.0,3939.4,999
2024,Property Damage Accident,7:00,2024-10-10,Thursday,Y,Dawn,ULSTER,RIGHT ANGLE,ULSTER,Straight and Level,Cloudy,Stop Sign,Dry,,Not Applicable,"Other Motor Vehicle, Collision With",2,183095,36111,3565,1.2,6410502.0,3939.4,999
2024,Property Damage Accident,20:15,2024-10-10,Thursday,Y,Dark-Road Unlighted,ELMSFORD,OTHER,WESTCHESTER,Straight and Level,Clear,,Dry,987F87012052,Not Applicable,"Animal, Collision With",1,1009165,36119,850,0.8,18110248.0,6143.2,3354
2024,Property Damage Accident,7:44,2024-10-10,Thursday,Y,Daylight,MAMARONECK,LEFT TURN (3),WESTCHESTER,Straight and Grade,Clear,Stop Sign,Dry,,Not Applicable,"Other Motor Vehicle, Collision With",2,1009165,36119,850,0.8,18110248.0,6143.2,3354
2024,Property Damage & Injury Accident,19:30,2024-10-10,Thursday,Y,Dark-Road Lighted,TARRYTOWN,OTHER,WESTCHESTER,Straight and Level,Clear,Maintenance Work Area,Dry,9 87032063,Not Applicable,"Other Fixed Object*, Collision With Fixed Object",1,1009165,36119,850,0.8,18110248.0,6143.2,3354
2024,Property Damage Accident,10:40,2024-10-10,Thursday,Y,Daylight,GREENBURGH,OVERTAKING,WESTCHESTER,Straight and Level,Clear,Stop Sign,Dry,,Not Applicable,"Other Motor Vehicle, Collision With",2,1009165,36119,850,0.8,18110248.0,6143.2,3354
2024,Property Damage Accident,15:12,2024-10-10,Thursday,Y,Daylight,YONKERS,OVERTAKING,WESTCHESTER,Straight and Level,Clear,,Dry,,Not Applicable,"Other Motor Vehicle, Collision With",2,1009165,36119,850,0.8,18110248.0,6143.2,3354
2024,Property Damage Accident,19:06,2024-10-10,Thursday,Y,Dark-Road Unlighted,RYE BROOKE,OVERTAKING,WESTCHESTER,Straight and Level,Clear,,Dry,907W87025043,Not Applicable,"Other Motor Vehicle, Collision With",2,1009165,36119,850,0.8,18110248.0,6143.2,3354
2024,Property Damage Accident,5:23,2024-10-10,Thursday,Y,Dark-Road Lighted,GREENBURGH,OVERTAKING,WESTCHESTER,Straight and Level,Clear,,Dry,,Not Applicable,"Other Motor Vehicle, Collision With",2,1009165,36119,850,0.8,18110248.0,6143.2,3354
2024,Property Damage Accident,12:56,2024-10-11,Friday,Y,Daylight,POUGHKEEPSIE,RIGHT ANGLE,DUTCHESS,Straight and Level,Clear,,Dry,44 82022019,Not Applicable,"Other Motor Vehicle, Collision With",2,299256,36027,1695,0.8,5987961.0,3975.0,1300
2024,Property Damage & Injury Accident,15:23,2024-10-11,Friday,Y,Daylight,FISHKILL,REAR END,DUTCHESS,Straight and Level,Clear,No Passing Zone,Dry,82 82011001,Not Applicable,"Other Motor Vehicle, Collision With",2,299256,36027,1695,0.8,5987961.0,3975.0,1300
2024,Property Damage Accident,19:12,2024-10-11,Friday,Y,Dark-Road Lighted,EAST FISHKILL,OTHER,DUTCHESS,Straight and Level,Clear,,Dry,,Not Applicable,"Tree, Collision With Fixed Object",1,299256,36027,1695,0.8,5987961.0,3975.0,1300
2024,Property Damage Accident,19:50,2024-10-11,Friday,Y,Dark-Road Lighted,POUGHKEEPSIE,RIGHT ANGLE,DUTCHESS,Straight and Level,Cloudy,Traffic Signal,Dry,,Not Applicable,"Other Motor Vehicle, Collision With",2,299256,36027,1695,0.8,5987961.0,3975.0,1300
2024,Property Damage Accident,10:40,2024-10-11,Friday,Y,Daylight,NEW WINDSOR,OVERTAKING,ORANGE,Straight and Level,Clear,,Dry,32 83011117,Not Applicable,"Other Motor Vehicle, Collision With",2,415088,36071,4753,2.6,13857119.0,5167.5,1527
2024,Property Damage Accident,16:30,2024-10-11,Friday,Y,Daylight,NEW WINDSOR,LEFT TURN (3),ORANGE,Straight and Level,Clear,No Passing Zone,Dry,32 83011113,Not Applicable,"Other Motor Vehicle, Collision With",2,415088,36071,4753,2.6,13857119.0,5167.5,1527
2024,Property Damage Accident,7:39,2024-10-11,Friday,Y,Daylight,GOSHEN,OTHER,ORANGE,Straight and Level,Clear,,Dry,,Not Applicable,Deer,1,415088,36071,4753,2.6,13857119.0,5167.5,1527
2024,Property Damage Accident,21:38,2024-10-11,Friday,Y,Dark-Road Unlighted,NEWBURGH,REAR END,ORANGE,Straight and Level,Clear,,Dry,,Not Applicable,"Other Motor Vehicle, Collision With",2,415088,36071,4753,2.6,13857119.0,5167.5,1527
2024,Property Damage Accident,22:30,2024-10-11,Friday,Y,Dark-Road Unlighted,NEWBURGH,REAR END,ORANGE,Straight and Grade,Clear,,Dry,,Not Applicable,"Other Motor Vehicle, Collision With",2,415088,36071,4753,2.6,13857119.0,5167.5,1527
2024,Property Damage Accident,10:57,2024-10-11,Friday,Y,Daylight,MIDDLETOWN,OVERTAKING,ORANGE,Straight and Level,Clear,,Dry,,Not Applicable,"Other Motor Vehicle, Collision With",2,415088,36071,4753,2.6,13857119.0,5167.5,1527
2024,Property Damage Accident,7:18,2024-10-11,Friday,Y,Daylight,NEWBURGH,OVERTAKING,ORANGE,Straight and Level,Clear,,Dry,,Not Applicable,"Other Motor Vehicle, Collision With",2,415088,36071,4753,2.6,13857119.0,5167.5,1527
2024,Property Damage Accident,6:49,2024-10-11,Friday,Y,Dawn,BLOOMING GROVE,OTHER,ORANGE,Straight and Grade,Clear,No Passing Zone,Dry,208 83011062,Not Applicable,"Animal, Collision With",1,415088,36071,4753,2.6,13857119.0,5167.5,1527
2024,Property Damage & Injury Accident,19:53,2024-10-11,Friday,Y,Dark-Road Unlighted,WOODBURY,OTHER,ORANGE,Curve and Level,Cloudy,,Dry,,Not Applicable,"Other Motor Vehicle, Collision With",3,415088,36071,4753,2.6,13857119.0,5167.5,1527
2024,Property Damage & Injury Accident,12:45,2024-10-11,Friday,Y,Daylight,SOUTHEAST,REAR END,PUTNAM,Straight and Level,Clear,,Dry,6 84041134,Not Applicable,"Other Motor Vehicle, Collision With",2,98842,36079,509,0.7,2746105.0,4089.2,375
2024,Property Damage Accident,15:05,2024-10-11,Friday,Y,Daylight,RAMAPO,REAR END,ROCKLAND,Straight and Level,Clear,Stop Sign,Dry,59 85011061,Not Applicable,"Other Motor Vehicle, Collision With",2,354829,36087,259,0.3,7336134.0,9989.2,886
2024,Property Damage Accident,18:38,2024-10-11,Friday,Y,Dark-Road Lighted,CLARKSTOWN,OTHER,ROCKLAND,Straight and Level,Clear,,Dry,,Not Applicable,"Animal, Collision With",1,354829,36087,259,0.3,7336134.0,9989.2,886
2024,Property Damage Accident,21:31,2024-10-11,Friday,Y,Dark-Road Lighted,ORANGETOWN,OTHER,ROCKLAND,Straight and Level,Clear,Traffic Signal,Dry,,Not Applicable,"Other Motor Vehicle, Collision With",4,354829,36087,259,0.3,7336134.0,9989.2,886
2024,Property Damage Accident,9:43,2024-10-11,Friday,Y,Daylight,SUFFERN,OTHER,ROCKLAND,Straight and Level,Clear,Stop Sign,Dry,,Not Applicable,"Other Motor Vehicle, Collision With",2,354829,36087,259,0.3,7336134.0,9989.2,886
2024,Property Damage & Injury Accident,22:08,2024-10-11,Friday,Y,Dark-Road Lighted,CLARKSTOWN,HEAD ON,ROCKLAND,Straight and Level,Clear,Traffic Signal,Dry,304 85011047,Not Applicable,"Other Motor Vehicle, Collision With",2,354829,36087,259,0.3,7336134.0,9989.2,886
2024,Property Damage Accident,13:24,2024-10-11,Friday,Y,Daylight,SPRING VALLEY,OVERTAKING,ROCKLAND,Straight and Level,Clear,,Dry,59 85011076,Not Applicable,"Other Motor Vehicle, Collision With",2,354829,36087,259,0.3,7336134.0,9989.2,886
2024,Property Damage & Injury Accident,11:18,2024-10-11,Friday,Y,Daylight,CLARKSTOWN,REAR END,ROCKLAND,Straight and Level,Clear,,Dry,,Not Applicable,"Other Motor Vehicle, Collision With",2,354829,36087,259,0.3,7336134.0,9989.2,886
2024,Property Damage Accident,19:24,2024-10-11,Friday,N,Dusk,NYACK,REAR END,ROCKLAND,Straight and Level,Cloudy,Unknown,Dry,,Not Applicable,"Other Motor Vehicle, Collision With",2,354829,36087,259,0.3,7336134.0,9989.2,886
2024,Property Damage Accident,18:47,2024-10-11,Friday,Y,Dark-Road Lighted,ORANGETOWN,SIDESWIPE,ROCKLAND,Straight and Level,Clear,,Dry,,Not Applicable,"Other Motor Vehicle, Collision With",2,354829,36087,259,0.3,7336134.0,9989.2,886
2024,Property Damage Accident,6:52,2024-10-11,Friday,Y,Dusk,NEW HEMPSTEAD,OTHER,ROCKLAND,Straight and Level,Clear,,Dry,306 85011021,Not Applicable,"Animal, Collision With",1,354829,36087,259,0.3,7336134.0,9989.2,886
2024,Property Damage Accident,12:40,2024-10-11,Friday,Y,Daylight,NEW PALTZ,REAR END,ULSTER,Straight and Level,Clear,No Passing Zone,Dry,299 86011070,Not Applicable,"Other Motor Vehicle, Collision With",2,183095,36111,3565,1.2,6410502.0,3939.4,999
2024,Property Damage Accident,7:50,2024-10-11,Friday,Y,Daylight,SAUGERTIES,OTHER,ULSTER,Straight and Level,Clear,,Dry,32 86023129,Not Applicable,Deer,1,183095,36111,3565,1.2,6410502.0,3939.4,999
2024,Property Damage Accident,0:20,2024-10-11,Friday,Y,Dark-Road Lighted,SAUGERTIES,OTHER,ULSTER,Curve and Level,Clear,,Dry,,Not Applicable,"Other Object (Not Fixed)*, Collision With",1,183095,36111,3565,1.2,6410502.0,3939.4,999
2024,Property Damage Accident,13:39,2024-10-11,Friday,Y,Daylight,ULSTER,REAR END,ULSTER,Straight and Level,Clear,,Dry,,Not Applicable,"Other Motor Vehicle, Collision With",2,183095,36111,3565,1.2,6410502.0,3939.4,999
2024,Property Damage Accident,16:05,2024-10-11,Friday,Y,Daylight,NEW PALTZ,OTHER,ULSTER,Straight and Level,Clear,Traffic Signal,Dry,299 86011069,Not Applicable,"Curbing, Collision With Fixed Object",1,183095,36111,3565,1.2,6410502.0,3939.4,999
2024,Property Damage Accident,17:09,2024-10-11,Friday,Y,Dusk,GREENBURGH,REAR END,WESTCHESTER,Straight at Hill Crest,Clear,,Dry,287I87011000,Not Applicable,"Other Motor Vehicle, Collision With",2,1009165,36119,850,0.8,18110248.0,6143.2,3354
2024,Property Damage Accident,13:25,2024-10-11,Friday,Y,Daylight,YONKERS,REAR END,WESTCHESTER,Straight and Grade,Clear,,Dry,,Not Applicable,"Other Motor Vehicle, Collision With",2,1009165,36119,850,0.8,18110248.0,6143.2,3354
2024,Property Damage Accident,18:43,2024-10-11,Friday,Y,Dark-Road Lighted,WHITE PLAINS,OVERTAKING,WESTCHESTER,Straight at Hill Crest,Clear,,Dry,22 87023010,Not Applicable,"Other Motor Vehicle, Collision With",2,1009165,36119,850,0.8,18110248.0,6143.2,3354
2024,Property Damage Accident,6:31,2024-10-11,Friday,Y,Dawn,OSSINING,OTHER,WESTCHESTER,Curve and Level,Clear,,Dry,9A87032151,Not Applicable,"Other Motor Vehicle, Collision With",4,1009165,36119,850,0.8,18110248.0,6143.2,3354
2024,Property Damage Accident,0:09,2024-10-11,Friday,Y,Dark-Road Unlighted,NORTH CASTLE,OTHER,WESTCHESTER,Curve and Level,Clear,,Dry,,Not Applicable,"Earth Embankment/Rock Cut/Ditch, Collision With Fixed Object",1,1009165,36119,850,0.8,18110248.0,6143.2,3354
2024,Property Damage Accident,19:45,2024-10-11,Friday,Y,Dark-Road Lighted,YONKERS,OVERTAKING,WESTCHESTER,Straight and Level,Clear,,Dry,,Not Applicable,"Other Motor Vehicle, Collision With",2,1009165,36119,850,0.8,18110248.0,6143.2,3354
2024,Property Damage Accident,20:30,2024-10-11,Friday,Y,Dark-Road Lighted,YONKERS,OTHER,WESTCHESTER,Curve and Level,Clear,,Dry,987D87011034,Not Applicable,"Guide Rail - Not At End, Collision With Fixed Object",1,1009165,36119,850,0.8,18110248.0,6143.2,3354
2024,Property Damage Accident,15:33,2024-10-11,Friday,Y,Daylight,YONKERS,OVERTAKING,WESTCHESTER,Straight and Level,Clear,Traffic Signal,Dry,9 87031008,Not Applicable,"Other Motor Vehicle, Collision With",2,1009165,36119,850,0.8,18110248.0,6143.2,3354
2024,Injury Accident,9:00,2024-10-11,Friday,N,Unknown,MOUNT VERNON,REAR END,WESTCHESTER,Unknown,Unknown,Unknown,Unknown,,Not Applicable,"Other Motor Vehicle, Collision With",2,1009165,36119,850,0.8,18110248.0,6143.2,3354
2024,Property Damage Accident,8:00,2024-10-11,Friday,N,Daylight,YONKERS,OVERTAKING,WESTCHESTER,Straight and Level,Clear,,Dry,,Not Applicable,"Other Motor Vehicle, Collision With",2,1009165,36119,850,0.8,18110248.0,6143.2,3354
2024,Property Damage Accident,18:55,2024-10-11,Friday,N,Unknown,YORKTOWN,Unknown,WESTCHESTER,Unknown,Unknown,Unknown,Unknown,6 87033028,Not Applicable,"Other Motor Vehicle, Collision With",2,1009165,36119,850,0.8,18110248.0,6143.2,3354
2024,Property Damage Accident,12:50,2024-10-12,Saturday,Y,Daylight,BEEKMAN,OVERTAKING,DUTCHESS,Straight and Level,Clear,,Dry,,Not Applicable,"Other Motor Vehicle, Collision With",2,299256,36027,1695,0.8,5987961.0,3975.0,1300
2024,Property Damage Accident,0:25,2024-10-12,Saturday,Y,Dark-Road Unlighted,STANFORD,OTHER,DUTCHESS,Straight and Level,Clear,No Passing Zone,Dry,82 82011345,Not Applicable,"Tree, Collision With Fixed Object",1,299256,36027,1695,0.8,5987961.0,3975.0,1300
2024,Property Damage Accident,12:30,2024-10-12,Saturday,Y,Daylight,RHINEBECK,OTHER,DUTCHESS,Straight and Level,Clear,No Passing Zone,Dry,9G82013129,Not Applicable,Deer,1,299256,36027,1695,0.8,5987961.0,3975.0,1300
2024,Property Damage Accident,7:50,2024-10-12,Saturday,Y,Dusk,FISHKILL,OTHER,DUTCHESS,Straight and Level,Clear,,Dry,84I82021048,Not Applicable,"Other Object (Not Fixed)*, Collision With",1,299256,36027,1695,0.8,5987961.0,3975.0,1300
2024,Property Damage Accident,19:10,2024-10-12,Saturday,Y,Dusk,BEEKMAN,OTHER,DUTCHESS,Straight and Level,Clear,,Dry,55 82032129,Not Applicable,Deer,1,299256,36027,1695,0.8,5987961.0,3975.0,1300
2024,Property Damage Accident,11:48,2024-10-12,Saturday,Y,Daylight,POUGHKEEPSIE,REAR END,DUTCHESS,Straight and Level,Clear,Yield Sign,Dry,44 82021005,Not Applicable,"Other Motor Vehicle, Collision With",2,299256,36027,1695,0.8,5987961.0,3975.0,1300
2024,Property Damage Accident,14:04,2024-10-12,Saturday,Y,Daylight,NEWBURGH,RIGHT ANGLE,ORANGE,Straight and Level,Clear,Stop Sign,Dry,300 83021075,Not Applicable,"Other Motor Vehicle, Collision With",2,415088,36071,4753,2.6,13857119.0,5167.5,1527
2024,Property Damage Accident,9:03,2024-10-12,Saturday,Y,Daylight,TUXEDO,OTHER,ORANGE,Straight and Level,Clear,,Dry,,Not Applicable,"Other*, Non-Collision",2,415088,36071,4753,2.6,13857119.0,5167.5,1527
2024,Property Damage & Injury Accident,11:04,2024-10-12,Saturday,Y,Daylight,NEWBURGH,REAR END,ORANGE,Straight and Grade,Cloudy,Traffic Signal,Dry,17K83012007,Not Applicable,"Other Motor Vehicle, Collision With",2,415088,36071,4753,2.6,13857119.0,5167.5,1527
2024,Property Damage Accident,21:42,2024-10-12,Saturday,Y,Dark-Road Unlighted,HIGHLANDS,RIGHT TURN (6),ORANGE,Curve and Level,Clear,,Dry,,Not Applicable,"Other Motor Vehicle, Collision With",2,415088,36071,4753,2.6,13857119.0,5167.5,1527
2024,Property Damage Accident,15:09,2024-10-12,Saturday,Y,Daylight,MIDDLETOWN,RIGHT TURN (5),ORANGE,Straight and Level,Clear,Stop Sign,Dry,,Not Applicable,"Other Motor Vehicle, Collision With",2,415088,36071,4753,2.6,13857119.0,5167.5,1527
2024,Property Damage & Injury Accident,13:39,2024-10-12,Saturday,Y,Daylight,NEWBURGH,REAR END,ORANGE,Straight and Level,Clear,,Dry,9W83023006,Not Applicable,"Other Motor Vehicle, Collision With",2,415088,36071,4753,2.6,13857119.0,5167.5,1527
2024,Property Damage Accident,14:00,2024-10-12,Saturday,Y,Daylight,WALLKILL,OTHER,ORANGE,Straight and Level,Clear,Traffic Signal,Dry,,Not Applicable,"Other Motor Vehicle, Collision With",3,415088,36071,4753,2.6,13857119.0,5167.5,1527
2024,Property Damage Accident,12:31,2024-10-12,Saturday,Y,Daylight,SOUTHEAST,OVERTAKING,PUTNAM,Straight and Level,Clear,,Dry,684I84021013,Not Applicable,"Other Motor Vehicle, Collision With",2,98842,36079,509,0.7,2746105.0,4089.2,375
2024,Property Damage Accident,17:38,2024-10-12,Saturday,Y,Dusk,NEW PALTZ,OTHER,ULSTER,Straight and Level,Clear,Traffic Signal,Dry,299 86011065,"Crossing, Against Signal","Pedestrian, Collision With",1,183095,36111,3565,1.2,6410502.0,3939.4,999
2024,Property Damage Accident,18:45,2024-10-12,Saturday,Y,Dark-Road Unlighted,ROCHESTER,OTHER,ULSTER,Straight and Level,Clear,No Passing Zone,Dry,,Not Applicable,Deer,1,183095,36111,3565,1.2,6410502.0,3939.4,999
2024,Property Damage Accident,13:24,2024-10-12,Saturday,Y,Daylight,KINGSTON,RIGHT ANGLE,ULSTER,Straight and Level,Clear,,Dry,,Not Applicable,"Other Motor Vehicle, Collision With",2,183095,36111,3565,1.2,6410502.0,3939.4,999
2024,Property Damage Accident,17:26,2024-10-12,Saturday,Y,Daylight,ULSTER,LEFT TURN (3),ULSTER,Straight and Level,Clear,,Dry,,Not Applicable,"Other Motor Vehicle, Collision With",2,183095,36111,3565,1.2,6410502.0,3939.4,999
2024,Property Damage Accident,17:58,2024-10-12,Saturday,Y,Dusk,NORTH SALEM,REAR END,WESTCHESTER,Straight and Level,Clear,,Dry,,Not Applicable,"Other Motor Vehicle, Collision With",2,1009165,36119,850,0.8,18110248.0,6143.2,3354
2024,Property Damage Accident,7:22,2024-10-12,Saturday,Y,Unknown,YONKERS,REAR END,WESTCHESTER,Straight and Grade,Clear,,Dry,,Not Applicable,"Other Motor Vehicle, Collision With",2,1009165,36119,850,0.8,18110248.0,6143.2,3354
2024,Property Damage Accident,16:15,2024-10-12,Saturday,Y,Daylight,CORTLANDT,OTHER,WESTCHESTER,Curve and Level,Clear,,Dry,6 87033002,Not Applicable,"Sign Post, Collision With Fixed Object",1,1009165,36119,850,0.8,18110248.0,6143.2,3354
2024,Property Damage Accident,11:50,2024-10-12,Saturday,Y,Daylight,WHITE PLAINS,OVERTAKING,WESTCHESTER,Straight and Level,Clear,,Dry,119 87012005,Not Applicable,"Other Motor Vehicle, Collision With",2,1009165,36119,850,0.8,18110248.0,6143.2,3354
2024,Property Damage Accident,21:26,2024-10-12,Saturday,Y,Dark-Road Lighted,GREENBURGH,REAR END,WESTCHESTER,Straight and Level,Cloudy,Traffic Signal,Dry,100 87014001,Not Applicable,"Other Motor Vehicle, Collision With",2,1009165,36119,850,0.8,18110248.0,6143.2,3354
2024,Property Damage Accident,10:27,2024-10-12,Saturday,Y,Daylight,YORKTOWN,RIGHT ANGLE,WESTCHESTER,Straight and Level,Clear,Stop Sign,Dry,35 87012073,Not Applicable,"Other Motor Vehicle, Collision With",2,1009165,36119,850,0.8,18110248.0,6143.2,3354
2024,Property Damage & Injury Accident,9:07,2024-10-12,Saturday,Y,Daylight,MAMARONECK,REAR END,WESTCHESTER,Straight and Level,Clear,,Dry,,Not Applicable,"Other Motor Vehicle, Collision With",2,1009165,36119,850,0.8,18110248.0,6143.2,3354
2024,Property Damage Accident,2:00,2024-10-12,Saturday,N,Dark-Road Lighted,OSSINING,Unknown,WESTCHESTER,Straight and Level,Clear,,Dry,,Not Applicable,"Other Motor Vehicle, Collision With",2,1009165,36119,850,0.8,18110248.0,6143.2,3354
2024,Property Damage Accident,23:05,2024-10-12,Saturday,Y,Dark-Road Lighted,YONKERS,OVERTAKING,WESTCHESTER,Straight and Level,Clear,,Dry,907K87011011,Not Applicable,"Other Motor Vehicle, Collision With",2,1009165,36119,850,0.8,18110248.0,6143.2,3354
2024,Property Damage Accident,21:39,2024-10-12,Saturday,Y,Dark-Road Lighted,WHITE PLAINS,OVERTAKING,WESTCHESTER,Straight and Level,Clear,Traffic Signal,Dry,22 87023012,Not Applicable,"Other Motor Vehicle, Collision With",2,1009165,36119,850,0.8,18110248.0,6143.2,3354
2024,Property Damage Accident,20:05,2024-10-12,Saturday,Y,Dark-Road Unlighted,WHITE PLAINS,OVERTAKING,WESTCHESTER,Straight and Level,Clear,Traffic Signal,Dry,,Not Applicable,"Other Motor Vehicle, Collision With",2,1009165,36119,850,0.8,18110248.0,6143.2,3354
2024,Property Damage Accident,11:11,2024-10-13,Sunday,Y,Daylight,RHINEBECK,OTHER,DUTCHESS,Straight and Grade,Rain,,Wet,,Not Applicable,"Tree, Collision With Fixed Object",1,299256,36027,1695,0.8,5987961.0,3975.0,1300
2024,Property Damage Accident,4:19,2024-10-13,Sunday,Y,Dark-Road Unlighted,EAST FISHKILL,OTHER,DUTCHESS,Straight and Level,Cloudy,,Dry,84I82021120,Not Applicable,"Guide Rail - Not At End, Collision With Fixed Object",1,299256,36027,1695,0.8,5987961.0,3975.0,1300
2024,Property Damage Accident,23:44,2024-10-13,Sunday,Y,Dark-Road Unlighted,EAST FISHKILL,OTHER,DUTCHESS,Straight and Level,Fog/Smog/Smoke,,Wet,987G82031000,Not Applicable,"Guide Rail - Not At End, Collision With Fixed Object",1,299256,36027,1695,0.8,5987961.0,3975.0,1300
2024,Property Damage Accident,20:56,2024-10-13,Sunday,Y,Dark-Road Unlighted,LA GRANGE,OTHER,DUTCHESS,Curve and Grade,Rain,,Wet,987G82031131,Not Applicable,"Other Fixed Object*, Collision With Fixed Object",1,299256,36027,1695,0.8,5987961.0,3975.0,1300
2024,Property Damage Accident,13:10,2024-10-13,Sunday,Y,Daylight,CHESTER,RIGHT ANGLE,ORANGE,Straight and Level,Cloudy,,Dry,,Not Applicable,"Other Motor Vehicle, Collision With",2,415088,36071,4753,2.6,13857119.0,5167.5,1527
2024,Property Damage Accident,17:13,2024-10-13,Sunday,Y,Daylight,MONROE,REAR END,ORANGE,Straight and Grade,Clear,Stop Sign,Dry,,Not Applicable,"Other Motor Vehicle, Collision With",2,415088,36071,4753,2.6,13857119.0,5167.5,1527
2024,Property Damage & Injury Accident,12:00,2024-10-13,Sunday,Y,Daylight,WALLKILL,HEAD ON,ORANGE,Curve and Grade,Rain,No Passing Zone,Wet,,Not Applicable,"Other Motor Vehicle, Collision With",2,415088,36071,4753,2.6,13857119.0,5167.5,1527
2024,Property Damage Accident,1:15,2024-10-13,Sunday,Y,Dark-Road Unlighted,NEWBURGH,OTHER,ORANGE,Straight and Grade,Clear,,Dry,84I83011360,Not Applicable,Deer,1,415088,36071,4753,2.6,13857119.0,5167.5,1527
2024,Property Damage Accident,4:39,2024-10-13,Sunday,Y,Dark-Road Unlighted,NEWBURGH,OTHER,ORANGE,Curve and Level,Clear,,Dry,,Not Applicable,"Tree, Collision With Fixed Object",1,415088,36071,4753,2.6,13857119.0,5167.5,1527
2024,Property Damage & Injury Accident,12:00,2024-10-13,Sunday,Y,Daylight,WALLKILL,RIGHT ANGLE,ORANGE,Straight and Grade,Rain,Traffic Signal,Wet,17M83011016,Not Applicable,"Other Motor Vehicle, Collision With",2,415088,36071,4753,2.6,13857119.0,5167.5,1527
2024,Property Damage & Injury Accident,15:53,2024-10-13,Sunday,Y,Daylight,CORNWALL,RIGHT ANGLE,ORANGE,Straight and Level,Rain,Stop Sign,Wet,,Not Applicable,"Other Motor Vehicle, Collision With",2,415088,36071,4753,2.6,13857119.0,5167.5,1527
2024,Property Damage Accident,19:13,2024-10-13,Sunday,Y,Dark-Road Unlighted,SOUTHEAST,REAR END,PUTNAM,Straight and Level,Cloudy,,Dry,84I84031114,Not Applicable,"Other Motor Vehicle, Collision With",2,98842,36079,509,0.7,2746105.0,4089.2,375
2024,Property Damage Accident,20:18,2024-10-13,Sunday,Y,Dark-Road Unlighted,SOUTHEAST,OTHER,PUTNAM,Straight and Level,Cloudy,,Wet,84I84031114,Not Applicable,"Other Motor Vehicle, Collision With",3,98842,36079,509,0.7,2746105.0,4089.2,375
2024,Property Damage & Injury Accident,13:22,2024-10-13,Sunday,Y,Daylight,PATTERSON,OTHER,PUTNAM,Straight and Level,Clear,,Dry,,Not Applicable,"Tree, Collision With Fixed Object",1,98842,36079,509,0.7,2746105.0,4089.2,375
2024,Property Damage Accident,1:29,2024-10-13,Sunday,Y,Dark-Road Unlighted,ORANGETOWN,OTHER,ROCKLAND,Straight and Grade,Clear,,Dry,987C85011000,Not Applicable,"Guide Rail - Not At End, Collision With Fixed Object",1,354829,36087,259,0.3,7336134.0,9989.2,886
2024,Property Damage Accident,3:46,2024-10-13,Sunday,Y,Dark-Road Unlighted,SPRING VALLEY,RIGHT ANGLE,ROCKLAND,Straight and Level,Clear,,Dry,,Not Applicable,"Other Motor Vehicle, Collision With",2,354829,36087,259,0.3,7336134.0,9989.2,886
2024,Property Damage Accident,1:00,2024-10-13,Sunday,Y,Dark-Road Unlighted,PLATTEKILL,OTHER,ULSTER,Straight and Level,Cloudy,,Dry,32 86021049,Not Applicable,Deer,1,183095,36111,3565,1.2,6410502.0,3939.4,999
2024,Property Damage Accident,10:46,2024-10-13,Sunday,Y,Daylight,OLIVE,LEFT TURN (0),ULSTER,Straight and Level,Rain,,Wet,28 86012126,Not Applicable,"Other Motor Vehicle, Collision With",2,183095,36111,3565,1.2,6410502.0,3939.4,999
2024,Property Damage Accident,1:20,2024-10-13,Sunday,Y,Dark-Road Unlighted,MARBLETOWN,OTHER,ULSTER,Curve and Grade,Clear,No Passing Zone,Dry,,Not Applicable,"Earth Embankment/Rock Cut/Ditch, Collision With Fixed Object",1,183095,36111,3565,1.2,6410502.0,3939.4,999
2024,Property Damage Accident,14:45,2024-10-13,Sunday,Y,Daylight,MARLBOROUGH,OVERTAKING,ULSTER,Straight and Level,Rain,,Wet,,Not Applicable,"Other Motor Vehicle, Collision With",2,183095,36111,3565,1.2,6410502.0,3939.4,999
2024,Property Damage Accident,20:34,2024-10-13,Sunday,Y,Dark-Road Unlighted,WHITE PLAINS,HEAD ON,WESTCHESTER,Straight and Level,Clear,,Dry,,Not Applicable,"Other Motor Vehicle, Collision With",2,1009165,36119,850,0.8,18110248.0,6143.2,3354
2024,Property Damage Accident,12:59,2024-10-13,Sunday,Y,Daylight,MOUNT PLEASANT,RIGHT ANGLE,WESTCHESTER,Straight and Level,Clear,,Dry,141 87011020,Not Applicable,"Other Motor Vehicle, Collision With",2,1009165,36119,850,0.8,18110248.0,6143.2,3354