year,accident_descriptor,time,date,day_of_week,police_report,lighting_conditions,municipality,collision_type_descriptor,county_name,road_descriptor,weather_conditions,traffic_control_device,road_surface_conditions,dot_reference_marker_location,pedestrian_bicyclist_action,event_descriptor,number_of_vehicles_involved,county_population_2024,county_fips,county_deer_take_2024,county_antlerless_deer_per_sqmi_2024,county_daily_vmt_2019,county_mean_aadt_2019,county_aadt_segments_2019
2024,Property Damage & Injury Accident,5:31,2024-10-13,Sunday,Y,Dark-Road Lighted,WHITE PLAINS,OTHER,WESTCHESTER,Straight and Level,Clear,,Dry,119 87012006,Not Applicable,"Light Support/Utility Pole, Collision With Fixed Object",1,1009165,36119,850,0.8,18110248.0,6143.2,3354
2024,Property Damage Accident,21:30,2024-10-13,Sunday,N,Unknown,WHITE PLAINS,OTHER,WESTCHESTER,Unknown,Unknown,Unknown,Unknown,,Not Applicable,"Other Fixed Object*, Collision With Fixed Object",1,1009165,36119,850,0.8,18110248.0,6143.2,3354
2024,Injury Accident,5:03,2024-10-13,Sunday,Y,Dark-Road Lighted,YONKERS,OTHER,WESTCHESTER,Straight and Level,Clear,,Dry,983B87011011,Other Actions in Roadway,"Pedestrian, Collision With",1,1009165,36119,850,0.8,18110248.0,6143.2,3354
2024,Property Damage Accident,1:51,2024-10-14,Monday,Y,Daylight,EAST FISHKILL,OTHER,DUTCHESS,Curve and Level,Clear,,Dry,987G82031036,Not Applicable,"Other Motor Vehicle, Collision With",2,299256,36027,1695,0.8,5987961.0,3975.0,1300
2024,Property Damage Accident,15:05,2024-10-14,Monday,Y,Daylight,RHINEBECK,RIGHT ANGLE,DUTCHESS,Straight and Level,Cloudy,Stop Sign,Dry,,Not Applicable,"Other Motor Vehicle, Collision With",2,299256,36027,1695,0.8,5987961.0,3975.0,1300
2024,Property Damage Accident,12:00,2024-10-14,Monday,Y,Daylight,FISHKILL,REAR END,DUTCHESS,Straight and Level,Clear,Traffic Signal,Dry,9 82051044,Not Applicable,"Other Motor Vehicle, Collision With",2,299256,36027,1695,0.8,5987961.0,3975.0,1300
2024,Property Damage & Injury Accident,17:08,2024-10-14,Monday,Y,Daylight,BEEKMAN,RIGHT ANGLE,DUTCHESS,Curve and Level,Cloudy,Traffic Signal,Dry,,Not Applicable,"Other Motor Vehicle, Collision With",2,299256,36027,1695,0.8,5987961.0,3975.0,1300
2024,Property Damage Accident,12:55,2024-10-14,Monday,Y,Daylight,WALLKILL,SIDESWIPE,ORANGE,Straight and Level,Cloudy,,Dry,211 83011088,Not Applicable,"Other Motor Vehicle, Collision With",2,415088,36071,4753,2.6,13857119.0,5167.5,1527
2024,Property Damage Accident,17:47,2024-10-14,Monday,Y,Daylight,WOODBURY,OVERTAKING,ORANGE,Straight and Level,Clear,,Dry,17 83101248,Not Applicable,"Other Motor Vehicle, Collision With",2,415088,36071,4753,2.6,13857119.0,5167.5,1527
2024,Property Damage Accident,13:05,2024-10-14,Monday,Y,Daylight,NEWBURGH,OVERTAKING,ORANGE,Straight and Level,Clear,,Dry,,Not Applicable,"Other Motor Vehicle, Collision With",2,415088,36071,4753,2.6,13857119.0,5167.5,1527
2024,Property Damage Accident,13:05,2024-10-14,Monday,Y,Daylight,NEW WINDSOR,Unknown,ORANGE,Straight and Level,Clear,,Dry,,Not Applicable,"Other Motor Vehicle, Collision With",2,415088,36071,4753,2.6,13857119.0,5167.5,1527
2024,Property Damage Accident,15:23,2024-10-14,Monday,Y,Daylight,PUTNAM VALLEY,OVERTAKING,PUTNAM,Curve and Grade,Cloudy,,Dry,987G84021001,Not Applicable,"Other Motor Vehicle, Collision With",2,98842,36079,509,0.7,2746105.0,4089.2,375
2024,Property Damage Accident,14:54,2024-10-14,Monday,Y,Daylight,CARMEL,REAR END,PUTNAM,Straight and Level,Cloudy,Traffic Signal,Dry,6 84041079,Not Applicable,"Other Motor Vehicle, Collision With",2,98842,36079,509,0.7,2746105.0,4089.2,375
2024,Property Damage & Injury Accident,13:30,2024-10-14,Monday,Y,Daylight,CLARKSTOWN,REAR END,ROCKLAND,Straight and Level,Cloudy,,Dry,,Not Applicable,"Other Motor Vehicle, Collision With",2,354829,36087,259,0.3,7336134.0,9989.2,886
2024,Property Damage Accident,9:39,2024-10-14,Monday,Y,Daylight,CLARKSTOWN,REAR END,ROCKLAND,Straight and Level,Cloudy,,Dry,59 85011094,Not Applicable,"Other Motor Vehicle, Collision With",2,354829,36087,259,0.3,7336134.0,9989.2,886
2024,Property Damage & Injury Accident,13:35,2024-10-14,Monday,Y,Daylight,HAVERSTRAW,REAR END,ROCKLAND,Straight and Grade,Cloudy,Traffic Signal,Dry,202 85011112,Not Applicable,"Other Motor Vehicle, Collision With",2,354829,36087,259,0.3,7336134.0,9989.2,886
2024,Injury Accident,12:15,2024-10-14,Monday,Y,Daylight,RAMAPO,OTHER,ROCKLAND,Straight and Level,Clear,,Dry,59 85011062,Not Applicable,"Other*, Non-Collision",1,354829,36087,259,0.3,7336134.0,9989.2,886
2024,Fatal Accident,9:30,2024-10-14,Monday,Y,Daylight,NEW HEMPSTEAD,OTHER,ROCKLAND,Straight and Grade,Clear,Traffic Signal,Dry,,Not Applicable,"Other Motor Vehicle, Collision With",2,354829,36087,259,0.3,7336134.0,9989.2,886
2024,Property Damage & Injury Accident,19:18,2024-10-14,Monday,Y,Dark-Road Lighted,CHESTNUT RIDGE,OTHER,ROCKLAND,Straight and Level,Clear,,Dry,,"Crossing, No Signal or Crosswalk","Pedestrian, Collision With",1,354829,36087,259,0.3,7336134.0,9989.2,886
2024,Property Damage Accident,13:10,2024-10-14,Monday,Y,Daylight,ORANGETOWN,REAR END,ROCKLAND,Straight and Level,Clear,,Dry,303 85011002,Not Applicable,"Other Motor Vehicle, Collision With",2,354829,36087,259,0.3,7336134.0,9989.2,886
2024,Property Damage Accident,12:15,2024-10-14,Monday,Y,Daylight,CLARKSTOWN,OVERTAKING,ROCKLAND,Straight and Level,Clear,Traffic Signal,Dry,,Not Applicable,"Other Motor Vehicle, Collision With",2,354829,36087,259,0.3,7336134.0,9989.2,886
2024,Property Damage Accident,9:30,2024-10-14,Monday,Y,Daylight,RAMAPO,SIDESWIPE,ROCKLAND,Straight and Level,Clear,Traffic Signal,Dry,,Not Applicable,"Other Motor Vehicle, Collision With",2,354829,36087,259,0.3,7336134.0,9989.2,886
2024,Property Damage Accident,11:50,2024-10-14,Monday,Y,Daylight,,OVERTAKING,ROCKLAND,Straight and Level,Cloudy,Traffic Signal,Dry,,Not Applicable,"Other Motor Vehicle, Collision With",2,354829,36087,259,0.3,7336134.0,9989.2,886
2024,Property Damage & Injury Accident,8:31,2024-10-14,Monday,Y,Daylight,CLARKSTOWN,REAR END,ROCKLAND,Straight and Level,Cloudy,,Dry,304 85011042,Not Applicable,"Other Motor Vehicle, Collision With",2,354829,36087,259,0.3,7336134.0,9989.2,886
2024,Property Damage Accident,10:56,2024-10-14,Monday,Y,Daylight,HAVERSTRAW,OTHER,ROCKLAND,Straight and Level,Clear,,Dry,82 81021163,Not Applicable,Deer,1,354829,36087,259,0.3,7336134.0,9989.2,886
2024,Property Damage Accident,18:40,2024-10-14,Monday,Y,Dusk,LLOYD,OTHER,ULSTER,Curve at Hill Crest,Clear,,Wet,,Not Applicable,"Earth Embankment/Rock Cut/Ditch, Collision With Fixed Object",1,183095,36111,3565,1.2,6410502.0,3939.4,999
2024,Property Damage & Injury Accident,15:13,2024-10-14,Monday,Y,Daylight,OLIVE,OTHER,ULSTER,Curve and Level,Cloudy,No Passing Zone,Wet,,Not Applicable,"Earth Embankment/Rock Cut/Ditch, Collision With Fixed Object",1,183095,36111,3565,1.2,6410502.0,3939.4,999
2024,Property Damage Accident,15:55,2024-10-14,Monday,Y,Daylight,NEW CASTLE,REAR END,WESTCHESTER,Curve and Level,Cloudy,,Dry,,Not Applicable,"Other Motor Vehicle, Collision With",2,1009165,36119,850,0.8,18110248.0,6143.2,3354
2024,Property Damage Accident,12:00,2024-10-14,Monday,Y,Daylight,PELHAM MANOR,OVERTAKING,WESTCHESTER,Straight and Level,Clear,Traffic Signal,Dry,1 87031007,Not Applicable,"Other Motor Vehicle, Collision With",2,1009165,36119,850,0.8,18110248.0,6143.2,3354
2024,Property Damage & Injury Accident,18:31,2024-10-14,Monday,Y,Dark-Road Lighted,PELHAM MANOR,OTHER,WESTCHESTER,Straight and Level,Clear,Traffic Signal,Dry,1 87031010,Not Applicable,"Other Motor Vehicle, Collision With",3,1009165,36119,850,0.8,18110248.0,6143.2,3354
2024,Property Damage Accident,9:29,2024-10-14,Monday,Y,Daylight,LARCHMONT,OTHER,WESTCHESTER,Straight and Level,Cloudy,Stop Sign,Dry,,Not Applicable,"Other Motor Vehicle, Collision With",2,1009165,36119,850,0.8,18110248.0,6143.2,3354
2024,Property Damage Accident,19:17,2024-10-14,Monday,Y,Dark-Road Lighted,YONKERS,Unknown,WESTCHESTER,Straight at Hill Crest,Clear,,Dry,,Not Applicable,"Other Motor Vehicle, Collision With",2,1009165,36119,850,0.8,18110248.0,6143.2,3354
2024,Property Damage Accident,12:32,2024-10-14,Monday,Y,Daylight,NEW ROCHELLE,OVERTAKING,WESTCHESTER,Straight and Level,Clear,,Dry,1 87032002,Not Applicable,"Other Motor Vehicle, Collision With",2,1009165,36119,850,0.8,18110248.0,6143.2,3354
2024,Property Damage Accident,21:50,2024-10-14,Monday,N,Dusk,GREENBURGH,Unknown,WESTCHESTER,Straight and Level,Clear,,Dry,,Not Applicable,"Other Motor Vehicle, Collision With",2,1009165,36119,850,0.8,18110248.0,6143.2,3354
2024,Property Damage Accident,10:07,2024-10-14,Monday,Y,Daylight,WHITE PLAINS,OVERTAKING,WESTCHESTER,Straight at Hill Crest,Cloudy,,Dry,22 87023011,Not Applicable,"Other Motor Vehicle, Collision With",2,1009165,36119,850,0.8,18110248.0,6143.2,3354
2024,Property Damage Accident,16:29,2024-10-15,Tuesday,Y,Daylight,HYDE PARK,LEFT TURN (0),DUTCHESS,Straight and Level,Clear,Yield Sign,Dry,115 82012043,Not Applicable,"Other Motor Vehicle, Collision With",2,299256,36027,1695,0.8,5987961.0,3975.0,1300
2024,Property Damage Accident,11:49,2024-10-15,Tuesday,Y,Daylight,EAST FISHKILL,OVERTAKING,DUTCHESS,Straight and Level,Clear,,Dry,987G82031013,Not Applicable,"Other Motor Vehicle, Collision With",2,299256,36027,1695,0.8,5987961.0,3975.0,1300
2024,Property Damage Accident,14:20,2024-10-15,Tuesday,Y,Daylight,POUGHKEEPSIE,OVERTAKING,DUTCHESS,Straight and Grade,Clear,,Dry,44 82021004,Not Applicable,"Other Motor Vehicle, Collision With",2,299256,36027,1695,0.8,5987961.0,3975.0,1300
2024,Property Damage Accident,14:06,2024-10-15,Tuesday,Y,Daylight,RED HOOK,RIGHT ANGLE,DUTCHESS,Straight and Level,Clear,Traffic Signal,Dry,9G82013220,Not Applicable,"Other Motor Vehicle, Collision With",2,299256,36027,1695,0.8,5987961.0,3975.0,1300
2024,Property Damage Accident,11:10,2024-10-15,Tuesday,Y,Daylight,RED HOOK,OTHER,DUTCHESS,Straight and Grade,Clear,,Dry,,Not Applicable,"Other Object (Not Fixed)*, Collision With",1,299256,36027,1695,0.8,5987961.0,3975.0,1300
2024,Property Damage Accident,15:06,2024-10-15,Tuesday,Y,Daylight,UNION VALE,LEFT TURN (3),DUTCHESS,Straight and Level,Clear,Traffic Signal,Dry,55 82032103,Not Applicable,"Other Motor Vehicle, Collision With",2,299256,36027,1695,0.8,5987961.0,3975.0,1300
2024,Property Damage Accident,0:15,2024-10-15,Tuesday,Y,Dark-Road Lighted,WOODBURY,OTHER,ORANGE,Curve and Level,Clear,,Dry,17 83101256,Not Applicable,"Barrier, Collision With Fixed Object",1,415088,36071,4753,2.6,13857119.0,5167.5,1527
2024,Property Damage & Injury Accident,11:15,2024-10-15,Tuesday,Y,Daylight,NEWBURGH,OTHER,ORANGE,Straight and Level,Cloudy,Traffic Signal,Dry,,Unknown,"Bicyclist, Collision With",1,415088,36071,4753,2.6,13857119.0,5167.5,1527
2024,Property Damage Accident,8:56,2024-10-15,Tuesday,Y,Daylight,WALLKILL,LEFT TURN (3),ORANGE,Straight and Level,Clear,Stop Sign,Dry,302 83011005,Not Applicable,"Other Motor Vehicle, Collision With",2,415088,36071,4753,2.6,13857119.0,5167.5,1527
2024,Property Damage & Injury Accident,12:35,2024-10-15,Tuesday,Y,Daylight,CHESTER,SIDESWIPE,ORANGE,Straight and Grade,Rain,,Wet,,Not Applicable,"Other Motor Vehicle, Collision With",2,415088,36071,4753,2.6,13857119.0,5167.5,1527
2024,Property Damage Accident,15:56,2024-10-15,Tuesday,Y,Daylight,NEW WINDSOR,LEFT TURN (3),ORANGE,Straight and Level,Clear,No Passing Zone,Dry,32 83011120,Not Applicable,"Other Motor Vehicle, Collision With",2,415088,36071,4753,2.6,13857119.0,5167.5,1527
2024,Property Damage Accident,14:04,2024-10-15,Tuesday,Y,Daylight,HAMPTONBURGH,OTHER,ORANGE,Straight and Grade,Clear,No Passing Zone,Dry,,Not Applicable,"Earth Embankment/Rock Cut/Ditch, Collision With Fixed Object",1,415088,36071,4753,2.6,13857119.0,5167.5,1527
2024,Property Damage Accident,8:19,2024-10-15,Tuesday,Y,Daylight,MONROE,REAR END,ORANGE,Straight and Level,Cloudy,,Dry,17 83101221,Not Applicable,"Other Motor Vehicle, Collision With",2,415088,36071,4753,2.6,13857119.0,5167.5,1527
2024,Property Damage Accident,8:40,2024-10-15,Tuesday,Y,Daylight,FLORIDA,REAR END,ORANGE,Straight and Level,Clear,No Passing Zone,Dry,17A83011048,Not Applicable,"Other Motor Vehicle, Collision With",2,415088,36071,4753,2.6,13857119.0,5167.5,1527
2024,Property Damage Accident,19:10,2024-10-15,Tuesday,Y,Dark-Road Lighted,MONROE,RIGHT ANGLE,ORANGE,Straight and Level,Clear,Stop Sign,Dry,17M83013185,Not Applicable,"Other Motor Vehicle, Collision With",2,415088,36071,4753,2.6,13857119.0,5167.5,1527
2024,Property Damage Accident,7:15,2024-10-15,Tuesday,Y,Daylight,MONROE,OTHER,ORANGE,Straight and Grade,Clear,,Dry,17 83101223,Not Applicable,"Other Motor Vehicle, Collision With",3,415088,36071,4753,2.6,13857119.0,5167.5,1527
2024,Property Damage Accident,23:00,2024-10-15,Tuesday,Y,Dark-Road Unlighted,MONTGOMERY,OTHER,ORANGE,Straight and Grade,Clear,,Dry,17K83011100,Not Applicable,Deer,1,415088,36071,4753,2.6,13857119.0,5167.5,1527
2024,Property Damage Accident,17:51,2024-10-15,Tuesday,Y,Unknown,NYACK,OTHER,ROCKLAND,Straight and Level,Unknown,,Unknown,,Not Applicable,"Other Motor Vehicle, Collision With",2,354829,36087,259,0.3,7336134.0,9989.2,886
2024,Property Damage & Injury Accident,12:18,2024-10-15,Tuesday,Y,Daylight,CLARKSTOWN,OVERTAKING,ROCKLAND,Straight and Grade,Clear,,Dry,,Not Applicable,"Other Motor Vehicle, Collision With",2,354829,36087,259,0.3,7336134.0,9989.2,886
2024,Property Damage Accident,8:15,2024-10-15,Tuesday,Y,Daylight,HAVERSTRAW,LEFT TURN (3),ROCKLAND,Straight and Level,Clear,,Dry,,Not Applicable,"Other Motor Vehicle, Collision With",2,354829,36087,259,0.3,7336134.0,9989.2,886
2024,Property Damage Accident,15:40,2024-10-15,Tuesday,Y,Daylight,SLOATSBURG,REAR END,ROCKLAND,Straight and Level,Clear,,Dry,17 85111005,Not Applicable,"Other Motor Vehicle, Collision With",2,354829,36087,259,0.3,7336134.0,9989.2,886
2024,Property Damage Accident,9:06,2024-10-15,Tuesday,Y,Daylight,CLARKSTOWN,RIGHT TURN (5),ROCKLAND,Straight and Level,Cloudy,,Dry,304 85011063,Not Applicable,"Other Motor Vehicle, Collision With",2,354829,36087,259,0.3,7336134.0,9989.2,886
2024,Property Damage Accident,11:56,2024-10-15,Tuesday,Y,Daylight,SPRING VALLEY,RIGHT TURN (5),ROCKLAND,Straight and Grade,Clear,Traffic Signal,Dry,,Not Applicable,"Other Motor Vehicle, Collision With",2,354829,36087,259,0.3,7336134.0,9989.2,886
2024,Property Damage Accident,9:38,2024-10-15,Tuesday,Y,Daylight,ORANGETOWN,REAR END,ROCKLAND,Curve and Level,Cloudy,Stop Sign,Dry,,Not Applicable,"Other Motor Vehicle, Collision With",2,354829,36087,259,0.3,7336134.0,9989.2,886
2024,Property Damage Accident,11:10,2024-10-15,Tuesday,Y,Daylight,RAMAPO,SIDESWIPE,ROCKLAND,Straight and Level,Cloudy,,Dry,,Not Applicable,"Other Motor Vehicle, Collision With",2,354829,36087,259,0.3,7336134.0,9989.2,886
2024,Property Damage & Injury Accident,17:25,2024-10-15,Tuesday,Y,Daylight,CLARKSTOWN,OVERTAKING,ROCKLAND,Straight and Grade,Clear,,Dry,59 85011085,Not Applicable,"Other Motor Vehicle, Collision With",2,354829,36087,259,0.3,7336134.0,9989.2,886
2024,Property Damage Accident,7:58,2024-10-15,Tuesday,Y,Daylight,SUFFERN,OVERTAKING,ROCKLAND,Straight and Level,Clear,No Passing Zone,Dry,,Not Applicable,"Other Motor Vehicle, Collision With",2,354829,36087,259,0.3,7336134.0,9989.2,886
2024,Property Damage Accident,13:59,2024-10-15,Tuesday,Y,Daylight,NEW PALTZ,REAR END,ULSTER,Straight and Level,Clear,Traffic Signal,Dry,,Not Applicable,"Other Motor Vehicle, Collision With",2,183095,36111,3565,1.2,6410502.0,3939.4,999
2024,Property Damage Accident,16:07,2024-10-15,Tuesday,Y,Daylight,ULSTER,OVERTAKING,ULSTER,Straight and Level,Clear,,Dry,28 86012007,Not Applicable,"Other Motor Vehicle, Collision With",2,183095,36111,3565,1.2,6410502.0,3939.4,999
2024,Property Damage Accident,16:23,2024-10-15,Tuesday,Y,Daylight,KINGSTON,RIGHT ANGLE,ULSTER,Straight and Level,Clear,Stop Sign,Dry,,Not Applicable,"Other Motor Vehicle, Collision With",2,183095,36111,3565,1.2,6410502.0,3939.4,999
2024,Property Damage Accident,12:36,2024-10-15,Tuesday,Y,Daylight,ULSTER,OVERTAKING,ULSTER,Straight and Level,Clear,,Dry,9W86035020,Not Applicable,"Other Motor Vehicle, Collision With",2,183095,36111,3565,1.2,6410502.0,3939.4,999
2024,Property Damage Accident,15:29,2024-10-15,Tuesday,Y,Daylight,HARRISON,REAR END,WESTCHESTER,Straight at Hill Crest,Clear,School Zone,Dry,,Not Applicable,"Other Motor Vehicle, Collision With",2,1009165,36119,850,0.8,18110248.0,6143.2,3354
2024,Property Damage Accident,10:00,2024-10-15,Tuesday,N,Unknown,NORTH CASTLE,REAR END,WESTCHESTER,Unknown,Unknown,Unknown,Unknown,,Not Applicable,"Other Motor Vehicle, Collision With",2,1009165,36119,850,0.8,18110248.0,6143.2,3354
2024,Property Damage Accident,12:38,2024-10-15,Tuesday,Y,Daylight,MAMARONECK,OVERTAKING,WESTCHESTER,Straight and Level,Clear,,Dry,,Not Applicable,"Other Motor Vehicle, Collision With",2,1009165,36119,850,0.8,18110248.0,6143.2,3354
2024,Property Damage Accident,12:21,2024-10-15,Tuesday,Y,Daylight,PELHAM MANOR,OVERTAKING,WESTCHESTER,Straight and Level,Clear,,Dry,,Not Applicable,"Other Motor Vehicle, Collision With",2,1009165,36119,850,0.8,18110248.0,6143.2,3354
2024,Property Damage Accident,17:27,2024-10-15,Tuesday,Y,Daylight,BEDFORD,RIGHT TURN (6),WESTCHESTER,Straight and Level,Clear,Traffic Signal,Dry,22 87024138,Not Applicable,"Other Motor Vehicle, Collision With",2,1009165,36119,850,0.8,18110248.0,6143.2,3354
2024,Property Damage Accident,17:36,2024-10-15,Tuesday,Y,Dusk,NEW ROCHELLE,OVERTAKING,WESTCHESTER,Straight and Grade,Clear,Traffic Signal,Dry,,Not Applicable,"Other Motor Vehicle, Collision With",2,1009165,36119,850,0.8,18110248.0,6143.2,3354
2024,Property Damage Accident,11:12,2024-10-15,Tuesday,Y,Daylight,YORKTOWN,OTHER,WESTCHESTER,Straight and Level,Clear,,Dry,,Not Applicable,"Other Motor Vehicle, Collision With",2,1009165,36119,850,0.8,18110248.0,6143.2,3354
2024,Property Damage & Injury Accident,16:02,2024-10-15,Tuesday,Y,Daylight,WHITE PLAINS,OTHER,WESTCHESTER,Straight and Level,Clear,,Dry,907W87024001,Not Applicable,"Other Motor Vehicle, Collision With",3,1009165,36119,850,0.8,18110248.0,6143.2,3354
2024,Property Damage Accident,16:53,2024-10-15,Tuesday,Y,Daylight,OSSINING,OTHER,WESTCHESTER,Straight and Level,Cloudy,Traffic Signal,Dry,9 87032134,Not Applicable,"Other Motor Vehicle, Collision With",2,1009165,36119,850,0.8,18110248.0,6143.2,3354
2024,Injury Accident,15:43,2024-10-15,Tuesday,N,Unknown,MOUNT VERNON,OTHER,WESTCHESTER,Unknown,Unknown,Unknown,Unknown,,Not Applicable,"Other Motor Vehicle, Collision With",4,1009165,36119,850,0.8,18110248.0,6143.2,3354
2024,Property Damage & Injury Accident,20:57,2024-10-15,Tuesday,Y,Dark-Road Unlighted,SCARSDALE,OTHER,WESTCHESTER,Straight and Level,Cloudy,,Dry,,Not Applicable,"Barrier, Collision With Fixed Object",1,1009165,36119,850,0.8,18110248.0,6143.2,3354
2024,Property Damage Accident,15:43,2024-10-15,Tuesday,Y,Daylight,GREENBURGH,REAR END,WESTCHESTER,Straight and Level,Clear,,Dry,,Not Applicable,"Other Motor Vehicle, Collision With",2,1009165,36119,850,0.8,18110248.0,6143.2,3354
2024,Property Damage Accident,20:10,2024-10-15,Tuesday,Y,Dark-Road Lighted,MOUNT VERNON,REAR END,WESTCHESTER,Straight and Level,Clear,,Dry,,Not Applicable,"Other Motor Vehicle, Collision With",2,1009165,36119,850,0.8,18110248.0,6143.2,3354
2024,Property Damage & Injury Accident,6:07,2024-10-16,Wednesday,Y,Dawn,WAPPINGER,OVERTAKING,DUTCHESS,Straight and Level,Clear,Traffic Signal,Dry,9 82051075,Not Applicable,"Other Motor Vehicle, Collision With",2,299256,36027,1695,0.8,5987961.0,3975.0,1300
2024,Property Damage Accident,18:57,2024-10-16,Wednesday,Y,Dark-Road Unlighted,HYDE PARK,OTHER,DUTCHESS,Straight and Level,Cloudy,,Dry,9 82053064,Not Applicable,Deer,1,299256,36027,1695,0.8,5987961.0,3975.0,1300
2024,Property Damage Accident,18:35,2024-10-16,Wednesday,Y,Dusk,EAST FISHKILL,OTHER,DUTCHESS,Straight and Level,Clear,,Dry,82 82011045,Not Applicable,"Other Motor Vehicle, Collision With",2,299256,36027,1695,0.8,5987961.0,3975.0,1300
2024,Property Damage Accident,7:15,2024-10-16,Wednesday,Y,Dawn,MILAN,OTHER,DUTCHESS,Straight and Level,Clear,No Passing Zone,Dry,199 82021119,Not Applicable,Deer,1,299256,36027,1695,0.8,5987961.0,3975.0,1300
2024,Property Damage Accident,10:38,2024-10-16,Wednesday,Y,Daylight,MIDDLETOWN,REAR END,ORANGE,Straight and Level,Clear,,Dry,17M83012024,Not Applicable,"Other Motor Vehicle, Collision With",2,415088,36071,4753,2.6,13857119.0,5167.5,1527
2024,Property Damage Accident,16:05,2024-10-16,Wednesday,Y,Daylight,NEWBURGH,OVERTAKING,ORANGE,Straight and Level,Clear,,Dry,17K83011165,Not Applicable,"Other Motor Vehicle, Collision With",2,415088,36071,4753,2.6,13857119.0,5167.5,1527
2024,Property Damage Accident,13:55,2024-10-16,Wednesday,Y,Daylight,WALLKILL,OVERTAKING,ORANGE,Straight and Level,Clear,,Dry,,Not Applicable,"Other Motor Vehicle, Collision With",2,415088,36071,4753,2.6,13857119.0,5167.5,1527
2024,Property Damage Accident,15:38,2024-10-16,Wednesday,Y,Daylight,WARWICK,OTHER,ORANGE,Curve and Level,Clear,,Dry,,Not Applicable,Deer,1,415088,36071,4753,2.6,13857119.0,5167.5,1527
2024,Property Damage Accident,18:44,2024-10-16,Wednesday,Y,Dusk,GOSHEN,REAR END,ORANGE,Straight and Level,Cloudy,,Dry,,Not Applicable,"Other Motor Vehicle, Collision With",2,415088,36071,4753,2.6,13857119.0,5167.5,1527
2024,Property Damage & Injury Accident,7:55,2024-10-16,Wednesday,Y,Daylight,BLOOMING GROVE,REAR END,ORANGE,Straight and Level,Clear,,Dry,17 83101204,Not Applicable,"Other Motor Vehicle, Collision With",2,415088,36071,4753,2.6,13857119.0,5167.5,1527
2024,Property Damage Accident,16:07,2024-10-16,Wednesday,Y,Daylight,WARWICK,LEFT TURN (3),ORANGE,Straight and Level,Clear,,Dry,17A83011100,Not Applicable,"Other Motor Vehicle, Collision With",2,415088,36071,4753,2.6,13857119.0,5167.5,1527
2024,Property Damage Accident,18:45,2024-10-16,Wednesday,Y,Dark-Road Unlighted,GREENVILLE,OTHER,ORANGE,Straight and Level,Cloudy,No Passing Zone,Dry,6 83012083,Not Applicable,Deer,1,415088,36071,4753,2.6,13857119.0,5167.5,1527
2024,Property Damage & Injury Accident,17:15,2024-10-16,Wednesday,Y,Daylight,PHILLIPSTOWN,LEFT TURN (3),PUTNAM,Straight and Level,Clear,,Dry,9 84041116,Not Applicable,"Other Motor Vehicle, Collision With",2,98842,36079,509,0.7,2746105.0,4089.2,375
2024,Property Damage Accident,2:30,2024-10-16,Wednesday,Y,Dark-Road Lighted,CLARKSTOWN,OTHER,ROCKLAND,Straight and Level,Clear,Traffic Signal,Dry,,Not Applicable,"Other Motor Vehicle, Collision With",2,354829,36087,259,0.3,7336134.0,9989.2,886
2024,Property Damage Accident,8:02,2024-10-16,Wednesday,Y,Daylight,ORANGETOWN,REAR END,ROCKLAND,Straight and Level,Clear,Stop Sign,Dry,,Not Applicable,"Other Motor Vehicle, Collision With",2,354829,36087,259,0.3,7336134.0,9989.2,886
2024,Property Damage Accident,15:21,2024-10-16,Wednesday,Y,Daylight,WESLEY HILLS,REAR END,ROCKLAND,Straight and Level,Clear,Traffic Signal,Dry,306 85011035,Not Applicable,"Other Motor Vehicle, Collision With",2,354829,36087,259,0.3,7336134.0,9989.2,886
2024,Property Damage & Injury Accident,15:25,2024-10-16,Wednesday,Y,Daylight,CLARKSTOWN,REAR END,ROCKLAND,Straight and Level,Clear,,Dry,,Not Applicable,"Other Motor Vehicle, Collision With",2,354829,36087,259,0.3,7336134.0,9989.2,886
2024,Property Damage Accident,16:17,2024-10-16,Wednesday,Y,Daylight,,Unknown,ROCKLAND,Straight at Hill Crest,Clear,,Dry,,Not Applicable,"Other Motor Vehicle, Collision With",2,354829,36087,259,0.3,7336134.0,9989.2,886
2024,Property Damage Accident,6:14,2024-10-16,Wednesday,Y,Dark-Road Unlighted,CLARKSTOWN,OTHER,ROCKLAND,Straight and Level,Clear,,Dry,987C85011065,Not Applicable,Deer,1,354829,36087,259,0.3,7336134.0,9989.2,886
2024,Property Damage Accident,20:30,2024-10-16,Wednesday,Y,Dark-Road Unlighted,CLARKSTOWN,OTHER,ROCKLAND,Straight and Grade,Clear,,Dry,303 85011063,Not Applicable,"Animal, Collision With",1,354829,36087,259,0.3,7336134.0,9989.2,886
2024,Property Damage Accident,9:26,2024-10-16,Wednesday,Y,Daylight,MARBLETOWN,OTHER,ULSTER,Straight and Grade,Clear,No Passing Zone,Dry,,Not Applicable,Deer,1,183095,36111,3565,1.2,6410502.0,3939.4,999
2024,Property Damage & Injury Accident,7:05,2024-10-16,Wednesday,Y,Daylight,MARBLETOWN,OTHER,ULSTER,Curve and Level,Clear,,Dry,209 86031251,Not Applicable,"Earth Embankment/Rock Cut/Ditch, Collision With Fixed Object",1,183095,36111,3565,1.2,6410502.0,3939.4,999
2024,Property Damage Accident,4:30,2024-10-16,Wednesday,Y,Daylight,KINGSTON,REAR END,ULSTER,Straight and Level,Clear,,Dry,32 86022030,Not Applicable,"Other Motor Vehicle, Collision With",2,183095,36111,3565,1.2,6410502.0,3939.4,999