year,accident_descriptor,time,date,day_of_week,police_report,lighting_conditions,municipality,collision_type_descriptor,county_name,road_descriptor,weather_conditions,traffic_control_device,road_surface_conditions,dot_reference_marker_location,pedestrian_bicyclist_action,event_descriptor,number_of_vehicles_involved,county_population_2024,county_fips,county_deer_take_2024,county_antlerless_deer_per_sqmi_2024,county_daily_vmt_2019,county_mean_aadt_2019,county_aadt_segments_2019
2024,Property Damage Accident,17:12,2024-10-16,Wednesday,Y,Daylight,PLATTEKILL,OTHER,ULSTER,Straight and Grade,Clear,,Dry,,Not Applicable,"Other Motor Vehicle, Collision With",3,183095,36111,3565,1.2,6410502.0,3939.4,999
2024,Property Damage Accident,12:45,2024-10-16,Wednesday,Y,Daylight,ULSTER,OVERTAKING,ULSTER,Straight and Level,Clear,No Passing Zone,Dry,9W86035026,Not Applicable,"Other Motor Vehicle, Collision With",2,183095,36111,3565,1.2,6410502.0,3939.4,999
2024,Property Damage Accident,8:14,2024-10-16,Wednesday,Y,Daylight,YORKTOWN,REAR END,WESTCHESTER,Straight and Level,Clear,,Dry,6 87033069,Not Applicable,"Other Motor Vehicle, Collision With",2,1009165,36119,850,0.8,18110248.0,6143.2,3354
2024,Property Damage Accident,9:54,2024-10-16,Wednesday,Y,Daylight,WHITE PLAINS,OVERTAKING,WESTCHESTER,Straight and Level,Clear,,Dry,,Not Applicable,"Other Motor Vehicle, Collision With",2,1009165,36119,850,0.8,18110248.0,6143.2,3354
2024,Property Damage Accident,9:00,2024-10-16,Wednesday,Y,Daylight,GREENBURGH,OTHER,WESTCHESTER,Straight and Grade,Clear,,Dry,987F87012046,Not Applicable,"Other Motor Vehicle, Collision With",3,1009165,36119,850,0.8,18110248.0,6143.2,3354
2024,Property Damage Accident,16:29,2024-10-16,Wednesday,Y,Daylight,NEW ROCHELLE,RIGHT ANGLE,WESTCHESTER,Straight and Level,Clear,,Dry,,Not Applicable,"Other Motor Vehicle, Collision With",2,1009165,36119,850,0.8,18110248.0,6143.2,3354
2024,Injury Accident,17:08,2024-10-16,Wednesday,Y,Daylight,YORKTOWN,OTHER,WESTCHESTER,Straight and Level,Clear,,Dry,,Getting On/Off Vehicle Other than School Bus,"Pedestrian, Collision With",1,1009165,36119,850,0.8,18110248.0,6143.2,3354
2024,Property Damage & Injury Accident,16:05,2024-10-16,Wednesday,Y,Daylight,NEW CASTLE,LEFT TURN (3),WESTCHESTER,Straight and Level,Clear,Stop Sign,Dry,100 87011125,Not Applicable,"Other Motor Vehicle, Collision With",2,1009165,36119,850,0.8,18110248.0,6143.2,3354
2024,Property Damage Accident,8:27,2024-10-16,Wednesday,Y,Daylight,YONKERS,REAR END,WESTCHESTER,Straight and Level,Clear,,Dry,984H87011007,Not Applicable,"Other Motor Vehicle, Collision With",2,1009165,36119,850,0.8,18110248.0,6143.2,3354
2024,Property Damage Accident,0:01,2024-10-16,Wednesday,Y,Dark-Road Unlighted,NORTH SALEM,OTHER,WESTCHESTER,Curve and Level,Clear,Traffic Signal,Dry,22 87024239,Not Applicable,"Guide Rail - Not At End, Collision With Fixed Object",1,1009165,36119,850,0.8,18110248.0,6143.2,3354
2024,Property Damage Accident,10:44,2024-10-17,Thursday,Y,Daylight,POUGHKEEPSIE,OTHER,DUTCHESS,Straight and Level,Clear,Other,Dry,,Not Applicable,"Other Motor Vehicle, Collision With",2,299256,36027,1695,0.8,5987961.0,3975.0,1300
2024,Property Damage & Injury Accident,17:09,2024-10-17,Thursday,Y,Daylight,POUGHKEEPSIE,REAR END,DUTCHESS,Straight and Level,Clear,Traffic Signal,Dry,9 82053009,Not Applicable,"Other Motor Vehicle, Collision With",2,299256,36027,1695,0.8,5987961.0,3975.0,1300
2024,Property Damage & Injury Accident,17:39,2024-10-17,Thursday,Y,Daylight,FISHKILL,RIGHT ANGLE,DUTCHESS,Straight and Level,Clear,Traffic Signal,Dry,9 82051032,Not Applicable,"Other Motor Vehicle, Collision With",2,299256,36027,1695,0.8,5987961.0,3975.0,1300
2024,Property Damage Accident,16:57,2024-10-17,Thursday,Y,Daylight,POUGHKEEPSIE,OTHER,DUTCHESS,Straight and Level,Clear,,Dry,,Not Applicable,"Other Motor Vehicle, Collision With",2,299256,36027,1695,0.8,5987961.0,3975.0,1300
2024,Property Damage Accident,19:35,2024-10-17,Thursday,Y,Dark-Road Unlighted,RHINEBECK,SIDESWIPE,DUTCHESS,Straight and Level,Clear,No Passing Zone,Dry,9G82013145,Not Applicable,"Other Motor Vehicle, Collision With",2,299256,36027,1695,0.8,5987961.0,3975.0,1300
2024,Property Damage Accident,11:30,2024-10-17,Thursday,Y,Daylight,FISHKILL,OTHER,DUTCHESS,Curve and Level,Clear,,Dry,84I82021033,Not Applicable,"Other Motor Vehicle, Collision With",3,299256,36027,1695,0.8,5987961.0,3975.0,1300
2024,Property Damage Accident,18:00,2024-10-17,Thursday,Y,Daylight,WASHINGTON,OTHER,DUTCHESS,Straight and Level,Clear,,Dry,,Not Applicable,"Other Motor Vehicle, Collision With",2,299256,36027,1695,0.8,5987961.0,3975.0,1300
2024,Property Damage Accident,6:06,2024-10-17,Thursday,Y,Dark-Road Lighted,HYDE PARK,OTHER,DUTCHESS,Curve and Grade,Clear,,Dry,,Not Applicable,"Light Support/Utility Pole, Collision With Fixed Object",1,299256,36027,1695,0.8,5987961.0,3975.0,1300
2024,Property Damage & Injury Accident,9:19,2024-10-17,Thursday,Y,Daylight,NEW WINDSOR,REAR END,ORANGE,Straight and Level,Clear,Stop Sign,Dry,207 83011169,Not Applicable,"Other Motor Vehicle, Collision With",2,415088,36071,4753,2.6,13857119.0,5167.5,1527
2024,Property Damage Accident,8:30,2024-10-17,Thursday,Y,Daylight,MOUNT HOPE,RIGHT ANGLE,ORANGE,Curve and Level,Clear,,Dry,,Not Applicable,"Light Support/Utility Pole, Collision With Fixed Object",2,415088,36071,4753,2.6,13857119.0,5167.5,1527
2024,Property Damage Accident,8:54,2024-10-17,Thursday,Y,Daylight,MONTGOMERY,OVERTAKING,ORANGE,Straight and Level,Clear,Traffic Signal,Dry,,Not Applicable,"Other Motor Vehicle, Collision With",2,415088,36071,4753,2.6,13857119.0,5167.5,1527
2024,Property Damage Accident,22:28,2024-10-17,Thursday,Y,Dark-Road Unlighted,GOSHEN,REAR END,ORANGE,Straight and Level,Clear,,Dry,17 83101142,Not Applicable,"Other Motor Vehicle, Collision With",2,415088,36071,4753,2.6,13857119.0,5167.5,1527
2024,Property Damage & Injury Accident,11:38,2024-10-17,Thursday,Y,Daylight,MIDDLETOWN,RIGHT ANGLE,ORANGE,Straight and Level,Clear,Traffic Signal,Dry,,Not Applicable,"Other Motor Vehicle, Collision With",2,415088,36071,4753,2.6,13857119.0,5167.5,1527
2024,Property Damage Accident,18:00,2024-10-17,Thursday,Y,Dusk,WALLKILL,REAR END,ORANGE,Straight and Level,Clear,Stop Sign,Dry,,Not Applicable,"Other Motor Vehicle, Collision With",2,415088,36071,4753,2.6,13857119.0,5167.5,1527
2024,Property Damage & Injury Accident,17:10,2024-10-17,Thursday,Y,Daylight,PHILLIPSTOWN,REAR END,PUTNAM,Straight and Level,Clear,No Passing Zone,Dry,9 84041119,Not Applicable,"Other Motor Vehicle, Collision With",2,98842,36079,509,0.7,2746105.0,4089.2,375
2024,Property Damage Accident,6:41,2024-10-17,Thursday,Y,Dark-Road Unlighted,SOUTHEAST,OTHER,PUTNAM,Straight and Level,Clear,,Dry,684I84021030,Not Applicable,"Other Motor Vehicle, Collision With",2,98842,36079,509,0.7,2746105.0,4089.2,375
2024,Property Damage Accident,14:33,2024-10-17,Thursday,Y,Daylight,CARMEL,SIDESWIPE,PUTNAM,Straight and Level,Cloudy,No Passing Zone,Dry,,Not Applicable,"Other Motor Vehicle, Collision With",2,98842,36079,509,0.7,2746105.0,4089.2,375
2024,Property Damage Accident,14:57,2024-10-17,Thursday,Y,Daylight,CARMEL,RIGHT ANGLE,PUTNAM,Straight and Level,Cloudy,No Passing Zone,Dry,6N84021043,Not Applicable,"Other Motor Vehicle, Collision With",2,98842,36079,509,0.7,2746105.0,4089.2,375
2024,Property Damage & Injury Accident,14:13,2024-10-17,Thursday,Y,Daylight,CLARKSTOWN,OTHER,ROCKLAND,Straight and Grade,Clear,,Dry,,Not Applicable,"Other Motor Vehicle, Collision With",3,354829,36087,259,0.3,7336134.0,9989.2,886
2024,Property Damage Accident,10:13,2024-10-17,Thursday,Y,Daylight,CLARKSTOWN,OVERTAKING,ROCKLAND,Straight and Level,Clear,Traffic Signal,Dry,59 85011094,Not Applicable,"Other Motor Vehicle, Collision With",2,354829,36087,259,0.3,7336134.0,9989.2,886
2024,Property Damage Accident,22:48,2024-10-17,Thursday,Y,Dark-Road Unlighted,CLARKSTOWN,OTHER,ROCKLAND,Straight and Level,Clear,,Dry,,Not Applicable,Deer,1,354829,36087,259,0.3,7336134.0,9989.2,886
2024,Property Damage Accident,18:28,2024-10-17,Thursday,Y,Dark-Road Lighted,NYACK,OVERTAKING,ROCKLAND,Straight and Level,Clear,,Dry,,Not Applicable,"Other Motor Vehicle, Collision With",2,354829,36087,259,0.3,7336134.0,9989.2,886
2024,Property Damage Accident,12:26,2024-10-17,Thursday,Y,Daylight,CLARKSTOWN,RIGHT ANGLE,ROCKLAND,Straight and Grade,Clear,,Dry,,Not Applicable,"Other Motor Vehicle, Collision With",2,354829,36087,259,0.3,7336134.0,9989.2,886
2024,Property Damage Accident,21:28,2024-10-17,Thursday,Y,Dark-Road Unlighted,CHESTNUT RIDGE,OTHER,ROCKLAND,Straight and Level,Clear,,Dry,,Not Applicable,"Barrier, Collision With Fixed Object",2,354829,36087,259,0.3,7336134.0,9989.2,886
2024,Property Damage Accident,1:41,2024-10-17,Thursday,Y,Dark-Road Unlighted,PLATTEKILL,OTHER,ULSTER,Curve and Level,Clear,,Dry,,Not Applicable,"Animal, Collision With",1,183095,36111,3565,1.2,6410502.0,3939.4,999
2024,Property Damage Accident,7:29,2024-10-17,Thursday,Y,Daylight,SHAWANGUNK,REAR END,ULSTER,Straight and Level,Clear,,Dry,208 86021022,Not Applicable,"Other Motor Vehicle, Collision With",2,183095,36111,3565,1.2,6410502.0,3939.4,999
2024,Property Damage Accident,14:39,2024-10-17,Thursday,Y,Daylight,ULSTER,REAR END,ULSTER,Straight and Level,Clear,,Dry,,Not Applicable,"Other Motor Vehicle, Collision With",2,183095,36111,3565,1.2,6410502.0,3939.4,999
2024,Property Damage Accident,6:44,2024-10-17,Thursday,Y,Dawn,GARDINER,OTHER,ULSTER,Straight and Level,Clear,No Passing Zone,Dry,208 86021052,Not Applicable,Deer,1,183095,36111,3565,1.2,6410502.0,3939.4,999
2024,Property Damage Accident,9:55,2024-10-17,Thursday,Y,Daylight,KINGSTON,REAR END,ULSTER,Curve and Level,Clear,Yield Sign,Dry,32 86022020,Not Applicable,"Other Motor Vehicle, Collision With",2,183095,36111,3565,1.2,6410502.0,3939.4,999
2024,Property Damage Accident,21:31,2024-10-17,Thursday,Y,Dark-Road Lighted,WOODSTOCK,OTHER,ULSTER,Straight and Level,Clear,,Dry,28 86012056,Not Applicable,"Animal, Collision With",1,183095,36111,3565,1.2,6410502.0,3939.4,999
2024,Property Damage Accident,13:07,2024-10-17,Thursday,Y,Daylight,MARBLETOWN,OTHER,ULSTER,Straight and Level,Clear,,Dry,209 86031225,Not Applicable,"Other Motor Vehicle, Collision With",2,183095,36111,3565,1.2,6410502.0,3939.4,999
2024,Property Damage Accident,8:35,2024-10-17,Thursday,Y,Daylight,MOUNT KISCO,SIDESWIPE,WESTCHESTER,Straight and Level,Clear,,Dry,117 87011108,Not Applicable,"Other Motor Vehicle, Collision With",2,1009165,36119,850,0.8,18110248.0,6143.2,3354
2024,Property Damage Accident,8:28,2024-10-17,Thursday,Y,Daylight,OSSINING,OVERTAKING,WESTCHESTER,Straight and Grade,Clear,,Dry,9 87032133,Not Applicable,"Other Motor Vehicle, Collision With",2,1009165,36119,850,0.8,18110248.0,6143.2,3354
2024,Injury Accident,8:00,2024-10-17,Thursday,N,Unknown,YONKERS,Unknown,WESTCHESTER,Unknown,Unknown,Unknown,Unknown,100 87011009,Not Applicable,"Other Motor Vehicle, Collision With",2,1009165,36119,850,0.8,18110248.0,6143.2,3354
2024,Property Damage Accident,13:40,2024-10-17,Thursday,Y,Daylight,BEDFORD,REAR END,WESTCHESTER,Straight and Level,Clear,,Dry,22 87024190,Not Applicable,"Other Motor Vehicle, Collision With",2,1009165,36119,850,0.8,18110248.0,6143.2,3354
2024,Property Damage Accident,0:32,2024-10-17,Thursday,Y,Dark-Road Unlighted,YORKTOWN,OTHER,WESTCHESTER,Curve and Grade,Clear,,Dry,987G87011132,Not Applicable,Deer,1,1009165,36119,850,0.8,18110248.0,6143.2,3354
2024,Property Damage & Injury Accident,17:37,2024-10-17,Thursday,Y,Daylight,PEEKSKILL,HEAD ON,WESTCHESTER,Straight and Level,Clear,Traffic Signal,Dry,,Not Applicable,"Other Motor Vehicle, Collision With",2,1009165,36119,850,0.8,18110248.0,6143.2,3354
2024,Property Damage Accident,13:12,2024-10-17,Thursday,Y,Daylight,PELHAM,RIGHT ANGLE,WESTCHESTER,Straight and Level,Clear,,Dry,,Not Applicable,"Other Motor Vehicle, Collision With",2,1009165,36119,850,0.8,18110248.0,6143.2,3354
2024,Property Damage Accident,19:44,2024-10-17,Thursday,Y,Dark-Road Lighted,YONKERS,OTHER,WESTCHESTER,Straight and Level,Clear,,Dry,9A87031006,Not Applicable,"Other Motor Vehicle, Collision With",2,1009165,36119,850,0.8,18110248.0,6143.2,3354
2024,Property Damage Accident,13:15,2024-10-17,Thursday,Y,Daylight,BEDFORD,REAR END,WESTCHESTER,Straight and Level,Clear,Traffic Signal,Dry,117 87011123,Not Applicable,"Other Motor Vehicle, Collision With",2,1009165,36119,850,0.8,18110248.0,6143.2,3354
2024,Property Damage Accident,20:02,2024-10-17,Thursday,Y,Dark-Road Lighted,MAMARONECK,OVERTAKING,WESTCHESTER,Straight and Level,Cloudy,,Dry,,Not Applicable,"Other Motor Vehicle, Collision With",2,1009165,36119,850,0.8,18110248.0,6143.2,3354
2024,Property Damage Accident,8:15,2024-10-17,Thursday,Y,Daylight,PEEKSKILL,RIGHT ANGLE,WESTCHESTER,Straight and Level,Clear,Traffic Signal,Dry,35 87011008,Not Applicable,"Other Motor Vehicle, Collision With",2,1009165,36119,850,0.8,18110248.0,6143.2,3354
2024,Property Damage Accident,15:19,2024-10-17,Thursday,Y,Daylight,NORTH CASTLE,RIGHT ANGLE,WESTCHESTER,Straight and Level,Clear,Traffic Signal,Dry,128 87011000,Not Applicable,"Other Motor Vehicle, Collision With",2,1009165,36119,850,0.8,18110248.0,6143.2,3354
2024,Property Damage Accident,19:13,2024-10-17,Thursday,Y,Dark-Road Lighted,MOUNT PLEASANT,SIDESWIPE,WESTCHESTER,Curve and Grade,Clear,,Dry,,Not Applicable,"Other Motor Vehicle, Collision With",2,1009165,36119,850,0.8,18110248.0,6143.2,3354
2024,Property Damage Accident,0:00,2024-10-17,Thursday,N,Unknown,MOUNT VERNON,Unknown,WESTCHESTER,Unknown,Unknown,Unknown,Unknown,,Not Applicable,"Other Motor Vehicle, Collision With",2,1009165,36119,850,0.8,18110248.0,6143.2,3354
2024,Property Damage Accident,12:40,2024-10-17,Thursday,Y,Daylight,BEDFORD,REAR END,WESTCHESTER,Straight and Level,Clear,Traffic Signal,Dry,,Not Applicable,"Other Motor Vehicle, Collision With",2,1009165,36119,850,0.8,18110248.0,6143.2,3354
2024,Property Damage Accident,19:16,2024-10-17,Thursday,Y,Dark-Road Unlighted,CORTLANDT,OTHER,WESTCHESTER,Straight and Grade,Clear,No Passing Zone,Dry,987H87012014,Not Applicable,Deer,1,1009165,36119,850,0.8,18110248.0,6143.2,3354
2024,Property Damage Accident,11:30,2024-10-18,Friday,Y,Daylight,TIVOLI,REAR END,DUTCHESS,Straight and Level,Clear,,Dry,9G82013248,Not Applicable,"Other Motor Vehicle, Collision With",2,299256,36027,1695,0.8,5987961.0,3975.0,1300
2024,Property Damage & Injury Accident,10:05,2024-10-18,Friday,Y,Daylight,DOVER,REAR END,DUTCHESS,Straight and Level,Clear,,Dry,22 82041090,Not Applicable,"Other Motor Vehicle, Collision With",2,299256,36027,1695,0.8,5987961.0,3975.0,1300
2024,Property Damage Accident,5:20,2024-10-18,Friday,Y,Dark-Road Lighted,WAPPINGER,OTHER,DUTCHESS,Straight and Grade,Cloudy,No Passing Zone,Dry,9D82033059,Not Applicable,Deer,1,299256,36027,1695,0.8,5987961.0,3975.0,1300
2024,Property Damage Accident,17:09,2024-10-18,Friday,Y,Daylight,EAST FISHKILL,OVERTAKING,DUTCHESS,Straight and Level,Clear,,Dry,84I82021125,Not Applicable,"Other Motor Vehicle, Collision With",2,299256,36027,1695,0.8,5987961.0,3975.0,1300
2024,Property Damage Accident,20:00,2024-10-18,Friday,Y,Dark-Road Unlighted,FISHKILL,OTHER,DUTCHESS,Straight and Grade,Clear,,Dry,84I82021063,Not Applicable,Deer,1,299256,36027,1695,0.8,5987961.0,3975.0,1300
2024,Property Damage Accident,12:54,2024-10-18,Friday,Y,Daylight,HYDE PARK,OTHER,DUTCHESS,Straight and Level,Clear,Stop Sign,Dry,,Not Applicable,"Other Motor Vehicle, Collision With",2,299256,36027,1695,0.8,5987961.0,3975.0,1300
2024,Property Damage Accident,7:25,2024-10-18,Friday,Y,Daylight,POUGHKEEPSIE,HEAD ON,DUTCHESS,Straight and Grade,Clear,,Dry,,Not Applicable,"Other Motor Vehicle, Collision With",2,299256,36027,1695,0.8,5987961.0,3975.0,1300
2024,Property Damage Accident,7:36,2024-10-18,Friday,Y,Daylight,WAPPINGER,OTHER,DUTCHESS,Straight and Level,Clear,,Dry,9D82033040,Not Applicable,"Animal, Collision With",1,299256,36027,1695,0.8,5987961.0,3975.0,1300
2024,Property Damage Accident,15:42,2024-10-18,Friday,Y,Daylight,FISHKILL,REAR END,DUTCHESS,Straight and Level,Clear,Traffic Signal,Dry,9 82051022,Not Applicable,"Other Motor Vehicle, Collision With",2,299256,36027,1695,0.8,5987961.0,3975.0,1300
2024,Property Damage Accident,15:18,2024-10-18,Friday,Y,Daylight,POUGHKEEPSIE,REAR END,DUTCHESS,Straight and Level,Clear,,Dry,115 82012017,Not Applicable,"Other Motor Vehicle, Collision With",2,299256,36027,1695,0.8,5987961.0,3975.0,1300
2024,Property Damage Accident,7:20,2024-10-18,Friday,Y,Dawn,RED HOOK,OTHER,DUTCHESS,Straight and Level,Clear,,Dry,9G82013213,Not Applicable,Deer,1,299256,36027,1695,0.8,5987961.0,3975.0,1300
2024,Property Damage Accident,15:45,2024-10-18,Friday,Y,Daylight,WAPPINGER,OVERTAKING,DUTCHESS,Curve and Level,Clear,Yield Sign,Dry,376 82011080,Not Applicable,"Other Motor Vehicle, Collision With",2,299256,36027,1695,0.8,5987961.0,3975.0,1300
2024,Property Damage & Injury Accident,9:59,2024-10-18,Friday,Y,Daylight,POUGHKEEPSIE,OTHER,DUTCHESS,Straight and Level,Clear,Traffic Signal,Dry,,Not Applicable,"Other Motor Vehicle, Collision With",4,299256,36027,1695,0.8,5987961.0,3975.0,1300
2024,Property Damage Accident,15:00,2024-10-18,Friday,Y,Daylight,WAPPINGER,SIDESWIPE,DUTCHESS,Curve and Grade,Clear,No Passing Zone,Dry,376 82011069,Not Applicable,"Other Motor Vehicle, Collision With",2,299256,36027,1695,0.8,5987961.0,3975.0,1300
2024,Property Damage Accident,1:30,2024-10-18,Friday,Y,Dark-Road Unlighted,NEWBURGH,OTHER,ORANGE,Straight and Level,Clear,,Dry,84I83011327,Not Applicable,Deer,1,415088,36071,4753,2.6,13857119.0,5167.5,1527
2024,Property Damage Accident,9:47,2024-10-18,Friday,Y,Daylight,GOSHEN,OTHER,ORANGE,Straight and Level,Clear,No Passing Zone,Dry,,Not Applicable,"Animal, Collision With",1,415088,36071,4753,2.6,13857119.0,5167.5,1527
2024,Property Damage Accident,18:00,2024-10-18,Friday,Y,Dusk,WALLKILL,OTHER,ORANGE,Straight and Level,Cloudy,,Dry,,Not Applicable,Deer,1,415088,36071,4753,2.6,13857119.0,5167.5,1527
2024,Property Damage Accident,20:36,2024-10-18,Friday,Y,Dark-Road Unlighted,NEW WINDSOR,OTHER,ORANGE,Straight and Grade,Clear,,Dry,9W83021140,Not Applicable,"Animal, Collision With",1,415088,36071,4753,2.6,13857119.0,5167.5,1527
2024,Property Damage Accident,16:25,2024-10-18,Friday,Y,Daylight,WAWAYANDA,REAR END,ORANGE,Straight and Level,Clear,Stop Sign,Dry,,Not Applicable,"Other Motor Vehicle, Collision With",2,415088,36071,4753,2.6,13857119.0,5167.5,1527
2024,Property Damage Accident,19:50,2024-10-18,Friday,Y,Dark-Road Lighted,WALLKILL,REAR END,ORANGE,Straight and Level,Clear,Traffic Signal,Dry,,Not Applicable,"Other Motor Vehicle, Collision With",2,415088,36071,4753,2.6,13857119.0,5167.5,1527
2024,Property Damage Accident,2:03,2024-10-18,Friday,Y,Dark-Road Unlighted,MIDDLETOWN,OTHER,ORANGE,Straight and Level,Clear,,Dry,,Not Applicable,Deer,1,415088,36071,4753,2.6,13857119.0,5167.5,1527
2024,Property Damage Accident,16:20,2024-10-18,Friday,Y,Daylight,MIDDLETOWN,RIGHT ANGLE,ORANGE,Straight and Level,Clear,,Dry,,Not Applicable,"Other Motor Vehicle, Collision With",2,415088,36071,4753,2.6,13857119.0,5167.5,1527
2024,Property Damage Accident,20:07,2024-10-18,Friday,Y,Dark-Road Unlighted,GREENVILLE,OTHER,ORANGE,Straight and Grade,Clear,,Dry,84I83011049,Not Applicable,Deer,1,415088,36071,4753,2.6,13857119.0,5167.5,1527
2024,Property Damage Accident,21:35,2024-10-18,Friday,Y,Dark-Road Unlighted,BLOOMING GROVE,OTHER,ORANGE,Straight and Grade,Clear,No Passing Zone,Dry,208 83011059,Not Applicable,"Light Support/Utility Pole, Collision With Fixed Object",1,415088,36071,4753,2.6,13857119.0,5167.5,1527
2024,Property Damage Accident,19:20,2024-10-18,Friday,Y,Dark-Road Unlighted,NEWBURGH,OTHER,ORANGE,Straight and Level,Clear,,Dry,17K83011193,Not Applicable,"Other Object (Not Fixed)*, Collision With",1,415088,36071,4753,2.6,13857119.0,5167.5,1527
2024,Property Damage & Injury Accident,8:08,2024-10-18,Friday,Y,Daylight,WARWICK,OTHER,ORANGE,Curve and Level,Clear,No Passing Zone,Dry,,Not Applicable,"Earth Embankment/Rock Cut/Ditch, Collision With Fixed Object",1,415088,36071,4753,2.6,13857119.0,5167.5,1527
2024,Injury Accident,17:44,2024-10-18,Friday,Y,Daylight,WARWICK,HEAD ON,ORANGE,Straight and Level,Clear,RR Crossing Gates,Dry,17A83011105,Not Applicable,"Other Motor Vehicle, Collision With",2,415088,36071,4753,2.6,13857119.0,5167.5,1527
2024,Property Damage Accident,7:15,2024-10-18,Friday,Y,Dawn,WALLKILL,OTHER,ORANGE,Straight and Level,Clear,,Wet,,Not Applicable,Deer,1,415088,36071,4753,2.6,13857119.0,5167.5,1527
2024,Property Damage Accident,18:32,2024-10-18,Friday,Y,Dark-Road Unlighted,PUTNAM VALLEY,OVERTAKING,PUTNAM,Straight and Grade,Clear,,Dry,987G84021037,Not Applicable,"Other Motor Vehicle, Collision With",2,98842,36079,509,0.7,2746105.0,4089.2,375
2024,Property Damage Accident,7:47,2024-10-18,Friday,Y,Daylight,SOUTHEAST,REAR END,PUTNAM,Straight and Grade,Clear,,Dry,84I84031114,Not Applicable,"Other Motor Vehicle, Collision With",2,98842,36079,509,0.7,2746105.0,4089.2,375
2024,Property Damage Accident,22:40,2024-10-18,Friday,Y,Dark-Road Unlighted,KENT,OTHER,PUTNAM,Curve and Level,Clear,,Dry,,Not Applicable,"Animal, Collision With",1,98842,36079,509,0.7,2746105.0,4089.2,375
2024,Property Damage & Injury Accident,22:00,2024-10-18,Friday,Y,Dark-Road Unlighted,SOUTHEAST,OTHER,PUTNAM,Curve and Level,Clear,No Passing Zone,Dry,,Not Applicable,"Building/Wall, Collision With Fixed Object",1,98842,36079,509,0.7,2746105.0,4089.2,375
2024,Property Damage Accident,16:01,2024-10-18,Friday,Y,Daylight,SOUTHEAST,REAR END,PUTNAM,Straight and Level,Clear,,Dry,684I84021000,Not Applicable,"Other Motor Vehicle, Collision With",2,98842,36079,509,0.7,2746105.0,4089.2,375
2024,Property Damage Accident,14:11,2024-10-18,Friday,Y,Daylight,KENT,REAR END,PUTNAM,Straight and Level,Clear,Police/Fire Emergency,Dry,987G84021124,Not Applicable,"Other Motor Vehicle, Collision With",2,98842,36079,509,0.7,2746105.0,4089.2,375
2024,Property Damage Accident,12:41,2024-10-18,Friday,Y,Daylight,ORANGETOWN,OVERTAKING,ROCKLAND,Straight and Level,Clear,,Dry,303 85011041,Not Applicable,"Other Motor Vehicle, Collision With",2,354829,36087,259,0.3,7336134.0,9989.2,886
2024,Injury Accident,6:42,2024-10-18,Friday,Y,Dark-Road Lighted,ORANGETOWN,OTHER,ROCKLAND,Straight and Level,Clear,,Dry,,"Crossing, No Signal or Crosswalk","Pedestrian, Collision With",1,354829,36087,259,0.3,7336134.0,9989.2,886
2024,Property Damage Accident,16:38,2024-10-18,Friday,Y,Daylight,HAVERSTRAW,OVERTAKING,ROCKLAND,Straight and Level,Clear,,Dry,,Not Applicable,"Other Motor Vehicle, Collision With",2,354829,36087,259,0.3,7336134.0,9989.2,886
2024,Property Damage Accident,15:30,2024-10-18,Friday,Y,Daylight,ORANGETOWN,REAR END,ROCKLAND,Straight and Level,Clear,,Dry,,Not Applicable,"Other Motor Vehicle, Collision With",2,354829,36087,259,0.3,7336134.0,9989.2,886
2024,Property Damage Accident,7:58,2024-10-18,Friday,Y,Daylight,SUFFERN,REAR END,ROCKLAND,Straight at Hill Crest,Clear,No Passing Zone,Dry,59 85011023,Not Applicable,"Other Motor Vehicle, Collision With",2,354829,36087,259,0.3,7336134.0,9989.2,886
2024,Property Damage & Injury Accident,16:45,2024-10-18,Friday,N,Daylight,ORANGETOWN,REAR END,ROCKLAND,Straight and Level,Clear,,Dry,,Not Applicable,"Other Motor Vehicle, Collision With",2,354829,36087,259,0.3,7336134.0,9989.2,886
2024,Property Damage Accident,16:10,2024-10-18,Friday,Y,Daylight,ULSTER,REAR END,ULSTER,Straight at Hill Crest,Clear,No Passing Zone,Dry,199 86011023,Not Applicable,"Other Motor Vehicle, Collision With",2,183095,36111,3565,1.2,6410502.0,3939.4,999
2024,Property Damage Accident,19:50,2024-10-18,Friday,Y,Dark-Road Unlighted,NEW PALTZ,OTHER,ULSTER,Straight and Level,Clear,No Passing Zone,Dry,,Not Applicable,"Animal, Collision With",1,183095,36111,3565,1.2,6410502.0,3939.4,999
2024,Property Damage Accident,11:15,2024-10-18,Friday,Y,Daylight,GARDINER,OTHER,ULSTER,Curve and Level,Clear,No Passing Zone,Dry,,Not Applicable,"Ran Off Roadway Only, Non-Collision",1,183095,36111,3565,1.2,6410502.0,3939.4,999
2024,Property Damage Accident,14:00,2024-10-18,Friday,Y,Daylight,SAUGERTIES,OVERTAKING,ULSTER,Straight and Level,Clear,,Dry,,Not Applicable,"Other Motor Vehicle, Collision With",2,183095,36111,3565,1.2,6410502.0,3939.4,999
2024,Property Damage & Injury Accident,19:35,2024-10-18,Friday,Y,Dark-Road Unlighted,PLATTEKILL,LEFT TURN (0),ULSTER,Straight at Hill Crest,Clear,Stop Sign,Dry,,Not Applicable,"Other Motor Vehicle, Collision With",2,183095,36111,3565,1.2,6410502.0,3939.4,999
2024,Property Damage Accident,2:46,2024-10-18,Friday,Y,Dark-Road Unlighted,LLOYD,OTHER,ULSTER,Straight and Level,Clear,,Dry,,Not Applicable,Deer,1,183095,36111,3565,1.2,6410502.0,3939.4,999