year,accident_descriptor,time,date,day_of_week,police_report,lighting_conditions,municipality,collision_type_descriptor,county_name,road_descriptor,weather_conditions,traffic_control_device,road_surface_conditions,dot_reference_marker_location,pedestrian_bicyclist_action,event_descriptor,number_of_vehicles_involved,county_population_2024,county_fips,county_deer_take_2024,county_antlerless_deer_per_sqmi_2024,county_daily_vmt_2019,county_mean_aadt_2019,county_aadt_segments_2019
2024,Property Damage & Injury Accident,16:45,2024-10-18,Friday,Y,Daylight,KINGSTON,REAR END,ULSTER,Straight and Grade,Clear,Traffic Signal,Dry,,Not Applicable,"Other Motor Vehicle, Collision With",2,183095,36111,3565,1.2,6410502.0,3939.4,999
2024,Property Damage Accident,11:08,2024-10-18,Friday,Y,Daylight,NEW PALTZ,OTHER,ULSTER,Straight and Level,Cloudy,,Dry,,Not Applicable,"Other Object (Not Fixed)*, Collision With",2,183095,36111,3565,1.2,6410502.0,3939.4,999
2024,Property Damage Accident,18:55,2024-10-18,Friday,N,Unknown,WOODSTOCK,SIDESWIPE,ULSTER,Unknown,Unknown,Unknown,Unknown,212 86011130,Not Applicable,"Other Motor Vehicle, Collision With",2,183095,36111,3565,1.2,6410502.0,3939.4,999
2024,Property Damage Accident,8:03,2024-10-18,Friday,Y,Daylight,LLOYD,OTHER,ULSTER,Straight and Level,Clear,Stop Sign,Dry,,Not Applicable,"Other Motor Vehicle, Collision With",3,183095,36111,3565,1.2,6410502.0,3939.4,999
2024,Property Damage Accident,9:37,2024-10-18,Friday,Y,Daylight,YONKERS,REAR END,WESTCHESTER,Straight and Level,Clear,,Dry,,Not Applicable,"Other Motor Vehicle, Collision With",2,1009165,36119,850,0.8,18110248.0,6143.2,3354
2024,Property Damage Accident,16:20,2024-10-18,Friday,Y,Daylight,MAMARONECK,REAR END,WESTCHESTER,Straight and Level,Clear,Traffic Signal,Dry,,Not Applicable,"Other Motor Vehicle, Collision With",2,1009165,36119,850,0.8,18110248.0,6143.2,3354
2024,Property Damage Accident,23:48,2024-10-18,Friday,Y,Dark-Road Unlighted,GREENBURGH,OVERTAKING,WESTCHESTER,Straight and Level,Clear,,Dry,987F87012037,Not Applicable,"Other Motor Vehicle, Collision With",2,1009165,36119,850,0.8,18110248.0,6143.2,3354
2024,Property Damage Accident,0:32,2024-10-18,Friday,Y,Dark-Road Lighted,YONKERS,Unknown,WESTCHESTER,Straight and Grade,Clear,No Passing Zone,Dry,,Not Applicable,"Other Motor Vehicle, Collision With",2,1009165,36119,850,0.8,18110248.0,6143.2,3354
2024,Property Damage & Injury Accident,11:40,2024-10-18,Friday,Y,Daylight,NEW ROCHELLE,REAR END,WESTCHESTER,Straight and Grade,Clear,Stop Sign,Dry,,Not Applicable,"Other Motor Vehicle, Collision With",2,1009165,36119,850,0.8,18110248.0,6143.2,3354
2024,Property Damage Accident,17:45,2024-10-18,Friday,N,Daylight,MOUNT VERNON,RIGHT ANGLE,WESTCHESTER,Straight and Level,Clear,Unknown,Dry,,Not Applicable,"Other Motor Vehicle, Collision With",2,1009165,36119,850,0.8,18110248.0,6143.2,3354
2024,Property Damage Accident,18:42,2024-10-18,Friday,Y,Dusk,MOUNT VERNON,OTHER,WESTCHESTER,Straight and Level,Cloudy,,Dry,907K87012010,Not Applicable,"Other Motor Vehicle, Collision With",3,1009165,36119,850,0.8,18110248.0,6143.2,3354
2024,Property Damage Accident,14:30,2024-10-18,Friday,N,Unknown,CORTLANDT,LEFT TURN (0),WESTCHESTER,Unknown,Unknown,Unknown,Unknown,,Not Applicable,"Other Motor Vehicle, Collision With",2,1009165,36119,850,0.8,18110248.0,6143.2,3354
2024,Property Damage Accident,23:24,2024-10-18,Friday,Y,Dark-Road Lighted,MAMARONECK,REAR END,WESTCHESTER,Straight and Level,Clear,,Dry,,Not Applicable,"Other Motor Vehicle, Collision With",2,1009165,36119,850,0.8,18110248.0,6143.2,3354
2024,Property Damage Accident,14:25,2024-10-18,Friday,Y,Daylight,YONKERS,OVERTAKING,WESTCHESTER,Straight and Level,Clear,,Dry,,Not Applicable,"Other Motor Vehicle, Collision With",2,1009165,36119,850,0.8,18110248.0,6143.2,3354
2024,Property Damage & Injury Accident,14:40,2024-10-18,Friday,Y,Daylight,YONKERS,REAR END,WESTCHESTER,Straight and Level,Clear,,Dry,9A87031015,Not Applicable,"Other Motor Vehicle, Collision With",2,1009165,36119,850,0.8,18110248.0,6143.2,3354
2024,Property Damage Accident,19:04,2024-10-19,Saturday,Y,Dark-Road Unlighted,LA GRANGE,OTHER,DUTCHESS,Straight and Level,Clear,,Dry,987G82031118,Not Applicable,Deer,1,299256,36027,1695,0.8,5987961.0,3975.0,1300
2024,Property Damage Accident,15:00,2024-10-19,Saturday,Y,Daylight,RHINEBECK,OTHER,DUTCHESS,Straight and Level,Clear,,Dry,,Not Applicable,"Fence, Collision With Fixed Object",1,299256,36027,1695,0.8,5987961.0,3975.0,1300
2024,Property Damage & Injury Accident,17:53,2024-10-19,Saturday,Y,Daylight,WASHINGTON,OTHER,DUTCHESS,Curve and Level,Clear,,Dry,82 82011281,Not Applicable,"Tree, Collision With Fixed Object",1,299256,36027,1695,0.8,5987961.0,3975.0,1300
2024,Property Damage Accident,10:00,2024-10-19,Saturday,Y,Daylight,MILAN,OTHER,DUTCHESS,Straight and Level,Clear,,Dry,,Not Applicable,"Earth Embankment/Rock Cut/Ditch, Collision With Fixed Object",1,299256,36027,1695,0.8,5987961.0,3975.0,1300
2024,Property Damage Accident,10:37,2024-10-19,Saturday,Y,Daylight,PINE PLAINS,OTHER,DUTCHESS,Straight and Grade,Clear,,Dry,82 82011396,Not Applicable,Deer,1,299256,36027,1695,0.8,5987961.0,3975.0,1300
2024,Property Damage Accident,10:20,2024-10-19,Saturday,Y,Daylight,WOODBURY,OVERTAKING,ORANGE,Straight and Grade,Clear,,Dry,,Not Applicable,"Other Motor Vehicle, Collision With",2,415088,36071,4753,2.6,13857119.0,5167.5,1527
2024,Property Damage Accident,0:01,2024-10-19,Saturday,Y,Dark-Road Unlighted,WAWAYANDA,OTHER,ORANGE,Straight and Level,Clear,,Dry,84I83011158,Not Applicable,Deer,1,415088,36071,4753,2.6,13857119.0,5167.5,1527
2024,Property Damage Accident,17:58,2024-10-19,Saturday,Y,Daylight,NEWBURGH,OTHER,ORANGE,Straight and Level,Clear,,Dry,,Not Applicable,Deer,1,415088,36071,4753,2.6,13857119.0,5167.5,1527
2024,Property Damage Accident,19:50,2024-10-19,Saturday,Y,Dark-Road Unlighted,WALLKILL,OTHER,ORANGE,Straight and Level,Clear,,Dry,84I83011178,Not Applicable,Deer,1,415088,36071,4753,2.6,13857119.0,5167.5,1527
2024,Property Damage Accident,9:49,2024-10-19,Saturday,Y,Daylight,HIGHLANDS,OTHER,ORANGE,Curve and Level,Clear,,Dry,9W83021001,Not Applicable,"Other Motor Vehicle, Collision With",2,415088,36071,4753,2.6,13857119.0,5167.5,1527
2024,Property Damage Accident,9:08,2024-10-19,Saturday,Y,Daylight,SOUTHEAST,OVERTAKING,PUTNAM,Straight and Level,Clear,,Dry,,Not Applicable,"Other Motor Vehicle, Collision With",2,98842,36079,509,0.7,2746105.0,4089.2,375
2024,Property Damage Accident,23:05,2024-10-19,Saturday,Y,Dark-Road Lighted,RAMAPO,OTHER,ROCKLAND,Straight and Level,Cloudy,,Dry,202 85011072,Not Applicable,"Animal, Collision With",1,354829,36087,259,0.3,7336134.0,9989.2,886
2024,Property Damage Accident,14:34,2024-10-19,Saturday,Y,Daylight,ORANGETOWN,REAR END,ROCKLAND,Straight and Level,Clear,,Wet,,Not Applicable,"Other Motor Vehicle, Collision With",2,354829,36087,259,0.3,7336134.0,9989.2,886
2024,Property Damage Accident,6:02,2024-10-19,Saturday,Y,Dark-Road Unlighted,CLARKSTOWN,OTHER,ROCKLAND,Straight and Grade,Clear,,Dry,,Not Applicable,Deer,1,354829,36087,259,0.3,7336134.0,9989.2,886
2024,Property Damage Accident,21:19,2024-10-19,Saturday,Y,Daylight,SPRING VALLEY,OVERTAKING,ROCKLAND,Straight and Level,Clear,Stop Sign,Dry,,Not Applicable,"Other Motor Vehicle, Collision With",2,354829,36087,259,0.3,7336134.0,9989.2,886
2024,Property Damage Accident,0:00,2024-10-19,Saturday,N,Unknown,STONY POINT,OTHER,ROCKLAND,Unknown,Unknown,Unknown,Unknown,,Not Applicable,Deer,1,354829,36087,259,0.3,7336134.0,9989.2,886
2024,Property Damage Accident,9:17,2024-10-19,Saturday,Y,Daylight,ULSTER,OVERTAKING,ULSTER,Straight and Level,Clear,,Dry,,Not Applicable,"Other Motor Vehicle, Collision With",2,183095,36111,3565,1.2,6410502.0,3939.4,999
2024,Property Damage & Injury Accident,16:52,2024-10-19,Saturday,Y,Daylight,NEW PALTZ,REAR END,ULSTER,Straight and Level,Clear,Traffic Signal,Dry,299 86011074,Not Applicable,"Other Motor Vehicle, Collision With",2,183095,36111,3565,1.2,6410502.0,3939.4,999
2024,Property Damage Accident,22:46,2024-10-19,Saturday,Y,Dark-Road Lighted,ESOPUS,OTHER,ULSTER,Straight and Grade,Clear,No Passing Zone,Dry,9W86031163,Not Applicable,Deer,1,183095,36111,3565,1.2,6410502.0,3939.4,999
2024,Property Damage Accident,16:28,2024-10-19,Saturday,Y,Daylight,HURLEY,REAR END,ULSTER,Straight and Level,Clear,No Passing Zone,Dry,,Not Applicable,"Other Motor Vehicle, Collision With",2,183095,36111,3565,1.2,6410502.0,3939.4,999
2024,Property Damage Accident,3:25,2024-10-19,Saturday,Y,Dark-Road Unlighted,NORTH SALEM,OTHER,WESTCHESTER,Straight and Level,Clear,,Dry,684I87011219,Not Applicable,Deer,1,1009165,36119,850,0.8,18110248.0,6143.2,3354
2024,Property Damage Accident,14:39,2024-10-19,Saturday,Y,Daylight,DOBBS FERRY,OTHER,WESTCHESTER,Straight and Level,Clear,Traffic Signal,Dry,987D87012017,Not Applicable,"Other Motor Vehicle, Collision With",3,1009165,36119,850,0.8,18110248.0,6143.2,3354
2024,Property Damage Accident,9:08,2024-10-19,Saturday,Y,Daylight,RYE BROOKE,LEFT TURN (3),WESTCHESTER,Straight and Grade,Clear,Traffic Signal,Dry,,Not Applicable,"Other Motor Vehicle, Collision With",2,1009165,36119,850,0.8,18110248.0,6143.2,3354
2024,Property Damage Accident,8:48,2024-10-19,Saturday,Y,Daylight,MOUNT PLEASANT,OTHER,WESTCHESTER,Straight and Level,Clear,,Dry,987G87011022,Not Applicable,"Fire/Explosion, Non-Collision",1,1009165,36119,850,0.8,18110248.0,6143.2,3354
2024,Property Damage Accident,11:42,2024-10-19,Saturday,Y,Daylight,NEW ROCHELLE,LEFT TURN (0),WESTCHESTER,Straight and Level,Clear,Traffic Signal,Dry,,Not Applicable,"Other Motor Vehicle, Collision With",2,1009165,36119,850,0.8,18110248.0,6143.2,3354
2024,Property Damage Accident,16:03,2024-10-19,Saturday,Y,Daylight,HARRISON,SIDESWIPE,WESTCHESTER,Straight and Level,Clear,,Dry,127 87011026,Not Applicable,"Other Motor Vehicle, Collision With",2,1009165,36119,850,0.8,18110248.0,6143.2,3354
2024,Property Damage & Injury Accident,19:30,2024-10-19,Saturday,Y,Dark-Road Unlighted,YONKERS,REAR END,WESTCHESTER,Curve and Level,Clear,,Dry,,Not Applicable,"Other Motor Vehicle, Collision With",2,1009165,36119,850,0.8,18110248.0,6143.2,3354
2024,Property Damage & Injury Accident,15:05,2024-10-19,Saturday,Y,Daylight,NEW ROCHELLE,REAR END,WESTCHESTER,Straight and Level,Clear,,Dry,,Not Applicable,"Other Motor Vehicle, Collision With",2,1009165,36119,850,0.8,18110248.0,6143.2,3354
2024,Property Damage Accident,16:40,2024-10-19,Saturday,Y,Daylight,CORTLANDT,RIGHT ANGLE,WESTCHESTER,Straight and Grade,Clear,Stop Sign,Dry,,Not Applicable,"Other Motor Vehicle, Collision With",2,1009165,36119,850,0.8,18110248.0,6143.2,3354
2024,Property Damage Accident,23:34,2024-10-19,Saturday,Y,Dark-Road Lighted,YONKERS,OTHER,WESTCHESTER,Straight and Level,Clear,,Dry,,Not Applicable,"Other Motor Vehicle, Collision With",3,1009165,36119,850,0.8,18110248.0,6143.2,3354
2024,Property Damage Accident,13:57,2024-10-20,Sunday,Y,Daylight,EAST FISHKILL,REAR END,DUTCHESS,Straight and Level,Clear,,Dry,987G82031040,Not Applicable,"Other Motor Vehicle, Collision With",2,299256,36027,1695,0.8,5987961.0,3975.0,1300
2024,Property Damage & Injury Accident,17:18,2024-10-20,Sunday,Y,Daylight,TUXEDO,OTHER,ORANGE,Curve at Hill Crest,Clear,,Dry,,Not Applicable,"Ran Off Roadway Only, Non-Collision",1,415088,36071,4753,2.6,13857119.0,5167.5,1527
2024,Property Damage & Injury Accident,6:06,2024-10-20,Sunday,Y,Dark-Road Unlighted,NEWBURGH,RIGHT ANGLE,ORANGE,Straight and Level,Clear,Traffic Signal,Dry,,Not Applicable,"Other Motor Vehicle, Collision With",2,415088,36071,4753,2.6,13857119.0,5167.5,1527
2024,Property Damage Accident,16:20,2024-10-20,Sunday,Y,Daylight,WALLKILL,OVERTAKING,ORANGE,Curve and Level,Clear,Yield Sign,Dry,,Not Applicable,"Other Motor Vehicle, Collision With",2,415088,36071,4753,2.6,13857119.0,5167.5,1527
2024,Property Damage Accident,15:23,2024-10-20,Sunday,Y,Daylight,NEWBURGH,RIGHT ANGLE,ORANGE,Straight and Level,Clear,Stop Sign,Dry,,Not Applicable,"Other Motor Vehicle, Collision With",2,415088,36071,4753,2.6,13857119.0,5167.5,1527
2024,Property Damage Accident,17:55,2024-10-20,Sunday,Y,Daylight,NEWBURGH,REAR END,ORANGE,Straight and Level,Clear,,Dry,84I83011363,Not Applicable,"Other Motor Vehicle, Collision With",2,415088,36071,4753,2.6,13857119.0,5167.5,1527
2024,Property Damage Accident,20:46,2024-10-20,Sunday,Y,Dark-Road Unlighted,DEERPARK,OTHER,ORANGE,Straight and Level,Clear,,Dry,209 83012049,Not Applicable,"Animal, Collision With",1,415088,36071,4753,2.6,13857119.0,5167.5,1527
2024,Property Damage Accident,23:10,2024-10-20,Sunday,Y,Dark-Road Lighted,WALLKILL,OTHER,ORANGE,Straight and Level,Clear,,Dry,,Not Applicable,Deer,1,415088,36071,4753,2.6,13857119.0,5167.5,1527
2024,Property Damage Accident,13:09,2024-10-20,Sunday,Y,Daylight,WOODBURY,Unknown,ORANGE,Straight and Level,Clear,Unknown,Dry,32 83011032,Not Applicable,"Other Motor Vehicle, Collision With",2,415088,36071,4753,2.6,13857119.0,5167.5,1527
2024,Property Damage Accident,20:40,2024-10-20,Sunday,Y,Dark-Road Unlighted,WALLKILL,OTHER,ORANGE,Straight and Level,Clear,,Dry,84I83011181,Not Applicable,"Animal, Collision With",1,415088,36071,4753,2.6,13857119.0,5167.5,1527
2024,Property Damage Accident,15:15,2024-10-20,Sunday,Y,Daylight,CORNWALL,OTHER,ORANGE,Straight and Level,Clear,,Dry,,Not Applicable,"Other Motor Vehicle, Collision With",3,415088,36071,4753,2.6,13857119.0,5167.5,1527
2024,Property Damage Accident,15:00,2024-10-20,Sunday,N,Daylight,CLARKSTOWN,REAR END,ROCKLAND,Curve and Level,Clear,Traffic Signal,Dry,,Not Applicable,"Other Motor Vehicle, Collision With",2,354829,36087,259,0.3,7336134.0,9989.2,886
2024,Property Damage Accident,0:13,2024-10-20,Sunday,Y,Dark-Road Unlighted,STONY POINT,OTHER,ROCKLAND,Curve and Level,Clear,,Dry,987C85011178,Not Applicable,Deer,1,354829,36087,259,0.3,7336134.0,9989.2,886
2024,Property Damage Accident,12:04,2024-10-20,Sunday,Y,Daylight,RAMAPO,OVERTAKING,ROCKLAND,Straight and Grade,Clear,,Dry,,Not Applicable,"Other Motor Vehicle, Collision With",2,354829,36087,259,0.3,7336134.0,9989.2,886
2024,Property Damage Accident,13:26,2024-10-20,Sunday,Y,Daylight,CLARKSTOWN,SIDESWIPE,ROCKLAND,Straight and Level,Clear,Other,Dry,,Not Applicable,"Other Motor Vehicle, Collision With",2,354829,36087,259,0.3,7336134.0,9989.2,886
2024,Property Damage Accident,0:25,2024-10-20,Sunday,Y,Dark-Road Lighted,STONY POINT,OTHER,ROCKLAND,Straight and Level,Clear,,Dry,,Not Applicable,Deer,1,354829,36087,259,0.3,7336134.0,9989.2,886
2024,Property Damage Accident,12:44,2024-10-20,Sunday,Y,Daylight,RAMAPO,OTHER,ROCKLAND,Straight and Level,Clear,,Dry,,Not Applicable,"Other Motor Vehicle, Collision With",2,354829,36087,259,0.3,7336134.0,9989.2,886
2024,Property Damage Accident,4:24,2024-10-20,Sunday,Y,Dark-Road Lighted,CHESTNUT RIDGE,OTHER,ROCKLAND,Straight and Level,Clear,,Dry,,Not Applicable,"Light Support/Utility Pole, Collision With Fixed Object",1,354829,36087,259,0.3,7336134.0,9989.2,886
2024,Property Damage Accident,3:30,2024-10-20,Sunday,Y,Dark-Road Unlighted,SAUGERTIES,OTHER,ULSTER,Curve and Level,Clear,,Dry,,Not Applicable,Deer,1,183095,36111,3565,1.2,6410502.0,3939.4,999
2024,Property Damage Accident,1:32,2024-10-20,Sunday,Y,Dark-Road Unlighted,ROSENDALE,OTHER,ULSTER,Straight and Level,Clear,,Dry,,Not Applicable,Deer,1,183095,36111,3565,1.2,6410502.0,3939.4,999
2024,Property Damage Accident,10:48,2024-10-20,Sunday,Y,Daylight,KINGSTON,OTHER,ULSTER,Straight and Level,Clear,,Dry,,Not Applicable,"Animal, Collision With",1,183095,36111,3565,1.2,6410502.0,3939.4,999
2024,Property Damage Accident,21:30,2024-10-20,Sunday,N,Dark-Road Unlighted,WOODSTOCK,OTHER,ULSTER,Curve and Grade,Clear,,Dry,,Not Applicable,Deer,1,183095,36111,3565,1.2,6410502.0,3939.4,999
2024,Property Damage Accident,19:14,2024-10-20,Sunday,Y,Dark-Road Lighted,PLATTEKILL,LEFT TURN (0),ULSTER,Straight and Level,Clear,Traffic Signal,Dry,44 86011177,Not Applicable,"Other Motor Vehicle, Collision With",2,183095,36111,3565,1.2,6410502.0,3939.4,999
2024,Property Damage & Injury Accident,4:45,2024-10-20,Sunday,Y,Dark-Road Lighted,YONKERS,RIGHT ANGLE,WESTCHESTER,Straight and Level,Clear,Stop Sign,Dry,,Not Applicable,"Other Motor Vehicle, Collision With",2,1009165,36119,850,0.8,18110248.0,6143.2,3354
2024,Property Damage Accident,23:08,2024-10-20,Sunday,Y,Dark-Road Lighted,WHITE PLAINS,OTHER,WESTCHESTER,Curve and Level,Clear,Traffic Signal,Dry,22 87023014,Not Applicable,"Curbing, Collision With Fixed Object",1,1009165,36119,850,0.8,18110248.0,6143.2,3354
2024,Property Damage Accident,16:00,2024-10-20,Sunday,N,Daylight,SCARSDALE,Unknown,WESTCHESTER,Straight and Level,Clear,Traffic Signal,Dry,22 87022043,Not Applicable,"Other Motor Vehicle, Collision With",2,1009165,36119,850,0.8,18110248.0,6143.2,3354
2024,Property Damage & Injury Accident,18:54,2024-10-20,Sunday,Y,Dark-Road Lighted,YONKERS,OTHER,WESTCHESTER,Straight and Grade,Clear,Traffic Signal,Dry,983B87011000,Riding/Walking/Skating Along Highway With Traffic,"Pedestrian, Collision With",1,1009165,36119,850,0.8,18110248.0,6143.2,3354
2024,Property Damage & Injury Accident,3:48,2024-10-20,Sunday,Y,Dark-Road Unlighted,YONKERS,OTHER,WESTCHESTER,Curve and Level,Clear,,Dry,907K87011003,Not Applicable,"Earth Embankment/Rock Cut/Ditch, Collision With Fixed Object",1,1009165,36119,850,0.8,18110248.0,6143.2,3354
2024,Property Damage Accident,17:05,2024-10-20,Sunday,Y,Daylight,YONKERS,REAR END,WESTCHESTER,Straight and Level,Clear,,Dry,,Not Applicable,"Other Motor Vehicle, Collision With",2,1009165,36119,850,0.8,18110248.0,6143.2,3354
2024,Property Damage Accident,14:34,2024-10-20,Sunday,Y,Daylight,YONKERS,HEAD ON,WESTCHESTER,Curve and Level,Clear,,Dry,,Not Applicable,"Other Motor Vehicle, Collision With",2,1009165,36119,850,0.8,18110248.0,6143.2,3354
2024,Property Damage Accident,9:47,2024-10-20,Sunday,Y,Daylight,PEEKSKILL,REAR END,WESTCHESTER,Straight and Level,Clear,,Dry,9 87033014,Not Applicable,"Other Motor Vehicle, Collision With",2,1009165,36119,850,0.8,18110248.0,6143.2,3354
2024,Property Damage Accident,8:28,2024-10-21,Monday,Y,Daylight,UNION VALE,OTHER,DUTCHESS,Straight and Level,Clear,,Dry,,Not Applicable,"Animal, Collision With",1,299256,36027,1695,0.8,5987961.0,3975.0,1300
2024,Property Damage Accident,21:08,2024-10-21,Monday,Y,Dark-Road Unlighted,FISHKILL,OTHER,DUTCHESS,Straight and Grade,Clear,,Dry,,Not Applicable,Deer,1,299256,36027,1695,0.8,5987961.0,3975.0,1300
2024,Property Damage Accident,16:41,2024-10-21,Monday,Y,Daylight,PLEASANT VALLEY,LEFT TURN (3),DUTCHESS,Curve and Level,Clear,Stop Sign,Dry,,Not Applicable,"Other Motor Vehicle, Collision With",2,299256,36027,1695,0.8,5987961.0,3975.0,1300
2024,Property Damage Accident,1:15,2024-10-21,Monday,Y,Dark-Road Unlighted,CLINTON,OTHER,DUTCHESS,Straight and Level,Clear,,Dry,987G82031239,Not Applicable,Deer,1,299256,36027,1695,0.8,5987961.0,3975.0,1300
2024,Property Damage Accident,0:24,2024-10-21,Monday,Y,Dark-Road Unlighted,FISHKILL,OTHER,DUTCHESS,Straight and Level,Clear,,Dry,,Not Applicable,"Light Support/Utility Pole, Collision With Fixed Object",1,299256,36027,1695,0.8,5987961.0,3975.0,1300
2024,Property Damage Accident,8:15,2024-10-21,Monday,Y,Daylight,RED HOOK,OTHER,DUTCHESS,Straight and Level,Clear,,Dry,,Not Applicable,"Animal, Collision With",1,299256,36027,1695,0.8,5987961.0,3975.0,1300
2024,Property Damage Accident,15:53,2024-10-21,Monday,Y,Daylight,WAPPINGER,REAR END,DUTCHESS,Straight and Level,Clear,No Passing Zone,Dry,,Not Applicable,"Other Motor Vehicle, Collision With",2,299256,36027,1695,0.8,5987961.0,3975.0,1300
2024,Property Damage Accident,7:50,2024-10-21,Monday,Y,Daylight,WAPPINGER,OTHER,DUTCHESS,Straight and Level,Clear,No Passing Zone,Dry,,Not Applicable,"Animal, Collision With",1,299256,36027,1695,0.8,5987961.0,3975.0,1300
2024,Property Damage Accident,13:19,2024-10-21,Monday,Y,Daylight,SOUTH BLOOMING GROVE,REAR END,ORANGE,Straight and Level,Clear,Traffic Signal,Dry,208 83011012,Not Applicable,"Other Motor Vehicle, Collision With",2,415088,36071,4753,2.6,13857119.0,5167.5,1527
2024,Property Damage & Injury Accident,12:25,2024-10-21,Monday,Y,Daylight,MONROE,REAR END,ORANGE,Straight and Level,Clear,Traffic Signal,Dry,17M83013167,Not Applicable,"Other Motor Vehicle, Collision With",2,415088,36071,4753,2.6,13857119.0,5167.5,1527
2024,Property Damage Accident,8:08,2024-10-21,Monday,Y,Daylight,NEWBURGH,RIGHT ANGLE,ORANGE,Straight and Grade,Clear,,Dry,17K83011191,Not Applicable,"Other Motor Vehicle, Collision With",2,415088,36071,4753,2.6,13857119.0,5167.5,1527
2024,Property Damage Accident,22:12,2024-10-21,Monday,Y,Dark-Road Lighted,HAMPTONBURGH,OTHER,ORANGE,Curve and Level,Clear,No Passing Zone,Dry,207 83011065,Not Applicable,Deer,1,415088,36071,4753,2.6,13857119.0,5167.5,1527
2024,Property Damage Accident,6:55,2024-10-21,Monday,Y,Dawn,WALLKILL,OVERTAKING,ORANGE,Straight and Level,Clear,Traffic Signal,Dry,,Not Applicable,"Other Motor Vehicle, Collision With",2,415088,36071,4753,2.6,13857119.0,5167.5,1527
2024,Property Damage & Injury Accident,0:50,2024-10-21,Monday,Y,Dark-Road Unlighted,DEERPARK,OTHER,ORANGE,Straight and Level,Clear,,Dry,,Not Applicable,"Animal, Collision With",1,415088,36071,4753,2.6,13857119.0,5167.5,1527
2024,Property Damage Accident,19:40,2024-10-21,Monday,Y,Dark-Road Unlighted,MONTGOMERY,OTHER,ORANGE,Straight at Hill Crest,Clear,,Dry,416 83011039,Not Applicable,Deer,1,415088,36071,4753,2.6,13857119.0,5167.5,1527
2024,Property Damage Accident,0:00,2024-10-21,Monday,N,Unknown,NEWBURGH,OTHER,ORANGE,Unknown,Unknown,Unknown,Unknown,300 83021090,Not Applicable,Deer,1,415088,36071,4753,2.6,13857119.0,5167.5,1527
2024,Property Damage Accident,19:42,2024-10-21,Monday,Y,Dark-Road Unlighted,WOODBURY,OTHER,ORANGE,Straight and Grade,Clear,Unknown,Dry,6 83012355,Not Applicable,Deer,1,415088,36071,4753,2.6,13857119.0,5167.5,1527
2024,Property Damage Accident,23:24,2024-10-21,Monday,Y,Dark-Road Unlighted,NEWBURGH,OTHER,ORANGE,Straight and Grade,Clear,Traffic Signal,Dry,,Not Applicable,"Other Motor Vehicle, Collision With",2,415088,36071,4753,2.6,13857119.0,5167.5,1527
2024,Property Damage Accident,16:26,2024-10-21,Monday,Y,Daylight,NEWBURGH,OVERTAKING,ORANGE,Straight and Level,Clear,,Dry,,Not Applicable,"Other Motor Vehicle, Collision With",2,415088,36071,4753,2.6,13857119.0,5167.5,1527
2024,Property Damage Accident,17:02,2024-10-21,Monday,Y,Unknown,WOODBURY,OVERTAKING,ORANGE,Unknown,Unknown,Unknown,Unknown,984C83011003,Not Applicable,"Other Motor Vehicle, Collision With",2,415088,36071,4753,2.6,13857119.0,5167.5,1527
2024,Property Damage & Injury Accident,15:39,2024-10-21,Monday,Y,Daylight,KENT,LEFT TURN (3),PUTNAM,Straight and Level,Clear,No Passing Zone,Dry,301 84011140,Not Applicable,"Other Motor Vehicle, Collision With",2,98842,36079,509,0.7,2746105.0,4089.2,375
2024,Property Damage Accident,14:26,2024-10-21,Monday,Y,Daylight,ESOPUS,LEFT TURN (0),ULSTER,Curve and Level,Clear,No Passing Zone,Dry,9W86031227,Not Applicable,"Other Motor Vehicle, Collision With",2,183095,36111,3565,1.2,6410502.0,3939.4,999
2024,Property Damage Accident,12:30,2024-10-21,Monday,Y,Daylight,SAUGERTIES,OTHER,ULSTER,Straight and Level,Clear,,Dry,,Not Applicable,"Tree, Collision With Fixed Object",1,183095,36111,3565,1.2,6410502.0,3939.4,999
2024,Property Damage Accident,12:42,2024-10-21,Monday,Y,Daylight,ROSENDALE,OTHER,ULSTER,Straight and Level,Clear,,Dry,,Not Applicable,"Other Motor Vehicle, Collision With",3,183095,36111,3565,1.2,6410502.0,3939.4,999
2024,Property Damage Accident,9:39,2024-10-21,Monday,Y,Daylight,MARLBOROUGH,REAR END,ULSTER,Straight and Level,Clear,No Passing Zone,Dry,9W86031005,Not Applicable,"Other Motor Vehicle, Collision With",2,183095,36111,3565,1.2,6410502.0,3939.4,999
2024,Property Damage Accident,16:05,2024-10-21,Monday,Y,Daylight,NEW ROCHELLE,RIGHT ANGLE,WESTCHESTER,Straight and Level,Clear,Traffic Signal,Dry,982J87011002,Not Applicable,"Other Motor Vehicle, Collision With",2,1009165,36119,850,0.8,18110248.0,6143.2,3354
2024,Property Damage Accident,18:54,2024-10-21,Monday,Y,Dark-Road Unlighted,MAMARONECK,RIGHT TURN (5),WESTCHESTER,Straight and Grade,Clear,Stop Sign,Dry,,Not Applicable,"Other Motor Vehicle, Collision With",2,1009165,36119,850,0.8,18110248.0,6143.2,3354
2024,Property Damage & Injury Accident,12:20,2024-10-21,Monday,Y,Daylight,NEW ROCHELLE,LEFT TURN (3),WESTCHESTER,Straight and Level,Clear,Traffic Signal,Dry,,Not Applicable,"Other Motor Vehicle, Collision With",2,1009165,36119,850,0.8,18110248.0,6143.2,3354