year,accident_descriptor,time,date,day_of_week,police_report,lighting_conditions,municipality,collision_type_descriptor,county_name,road_descriptor,weather_conditions,traffic_control_device,road_surface_conditions,dot_reference_marker_location,pedestrian_bicyclist_action,event_descriptor,number_of_vehicles_involved,county_population_2024,county_fips,county_deer_take_2024,county_antlerless_deer_per_sqmi_2024,county_daily_vmt_2019,county_mean_aadt_2019,county_aadt_segments_2019
2024,Property Damage & Injury Accident,16:47,2024-10-21,Monday,Y,Daylight,MOUNT PLEASANT,LEFT TURN (3),WESTCHESTER,Straight and Level,Clear,,Dry,141 87011019,Not Applicable,"Other Motor Vehicle, Collision With",2,1009165,36119,850,0.8,18110248.0,6143.2,3354
2024,Property Damage Accident,15:34,2024-10-21,Monday,Y,Daylight,EASTCHESTER,REAR END,WESTCHESTER,Straight and Level,Clear,,Dry,,Not Applicable,"Other Motor Vehicle, Collision With",2,1009165,36119,850,0.8,18110248.0,6143.2,3354
2024,Property Damage Accident,19:30,2024-10-21,Monday,Y,Dusk,CORTLANDT,OTHER,WESTCHESTER,Straight and Level,Clear,,Dry,,Not Applicable,"Light Support/Utility Pole, Collision With Fixed Object",1,1009165,36119,850,0.8,18110248.0,6143.2,3354
2024,Property Damage Accident,11:58,2024-10-21,Monday,Y,Daylight,PEEKSKILL,RIGHT ANGLE,WESTCHESTER,Straight and Grade,Clear,,Dry,,Not Applicable,"Other Motor Vehicle, Collision With",2,1009165,36119,850,0.8,18110248.0,6143.2,3354
2024,Property Damage Accident,18:35,2024-10-21,Monday,Y,Dusk,NEW ROCHELLE,REAR END,WESTCHESTER,Straight and Level,Clear,,Dry,981V87011007,Not Applicable,"Other Motor Vehicle, Collision With",2,1009165,36119,850,0.8,18110248.0,6143.2,3354
2024,Property Damage Accident,8:33,2024-10-21,Monday,Y,Daylight,YONKERS,SIDESWIPE,WESTCHESTER,Straight and Level,Clear,,Dry,,Not Applicable,"Other Motor Vehicle, Collision With",2,1009165,36119,850,0.8,18110248.0,6143.2,3354
2024,Property Damage Accident,9:30,2024-10-21,Monday,Y,Daylight,CORTLANDT,RIGHT ANGLE,WESTCHESTER,Straight and Level,Clear,,Dry,6 87033005,Not Applicable,"Other Motor Vehicle, Collision With",2,1009165,36119,850,0.8,18110248.0,6143.2,3354
2024,Property Damage & Injury Accident,0:13,2024-10-21,Monday,Y,Dark-Road Lighted,YONKERS,LEFT TURN (0),WESTCHESTER,Straight and Level,Clear,,Dry,983C87011004,Not Applicable,"Other Motor Vehicle, Collision With",2,1009165,36119,850,0.8,18110248.0,6143.2,3354
2024,Property Damage Accident,16:40,2024-10-21,Monday,Y,Daylight,ARDSLEY,OVERTAKING,WESTCHESTER,Straight and Level,Clear,,Dry,,Not Applicable,"Other Motor Vehicle, Collision With",2,1009165,36119,850,0.8,18110248.0,6143.2,3354
2024,Property Damage Accident,7:41,2024-10-21,Monday,Y,Daylight,ELMSFORD,REAR END,WESTCHESTER,Straight and Level,Clear,,Dry,987F87012062,Not Applicable,"Other Motor Vehicle, Collision With",2,1009165,36119,850,0.8,18110248.0,6143.2,3354
2024,Property Damage & Injury Accident,1:46,2024-10-21,Monday,Y,Dark-Road Unlighted,NEW CASTLE,OTHER,WESTCHESTER,Straight and Level,Clear,No Passing Zone,Dry,133 87011065,Not Applicable,"Sign Post, Collision With Fixed Object",1,1009165,36119,850,0.8,18110248.0,6143.2,3354
2024,Property Damage & Injury Accident,12:24,2024-10-21,Monday,Y,Daylight,YONKERS,OVERTAKING,WESTCHESTER,Straight and Grade,Clear,No Passing Zone,Dry,100 87011003,Not Applicable,"Other Motor Vehicle, Collision With",2,1009165,36119,850,0.8,18110248.0,6143.2,3354
2024,Property Damage Accident,8:07,2024-10-21,Monday,Y,Daylight,PEEKSKILL,OVERTAKING,WESTCHESTER,Straight and Level,Clear,,Dry,,Not Applicable,"Other Motor Vehicle, Collision With",2,1009165,36119,850,0.8,18110248.0,6143.2,3354
2024,Property Damage & Injury Accident,7:54,2024-10-21,Monday,Y,Daylight,GREENBURGH,REAR END,WESTCHESTER,Straight and Grade,Clear,,Dry,100A87011025,Not Applicable,"Other Motor Vehicle, Collision With",2,1009165,36119,850,0.8,18110248.0,6143.2,3354
2024,Property Damage Accident,10:55,2024-10-21,Monday,Y,Daylight,RYE,REAR END,WESTCHESTER,Straight and Level,Clear,Other,Dry,,Not Applicable,"Other Motor Vehicle, Collision With",2,1009165,36119,850,0.8,18110248.0,6143.2,3354
2024,Property Damage Accident,18:56,2024-10-21,Monday,Y,Dark-Road Lighted,HASTINGS ON HUDSON,OTHER,WESTCHESTER,Straight and Grade,Clear,Unknown,Dry,,Not Applicable,Deer,1,1009165,36119,850,0.8,18110248.0,6143.2,3354
2024,Property Damage Accident,8:08,2024-10-22,Tuesday,Y,Daylight,POUGHKEEPSIE,OVERTAKING,DUTCHESS,Straight and Level,Clear,,Dry,,Not Applicable,"Other Motor Vehicle, Collision With",2,299256,36027,1695,0.8,5987961.0,3975.0,1300
2024,Property Damage & Injury Accident,13:16,2024-10-22,Tuesday,Y,Daylight,POUGHKEEPSIE,REAR END,DUTCHESS,Straight and Level,Clear,Traffic Signal,Dry,,Not Applicable,"Other Motor Vehicle, Collision With",2,299256,36027,1695,0.8,5987961.0,3975.0,1300
2024,Property Damage Accident,7:46,2024-10-22,Tuesday,N,Unknown,WAPPINGER FALLS,OVERTAKING,DUTCHESS,Unknown,Unknown,Unknown,Unknown,9 82051078,Not Applicable,"Other Motor Vehicle, Collision With",2,299256,36027,1695,0.8,5987961.0,3975.0,1300
2024,Property Damage Accident,7:41,2024-10-22,Tuesday,Y,Daylight,BEEKMAN,OTHER,DUTCHESS,Curve and Grade,Clear,,Dry,,Not Applicable,Deer,1,299256,36027,1695,0.8,5987961.0,3975.0,1300
2024,Property Damage Accident,18:53,2024-10-22,Tuesday,Y,Dark-Road Unlighted,WARWICK,OTHER,ORANGE,Straight at Hill Crest,Clear,,Dry,,Not Applicable,Deer,1,415088,36071,4753,2.6,13857119.0,5167.5,1527
2024,Property Damage Accident,13:25,2024-10-22,Tuesday,Y,Daylight,NEWBURGH,SIDESWIPE,ORANGE,Straight and Level,Clear,,Unknown,,Not Applicable,"Other Motor Vehicle, Collision With",2,415088,36071,4753,2.6,13857119.0,5167.5,1527
2024,Property Damage Accident,18:01,2024-10-22,Tuesday,Y,Daylight,NEWBURGH,REAR END,ORANGE,Straight and Level,Clear,,Dry,9W83023020,Not Applicable,"Other Motor Vehicle, Collision With",2,415088,36071,4753,2.6,13857119.0,5167.5,1527
2024,Property Damage Accident,9:06,2024-10-22,Tuesday,Y,Daylight,WARWICK,RIGHT ANGLE,ORANGE,Straight and Level,Clear,Stop Sign,Dry,94 83011023,Not Applicable,"Other Motor Vehicle, Collision With",2,415088,36071,4753,2.6,13857119.0,5167.5,1527
2024,Property Damage Accident,7:15,2024-10-22,Tuesday,Y,Daylight,BLOOMING GROVE,OTHER,ORANGE,Straight and Grade,Cloudy,No Passing Zone,Dry,,Not Applicable,Deer,1,415088,36071,4753,2.6,13857119.0,5167.5,1527
2024,Property Damage Accident,8:30,2024-10-22,Tuesday,N,Unknown,NEWBURGH,REAR END,ORANGE,Unknown,Unknown,Unknown,Unknown,,Not Applicable,"Other Motor Vehicle, Collision With",2,415088,36071,4753,2.6,13857119.0,5167.5,1527
2024,Property Damage Accident,6:14,2024-10-22,Tuesday,Y,Dark-Road Unlighted,MONTGOMERY,LEFT TURN (3),ORANGE,Straight and Level,Clear,Other,Dry,416 83011042,Not Applicable,"Other Motor Vehicle, Collision With",2,415088,36071,4753,2.6,13857119.0,5167.5,1527
2024,Property Damage Accident,17:50,2024-10-22,Tuesday,Y,Daylight,SOUTHEAST,REAR END,PUTNAM,Straight and Level,Clear,,Dry,684I84021020,Not Applicable,"Other Motor Vehicle, Collision With",2,98842,36079,509,0.7,2746105.0,4089.2,375
2024,Property Damage & Injury Accident,16:20,2024-10-22,Tuesday,Y,Daylight,KENT,OTHER,PUTNAM,Straight and Grade,Clear,,Dry,84I84031015,Not Applicable,"Bridge Structure, Collision With Fixed Object",1,98842,36079,509,0.7,2746105.0,4089.2,375
2024,Property Damage Accident,2:18,2024-10-22,Tuesday,Y,Dark-Road Unlighted,SOUTHEAST,OTHER,PUTNAM,Curve and Grade,Clear,,Dry,,Not Applicable,"Curbing, Collision With Fixed Object",1,98842,36079,509,0.7,2746105.0,4089.2,375
2024,Property Damage & Injury Accident,6:45,2024-10-22,Tuesday,Y,Dawn,CLARKSTOWN,HEAD ON,ROCKLAND,Straight and Grade,Clear,,Dry,,Not Applicable,"Other Motor Vehicle, Collision With",2,354829,36087,259,0.3,7336134.0,9989.2,886
2024,Property Damage Accident,16:15,2024-10-22,Tuesday,Y,Daylight,MONTEBELLO,RIGHT ANGLE,ROCKLAND,Straight and Level,Clear,,Dry,,Not Applicable,"Other Motor Vehicle, Collision With",2,354829,36087,259,0.3,7336134.0,9989.2,886
2024,Property Damage Accident,15:40,2024-10-22,Tuesday,Y,Daylight,PIERMONT,REAR END,ROCKLAND,Straight and Grade,Clear,Traffic Signal,Dry,9W85011031,Not Applicable,"Other Motor Vehicle, Collision With",2,354829,36087,259,0.3,7336134.0,9989.2,886
2024,Property Damage Accident,19:11,2024-10-22,Tuesday,Y,Dark-Road Lighted,CLARKSTOWN,SIDESWIPE,ROCKLAND,Straight and Level,Clear,Traffic Signal,Dry,,Not Applicable,"Other Motor Vehicle, Collision With",2,354829,36087,259,0.3,7336134.0,9989.2,886
2024,Property Damage Accident,13:40,2024-10-22,Tuesday,Y,Daylight,CLARKSTOWN,OTHER,ROCKLAND,Straight and Level,Clear,,Dry,303 85011094,Not Applicable,"Building/Wall, Collision With Fixed Object",1,354829,36087,259,0.3,7336134.0,9989.2,886
2024,Property Damage Accident,13:36,2024-10-22,Tuesday,Y,Daylight,NYACK,OTHER,ROCKLAND,Straight and Grade,Clear,,Dry,,Not Applicable,"Building/Wall, Collision With Fixed Object",1,354829,36087,259,0.3,7336134.0,9989.2,886
2024,Property Damage Accident,14:45,2024-10-22,Tuesday,Y,Daylight,RAMAPO,REAR END,ROCKLAND,Straight and Level,Clear,Yield Sign,Dry,987C85011132,Not Applicable,"Other Motor Vehicle, Collision With",2,354829,36087,259,0.3,7336134.0,9989.2,886
2024,Property Damage Accident,19:00,2024-10-22,Tuesday,Y,Daylight,CLARKSTOWN,OTHER,ROCKLAND,Curve and Grade,Clear,,Dry,,Not Applicable,"Light Support/Utility Pole, Collision With Fixed Object",1,354829,36087,259,0.3,7336134.0,9989.2,886
2024,Property Damage & Injury Accident,20:23,2024-10-22,Tuesday,Y,Dark-Road Lighted,CLARKSTOWN,HEAD ON,ROCKLAND,Straight and Level,Clear,,Dry,,Not Applicable,"Other Motor Vehicle, Collision With",2,354829,36087,259,0.3,7336134.0,9989.2,886
2024,Property Damage Accident,7:07,2024-10-22,Tuesday,Y,Daylight,CLARKSTOWN,REAR END,ROCKLAND,Straight and Level,Clear,,Dry,9W85011066,Not Applicable,"Other Motor Vehicle, Collision With",2,354829,36087,259,0.3,7336134.0,9989.2,886
2024,Property Damage & Injury Accident,14:15,2024-10-22,Tuesday,Y,Daylight,HAVERSTRAW,REAR END,ROCKLAND,Straight and Grade,Clear,,Dry,,Not Applicable,"Other Motor Vehicle, Collision With",2,354829,36087,259,0.3,7336134.0,9989.2,886
2024,Property Damage Accident,19:15,2024-10-22,Tuesday,Y,Dark-Road Lighted,NYACK,REAR END,ROCKLAND,Straight and Level,Clear,Traffic Signal,Dry,59 85011136,Not Applicable,"Other Motor Vehicle, Collision With",2,354829,36087,259,0.3,7336134.0,9989.2,886
2024,Property Damage Accident,7:21,2024-10-22,Tuesday,Y,Daylight,NEW PALTZ,OTHER,ULSTER,Curve and Level,Clear,,Dry,,Not Applicable,Deer,1,183095,36111,3565,1.2,6410502.0,3939.4,999
2024,Property Damage Accident,7:30,2024-10-22,Tuesday,Y,Daylight,ROCHESTER,OTHER,ULSTER,Curve and Level,Clear,No Passing Zone,Dry,,Not Applicable,Deer,1,183095,36111,3565,1.2,6410502.0,3939.4,999
2024,Property Damage & Injury Accident,16:49,2024-10-22,Tuesday,Y,Daylight,MOUNT PLEASANT,OTHER,WESTCHESTER,Straight and Grade,Clear,,Dry,117 87011032,Not Applicable,"Other Motor Vehicle, Collision With",4,1009165,36119,850,0.8,18110248.0,6143.2,3354
2024,Property Damage Accident,14:50,2024-10-22,Tuesday,Y,Daylight,WHITE PLAINS,LEFT TURN (3),WESTCHESTER,Straight at Hill Crest,Clear,Traffic Signal,Dry,125 87012010,Not Applicable,"Other Motor Vehicle, Collision With",2,1009165,36119,850,0.8,18110248.0,6143.2,3354
2024,Property Damage Accident,17:14,2024-10-22,Tuesday,Y,Daylight,PEEKSKILL,REAR END,WESTCHESTER,Straight and Level,Clear,Traffic Signal,Dry,,Not Applicable,"Other Motor Vehicle, Collision With",2,1009165,36119,850,0.8,18110248.0,6143.2,3354
2024,Property Damage Accident,7:45,2024-10-22,Tuesday,Y,Daylight,MOUNT KISCO,OTHER,WESTCHESTER,Straight and Level,Clear,,Dry,172 87011000,Not Applicable,"Light Support/Utility Pole, Collision With Fixed Object",1,1009165,36119,850,0.8,18110248.0,6143.2,3354
2024,Property Damage Accident,19:15,2024-10-22,Tuesday,Y,Dark-Road Lighted,MOUNT PLEASANT,OTHER,WESTCHESTER,Straight and Level,Clear,Stop Sign,Dry,,Not Applicable,"Other Motor Vehicle, Collision With",2,1009165,36119,850,0.8,18110248.0,6143.2,3354
2024,Property Damage & Injury Accident,19:03,2024-10-22,Tuesday,Y,Dark-Road Unlighted,YONKERS,LEFT TURN (3),WESTCHESTER,Straight and Level,Clear,Traffic Signal,Dry,987D87011047,Not Applicable,"Other Motor Vehicle, Collision With",2,1009165,36119,850,0.8,18110248.0,6143.2,3354
2024,Property Damage Accident,12:36,2024-10-22,Tuesday,Y,Daylight,PLEASANTVILLE,OVERTAKING,WESTCHESTER,Straight and Level,Clear,,Dry,987D87012134,Not Applicable,"Other Motor Vehicle, Collision With",2,1009165,36119,850,0.8,18110248.0,6143.2,3354
2024,Property Damage Accident,9:50,2024-10-22,Tuesday,Y,Daylight,PEEKSKILL,OVERTAKING,WESTCHESTER,Straight and Level,Clear,,Dry,9A87033001,Not Applicable,"Other Motor Vehicle, Collision With",2,1009165,36119,850,0.8,18110248.0,6143.2,3354
2024,Property Damage Accident,16:34,2024-10-22,Tuesday,Y,Daylight,PEEKSKILL,OVERTAKING,WESTCHESTER,Curve and Level,Clear,Stop Sign,Dry,,Not Applicable,"Other Motor Vehicle, Collision With",2,1009165,36119,850,0.8,18110248.0,6143.2,3354
2024,Property Damage & Injury Accident,10:09,2024-10-22,Tuesday,Y,Daylight,YONKERS,OTHER,WESTCHESTER,Straight and Level,Clear,,Dry,,Not Applicable,"Other Motor Vehicle, Collision With",3,1009165,36119,850,0.8,18110248.0,6143.2,3354
2024,Property Damage & Injury Accident,13:52,2024-10-22,Tuesday,Y,Daylight,NEW ROCHELLE,OTHER,WESTCHESTER,Straight and Level,Clear,,Dry,,Not Applicable,"Fence, Collision With Fixed Object",1,1009165,36119,850,0.8,18110248.0,6143.2,3354
2024,Property Damage Accident,15:35,2024-10-22,Tuesday,Y,Daylight,SOMERS,OTHER,WESTCHESTER,Straight and Level,Clear,,Dry,,Not Applicable,Deer,1,1009165,36119,850,0.8,18110248.0,6143.2,3354
2024,Injury Accident,15:08,2024-10-22,Tuesday,Y,Daylight,YONKERS,OTHER,WESTCHESTER,Straight and Level,Clear,School Zone,Dry,,"Crossing, No Signal or Crosswalk","Pedestrian, Collision With",1,1009165,36119,850,0.8,18110248.0,6143.2,3354
2024,Property Damage & Injury Accident,23:40,2024-10-23,Wednesday,Y,Dark-Road Lighted,POUGHKEEPSIE,OTHER,DUTCHESS,Straight and Level,Clear,No Passing Zone,Dry,,Not Applicable,"Other Motor Vehicle, Collision With",4,299256,36027,1695,0.8,5987961.0,3975.0,1300
2024,Property Damage Accident,10:02,2024-10-23,Wednesday,Y,Daylight,WAPPINGER,LEFT TURN (3),DUTCHESS,Straight and Level,Clear,Traffic Signal,Dry,,Not Applicable,"Other Motor Vehicle, Collision With",2,299256,36027,1695,0.8,5987961.0,3975.0,1300
2024,Property Damage & Injury Accident,14:45,2024-10-23,Wednesday,Y,Daylight,LA GRANGE,REAR END,DUTCHESS,Straight and Level,Clear,,Dry,,Not Applicable,"Other Motor Vehicle, Collision With",2,299256,36027,1695,0.8,5987961.0,3975.0,1300
2024,Property Damage Accident,17:34,2024-10-23,Wednesday,Y,Daylight,LA GRANGE,REAR END,DUTCHESS,Straight and Level,Clear,No Passing Zone,Dry,,Not Applicable,"Other Motor Vehicle, Collision With",2,299256,36027,1695,0.8,5987961.0,3975.0,1300
2024,Property Damage & Injury Accident,15:31,2024-10-23,Wednesday,Y,Daylight,WAPPINGER,OTHER,DUTCHESS,Straight and Grade,Clear,,Dry,9 82051065,Not Applicable,"Other Motor Vehicle, Collision With",3,299256,36027,1695,0.8,5987961.0,3975.0,1300
2024,Property Damage Accident,16:21,2024-10-23,Wednesday,Y,Daylight,WAPPINGER,RIGHT ANGLE,DUTCHESS,Straight and Level,Clear,Traffic Signal,Dry,376 82011093,Not Applicable,"Other Motor Vehicle, Collision With",2,299256,36027,1695,0.8,5987961.0,3975.0,1300
2024,Property Damage Accident,20:40,2024-10-23,Wednesday,Y,Dark-Road Unlighted,LA GRANGE,OTHER,DUTCHESS,Curve and Level,Clear,,Dry,,Not Applicable,"Other Motor Vehicle, Collision With",2,299256,36027,1695,0.8,5987961.0,3975.0,1300
2024,Property Damage Accident,19:45,2024-10-23,Wednesday,Y,Dark-Road Lighted,PORT JERVIS,REAR END,ORANGE,Straight and Level,Clear,Traffic Signal,Dry,42 83011000,Not Applicable,"Other Motor Vehicle, Collision With",2,415088,36071,4753,2.6,13857119.0,5167.5,1527
2024,Property Damage Accident,6:30,2024-10-23,Wednesday,N,Dawn,BLOOMING GROVE,Unknown,ORANGE,Curve and Grade,Clear,No Passing Zone,Dry,,Not Applicable,"Other Motor Vehicle, Collision With",2,415088,36071,4753,2.6,13857119.0,5167.5,1527
2024,Property Damage Accident,12:26,2024-10-23,Wednesday,Y,Daylight,MIDDLETOWN,OVERTAKING,ORANGE,Straight and Level,Clear,,Dry,17M83012000,Not Applicable,"Other Motor Vehicle, Collision With",2,415088,36071,4753,2.6,13857119.0,5167.5,1527
2024,Fatal Accident,22:18,2024-10-23,Wednesday,Y,Dark-Road Unlighted,WOODBURY,HEAD ON,ORANGE,Straight and Grade,Clear,Other,Dry,6 83012365,Not Applicable,"Other Motor Vehicle, Collision With",2,415088,36071,4753,2.6,13857119.0,5167.5,1527
2024,Property Damage Accident,8:02,2024-10-23,Wednesday,Y,Daylight,MIDDLETOWN,OVERTAKING,ORANGE,Straight and Level,Clear,Traffic Signal,Dry,17M83012011,Not Applicable,"Other Motor Vehicle, Collision With",2,415088,36071,4753,2.6,13857119.0,5167.5,1527
2024,Property Damage Accident,16:02,2024-10-23,Wednesday,Y,Daylight,WARWICK,SIDESWIPE,ORANGE,Straight and Level,Clear,,Dry,,Not Applicable,"Other Motor Vehicle, Collision With",2,415088,36071,4753,2.6,13857119.0,5167.5,1527
2024,Property Damage Accident,14:10,2024-10-23,Wednesday,Y,Daylight,NEWBURGH,OVERTAKING,ORANGE,Straight and Level,Clear,,Dry,300 83021081,Not Applicable,"Other Motor Vehicle, Collision With",2,415088,36071,4753,2.6,13857119.0,5167.5,1527
2024,Property Damage Accident,15:32,2024-10-23,Wednesday,Y,Daylight,WALLKILL,REAR END,ORANGE,Straight and Level,Clear,,Dry,,Not Applicable,"Other Motor Vehicle, Collision With",2,415088,36071,4753,2.6,13857119.0,5167.5,1527
2024,Property Damage Accident,18:15,2024-10-23,Wednesday,Y,Dusk,SOUTHEAST,RIGHT ANGLE,PUTNAM,Straight and Level,Clear,Yield Sign,Dry,,Not Applicable,"Other Motor Vehicle, Collision With",2,98842,36079,509,0.7,2746105.0,4089.2,375
2024,Property Damage Accident,18:56,2024-10-23,Wednesday,Y,Dark-Road Unlighted,PUTNAM VALLEY,OTHER,PUTNAM,Straight and Level,Clear,,Dry,,Not Applicable,"Other Motor Vehicle, Collision With",4,98842,36079,509,0.7,2746105.0,4089.2,375
2024,Property Damage Accident,6:50,2024-10-23,Wednesday,Y,Dawn,PATTERSON,OTHER,PUTNAM,Straight and Level,Clear,,Dry,84I84031038,Not Applicable,Deer,1,98842,36079,509,0.7,2746105.0,4089.2,375
2024,Property Damage Accident,21:10,2024-10-23,Wednesday,Y,Dark-Road Lighted,HAVERSTRAW,OVERTAKING,ROCKLAND,Straight and Level,Clear,,Dry,,Not Applicable,"Other Motor Vehicle, Collision With",2,354829,36087,259,0.3,7336134.0,9989.2,886
2024,Property Damage Accident,15:49,2024-10-23,Wednesday,Y,Daylight,ORANGETOWN,HEAD ON,ROCKLAND,Curve and Grade,Clear,Stop Sign,Dry,,Not Applicable,"Other Motor Vehicle, Collision With",2,354829,36087,259,0.3,7336134.0,9989.2,886
2024,Injury Accident,14:15,2024-10-23,Wednesday,Y,Daylight,CLARKSTOWN,OTHER,ROCKLAND,Straight and Level,Clear,Traffic Signal,Dry,,"Crossing, With Signal","Pedestrian, Collision With",1,354829,36087,259,0.3,7336134.0,9989.2,886
2024,Property Damage Accident,18:24,2024-10-23,Wednesday,Y,Dark-Road Unlighted,SHAWANGUNK,OTHER,ULSTER,Straight and Level,Clear,No Passing Zone,Dry,208 86021024,Not Applicable,"Animal, Collision With",1,183095,36111,3565,1.2,6410502.0,3939.4,999
2024,Property Damage Accident,16:03,2024-10-23,Wednesday,Y,Daylight,ULSTER,RIGHT ANGLE,ULSTER,Curve and Level,Clear,Yield Sign,Dry,28 86012006,Not Applicable,"Other Motor Vehicle, Collision With",2,183095,36111,3565,1.2,6410502.0,3939.4,999
2024,Property Damage Accident,12:53,2024-10-23,Wednesday,Y,Daylight,NEW PALTZ,RIGHT ANGLE,ULSTER,Straight and Level,Clear,Stop Sign,Dry,32 86021122,Not Applicable,"Other Motor Vehicle, Collision With",2,183095,36111,3565,1.2,6410502.0,3939.4,999
2024,Property Damage & Injury Accident,20:40,2024-10-23,Wednesday,N,Unknown,MARLBOROUGH,REAR END,ULSTER,Unknown,Unknown,Unknown,Unknown,9W86031017,Not Applicable,"Other Motor Vehicle, Collision With",2,183095,36111,3565,1.2,6410502.0,3939.4,999
2024,Property Damage Accident,14:01,2024-10-23,Wednesday,Y,Daylight,KINGSTON,RIGHT ANGLE,ULSTER,Straight and Level,Clear,Stop Sign,Dry,,Not Applicable,"Other Motor Vehicle, Collision With",2,183095,36111,3565,1.2,6410502.0,3939.4,999
2024,Property Damage Accident,9:45,2024-10-23,Wednesday,Y,Daylight,ELMSFORD,OVERTAKING,WESTCHESTER,Straight and Level,Clear,,Dry,987D87012058,Not Applicable,"Other Motor Vehicle, Collision With",2,1009165,36119,850,0.8,18110248.0,6143.2,3354
2024,Property Damage Accident,19:00,2024-10-23,Wednesday,Y,Dark-Road Lighted,BEDFORD,REAR END,WESTCHESTER,Straight and Level,Clear,Traffic Signal,Dry,117 87011125,Not Applicable,"Other Motor Vehicle, Collision With",2,1009165,36119,850,0.8,18110248.0,6143.2,3354
2024,Property Damage Accident,6:54,2024-10-23,Wednesday,Y,Dawn,CORTLANDT,OTHER,WESTCHESTER,Straight and Level,Clear,,Dry,,Not Applicable,"Animal, Collision With",1,1009165,36119,850,0.8,18110248.0,6143.2,3354
2024,Property Damage Accident,19:14,2024-10-23,Wednesday,Y,Dark-Road Unlighted,NEW ROCHELLE,OVERTAKING,WESTCHESTER,Curve at Hill Crest,Clear,,Dry,907K87012017,Not Applicable,"Other Motor Vehicle, Collision With",2,1009165,36119,850,0.8,18110248.0,6143.2,3354
2024,Property Damage Accident,15:49,2024-10-23,Wednesday,Y,Daylight,MOUNT PLEASANT,OVERTAKING,WESTCHESTER,Straight and Level,Clear,,Dry,,Not Applicable,"Other Motor Vehicle, Collision With",2,1009165,36119,850,0.8,18110248.0,6143.2,3354
2024,Property Damage Accident,12:10,2024-10-23,Wednesday,Y,Daylight,NORTH CASTLE,REAR END,WESTCHESTER,Straight and Level,Clear,,Dry,22 87024071,Not Applicable,"Other Motor Vehicle, Collision With",2,1009165,36119,850,0.8,18110248.0,6143.2,3354
2024,Property Damage Accident,18:15,2024-10-23,Wednesday,Y,Dusk,MOUNT PLEASANT,RIGHT ANGLE,WESTCHESTER,Straight and Level,Clear,Stop Sign,Dry,100 87014027,Not Applicable,"Other Motor Vehicle, Collision With",2,1009165,36119,850,0.8,18110248.0,6143.2,3354
2024,Property Damage Accident,15:07,2024-10-23,Wednesday,Y,Daylight,HARRISON,RIGHT ANGLE,WESTCHESTER,Straight and Level,Clear,,Dry,,Not Applicable,"Other Motor Vehicle, Collision With",2,1009165,36119,850,0.8,18110248.0,6143.2,3354
2024,Property Damage Accident,15:32,2024-10-23,Wednesday,Y,Daylight,WHITE PLAINS,OTHER,WESTCHESTER,Straight and Level,Clear,Traffic Signal,Dry,,Not Applicable,"Other Motor Vehicle, Collision With",3,1009165,36119,850,0.8,18110248.0,6143.2,3354
2024,Property Damage Accident,16:42,2024-10-23,Wednesday,Y,Daylight,MAMARONECK,OVERTAKING,WESTCHESTER,Straight and Level,Cloudy,,Dry,,Not Applicable,"Other Motor Vehicle, Collision With",2,1009165,36119,850,0.8,18110248.0,6143.2,3354
2024,Property Damage Accident,6:34,2024-10-23,Wednesday,Y,Dawn,CROTON ON HUDSON,REAR END,WESTCHESTER,Straight and Grade,Cloudy,,Dry,,Not Applicable,"Other Motor Vehicle, Collision With",2,1009165,36119,850,0.8,18110248.0,6143.2,3354
2024,Property Damage & Injury Accident,10:09,2024-10-24,Thursday,Y,Daylight,RED HOOK,REAR END,DUTCHESS,Straight and Level,Clear,Construction Work Area,Dry,199 82021043,Not Applicable,"Other Motor Vehicle, Collision With",2,299256,36027,1695,0.8,5987961.0,3975.0,1300
2024,Property Damage Accident,6:30,2024-10-24,Thursday,Y,Dawn,WAPPINGER,OTHER,DUTCHESS,Straight and Level,Cloudy,No Passing Zone,Wet,9D82033036,Not Applicable,Deer,1,299256,36027,1695,0.8,5987961.0,3975.0,1300
2024,Property Damage Accident,16:15,2024-10-24,Thursday,Y,Daylight,POUGHKEEPSIE,OVERTAKING,DUTCHESS,Straight and Level,Clear,,Dry,44 82021008,Not Applicable,"Other Motor Vehicle, Collision With",2,299256,36027,1695,0.8,5987961.0,3975.0,1300
2024,Property Damage Accident,18:50,2024-10-24,Thursday,N,Dark-Road Unlighted,RED HOOK,OTHER,DUTCHESS,Straight and Level,Clear,,Dry,199 82021093,Not Applicable,Deer,1,299256,36027,1695,0.8,5987961.0,3975.0,1300
2024,Property Damage Accident,17:33,2024-10-24,Thursday,Y,Daylight,FISHKILL,REAR END,DUTCHESS,Straight and Level,Clear,,Dry,82 82011002,Not Applicable,"Other Motor Vehicle, Collision With",2,299256,36027,1695,0.8,5987961.0,3975.0,1300
2024,Property Damage Accident,5:58,2024-10-24,Thursday,Y,Dawn,EAST FISHKILL,Unknown,DUTCHESS,Straight and Level,Cloudy,Traffic Signal,Wet,,Not Applicable,"Tree, Collision With Fixed Object",2,299256,36027,1695,0.8,5987961.0,3975.0,1300
2024,Property Damage Accident,22:40,2024-10-24,Thursday,Y,Dark-Road Unlighted,FISHKILL,OTHER,DUTCHESS,Curve and Level,Clear,,Dry,84I82021070,Not Applicable,"Earth Embankment/Rock Cut/Ditch, Collision With Fixed Object",1,299256,36027,1695,0.8,5987961.0,3975.0,1300
2024,Property Damage & Injury Accident,14:41,2024-10-24,Thursday,Y,Daylight,FISHKILL,RIGHT ANGLE,DUTCHESS,Straight and Level,Clear,Traffic Signal,Dry,9 82051026,Not Applicable,"Other Motor Vehicle, Collision With",2,299256,36027,1695,0.8,5987961.0,3975.0,1300