year,accident_descriptor,time,date,day_of_week,police_report,lighting_conditions,municipality,collision_type_descriptor,county_name,road_descriptor,weather_conditions,traffic_control_device,road_surface_conditions,dot_reference_marker_location,pedestrian_bicyclist_action,event_descriptor,number_of_vehicles_involved,county_population_2024,county_fips,county_deer_take_2024,county_antlerless_deer_per_sqmi_2024,county_daily_vmt_2019,county_mean_aadt_2019,county_aadt_segments_2019
2024,Property Damage Accident,12:47,2024-10-24,Thursday,Y,Daylight,RHINEBECK,RIGHT ANGLE,DUTCHESS,Straight and Level,Clear,,Dry,9 82053173,Not Applicable,"Other Motor Vehicle, Collision With",2,299256,36027,1695,0.8,5987961.0,3975.0,1300
2024,Property Damage Accident,18:07,2024-10-24,Thursday,Y,Dusk,WASHINGTON,OTHER,DUTCHESS,Curve and Level,Clear,,Dry,,Not Applicable,"Guide Rail - End, Collision With Fixed Object",1,299256,36027,1695,0.8,5987961.0,3975.0,1300
2024,Property Damage Accident,14:12,2024-10-24,Thursday,Y,Daylight,BEACON,RIGHT ANGLE,DUTCHESS,Curve and Grade,Clear,No Passing Zone,Dry,9D82032018,Not Applicable,"Other Motor Vehicle, Collision With",2,299256,36027,1695,0.8,5987961.0,3975.0,1300
2024,Property Damage Accident,10:46,2024-10-24,Thursday,Y,Daylight,WARWICK,OTHER,ORANGE,Curve and Level,Clear,,Dry,,Not Applicable,"Fence, Collision With Fixed Object",1,415088,36071,4753,2.6,13857119.0,5167.5,1527
2024,Property Damage & Injury Accident,15:02,2024-10-24,Thursday,Y,Daylight,MONTGOMERY,LEFT TURN (3),ORANGE,Straight and Level,Clear,Stop Sign,Dry,17K83011100,Not Applicable,"Other Motor Vehicle, Collision With",2,415088,36071,4753,2.6,13857119.0,5167.5,1527
2024,Property Damage Accident,6:02,2024-10-24,Thursday,Y,Dark-Road Unlighted,HIGHLANDS,OTHER,ORANGE,Straight and Level,Rain,,Wet,9W83021003,Not Applicable,Deer,1,415088,36071,4753,2.6,13857119.0,5167.5,1527
2024,Property Damage Accident,18:12,2024-10-24,Thursday,Y,Dark-Road Lighted,NEWBURGH,OVERTAKING,ORANGE,Straight and Level,Clear,,Dry,300 83021022,Not Applicable,"Other Motor Vehicle, Collision With",2,415088,36071,4753,2.6,13857119.0,5167.5,1527
2024,Property Damage Accident,11:30,2024-10-24,Thursday,Y,Daylight,GOSHEN,LEFT TURN (0),ORANGE,Curve and Level,Clear,,Dry,17M83013089,Not Applicable,"Other Motor Vehicle, Collision With",2,415088,36071,4753,2.6,13857119.0,5167.5,1527
2024,Property Damage Accident,6:10,2024-10-24,Thursday,Y,Dark-Road Lighted,NEWBURGH,OVERTAKING,ORANGE,Straight and Level,Rain,,Wet,52 83031148,Not Applicable,"Other Motor Vehicle, Collision With",2,415088,36071,4753,2.6,13857119.0,5167.5,1527
2024,Property Damage Accident,19:56,2024-10-24,Thursday,Y,Dark-Road Unlighted,WOODBURY,REAR END,ORANGE,Curve and Grade,Clear,No Passing Zone,Dry,,Not Applicable,"Other Motor Vehicle, Collision With",2,415088,36071,4753,2.6,13857119.0,5167.5,1527
2024,Injury Accident,7:13,2024-10-24,Thursday,Y,Daylight,MONTGOMERY,OTHER,ORANGE,Straight and Level,Clear,,Dry,,Riding/Walking/Skating Along Highway Against Traffic,"Bicyclist, Collision With",1,415088,36071,4753,2.6,13857119.0,5167.5,1527
2024,Property Damage Accident,18:35,2024-10-24,Thursday,Y,Dark-Road Unlighted,TUXEDO,OTHER,ORANGE,Straight and Level,Clear,,Dry,,Not Applicable,Deer,1,415088,36071,4753,2.6,13857119.0,5167.5,1527
2024,Property Damage Accident,12:00,2024-10-24,Thursday,Y,Daylight,NEWBURGH,REAR END,ORANGE,Straight and Level,Clear,,Dry,9W83023023,Not Applicable,"Other Motor Vehicle, Collision With",2,415088,36071,4753,2.6,13857119.0,5167.5,1527
2024,Property Damage Accident,6:56,2024-10-24,Thursday,Y,Daylight,WAWAYANDA,OTHER,ORANGE,Straight and Level,Clear,,Dry,284 83011081,Not Applicable,Deer,1,415088,36071,4753,2.6,13857119.0,5167.5,1527
2024,Property Damage Accident,15:28,2024-10-24,Thursday,Y,Daylight,MONTGOMERY,RIGHT ANGLE,ORANGE,Straight and Level,Clear,Stop Sign,Dry,17K83011117,Not Applicable,"Other Motor Vehicle, Collision With",2,415088,36071,4753,2.6,13857119.0,5167.5,1527
2024,Property Damage & Injury Accident,16:06,2024-10-24,Thursday,Y,Daylight,NEWBURGH,OTHER,ORANGE,Straight and Level,Clear,Traffic Signal,Dry,300 83021074,Not Applicable,"Other Motor Vehicle, Collision With",3,415088,36071,4753,2.6,13857119.0,5167.5,1527
2024,Property Damage Accident,17:15,2024-10-24,Thursday,Y,Daylight,WALLKILL,REAR END,ORANGE,Straight and Level,Clear,Traffic Signal,Dry,211 83013008,Not Applicable,"Other Motor Vehicle, Collision With",2,415088,36071,4753,2.6,13857119.0,5167.5,1527
2024,Property Damage Accident,18:10,2024-10-24,Thursday,Y,Dusk,SOUTHEAST,REAR END,PUTNAM,Straight and Level,Clear,,Dry,22 84031054,Not Applicable,"Other Motor Vehicle, Collision With",2,98842,36079,509,0.7,2746105.0,4089.2,375
2024,Property Damage Accident,6:14,2024-10-24,Thursday,Y,Dawn,SOUTHEAST,OTHER,PUTNAM,Straight and Level,Clear,,Dry,84I84031101,Not Applicable,"Other Motor Vehicle, Collision With",3,98842,36079,509,0.7,2746105.0,4089.2,375
2024,Property Damage Accident,14:52,2024-10-24,Thursday,Y,Daylight,CLARKSTOWN,REAR END,ROCKLAND,Straight and Level,Clear,,Dry,304 85011069,Not Applicable,"Other Motor Vehicle, Collision With",2,354829,36087,259,0.3,7336134.0,9989.2,886
2024,Property Damage Accident,16:54,2024-10-24,Thursday,Y,Daylight,HURLEY,REAR END,ULSTER,Straight and Level,Clear,No Passing Zone,Dry,209 86031301,Not Applicable,"Other Motor Vehicle, Collision With",2,183095,36111,3565,1.2,6410502.0,3939.4,999
2024,Property Damage Accident,10:32,2024-10-24,Thursday,Y,Daylight,KINGSTON,REAR END,ULSTER,Straight and Level,Clear,,Dry,32 86022020,Not Applicable,"Other Motor Vehicle, Collision With",2,183095,36111,3565,1.2,6410502.0,3939.4,999
2024,Property Damage Accident,7:08,2024-10-24,Thursday,Y,Dawn,ESOPUS,OTHER,ULSTER,Straight and Level,Clear,,Dry,9W86031218,Not Applicable,Deer,1,183095,36111,3565,1.2,6410502.0,3939.4,999
2024,Property Damage Accident,6:25,2024-10-24,Thursday,Y,Dawn,WAWARSING,OTHER,ULSTER,Straight and Level,Clear,,Dry,55 86021086,Not Applicable,"Animal, Collision With",1,183095,36111,3565,1.2,6410502.0,3939.4,999
2024,Property Damage Accident,7:35,2024-10-24,Thursday,Y,Daylight,SHAWANGUNK,OTHER,ULSTER,Straight and Level,Clear,,Dry,,Not Applicable,"Animal, Collision With",1,183095,36111,3565,1.2,6410502.0,3939.4,999
2024,Property Damage Accident,0:00,2024-10-24,Thursday,N,Dark-Road Unlighted,ROSENDALE,OTHER,ULSTER,Straight and Grade,Clear,,Dry,,Not Applicable,Deer,1,183095,36111,3565,1.2,6410502.0,3939.4,999
2024,Property Damage Accident,8:10,2024-10-24,Thursday,Y,Daylight,ULSTER,REAR END,ULSTER,Straight and Level,Clear,Traffic Signal,Dry,32 86023009,Not Applicable,"Other Motor Vehicle, Collision With",2,183095,36111,3565,1.2,6410502.0,3939.4,999
2024,Property Damage Accident,10:56,2024-10-24,Thursday,Y,Daylight,MOUNT PLEASANT,OVERTAKING,WESTCHESTER,Curve and Grade,Clear,,Dry,,Not Applicable,"Other Motor Vehicle, Collision With",2,1009165,36119,850,0.8,18110248.0,6143.2,3354
2024,Injury Accident,18:32,2024-10-24,Thursday,Y,Daylight,PELHAM MANOR,OTHER,WESTCHESTER,Straight and Level,Clear,,Dry,,Not Applicable,"Tree, Collision With Fixed Object",1,1009165,36119,850,0.8,18110248.0,6143.2,3354
2024,Property Damage & Injury Accident,12:58,2024-10-24,Thursday,Y,Daylight,NEW ROCHELLE,SIDESWIPE,WESTCHESTER,Straight and Level,Clear,,Dry,,Not Applicable,"Other Motor Vehicle, Collision With",2,1009165,36119,850,0.8,18110248.0,6143.2,3354
2024,Property Damage Accident,18:07,2024-10-24,Thursday,Y,Dusk,EASTCHESTER,OTHER,WESTCHESTER,Straight and Level,Clear,,Dry,,Not Applicable,Deer,1,1009165,36119,850,0.8,18110248.0,6143.2,3354
2024,Property Damage Accident,19:26,2024-10-24,Thursday,Y,Dark-Road Lighted,MOUNT VERNON,OVERTAKING,WESTCHESTER,Curve and Level,Clear,Yield Sign,Dry,,Not Applicable,"Other Motor Vehicle, Collision With",2,1009165,36119,850,0.8,18110248.0,6143.2,3354
2024,Property Damage Accident,10:37,2024-10-24,Thursday,N,Unknown,YONKERS,OVERTAKING,WESTCHESTER,Unknown,Unknown,Unknown,Unknown,,Not Applicable,"Other Motor Vehicle, Collision With",2,1009165,36119,850,0.8,18110248.0,6143.2,3354
2024,Property Damage & Injury Accident,13:57,2024-10-24,Thursday,Y,Daylight,YONKERS,OTHER,WESTCHESTER,Straight and Level,Clear,,Dry,983B87011012,Not in Roadway (Indicate),"Other Motor Vehicle, Collision With",3,1009165,36119,850,0.8,18110248.0,6143.2,3354
2024,Property Damage Accident,1:18,2024-10-24,Thursday,Y,Dark-Road Lighted,CORTLANDT,RIGHT ANGLE,WESTCHESTER,Straight and Grade,Clear,,Dry,6 87033010,Not Applicable,"Other Motor Vehicle, Collision With",2,1009165,36119,850,0.8,18110248.0,6143.2,3354
2024,Property Damage Accident,7:05,2024-10-24,Thursday,Y,Dawn,CORTLANDT,OTHER,WESTCHESTER,Curve and Level,Cloudy,,Wet,9 87034012,Not Applicable,Deer,2,1009165,36119,850,0.8,18110248.0,6143.2,3354
2024,Property Damage Accident,19:01,2024-10-24,Thursday,Y,Dusk,MOUNT VERNON,REAR END,WESTCHESTER,Straight and Grade,Clear,,Dry,,Not Applicable,"Other Motor Vehicle, Collision With",2,1009165,36119,850,0.8,18110248.0,6143.2,3354
2024,Property Damage Accident,14:19,2024-10-24,Thursday,Y,Daylight,NEW ROCHELLE,OVERTAKING,WESTCHESTER,Straight and Level,Clear,Traffic Signal,Dry,981V87011000,Not Applicable,"Other Motor Vehicle, Collision With",2,1009165,36119,850,0.8,18110248.0,6143.2,3354
2024,Property Damage Accident,15:41,2024-10-25,Friday,Y,Daylight,MILLBROOK,LEFT TURN (3),DUTCHESS,Curve and Level,Clear,No Passing Zone,Dry,44 82022141,Not Applicable,"Other Motor Vehicle, Collision With",2,299256,36027,1695,0.8,5987961.0,3975.0,1300
2024,Property Damage Accident,7:43,2024-10-25,Friday,Y,Dawn,EAST FISHKILL,OTHER,DUTCHESS,Straight and Level,Clear,No Passing Zone,Dry,52 82042185,Not Applicable,Deer,1,299256,36027,1695,0.8,5987961.0,3975.0,1300
2024,Property Damage Accident,12:49,2024-10-25,Friday,Y,Daylight,BEEKMAN,OTHER,DUTCHESS,Straight and Level,Clear,,Dry,,Not Applicable,"Earth Embankment/Rock Cut/Ditch, Collision With Fixed Object",1,299256,36027,1695,0.8,5987961.0,3975.0,1300
2024,Property Damage Accident,13:28,2024-10-25,Friday,Y,Daylight,LA GRANGE,REAR END,DUTCHESS,Straight at Hill Crest,Clear,No Passing Zone,Dry,,Not Applicable,"Other Motor Vehicle, Collision With",2,299256,36027,1695,0.8,5987961.0,3975.0,1300
2024,Property Damage Accident,13:55,2024-10-25,Friday,Y,Daylight,WARWICK,SIDESWIPE,ORANGE,Curve and Level,Clear,,Dry,,Not Applicable,"Other Motor Vehicle, Collision With",2,415088,36071,4753,2.6,13857119.0,5167.5,1527
2024,Property Damage Accident,12:37,2024-10-25,Friday,Y,Daylight,NEWBURGH,RIGHT ANGLE,ORANGE,Straight and Level,Clear,Stop Sign,Dry,,Not Applicable,"Other Motor Vehicle, Collision With",2,415088,36071,4753,2.6,13857119.0,5167.5,1527
2024,Property Damage Accident,4:55,2024-10-25,Friday,Y,Dark-Road Unlighted,NEWBURGH,OTHER,ORANGE,Straight and Level,Clear,,Dry,84I83012001,Not Applicable,Deer,1,415088,36071,4753,2.6,13857119.0,5167.5,1527
2024,Property Damage Accident,12:10,2024-10-25,Friday,Y,Dark-Road Unlighted,NEWBURGH,OVERTAKING,ORANGE,Straight and Level,Clear,,Dry,84I83011361,Not Applicable,"Other Motor Vehicle, Collision With",2,415088,36071,4753,2.6,13857119.0,5167.5,1527
2024,Property Damage Accident,13:45,2024-10-25,Friday,Y,Daylight,WAWAYANDA,LEFT TURN (3),ORANGE,Straight and Grade,Clear,Traffic Signal,Dry,,Not Applicable,"Other Motor Vehicle, Collision With",2,415088,36071,4753,2.6,13857119.0,5167.5,1527
2024,Property Damage Accident,12:30,2024-10-25,Friday,Y,Daylight,GOSHEN,OTHER,ORANGE,Curve and Level,Clear,No Passing Zone,Dry,,Not Applicable,"Other Fixed Object*, Collision With Fixed Object",1,415088,36071,4753,2.6,13857119.0,5167.5,1527
2024,Property Damage Accident,15:25,2024-10-25,Friday,Y,Daylight,WALLKILL,OVERTAKING,ORANGE,Straight and Level,Clear,Traffic Signal,Dry,302 83011022,Not Applicable,"Other Motor Vehicle, Collision With",2,415088,36071,4753,2.6,13857119.0,5167.5,1527
2024,Property Damage Accident,13:17,2024-10-25,Friday,Y,Daylight,WOODBURY,OTHER,ORANGE,Curve and Level,Clear,Yield Sign,Dry,987E83021073,Not Applicable,"Other Motor Vehicle, Collision With",2,415088,36071,4753,2.6,13857119.0,5167.5,1527
2024,Property Damage Accident,18:47,2024-10-25,Friday,Y,Dark-Road Unlighted,HAMPTONBURGH,OTHER,ORANGE,Straight and Level,Clear,No Passing Zone,Dry,207 83011057,Not Applicable,Deer,2,415088,36071,4753,2.6,13857119.0,5167.5,1527
2024,Property Damage Accident,2:35,2024-10-25,Friday,Y,Dark-Road Lighted,DEERPARK,OTHER,ORANGE,Straight and Level,Clear,No Passing Zone,Dry,97 83012020,Not Applicable,Deer,1,415088,36071,4753,2.6,13857119.0,5167.5,1527
2024,Property Damage Accident,8:20,2024-10-25,Friday,Y,Daylight,KENT,OVERTAKING,PUTNAM,Straight and Grade,Clear,,Dry,52 84051008,Not Applicable,"Other Motor Vehicle, Collision With",2,98842,36079,509,0.7,2746105.0,4089.2,375
2024,Property Damage & Injury Accident,19:41,2024-10-25,Friday,Y,Dark-Road Lighted,CARMEL,RIGHT ANGLE,PUTNAM,Straight and Grade,Clear,No Passing Zone,Dry,6 84041008,Not Applicable,"Other Motor Vehicle, Collision With",2,98842,36079,509,0.7,2746105.0,4089.2,375
2024,Property Damage & Injury Accident,14:37,2024-10-25,Friday,Y,Daylight,PHILLIPSTOWN,SIDESWIPE,PUTNAM,Straight and Level,Clear,No Passing Zone,Dry,9 84041112,Not Applicable,"Other Motor Vehicle, Collision With",2,98842,36079,509,0.7,2746105.0,4089.2,375
2024,Property Damage Accident,5:11,2024-10-25,Friday,N,Dark-Road Unlighted,PUTNAM VALLEY,OTHER,PUTNAM,Straight and Level,Clear,,Dry,,Not Applicable,Deer,1,98842,36079,509,0.7,2746105.0,4089.2,375
2024,Property Damage Accident,13:58,2024-10-25,Friday,Y,Daylight,KENT,REAR END,PUTNAM,Straight and Grade,Clear,Traffic Signal,Dry,52 84051015,Not Applicable,"Other Motor Vehicle, Collision With",2,98842,36079,509,0.7,2746105.0,4089.2,375
2024,Property Damage Accident,18:32,2024-10-25,Friday,Y,Dark-Road Unlighted,ORANGETOWN,OTHER,ROCKLAND,Straight and Grade,Clear,,Dry,987C85011007,Not Applicable,"Tree, Collision With Fixed Object",1,354829,36087,259,0.3,7336134.0,9989.2,886
2024,Property Damage Accident,6:30,2024-10-25,Friday,Y,Dark-Road Unlighted,CLARKSTOWN,OTHER,ROCKLAND,Straight and Level,Clear,,Dry,987C85011090,Not Applicable,Deer,1,354829,36087,259,0.3,7336134.0,9989.2,886
2024,Property Damage Accident,7:10,2024-10-25,Friday,Y,Dawn,STONY POINT,OTHER,ROCKLAND,Curve and Level,Clear,No Passing Zone,Dry,,Not Applicable,Deer,1,354829,36087,259,0.3,7336134.0,9989.2,886
2024,Property Damage Accident,12:27,2024-10-25,Friday,Y,Daylight,STONY POINT,RIGHT ANGLE,ROCKLAND,Straight and Grade,Clear,Stop Sign,Dry,,Not Applicable,"Other Motor Vehicle, Collision With",2,354829,36087,259,0.3,7336134.0,9989.2,886
2024,Property Damage Accident,15:14,2024-10-25,Friday,Y,Daylight,STONY POINT,OVERTAKING,ROCKLAND,Straight and Level,Clear,Traffic Signal,Dry,9W85011183,Not Applicable,"Other Motor Vehicle, Collision With",2,354829,36087,259,0.3,7336134.0,9989.2,886
2024,Property Damage Accident,7:45,2024-10-25,Friday,Y,Daylight,WEST HAVERSTRAW,OTHER,ROCKLAND,Straight and Level,Clear,,Dry,,Not Applicable,"Animal, Collision With",1,354829,36087,259,0.3,7336134.0,9989.2,886
2024,Property Damage Accident,18:40,2024-10-25,Friday,Y,Dark-Road Unlighted,WAWARSING,OTHER,ULSTER,Straight and Level,Cloudy,No Passing Zone,Dry,52 86021075,Not Applicable,Deer,1,183095,36111,3565,1.2,6410502.0,3939.4,999
2024,Property Damage Accident,21:00,2024-10-25,Friday,Y,Dark-Road Lighted,KINGSTON,OTHER,ULSTER,Straight and Level,Clear,,Dry,,Not Applicable,"Other Motor Vehicle, Collision With",3,183095,36111,3565,1.2,6410502.0,3939.4,999
2024,Property Damage Accident,15:44,2024-10-25,Friday,Y,Daylight,NEW PALTZ,RIGHT ANGLE,ULSTER,Straight and Level,Clear,Stop Sign,Dry,,Not Applicable,"Other Motor Vehicle, Collision With",2,183095,36111,3565,1.2,6410502.0,3939.4,999
2024,Property Damage Accident,18:37,2024-10-25,Friday,Y,Dark-Road Unlighted,OLIVE,OTHER,ULSTER,Straight and Level,Clear,,Dry,28A86011043,Not Applicable,Deer,1,183095,36111,3565,1.2,6410502.0,3939.4,999
2024,Property Damage Accident,17:55,2024-10-25,Friday,Y,Dusk,ROSENDALE,OTHER,ULSTER,Straight and Level,Clear,No Passing Zone,Dry,32 86021220,Not Applicable,Deer,1,183095,36111,3565,1.2,6410502.0,3939.4,999
2024,Property Damage Accident,7:40,2024-10-25,Friday,Y,Daylight,LEWISBORO,LEFT TURN (3),WESTCHESTER,Straight and Level,Clear,,Dry,124 87011049,Not Applicable,"Other Motor Vehicle, Collision With",2,1009165,36119,850,0.8,18110248.0,6143.2,3354
2024,Property Damage Accident,16:45,2024-10-25,Friday,Y,Daylight,PORT CHESTER,Unknown,WESTCHESTER,Straight and Grade,Clear,,Dry,,Not Applicable,"Other Motor Vehicle, Collision With",2,1009165,36119,850,0.8,18110248.0,6143.2,3354
2024,Property Damage Accident,8:39,2024-10-25,Friday,Y,Daylight,SOMERS,LEFT TURN (3),WESTCHESTER,Straight and Level,Clear,No Passing Zone,Dry,100 87014245,Not Applicable,"Other Motor Vehicle, Collision With",2,1009165,36119,850,0.8,18110248.0,6143.2,3354
2024,Property Damage Accident,19:47,2024-10-25,Friday,Y,Dark-Road Unlighted,YONKERS,REAR END,WESTCHESTER,Curve and Grade,Clear,,Dry,987D87011019,Not Applicable,"Other Motor Vehicle, Collision With",2,1009165,36119,850,0.8,18110248.0,6143.2,3354
2024,Property Damage Accident,9:34,2024-10-25,Friday,Y,Daylight,YONKERS,REAR END,WESTCHESTER,Curve and Grade,Clear,Other,Dry,987D87011029,Not Applicable,"Other Motor Vehicle, Collision With",2,1009165,36119,850,0.8,18110248.0,6143.2,3354
2024,Property Damage Accident,17:05,2024-10-25,Friday,Y,Daylight,HARRISON,RIGHT ANGLE,WESTCHESTER,Straight and Grade,Clear,Stop Sign,Dry,,Not Applicable,"Other Motor Vehicle, Collision With",2,1009165,36119,850,0.8,18110248.0,6143.2,3354
2024,Property Damage Accident,8:00,2024-10-25,Friday,N,Daylight,ARDSLEY,OTHER,WESTCHESTER,Curve and Level,Clear,,Dry,987D87012045,Not Applicable,"Median - Not At End, Collision With Fixed Object",1,1009165,36119,850,0.8,18110248.0,6143.2,3354
2024,Property Damage Accident,10:55,2024-10-25,Friday,Y,Daylight,WHITE PLAINS,OVERTAKING,WESTCHESTER,Straight and Level,Clear,Traffic Signal,Dry,,Not Applicable,"Other Motor Vehicle, Collision With",2,1009165,36119,850,0.8,18110248.0,6143.2,3354
2024,Property Damage & Injury Accident,19:06,2024-10-25,Friday,Y,Dark-Road Lighted,YONKERS,LEFT TURN (3),WESTCHESTER,Straight at Hill Crest,Clear,Traffic Signal,Dry,,Not Applicable,"Other Motor Vehicle, Collision With",2,1009165,36119,850,0.8,18110248.0,6143.2,3354
2024,Property Damage Accident,18:00,2024-10-25,Friday,Y,Dusk,WHITE PLAINS,LEFT TURN (3),WESTCHESTER,Straight and Grade,Clear,,Dry,,Not Applicable,"Other Motor Vehicle, Collision With",2,1009165,36119,850,0.8,18110248.0,6143.2,3354
2024,Property Damage & Injury Accident,18:55,2024-10-25,Friday,Y,Dark-Road Lighted,YONKERS,REAR END,WESTCHESTER,Straight and Level,Clear,,Dry,,Not Applicable,"Other Motor Vehicle, Collision With",2,1009165,36119,850,0.8,18110248.0,6143.2,3354
2024,Property Damage Accident,18:20,2024-10-25,Friday,Y,Dark-Road Lighted,WHITE PLAINS,HEAD ON,WESTCHESTER,Straight and Level,Clear,,Dry,,Not Applicable,"Other Motor Vehicle, Collision With",2,1009165,36119,850,0.8,18110248.0,6143.2,3354
2024,Property Damage Accident,20:00,2024-10-26,Saturday,Y,Dark-Road Lighted,DOVER,OVERTAKING,DUTCHESS,Straight and Level,Clear,,Dry,22 82041154,Not Applicable,"Other Motor Vehicle, Collision With",2,299256,36027,1695,0.8,5987961.0,3975.0,1300
2024,Property Damage Accident,18:15,2024-10-26,Saturday,Y,Dark-Road Unlighted,RED HOOK,OTHER,DUTCHESS,Straight and Level,Clear,,Dry,9G82013230,Not Applicable,Deer,1,299256,36027,1695,0.8,5987961.0,3975.0,1300
2024,Property Damage Accident,19:23,2024-10-26,Saturday,Y,Dark-Road Lighted,HYDE PARK,SIDESWIPE,DUTCHESS,Straight and Level,Clear,Traffic Signal,Dry,9G82013081,Not Applicable,"Other Motor Vehicle, Collision With",2,299256,36027,1695,0.8,5987961.0,3975.0,1300
2024,Property Damage & Injury Accident,5:09,2024-10-26,Saturday,Y,Dark-Road Unlighted,EAST FISHKILL,OTHER,DUTCHESS,Straight and Level,Cloudy,,Dry,84I82021101,Not Applicable,"Earth Embankment/Rock Cut/Ditch, Collision With Fixed Object",1,299256,36027,1695,0.8,5987961.0,3975.0,1300
2024,Property Damage Accident,13:10,2024-10-26,Saturday,Y,Daylight,BEACON,RIGHT ANGLE,DUTCHESS,Straight and Level,Clear,Stop Sign,Dry,,Not Applicable,"Other Motor Vehicle, Collision With",2,299256,36027,1695,0.8,5987961.0,3975.0,1300
2024,Property Damage Accident,1:02,2024-10-26,Saturday,Y,Dark-Road Unlighted,GOSHEN,OTHER,ORANGE,Straight and Level,Clear,,Dry,,Not Applicable,Deer,1,415088,36071,4753,2.6,13857119.0,5167.5,1527
2024,Property Damage Accident,21:29,2024-10-26,Saturday,Y,Dark-Road Unlighted,GOSHEN,OTHER,ORANGE,Curve and Level,Clear,No Passing Zone,Dry,94 83011121,Not Applicable,Deer,1,415088,36071,4753,2.6,13857119.0,5167.5,1527
2024,Injury Accident,12:04,2024-10-26,Saturday,Y,Daylight,HIGHLANDS,REAR END,ORANGE,Straight and Level,Clear,Yield Sign,Dry,9W83021001,Not Applicable,"Other Motor Vehicle, Collision With",2,415088,36071,4753,2.6,13857119.0,5167.5,1527
2024,Property Damage Accident,8:43,2024-10-26,Saturday,Y,Daylight,WARWICK,OTHER,ORANGE,Straight and Grade,Clear,No Passing Zone,Dry,94 83011034,Not Applicable,Deer,1,415088,36071,4753,2.6,13857119.0,5167.5,1527
2024,Property Damage & Injury Accident,9:12,2024-10-26,Saturday,Y,Daylight,NEWBURGH,RIGHT ANGLE,ORANGE,Straight and Grade,Clear,Traffic Signal,Dry,9W83022009,Not Applicable,"Other Motor Vehicle, Collision With",2,415088,36071,4753,2.6,13857119.0,5167.5,1527
2024,Property Damage Accident,15:25,2024-10-26,Saturday,Y,Daylight,MONTGOMERY,RIGHT ANGLE,ORANGE,Straight and Level,Clear,,Dry,,Not Applicable,"Other Motor Vehicle, Collision With",2,415088,36071,4753,2.6,13857119.0,5167.5,1527
2024,Property Damage Accident,1:09,2024-10-26,Saturday,Y,Dark-Road Lighted,RAMAPO,OTHER,ROCKLAND,Straight and Level,Clear,,Dry,,Not Applicable,"Tree, Collision With Fixed Object",1,354829,36087,259,0.3,7336134.0,9989.2,886
2024,Property Damage Accident,15:51,2024-10-26,Saturday,Y,Daylight,SOUTH NYACK,OTHER,ROCKLAND,Straight and Level,Clear,,Dry,9W85011059,Not Applicable,Deer,1,354829,36087,259,0.3,7336134.0,9989.2,886
2024,Property Damage Accident,23:24,2024-10-26,Saturday,Y,Dark-Road Lighted,CLARKSTOWN,OTHER,ROCKLAND,Straight and Level,Clear,Traffic Signal,Dry,,Not Applicable,"Other Motor Vehicle, Collision With",2,354829,36087,259,0.3,7336134.0,9989.2,886
2024,Property Damage Accident,18:45,2024-10-26,Saturday,Y,Dark-Road Unlighted,RAMAPO,REAR END,ROCKLAND,Straight and Level,Clear,,Dry,17 85111040,Not Applicable,"Other Motor Vehicle, Collision With",2,354829,36087,259,0.3,7336134.0,9989.2,886
2024,Property Damage Accident,0:50,2024-10-26,Saturday,Y,Dark-Road Lighted,RAMAPO,RIGHT TURN (6),ROCKLAND,Straight and Level,Clear,,Dry,,Not Applicable,"Other Motor Vehicle, Collision With",2,354829,36087,259,0.3,7336134.0,9989.2,886
2024,Property Damage Accident,22:15,2024-10-26,Saturday,Y,Dark-Road Lighted,SPRING VALLEY,OTHER,ROCKLAND,Straight and Level,Clear,,Dry,,Not Applicable,"Building/Wall, Collision With Fixed Object",1,354829,36087,259,0.3,7336134.0,9989.2,886
2024,Property Damage Accident,11:28,2024-10-26,Saturday,Y,Daylight,LLOYD,REAR END,ULSTER,Straight and Level,Clear,,Dry,9W86031079,Not Applicable,"Other Motor Vehicle, Collision With",2,183095,36111,3565,1.2,6410502.0,3939.4,999
2024,Property Damage Accident,0:00,2024-10-26,Saturday,N,Unknown,NEW PALTZ,OVERTAKING,ULSTER,Unknown,Unknown,Unknown,Unknown,,Not Applicable,"Other Motor Vehicle, Collision With",2,183095,36111,3565,1.2,6410502.0,3939.4,999
2024,Property Damage Accident,9:10,2024-10-26,Saturday,Y,Daylight,NEW PALTZ,RIGHT ANGLE,ULSTER,Straight and Level,Clear,,Dry,208 86021113,Not Applicable,"Other Motor Vehicle, Collision With",2,183095,36111,3565,1.2,6410502.0,3939.4,999
2024,Property Damage Accident,10:13,2024-10-26,Saturday,Y,Daylight,NEW PALTZ,REAR END,ULSTER,Straight and Level,Cloudy,,Dry,,Not Applicable,"Other Motor Vehicle, Collision With",2,183095,36111,3565,1.2,6410502.0,3939.4,999
2024,Property Damage Accident,14:56,2024-10-26,Saturday,Y,Daylight,KINGSTON,RIGHT ANGLE,ULSTER,Straight and Level,Clear,Yield Sign,Dry,983G86011001,Not Applicable,"Other Motor Vehicle, Collision With",2,183095,36111,3565,1.2,6410502.0,3939.4,999
2024,Property Damage Accident,14:00,2024-10-26,Saturday,Y,Daylight,YONKERS,REAR END,WESTCHESTER,Straight and Level,Clear,,Dry,,Not Applicable,"Other Motor Vehicle, Collision With",2,1009165,36119,850,0.8,18110248.0,6143.2,3354
2024,Property Damage Accident,13:55,2024-10-26,Saturday,Y,Daylight,DOBBS FERRY,RIGHT TURN (6),WESTCHESTER,Straight and Grade,Clear,Stop Sign,Dry,,Not Applicable,"Other Motor Vehicle, Collision With",2,1009165,36119,850,0.8,18110248.0,6143.2,3354