year,accident_descriptor,time,date,day_of_week,police_report,lighting_conditions,municipality,collision_type_descriptor,county_name,road_descriptor,weather_conditions,traffic_control_device,road_surface_conditions,dot_reference_marker_location,pedestrian_bicyclist_action,event_descriptor,number_of_vehicles_involved,county_population_2024,county_fips,county_deer_take_2024,county_antlerless_deer_per_sqmi_2024,county_daily_vmt_2019,county_mean_aadt_2019,county_aadt_segments_2019
2024,Property Damage Accident,22:57,2024-10-26,Saturday,Y,Dark-Road Lighted,PELHAM,OVERTAKING,WESTCHESTER,Straight at Hill Crest,Clear,,Dry,,Not Applicable,"Other Motor Vehicle, Collision With",2,1009165,36119,850,0.8,18110248.0,6143.2,3354
2024,Property Damage Accident,13:28,2024-10-26,Saturday,Y,Daylight,PORT CHESTER,LEFT TURN (3),WESTCHESTER,Straight and Level,Clear,,Dry,1 87035004,Not Applicable,"Other Motor Vehicle, Collision With",2,1009165,36119,850,0.8,18110248.0,6143.2,3354
2024,Property Damage Accident,8:29,2024-10-26,Saturday,Y,Daylight,NORTH CASTLE,OTHER,WESTCHESTER,Straight and Grade,Clear,,Dry,684I87011086,Not Applicable,Deer,1,1009165,36119,850,0.8,18110248.0,6143.2,3354
2024,Property Damage Accident,15:08,2024-10-26,Saturday,Y,Daylight,RYE,SIDESWIPE,WESTCHESTER,Straight and Level,Clear,,Dry,,Not Applicable,"Other Motor Vehicle, Collision With",2,1009165,36119,850,0.8,18110248.0,6143.2,3354
2024,Injury Accident,6:00,2024-10-26,Saturday,N,Unknown,YONKERS,REAR END,WESTCHESTER,Unknown,Unknown,Unknown,Unknown,,Not Applicable,"Other Motor Vehicle, Collision With",2,1009165,36119,850,0.8,18110248.0,6143.2,3354
2024,Property Damage Accident,17:00,2024-10-26,Saturday,Y,Daylight,GREENBURGH,REAR END,WESTCHESTER,Straight and Grade,Clear,,Dry,100 87012019,Not Applicable,"Other Motor Vehicle, Collision With",2,1009165,36119,850,0.8,18110248.0,6143.2,3354
2024,Property Damage Accident,14:35,2024-10-26,Saturday,Y,Daylight,YONKERS,OTHER,WESTCHESTER,Curve and Level,Clear,,Dry,,Not Applicable,"Sign Post, Collision With Fixed Object",1,1009165,36119,850,0.8,18110248.0,6143.2,3354
2024,Property Damage Accident,19:37,2024-10-26,Saturday,Y,Dark-Road Unlighted,MOUNT PLEASANT,OTHER,WESTCHESTER,Straight and Level,Clear,,Dry,987G87011018,Not Applicable,"Animal, Collision With",1,1009165,36119,850,0.8,18110248.0,6143.2,3354
2024,Property Damage Accident,16:40,2024-10-26,Saturday,Y,Daylight,WHITE PLAINS,OTHER,WESTCHESTER,Straight and Level,Clear,Traffic Signal,Dry,,"Crossing, No Signal or Crosswalk","Bicyclist, Collision With",1,1009165,36119,850,0.8,18110248.0,6143.2,3354
2024,Property Damage Accident,11:00,2024-10-26,Saturday,Y,Daylight,PELHAM MANOR,REAR END,WESTCHESTER,Straight and Level,Clear,Traffic Signal,Dry,1 87031001,Not Applicable,"Other Motor Vehicle, Collision With",2,1009165,36119,850,0.8,18110248.0,6143.2,3354
2024,Property Damage Accident,7:25,2024-10-26,Saturday,Y,Daylight,YORKTOWN,OTHER,WESTCHESTER,Straight and Level,Clear,,Dry,,Not Applicable,"Building/Wall, Collision With Fixed Object",1,1009165,36119,850,0.8,18110248.0,6143.2,3354
2024,Property Damage Accident,0:35,2024-10-26,Saturday,Y,Dark-Road Unlighted,WHITE PLAINS,OTHER,WESTCHESTER,Straight and Level,Clear,,Dry,,Not Applicable,"Other Object (Not Fixed)*, Collision With",1,1009165,36119,850,0.8,18110248.0,6143.2,3354
2024,Property Damage Accident,13:43,2024-10-26,Saturday,Y,Daylight,WHITE PLAINS,SIDESWIPE,WESTCHESTER,Straight and Level,Clear,Traffic Signal,Dry,,Not Applicable,"Other Motor Vehicle, Collision With",2,1009165,36119,850,0.8,18110248.0,6143.2,3354
2024,Property Damage Accident,9:16,2024-10-26,Saturday,Y,Daylight,YONKERS,LEFT TURN (3),WESTCHESTER,Straight and Level,Clear,Traffic Signal,Dry,983B87011006,Not Applicable,"Other Motor Vehicle, Collision With",2,1009165,36119,850,0.8,18110248.0,6143.2,3354
2024,Property Damage Accident,17:15,2024-10-26,Saturday,Y,Daylight,GREENBURGH,REAR END,WESTCHESTER,Straight and Level,Clear,Traffic Signal,Dry,100A87011000,Not Applicable,"Other Motor Vehicle, Collision With",2,1009165,36119,850,0.8,18110248.0,6143.2,3354
2024,Property Damage Accident,12:30,2024-10-26,Saturday,N,Unknown,WHITE PLAINS,REAR END,WESTCHESTER,Unknown,Unknown,Unknown,Unknown,,Not Applicable,"Other Motor Vehicle, Collision With",2,1009165,36119,850,0.8,18110248.0,6143.2,3354
2024,Property Damage & Injury Accident,11:23,2024-10-26,Saturday,Y,Daylight,CROTON ON HUDSON,OVERTAKING,WESTCHESTER,Curve at Hill Crest,Clear,,Dry,9 87032166,Not Applicable,"Other Motor Vehicle, Collision With",2,1009165,36119,850,0.8,18110248.0,6143.2,3354
2024,Property Damage & Injury Accident,11:03,2024-10-26,Saturday,Y,Daylight,BEDFORD,OTHER,WESTCHESTER,Straight and Level,Clear,Stop Sign,Dry,121 87011017,Riding/Walking/Skating Along Highway With Traffic,"Bicyclist, Collision With",1,1009165,36119,850,0.8,18110248.0,6143.2,3354
2024,Property Damage & Injury Accident,12:18,2024-10-27,Sunday,Y,Daylight,RHINEBECK,HEAD ON,DUTCHESS,Straight and Level,Clear,Traffic Signal,Dry,199 82021020,Not Applicable,"Other Motor Vehicle, Collision With",2,299256,36027,1695,0.8,5987961.0,3975.0,1300
2024,Property Damage Accident,11:45,2024-10-27,Sunday,N,Daylight,POUGHKEEPSIE,REAR END,DUTCHESS,Straight and Level,Clear,Traffic Signal,Dry,,Not Applicable,"Other Motor Vehicle, Collision With",2,299256,36027,1695,0.8,5987961.0,3975.0,1300
2024,Property Damage & Injury Accident,7:49,2024-10-27,Sunday,Y,Daylight,FISHKILL,OTHER,DUTCHESS,Straight and Level,Clear,Traffic Signal,Dry,,Not Applicable,"Other Motor Vehicle, Collision With",4,299256,36027,1695,0.8,5987961.0,3975.0,1300
2024,Property Damage Accident,13:05,2024-10-27,Sunday,Y,Daylight,WALLKILL,RIGHT ANGLE,ORANGE,Straight and Grade,Clear,Stop Sign,Dry,17K83011006,Not Applicable,"Other Motor Vehicle, Collision With",2,415088,36071,4753,2.6,13857119.0,5167.5,1527
2024,Property Damage Accident,4:07,2024-10-27,Sunday,Y,Dark-Road Lighted,NEWBURGH,REAR END,ORANGE,Straight and Grade,Clear,,Dry,980P83012014,Not Applicable,"Other Motor Vehicle, Collision With",2,415088,36071,4753,2.6,13857119.0,5167.5,1527
2024,Property Damage Accident,6:54,2024-10-27,Sunday,Y,Dawn,WARWICK,RIGHT ANGLE,ORANGE,Straight at Hill Crest,Clear,Flashing Light,Dry,,Not Applicable,"Other Motor Vehicle, Collision With",2,415088,36071,4753,2.6,13857119.0,5167.5,1527
2024,Property Damage Accident,18:00,2024-10-27,Sunday,Y,Dusk,KIRYAS JOEL,SIDESWIPE,ORANGE,Straight and Level,Clear,,Dry,,Not Applicable,"Other Motor Vehicle, Collision With",2,415088,36071,4753,2.6,13857119.0,5167.5,1527
2024,Property Damage Accident,19:20,2024-10-27,Sunday,Y,Dark-Road Unlighted,BLOOMING GROVE,OTHER,ORANGE,Curve at Hill Crest,Clear,No Passing Zone,Dry,,Not Applicable,"Earth Embankment/Rock Cut/Ditch, Collision With Fixed Object",1,415088,36071,4753,2.6,13857119.0,5167.5,1527
2024,Property Damage Accident,0:50,2024-10-27,Sunday,Y,Dark-Road Lighted,MIDDLETOWN,OVERTAKING,ORANGE,Straight and Level,Clear,Stop Sign,Dry,,Not Applicable,"Other Motor Vehicle, Collision With",2,415088,36071,4753,2.6,13857119.0,5167.5,1527
2024,Property Damage Accident,18:31,2024-10-27,Sunday,Y,Dark-Road Unlighted,CARMEL,OTHER,PUTNAM,Curve and Grade,Clear,No Passing Zone,Dry,,Not Applicable,Deer,1,98842,36079,509,0.7,2746105.0,4089.2,375
2024,Property Damage Accident,9:14,2024-10-27,Sunday,Y,Daylight,CARMEL,LEFT TURN (0),PUTNAM,Straight and Level,Cloudy,No Passing Zone,Dry,301 84011188,Not Applicable,"Other Motor Vehicle, Collision With",2,98842,36079,509,0.7,2746105.0,4089.2,375
2024,Property Damage & Injury Accident,23:15,2024-10-27,Sunday,Y,Dark-Road Lighted,RAMAPO,RIGHT ANGLE,ROCKLAND,Straight and Level,Clear,Traffic Signal,Dry,,Not Applicable,"Other Motor Vehicle, Collision With",2,354829,36087,259,0.3,7336134.0,9989.2,886
2024,Property Damage Accident,16:45,2024-10-27,Sunday,Y,Daylight,HAVERSTRAW,OTHER,ROCKLAND,Straight and Level,Clear,,Dry,,Not Applicable,"Other Fixed Object*, Collision With Fixed Object",1,354829,36087,259,0.3,7336134.0,9989.2,886
2024,Property Damage Accident,11:52,2024-10-27,Sunday,Y,Daylight,CLARKSTOWN,REAR END,ROCKLAND,Straight and Level,Clear,,Dry,,Not Applicable,"Other Motor Vehicle, Collision With",2,354829,36087,259,0.3,7336134.0,9989.2,886
2024,Property Damage Accident,22:23,2024-10-27,Sunday,Y,Dark-Road Lighted,RAMAPO,REAR END,ROCKLAND,Curve and Level,Clear,,Dry,306 85011003,Not Applicable,"Other Motor Vehicle, Collision With",2,354829,36087,259,0.3,7336134.0,9989.2,886
2024,Property Damage Accident,17:10,2024-10-27,Sunday,Y,Daylight,SPRING VALLEY,SIDESWIPE,ROCKLAND,Straight and Level,Clear,,Dry,,Not Applicable,"Other Motor Vehicle, Collision With",2,354829,36087,259,0.3,7336134.0,9989.2,886
2024,Property Damage Accident,21:18,2024-10-27,Sunday,Y,Dark-Road Unlighted,SHAWANGUNK,OTHER,ULSTER,Straight and Level,Clear,,Dry,,Not Applicable,Deer,1,183095,36111,3565,1.2,6410502.0,3939.4,999
2024,Property Damage Accident,11:11,2024-10-27,Sunday,Y,Daylight,ROSENDALE,OTHER,ULSTER,Curve and Level,Clear,,Dry,,Not Applicable,Deer,1,183095,36111,3565,1.2,6410502.0,3939.4,999
2024,Property Damage Accident,19:01,2024-10-27,Sunday,Y,Dark-Road Unlighted,SHAWANGUNK,OTHER,ULSTER,Straight and Level,Cloudy,No Passing Zone,Dry,208 86021035,Not Applicable,Deer,1,183095,36111,3565,1.2,6410502.0,3939.4,999
2024,Property Damage Accident,10:52,2024-10-27,Sunday,Y,Daylight,KINGSTON,OTHER,ULSTER,Straight and Level,Clear,,Dry,,Not Applicable,"Sign Post, Collision With Fixed Object",1,183095,36111,3565,1.2,6410502.0,3939.4,999
2024,Property Damage Accident,17:01,2024-10-27,Sunday,Y,Daylight,PLATTEKILL,SIDESWIPE,ULSTER,Curve and Level,Clear,,Dry,32 86021009,Not Applicable,"Other Motor Vehicle, Collision With",2,183095,36111,3565,1.2,6410502.0,3939.4,999
2024,Property Damage Accident,16:58,2024-10-27,Sunday,Y,Daylight,ARDSLEY,OTHER,WESTCHESTER,Curve and Level,Clear,,Dry,9A87032029,Not Applicable,"Light Support/Utility Pole, Collision With Fixed Object",1,1009165,36119,850,0.8,18110248.0,6143.2,3354
2024,Property Damage Accident,16:28,2024-10-27,Sunday,Y,Daylight,DOBBS FERRY,LEFT TURN (3),WESTCHESTER,Straight at Hill Crest,Clear,Stop Sign,Dry,9 87032026,Not Applicable,"Other Motor Vehicle, Collision With",2,1009165,36119,850,0.8,18110248.0,6143.2,3354
2024,Property Damage Accident,21:48,2024-10-27,Sunday,Y,Dark-Road Unlighted,MOUNT PLEASANT,OTHER,WESTCHESTER,Curve and Level,Cloudy,,Dry,987F87012082,Not Applicable,"Guide Rail - End, Collision With Fixed Object",1,1009165,36119,850,0.8,18110248.0,6143.2,3354
2024,Property Damage Accident,20:00,2024-10-27,Sunday,Y,Dark-Road Lighted,YONKERS,REAR END,WESTCHESTER,Straight and Level,Clear,,Dry,,Not Applicable,"Other Motor Vehicle, Collision With",2,1009165,36119,850,0.8,18110248.0,6143.2,3354
2024,Property Damage & Injury Accident,18:00,2024-10-28,Monday,Y,Daylight,EAST FISHKILL,REAR END,DUTCHESS,Straight and Level,Clear,,Dry,84I82021125,Not Applicable,"Other Motor Vehicle, Collision With",2,299256,36027,1695,0.8,5987961.0,3975.0,1300
2024,Property Damage & Injury Accident,15:17,2024-10-28,Monday,Y,Daylight,POUGHKEEPSIE,OTHER,DUTCHESS,Straight and Level,Clear,,Dry,9G82013005,Not Applicable,"Other Motor Vehicle, Collision With",3,299256,36027,1695,0.8,5987961.0,3975.0,1300
2024,Property Damage Accident,15:46,2024-10-28,Monday,Y,Daylight,FISHKILL,REAR END,DUTCHESS,Curve and Grade,Clear,Yield Sign,Dry,9D82033002,Not Applicable,"Other Motor Vehicle, Collision With",2,299256,36027,1695,0.8,5987961.0,3975.0,1300
2024,Property Damage Accident,12:10,2024-10-28,Monday,Y,Daylight,WOODBURY,Unknown,ORANGE,Curve and Grade,Clear,Stop Sign,Dry,,Not Applicable,"Other Motor Vehicle, Collision With",2,415088,36071,4753,2.6,13857119.0,5167.5,1527
2024,Property Damage Accident,7:58,2024-10-28,Monday,Y,Dawn,CORNWALL,OTHER,ORANGE,Straight and Grade,Cloudy,,Dry,32 83011104,Not Applicable,Deer,1,415088,36071,4753,2.6,13857119.0,5167.5,1527
2024,Property Damage Accident,22:57,2024-10-28,Monday,Y,Dark-Road Lighted,KIRYAS JOEL,LEFT TURN (3),ORANGE,Straight and Level,Clear,,Dry,,Not Applicable,"Other Motor Vehicle, Collision With",2,415088,36071,4753,2.6,13857119.0,5167.5,1527
2024,Property Damage Accident,12:43,2024-10-28,Monday,Y,Daylight,CORNWALL,OTHER,ORANGE,Curve and Level,Clear,No Passing Zone,Dry,9W83021117,Not Applicable,"Guide Rail - Not At End, Collision With Fixed Object",1,415088,36071,4753,2.6,13857119.0,5167.5,1527
2024,Property Damage & Injury Accident,8:53,2024-10-28,Monday,Y,Daylight,CRAWFORD,LEFT TURN (3),ORANGE,Straight at Hill Crest,Clear,Stop Sign,Dry,,Not Applicable,"Other Motor Vehicle, Collision With",2,415088,36071,4753,2.6,13857119.0,5167.5,1527
2024,Property Damage Accident,19:29,2024-10-28,Monday,Y,Dark-Road Unlighted,GOSHEN,REAR END,ORANGE,Straight and Level,Clear,Police/Fire Emergency,Dry,,Not Applicable,"Other Motor Vehicle, Collision With",2,415088,36071,4753,2.6,13857119.0,5167.5,1527
2024,Property Damage Accident,0:02,2024-10-28,Monday,Y,Dark-Road Unlighted,PUTNAM VALLEY,OTHER,PUTNAM,Straight and Level,Clear,,Dry,987G84021028,Not Applicable,"Guide Rail - Not At End, Collision With Fixed Object",1,98842,36079,509,0.7,2746105.0,4089.2,375
2024,Property Damage Accident,2:00,2024-10-28,Monday,Y,Dark-Road Unlighted,SOUTHEAST,OVERTAKING,PUTNAM,Straight and Level,Clear,,Dry,84I84031120,Not Applicable,"Other Motor Vehicle, Collision With",2,98842,36079,509,0.7,2746105.0,4089.2,375
2024,Property Damage Accident,13:41,2024-10-28,Monday,Y,Daylight,ORANGETOWN,LEFT TURN (0),ROCKLAND,Straight and Level,Clear,Stop Sign,Dry,,Not Applicable,"Other Motor Vehicle, Collision With",2,354829,36087,259,0.3,7336134.0,9989.2,886
2024,Property Damage Accident,11:02,2024-10-28,Monday,Y,Daylight,ORANGETOWN,SIDESWIPE,ROCKLAND,Straight and Level,Clear,,Dry,303 85011016,Not Applicable,"Other Motor Vehicle, Collision With",2,354829,36087,259,0.3,7336134.0,9989.2,886
2024,Property Damage Accident,17:54,2024-10-28,Monday,Y,Dusk,UPPER NYACK,HEAD ON,ROCKLAND,Straight and Level,Clear,Traffic Signal,Dry,9W85011082,Not Applicable,"Other Motor Vehicle, Collision With",2,354829,36087,259,0.3,7336134.0,9989.2,886
2024,Property Damage Accident,20:45,2024-10-28,Monday,Y,Dark-Road Unlighted,HAVERSTRAW,OTHER,ROCKLAND,Straight and Level,Clear,,Dry,987C85011162,Not Applicable,Deer,1,354829,36087,259,0.3,7336134.0,9989.2,886
2024,Property Damage Accident,10:55,2024-10-28,Monday,Y,Daylight,ESOPUS,REAR END,ULSTER,Straight and Level,Clear,No Passing Zone,Dry,9W86031220,Not Applicable,"Other Motor Vehicle, Collision With",2,183095,36111,3565,1.2,6410502.0,3939.4,999
2024,Property Damage Accident,3:41,2024-10-28,Monday,Y,Dark-Road Unlighted,SAUGERTIES,OTHER,ULSTER,Straight and Level,Clear,,Dry,,Not Applicable,"Sign Post, Collision With Fixed Object",1,183095,36111,3565,1.2,6410502.0,3939.4,999
2024,Property Damage Accident,16:50,2024-10-28,Monday,Y,Daylight,KINGSTON,REAR END,ULSTER,Curve and Level,Clear,Yield Sign,Dry,,Not Applicable,"Other Motor Vehicle, Collision With",2,183095,36111,3565,1.2,6410502.0,3939.4,999
2024,Property Damage Accident,16:59,2024-10-28,Monday,Y,Daylight,ARDSLEY,Unknown,WESTCHESTER,Straight and Level,Clear,No Passing Zone,Dry,,Not Applicable,"Other Motor Vehicle, Collision With",2,1009165,36119,850,0.8,18110248.0,6143.2,3354
2024,Property Damage Accident,6:45,2024-10-28,Monday,Y,Daylight,MOUNT PLEASANT,OVERTAKING,WESTCHESTER,Straight and Level,Clear,,Dry,987G87011028,Not Applicable,"Other Motor Vehicle, Collision With",2,1009165,36119,850,0.8,18110248.0,6143.2,3354
2024,Property Damage Accident,16:39,2024-10-28,Monday,Y,Daylight,WHITE PLAINS,OVERTAKING,WESTCHESTER,Straight and Level,Clear,,Dry,,Not Applicable,"Other Motor Vehicle, Collision With",2,1009165,36119,850,0.8,18110248.0,6143.2,3354
2024,Property Damage Accident,7:37,2024-10-28,Monday,Y,Daylight,RYE,REAR END,WESTCHESTER,Straight and Level,Clear,,Dry,120 87011003,Not Applicable,"Other Motor Vehicle, Collision With",2,1009165,36119,850,0.8,18110248.0,6143.2,3354
2024,Property Damage & Injury Accident,17:21,2024-10-28,Monday,Y,Daylight,YORKTOWN,OTHER,WESTCHESTER,Straight and Level,Clear,,Dry,35 87012044,Not Applicable,"Other Motor Vehicle, Collision With",2,1009165,36119,850,0.8,18110248.0,6143.2,3354
2024,Property Damage & Injury Accident,10:12,2024-10-28,Monday,Y,Daylight,MAMARONECK,REAR END,WESTCHESTER,Straight and Grade,Clear,,Dry,,Not Applicable,"Other Motor Vehicle, Collision With",2,1009165,36119,850,0.8,18110248.0,6143.2,3354
2024,Property Damage Accident,2:05,2024-10-28,Monday,Y,Dark-Road Unlighted,PEEKSKILL,OTHER,WESTCHESTER,Straight and Level,Clear,,Dry,987H87011017,Not Applicable,Deer,1,1009165,36119,850,0.8,18110248.0,6143.2,3354
2024,Injury Accident,11:19,2024-10-28,Monday,Y,Daylight,WHITE PLAINS,OTHER,WESTCHESTER,Straight and Level,Clear,Traffic Signal,Dry,,"Crossing, With Signal","Pedestrian, Collision With",1,1009165,36119,850,0.8,18110248.0,6143.2,3354
2024,Property Damage Accident,15:31,2024-10-28,Monday,Y,Daylight,PEEKSKILL,OVERTAKING,WESTCHESTER,Straight and Level,Clear,,Dry,,Not Applicable,"Other Motor Vehicle, Collision With",2,1009165,36119,850,0.8,18110248.0,6143.2,3354
2024,Property Damage & Injury Accident,10:50,2024-10-28,Monday,Y,Daylight,HARRISON,REAR END,WESTCHESTER,Straight and Grade,Clear,Traffic Signal,Dry,,Not Applicable,"Other Motor Vehicle, Collision With",2,1009165,36119,850,0.8,18110248.0,6143.2,3354
2024,Property Damage Accident,10:15,2024-10-28,Monday,Y,Daylight,YORKTOWN,OTHER,WESTCHESTER,Straight and Level,Clear,Traffic Signal,Dry,6 87033047,Not Applicable,Deer,1,1009165,36119,850,0.8,18110248.0,6143.2,3354
2024,Property Damage Accident,16:35,2024-10-28,Monday,Y,Daylight,DOBBS FERRY,REAR END,WESTCHESTER,Straight and Level,Clear,,Dry,,Not Applicable,"Other Motor Vehicle, Collision With",2,1009165,36119,850,0.8,18110248.0,6143.2,3354
2024,Property Damage Accident,15:50,2024-10-28,Monday,Y,Daylight,ELMSFORD,OVERTAKING,WESTCHESTER,Straight and Level,Clear,,Dry,,Not Applicable,"Other Motor Vehicle, Collision With",2,1009165,36119,850,0.8,18110248.0,6143.2,3354
2024,Property Damage & Injury Accident,18:39,2024-10-28,Monday,Y,Dusk,YONKERS,REAR END,WESTCHESTER,Straight and Level,Clear,,Dry,,Not Applicable,"Other Motor Vehicle, Collision With",2,1009165,36119,850,0.8,18110248.0,6143.2,3354
2024,Property Damage & Injury Accident,16:44,2024-10-28,Monday,Y,Daylight,HASTINGS ON HUDSON,SIDESWIPE,WESTCHESTER,Straight and Grade,Clear,No Passing Zone,Unknown,,Not Applicable,"Other Motor Vehicle, Collision With",2,1009165,36119,850,0.8,18110248.0,6143.2,3354
2024,Property Damage Accident,9:15,2024-10-28,Monday,Y,Daylight,YONKERS,REAR END,WESTCHESTER,Straight and Level,Clear,,Dry,987D87011019,Not Applicable,"Other Motor Vehicle, Collision With",2,1009165,36119,850,0.8,18110248.0,6143.2,3354
2024,Property Damage Accident,14:19,2024-10-29,Tuesday,Y,Daylight,POUGHKEEPSIE,RIGHT TURN (5),DUTCHESS,Straight and Level,Cloudy,,Dry,9 82051098,Not Applicable,"Other Motor Vehicle, Collision With",2,299256,36027,1695,0.8,5987961.0,3975.0,1300
2024,Property Damage Accident,6:33,2024-10-29,Tuesday,Y,Dark-Road Unlighted,LA GRANGE,OTHER,DUTCHESS,Straight and Level,Cloudy,,Dry,55 82032061,Not Applicable,Deer,1,299256,36027,1695,0.8,5987961.0,3975.0,1300
2024,Property Damage Accident,10:46,2024-10-29,Tuesday,Y,Daylight,POUGHKEEPSIE,RIGHT TURN (5),DUTCHESS,Straight and Level,Clear,Stop Sign,Dry,9 82051130,Not Applicable,"Other Motor Vehicle, Collision With",2,299256,36027,1695,0.8,5987961.0,3975.0,1300
2024,Injury Accident,6:00,2024-10-29,Tuesday,Y,Daylight,POUGHKEEPSIE,OTHER,DUTCHESS,Straight and Level,Cloudy,Traffic Signal,Dry,,"Crossing, With Signal","Pedestrian, Collision With",1,299256,36027,1695,0.8,5987961.0,3975.0,1300
2024,Property Damage Accident,11:49,2024-10-29,Tuesday,Y,Daylight,BEACON,OTHER,DUTCHESS,Straight and Level,Clear,No Passing Zone,Dry,,Not Applicable,"Other Motor Vehicle, Collision With",2,299256,36027,1695,0.8,5987961.0,3975.0,1300
2024,Property Damage Accident,14:12,2024-10-29,Tuesday,Y,Daylight,FISHKILL,REAR END,DUTCHESS,Straight and Level,Cloudy,Traffic Signal,Dry,,Not Applicable,"Other Motor Vehicle, Collision With",2,299256,36027,1695,0.8,5987961.0,3975.0,1300
2024,Property Damage & Injury Accident,17:45,2024-10-29,Tuesday,Y,Dark-Road Lighted,FISHKILL,LEFT TURN (3),DUTCHESS,Straight and Level,Cloudy,Traffic Signal,Dry,9D82033022,Not Applicable,"Other Motor Vehicle, Collision With",2,299256,36027,1695,0.8,5987961.0,3975.0,1300
2024,Property Damage Accident,10:57,2024-10-29,Tuesday,Y,Daylight,WOODBURY,OTHER,ORANGE,Straight and Grade,Clear,Unknown,Dry,32 83011042,Not Applicable,Deer,1,415088,36071,4753,2.6,13857119.0,5167.5,1527
2024,Property Damage Accident,19:25,2024-10-29,Tuesday,Y,Dark-Road Unlighted,WALLKILL,OTHER,ORANGE,Straight and Level,Rain,No Passing Zone,Wet,,Not Applicable,Deer,1,415088,36071,4753,2.6,13857119.0,5167.5,1527
2024,Property Damage Accident,8:49,2024-10-29,Tuesday,Y,Daylight,MONROE,OTHER,ORANGE,Straight and Level,Clear,No Passing Zone,Dry,,Not Applicable,Deer,1,415088,36071,4753,2.6,13857119.0,5167.5,1527
2024,Property Damage Accident,20:40,2024-10-29,Tuesday,Y,Dark-Road Lighted,NEWBURGH,REAR END,ORANGE,Straight and Level,Rain,Traffic Signal,Wet,,Not Applicable,"Other Motor Vehicle, Collision With",2,415088,36071,4753,2.6,13857119.0,5167.5,1527
2024,Property Damage Accident,15:32,2024-10-29,Tuesday,Y,Daylight,WALLKILL,OTHER,ORANGE,Curve and Level,Cloudy,,Dry,,Not Applicable,"Ran Off Roadway Only, Non-Collision",1,415088,36071,4753,2.6,13857119.0,5167.5,1527
2024,Property Damage Accident,5:30,2024-10-29,Tuesday,Y,Dark-Road Unlighted,WAWAYANDA,OTHER,ORANGE,Straight and Level,Clear,,Dry,6 83012158,Not Applicable,Deer,1,415088,36071,4753,2.6,13857119.0,5167.5,1527
2024,Property Damage & Injury Accident,18:19,2024-10-29,Tuesday,Y,Dark-Road Unlighted,CARMEL,OTHER,PUTNAM,Straight and Grade,Rain,No Passing Zone,Wet,6N84021019,Not Applicable,"Other Motor Vehicle, Collision With",4,98842,36079,509,0.7,2746105.0,4089.2,375
2024,Property Damage Accident,16:10,2024-10-29,Tuesday,Y,Daylight,ORANGETOWN,RIGHT ANGLE,ROCKLAND,Straight and Level,Cloudy,,Dry,,Not Applicable,"Other Motor Vehicle, Collision With",2,354829,36087,259,0.3,7336134.0,9989.2,886
2024,Property Damage Accident,14:35,2024-10-29,Tuesday,Y,Daylight,CLARKSTOWN,RIGHT TURN (5),ROCKLAND,Straight and Level,Cloudy,,Dry,,Not Applicable,"Other Motor Vehicle, Collision With",2,354829,36087,259,0.3,7336134.0,9989.2,886
2024,Injury Accident,11:50,2024-10-29,Tuesday,Y,Daylight,CLARKSTOWN,REAR END,ROCKLAND,Curve and Level,Cloudy,Stop Sign,Wet,,Not Applicable,"Other Motor Vehicle, Collision With",2,354829,36087,259,0.3,7336134.0,9989.2,886
2024,Property Damage Accident,15:09,2024-10-29,Tuesday,Y,Daylight,CLARKSTOWN,RIGHT ANGLE,ROCKLAND,Straight and Grade,Cloudy,Stop Sign,Dry,,Not Applicable,"Other Motor Vehicle, Collision With",2,354829,36087,259,0.3,7336134.0,9989.2,886
2024,Property Damage & Injury Accident,9:09,2024-10-29,Tuesday,Y,Daylight,SPRING VALLEY,REAR END,ROCKLAND,Straight and Level,Clear,,Dry,59 85011077,Not Applicable,"Other Motor Vehicle, Collision With",2,354829,36087,259,0.3,7336134.0,9989.2,886
2024,Fatal Accident,20:55,2024-10-29,Tuesday,Y,Dark-Road Unlighted,CLARKSTOWN,OTHER,ROCKLAND,Straight and Level,Cloudy,,Wet,,Not in Roadway (Indicate),"Pedestrian, Collision With",1,354829,36087,259,0.3,7336134.0,9989.2,886
2024,Property Damage Accident,17:27,2024-10-29,Tuesday,Y,Dark-Road Unlighted,ORANGETOWN,REAR END,ROCKLAND,Straight and Level,Cloudy,,Dry,987C85011043,Not Applicable,"Other Motor Vehicle, Collision With",2,354829,36087,259,0.3,7336134.0,9989.2,886
2024,Property Damage Accident,7:30,2024-10-29,Tuesday,Y,Daylight,LLOYD,OTHER,ULSTER,Straight and Level,Clear,,Dry,44 86011301,Not Applicable,"Other Object (Not Fixed)*, Collision With",1,183095,36111,3565,1.2,6410502.0,3939.4,999
2024,Property Damage Accident,11:50,2024-10-29,Tuesday,Y,Daylight,KINGSTON,OVERTAKING,ULSTER,Straight and Level,Cloudy,,Dry,,Not Applicable,"Other Motor Vehicle, Collision With",2,183095,36111,3565,1.2,6410502.0,3939.4,999
2024,Property Damage Accident,16:06,2024-10-29,Tuesday,Y,Daylight,LLOYD,REAR END,ULSTER,Straight and Level,Clear,Traffic Signal,Dry,9W86031090,Not Applicable,"Other Motor Vehicle, Collision With",2,183095,36111,3565,1.2,6410502.0,3939.4,999
2024,Property Damage Accident,18:31,2024-10-29,Tuesday,Y,Dark-Road Unlighted,SHAWANGUNK,OTHER,ULSTER,Straight and Level,Rain,,Wet,208 86021037,Not Applicable,Deer,1,183095,36111,3565,1.2,6410502.0,3939.4,999