year,accident_descriptor,time,date,day_of_week,police_report,lighting_conditions,municipality,collision_type_descriptor,county_name,road_descriptor,weather_conditions,traffic_control_device,road_surface_conditions,dot_reference_marker_location,pedestrian_bicyclist_action,event_descriptor,number_of_vehicles_involved,county_population_2024,county_fips,county_deer_take_2024,county_antlerless_deer_per_sqmi_2024,county_daily_vmt_2019,county_mean_aadt_2019,county_aadt_segments_2019
2024,Property Damage Accident,8:08,2024-10-29,Tuesday,Y,Daylight,ROSENDALE,OTHER,ULSTER,Straight and Grade,Cloudy,,Dry,32 86021205,Not Applicable,"Animal, Collision With",1,183095,36111,3565,1.2,6410502.0,3939.4,999
2024,Property Damage Accident,9:40,2024-10-29,Tuesday,Y,Daylight,NEW PALTZ,LEFT TURN (3),ULSTER,Straight and Grade,Cloudy,,Wet,,Not Applicable,"Other Motor Vehicle, Collision With",2,183095,36111,3565,1.2,6410502.0,3939.4,999
2024,Property Damage & Injury Accident,9:29,2024-10-29,Tuesday,Y,Daylight,ESOPUS,REAR END,ULSTER,Straight and Level,Rain,,Wet,9W86031225,Not Applicable,"Other Motor Vehicle, Collision With",2,183095,36111,3565,1.2,6410502.0,3939.4,999
2024,Property Damage Accident,6:48,2024-10-29,Tuesday,Y,Dawn,ULSTER,REAR END,ULSTER,Straight and Level,Clear,,Dry,,Not Applicable,"Other Motor Vehicle, Collision With",2,183095,36111,3565,1.2,6410502.0,3939.4,999
2024,Property Damage Accident,13:20,2024-10-29,Tuesday,N,Unknown,ELMSFORD,Unknown,WESTCHESTER,Unknown,Unknown,Unknown,Unknown,,Not Applicable,"Other Motor Vehicle, Collision With",2,1009165,36119,850,0.8,18110248.0,6143.2,3354
2024,Property Damage Accident,11:54,2024-10-29,Tuesday,Y,Daylight,IRVINGTON,REAR END,WESTCHESTER,Curve and Grade,Cloudy,Stop Sign,Dry,,Not Applicable,"Other Motor Vehicle, Collision With",2,1009165,36119,850,0.8,18110248.0,6143.2,3354
2024,Property Damage Accident,17:43,2024-10-29,Tuesday,Y,Dark-Road Unlighted,BEDFORD,REAR END,WESTCHESTER,Straight and Level,Cloudy,,Dry,,Not Applicable,"Other Motor Vehicle, Collision With",2,1009165,36119,850,0.8,18110248.0,6143.2,3354
2024,Property Damage Accident,18:18,2024-10-29,Tuesday,Y,Dark-Road Lighted,MOUNT PLEASANT,OTHER,WESTCHESTER,Curve and Grade,Clear,,Dry,,Not Applicable,"Animal, Collision With",1,1009165,36119,850,0.8,18110248.0,6143.2,3354
2024,Property Damage Accident,4:37,2024-10-29,Tuesday,Y,Dark-Road Unlighted,HARRISON,OTHER,WESTCHESTER,Curve and Level,Cloudy,,Dry,684I87011037,Not Applicable,"Guide Rail - Not At End, Collision With Fixed Object",1,1009165,36119,850,0.8,18110248.0,6143.2,3354
2024,Property Damage Accident,22:11,2024-10-29,Tuesday,Y,Dark-Road Unlighted,MOUNT PLEASANT,OTHER,WESTCHESTER,Curve and Level,Cloudy,,Wet,12 92021135,Not Applicable,"Guide Rail - Not At End, Collision With Fixed Object",1,1009165,36119,850,0.8,18110248.0,6143.2,3354
2024,Injury Accident,17:24,2024-10-29,Tuesday,Y,Dark-Road Lighted,YONKERS,REAR END,WESTCHESTER,Straight at Hill Crest,Clear,,Dry,983C87011003,Not Applicable,"Other Motor Vehicle, Collision With",2,1009165,36119,850,0.8,18110248.0,6143.2,3354
2024,Property Damage Accident,16:52,2024-10-29,Tuesday,Y,Daylight,MOUNT PLEASANT,OTHER,WESTCHESTER,Straight and Level,Cloudy,,Dry,9A87032111,Not Applicable,"Guide Rail - Not At End, Collision With Fixed Object",1,1009165,36119,850,0.8,18110248.0,6143.2,3354
2024,Property Damage Accident,19:47,2024-10-29,Tuesday,Y,Dark-Road Lighted,PORT CHESTER,OVERTAKING,WESTCHESTER,Straight and Level,Rain,,Wet,120A87011017,Not Applicable,"Other Motor Vehicle, Collision With",2,1009165,36119,850,0.8,18110248.0,6143.2,3354
2024,Property Damage & Injury Accident,16:40,2024-10-29,Tuesday,Y,Daylight,CORTLANDT,OTHER,WESTCHESTER,Straight and Level,Clear,Stop Sign,Dry,,Not Applicable,"Other Motor Vehicle, Collision With",3,1009165,36119,850,0.8,18110248.0,6143.2,3354
2024,Property Damage Accident,15:31,2024-10-29,Tuesday,Y,Daylight,NEW ROCHELLE,OVERTAKING,WESTCHESTER,Straight and Level,Clear,,Dry,,Not Applicable,"Other Motor Vehicle, Collision With",2,1009165,36119,850,0.8,18110248.0,6143.2,3354
2024,Property Damage Accident,13:09,2024-10-29,Tuesday,Y,Daylight,YONKERS,OTHER,WESTCHESTER,Curve and Level,Cloudy,Stop Sign,Dry,,Not Applicable,"Other Motor Vehicle, Collision With",2,1009165,36119,850,0.8,18110248.0,6143.2,3354
2024,Property Damage Accident,18:06,2024-10-29,Tuesday,Y,Dark-Road Unlighted,BEDFORD,REAR END,WESTCHESTER,Straight and Level,Rain,,Wet,684I87011172,Not Applicable,"Other Motor Vehicle, Collision With",2,1009165,36119,850,0.8,18110248.0,6143.2,3354
2024,Property Damage & Injury Accident,13:34,2024-10-30,Wednesday,Y,Daylight,POUGHKEEPSIE,OTHER,DUTCHESS,Straight and Level,Clear,Traffic Signal,Dry,9 82051090,Not Applicable,"Other Motor Vehicle, Collision With",3,299256,36027,1695,0.8,5987961.0,3975.0,1300
2024,Property Damage Accident,19:20,2024-10-30,Wednesday,Y,Dark-Road Lighted,POUGHKEEPSIE,OTHER,DUTCHESS,Straight and Level,Clear,Other,Dry,9 82053012,Not Applicable,Deer,1,299256,36027,1695,0.8,5987961.0,3975.0,1300
2024,Property Damage Accident,21:04,2024-10-30,Wednesday,Y,Dark-Road Unlighted,LA GRANGE,OTHER,DUTCHESS,Curve and Grade,Clear,,Dry,987G82031132,Not Applicable,"Animal, Collision With",1,299256,36027,1695,0.8,5987961.0,3975.0,1300
2024,Property Damage & Injury Accident,10:18,2024-10-30,Wednesday,Y,Daylight,HYDE PARK,RIGHT ANGLE,DUTCHESS,Straight and Level,Clear,Stop Sign,Dry,9 82053036,Not Applicable,"Other Motor Vehicle, Collision With",2,299256,36027,1695,0.8,5987961.0,3975.0,1300
2024,Property Damage Accident,10:31,2024-10-30,Wednesday,Y,Daylight,MIDDLETOWN,REAR END,ORANGE,Straight and Level,Clear,Traffic Signal,Dry,,Not Applicable,"Other Motor Vehicle, Collision With",2,415088,36071,4753,2.6,13857119.0,5167.5,1527
2024,Property Damage Accident,6:50,2024-10-30,Wednesday,Y,Dawn,WAWAYANDA,OTHER,ORANGE,Straight and Level,Cloudy,,Dry,,Not Applicable,Deer,1,415088,36071,4753,2.6,13857119.0,5167.5,1527
2024,Property Damage Accident,6:12,2024-10-30,Wednesday,Y,Dark-Road Unlighted,HIGHLANDS,REAR END,ORANGE,Curve and Grade,Clear,,Wet,9W83021070,Not Applicable,"Other Motor Vehicle, Collision With",2,415088,36071,4753,2.6,13857119.0,5167.5,1527
2024,Property Damage Accident,15:45,2024-10-30,Wednesday,Y,Daylight,WALLKILL,REAR END,ORANGE,Curve and Grade,Clear,Traffic Signal,Dry,,Not Applicable,"Other Motor Vehicle, Collision With",2,415088,36071,4753,2.6,13857119.0,5167.5,1527
2024,Property Damage & Injury Accident,11:16,2024-10-30,Wednesday,Y,Dark-Road Lighted,NEWBURGH,RIGHT ANGLE,ORANGE,Straight and Level,Clear,Traffic Signal,Dry,9W83023012,Not Applicable,"Other Motor Vehicle, Collision With",2,415088,36071,4753,2.6,13857119.0,5167.5,1527
2024,Property Damage Accident,14:57,2024-10-30,Wednesday,Y,Daylight,WALLKILL,REAR END,ORANGE,Straight and Level,Clear,Traffic Signal,Dry,,Not Applicable,"Other Motor Vehicle, Collision With",2,415088,36071,4753,2.6,13857119.0,5167.5,1527
2024,Property Damage Accident,7:20,2024-10-30,Wednesday,Y,Dawn,MOUNT HOPE,OTHER,ORANGE,Curve and Level,Clear,,Dry,,Not Applicable,Deer,1,415088,36071,4753,2.6,13857119.0,5167.5,1527
2024,Property Damage Accident,6:42,2024-10-30,Wednesday,Y,Dawn,PUTNAM VALLEY,OTHER,PUTNAM,Straight and Level,Cloudy,,Wet,987G84021022,Not Applicable,"Other Object (Not Fixed)*, Collision With",1,98842,36079,509,0.7,2746105.0,4089.2,375
2024,Property Damage Accident,7:18,2024-10-30,Wednesday,Y,Daylight,PUTNAM VALLEY,OTHER,PUTNAM,Straight and Level,Cloudy,,Wet,987G84021040,Not Applicable,"Other Motor Vehicle, Collision With",5,98842,36079,509,0.7,2746105.0,4089.2,375
2024,Property Damage Accident,3:41,2024-10-30,Wednesday,Y,Dark-Road Unlighted,CLARKSTOWN,OTHER,ROCKLAND,Curve and Level,Clear,,Dry,,Not Applicable,"Other Fixed Object*, Collision With Fixed Object",1,354829,36087,259,0.3,7336134.0,9989.2,886
2024,Property Damage Accident,17:54,2024-10-30,Wednesday,Y,Dusk,RAMAPO,REAR END,ROCKLAND,Straight and Level,Clear,,Dry,987C85011141,Not Applicable,"Other Motor Vehicle, Collision With",2,354829,36087,259,0.3,7336134.0,9989.2,886
2024,Property Damage Accident,13:17,2024-10-30,Wednesday,Y,Daylight,CLARKSTOWN,OTHER,ROCKLAND,Straight and Level,Clear,Traffic Signal,Dry,59 85011092,Not Applicable,"Other Motor Vehicle, Collision With",3,354829,36087,259,0.3,7336134.0,9989.2,886
2024,Property Damage & Injury Accident,17:08,2024-10-30,Wednesday,Y,Daylight,HAVERSTRAW,OTHER,ROCKLAND,Straight and Level,Clear,,Dry,987C85011155,Not Applicable,"Other Motor Vehicle, Collision With",3,354829,36087,259,0.3,7336134.0,9989.2,886
2024,Property Damage & Injury Accident,16:53,2024-10-30,Wednesday,Y,Daylight,STONY POINT,RIGHT TURN (6),ROCKLAND,Curve and Level,Clear,,Dry,6 83012435,Not Applicable,"Other Motor Vehicle, Collision With",2,354829,36087,259,0.3,7336134.0,9989.2,886
2024,Property Damage Accident,8:22,2024-10-30,Wednesday,Y,Daylight,CHESTNUT RIDGE,OTHER,ROCKLAND,Straight and Grade,Clear,,Dry,,Not Applicable,"Other Motor Vehicle, Collision With",2,354829,36087,259,0.3,7336134.0,9989.2,886
2024,Property Damage Accident,20:00,2024-10-30,Wednesday,Y,Dark-Road Unlighted,ROCHESTER,OTHER,ULSTER,Straight and Grade,Clear,No Passing Zone,Dry,,Not Applicable,Deer,2,183095,36111,3565,1.2,6410502.0,3939.4,999
2024,Property Damage Accident,11:32,2024-10-30,Wednesday,Y,Daylight,WOODSTOCK,REAR END,ULSTER,Straight and Level,Clear,,Dry,212 86011120,Not Applicable,"Other Motor Vehicle, Collision With",2,183095,36111,3565,1.2,6410502.0,3939.4,999
2024,Property Damage Accident,18:10,2024-10-30,Wednesday,Y,Dark-Road Unlighted,ESOPUS,OTHER,ULSTER,Straight and Level,Clear,No Passing Zone,Dry,9W86031197,Not Applicable,Deer,1,183095,36111,3565,1.2,6410502.0,3939.4,999
2024,Property Damage & Injury Accident,16:48,2024-10-30,Wednesday,Y,Daylight,NEW PALTZ,OTHER,ULSTER,Straight and Level,Clear,No Passing Zone,Dry,299 86011071,Not Applicable,"Other Motor Vehicle, Collision With",3,183095,36111,3565,1.2,6410502.0,3939.4,999
2024,Property Damage Accident,15:55,2024-10-30,Wednesday,Y,Daylight,WAWARSING,RIGHT TURN (6),ULSTER,Straight and Level,Clear,Traffic Signal,Dry,55 86021111,Not Applicable,"Other Motor Vehicle, Collision With",2,183095,36111,3565,1.2,6410502.0,3939.4,999
2024,Property Damage Accident,9:50,2024-10-30,Wednesday,Y,Daylight,ESOPUS,OTHER,ULSTER,Straight and Level,Clear,No Passing Zone,Dry,9W86031216,Not Applicable,"Fire Hydrant, Collision With Fixed Object",1,183095,36111,3565,1.2,6410502.0,3939.4,999
2024,Injury Accident,7:02,2024-10-30,Wednesday,Y,Dawn,WHITE PLAINS,OTHER,WESTCHESTER,Straight and Level,Cloudy,Traffic Signal,Dry,,"Crossing, With Signal","Pedestrian, Collision With",1,1009165,36119,850,0.8,18110248.0,6143.2,3354
2024,Property Damage Accident,16:45,2024-10-30,Wednesday,Y,Daylight,SOMERS,OTHER,WESTCHESTER,Straight and Grade,Clear,,Dry,100 87014246,Not Applicable,"Other Motor Vehicle, Collision With",2,1009165,36119,850,0.8,18110248.0,6143.2,3354
2024,Property Damage Accident,20:21,2024-10-30,Wednesday,Y,Dark-Road Lighted,YONKERS,OTHER,WESTCHESTER,Straight and Level,Clear,Traffic Signal,Dry,100 87011040,Not Applicable,"Other Motor Vehicle, Collision With",3,1009165,36119,850,0.8,18110248.0,6143.2,3354
2024,Property Damage Accident,17:42,2024-10-30,Wednesday,Y,Dusk,YONKERS,OTHER,WESTCHESTER,Straight and Grade,Clear,,Dry,,Not Applicable,"Other Motor Vehicle, Collision With",2,1009165,36119,850,0.8,18110248.0,6143.2,3354
2024,Property Damage Accident,17:00,2024-10-30,Wednesday,Y,Dusk,GREENBURGH,LEFT TURN (0),WESTCHESTER,Straight and Level,Clear,Traffic Signal,Dry,9A87032016,Not Applicable,"Other Motor Vehicle, Collision With",2,1009165,36119,850,0.8,18110248.0,6143.2,3354
2024,Property Damage Accident,11:39,2024-10-30,Wednesday,Y,Daylight,PELHAM,RIGHT ANGLE,WESTCHESTER,Straight and Level,Clear,Stop Sign,Dry,,Not Applicable,"Other Motor Vehicle, Collision With",2,1009165,36119,850,0.8,18110248.0,6143.2,3354
2024,Property Damage Accident,1:45,2024-10-30,Wednesday,Y,Dark-Road Lighted,DOBBS FERRY,OTHER,WESTCHESTER,Straight and Grade,Clear,Stop Sign,Dry,,Not Applicable,"Sign Post, Collision With Fixed Object",1,1009165,36119,850,0.8,18110248.0,6143.2,3354
2024,Property Damage Accident,7:12,2024-10-30,Wednesday,Y,Daylight,NORTH SALEM,REAR END,WESTCHESTER,Straight and Level,Cloudy,,Wet,684I87011232,Not Applicable,"Other Motor Vehicle, Collision With",2,1009165,36119,850,0.8,18110248.0,6143.2,3354
2024,Property Damage Accident,7:00,2024-10-30,Wednesday,Y,Daylight,MOUNT VERNON,REAR END,WESTCHESTER,Straight and Level,Clear,,Dry,,Not Applicable,"Other Motor Vehicle, Collision With",2,1009165,36119,850,0.8,18110248.0,6143.2,3354
2024,Property Damage Accident,8:29,2024-10-30,Wednesday,Y,Daylight,ELMSFORD,OVERTAKING,WESTCHESTER,Straight and Level,Clear,,Dry,119 87011023,Not Applicable,"Other Motor Vehicle, Collision With",2,1009165,36119,850,0.8,18110248.0,6143.2,3354
2024,Property Damage & Injury Accident,1:13,2024-10-30,Wednesday,Y,Dark-Road Lighted,YONKERS,OTHER,WESTCHESTER,Straight and Level,Clear,,Dry,,Riding/Walking/Skating Along Highway With Traffic,"Bicyclist, Collision With",1,1009165,36119,850,0.8,18110248.0,6143.2,3354
2024,Property Damage Accident,12:19,2024-10-30,Wednesday,Y,Daylight,BRIARCLIFF MANOR,RIGHT ANGLE,WESTCHESTER,Straight and Grade,Clear,Stop Sign,Dry,,Not Applicable,"Other Motor Vehicle, Collision With",2,1009165,36119,850,0.8,18110248.0,6143.2,3354
2024,Property Damage & Injury Accident,16:34,2024-10-30,Wednesday,Y,Daylight,NEW ROCHELLE,OTHER,WESTCHESTER,Straight and Level,Clear,,Dry,1 87032003,Not Applicable,"Other Motor Vehicle, Collision With",3,1009165,36119,850,0.8,18110248.0,6143.2,3354
2024,Property Damage & Injury Accident,21:08,2024-10-30,Wednesday,Y,Dark-Road Lighted,MAMARONECK,REAR END,WESTCHESTER,Straight and Level,Clear,,Dry,,Not Applicable,"Other Motor Vehicle, Collision With",2,1009165,36119,850,0.8,18110248.0,6143.2,3354
2024,Property Damage & Injury Accident,15:30,2024-10-30,Wednesday,Y,Daylight,YONKERS,OTHER,WESTCHESTER,Curve at Hill Crest,Clear,Traffic Signal,Dry,,Not Applicable,"Other Motor Vehicle, Collision With",2,1009165,36119,850,0.8,18110248.0,6143.2,3354
2024,Property Damage Accident,12:48,2024-10-30,Wednesday,Y,Daylight,MAMARONECK,OVERTAKING,WESTCHESTER,Straight and Level,Clear,,Dry,1 87033029,Not Applicable,"Other Motor Vehicle, Collision With",2,1009165,36119,850,0.8,18110248.0,6143.2,3354
2024,Property Damage Accident,15:26,2024-10-30,Wednesday,Y,Daylight,NORTH SALEM,REAR END,WESTCHESTER,Straight and Level,Clear,,Dry,684I87011215,Not Applicable,"Other Motor Vehicle, Collision With",2,1009165,36119,850,0.8,18110248.0,6143.2,3354
2024,Property Damage Accident,7:50,2024-10-30,Wednesday,Y,Daylight,WHITE PLAINS,REAR END,WESTCHESTER,Straight at Hill Crest,Cloudy,Traffic Signal,Wet,119 87012005,Not Applicable,"Other Motor Vehicle, Collision With",2,1009165,36119,850,0.8,18110248.0,6143.2,3354
2024,Property Damage Accident,7:29,2024-10-30,Wednesday,Y,Daylight,HARRISON,OTHER,WESTCHESTER,Straight and Level,Clear,,Dry,,Not Applicable,"Animal, Collision With",1,1009165,36119,850,0.8,18110248.0,6143.2,3354
2024,Property Damage Accident,14:04,2024-10-31,Thursday,Y,Daylight,RHINEBECK,OTHER,DUTCHESS,Straight and Level,Clear,,Dry,9G82013186,Not Applicable,Deer,1,299256,36027,1695,0.8,5987961.0,3975.0,1300
2024,Property Damage & Injury Accident,18:40,2024-10-31,Thursday,Y,Dark-Road Unlighted,LA GRANGE,OTHER,DUTCHESS,Straight and Level,Clear,Traffic Signal,Dry,,"Crossing, Against Signal","Pedestrian, Collision With",1,299256,36027,1695,0.8,5987961.0,3975.0,1300
2024,Property Damage Accident,20:46,2024-10-31,Thursday,Y,Dark-Road Unlighted,MONROE,OTHER,ORANGE,Straight and Grade,Cloudy,No Passing Zone,Dry,,Not Applicable,"Earth Embankment/Rock Cut/Ditch, Collision With Fixed Object",1,415088,36071,4753,2.6,13857119.0,5167.5,1527
2024,Property Damage Accident,17:17,2024-10-31,Thursday,Y,Dusk,HIGHLAND FALLS,OTHER,ORANGE,Straight and Level,Clear,,Dry,9W83021035,Not Applicable,Deer,1,415088,36071,4753,2.6,13857119.0,5167.5,1527
2024,Property Damage Accident,18:11,2024-10-31,Thursday,Y,Dusk,MONROE,REAR END,ORANGE,Straight and Level,Clear,Traffic Signal,Dry,17M83013178,Not Applicable,"Other Motor Vehicle, Collision With",2,415088,36071,4753,2.6,13857119.0,5167.5,1527
2024,Property Damage Accident,9:15,2024-10-31,Thursday,Y,Daylight,WALLKILL,OTHER,ORANGE,Straight and Level,Clear,Traffic Signal,Dry,211 83013016,Not Applicable,"Other Motor Vehicle, Collision With",4,415088,36071,4753,2.6,13857119.0,5167.5,1527
2024,Property Damage Accident,22:20,2024-10-31,Thursday,Y,Dark-Road Unlighted,BLOOMING GROVE,OTHER,ORANGE,Straight and Level,Clear,No Passing Zone,Dry,94 83011193,Not Applicable,"Animal, Collision With",1,415088,36071,4753,2.6,13857119.0,5167.5,1527
2024,Property Damage & Injury Accident,12:17,2024-10-31,Thursday,Y,Daylight,SOUTH BLOOMING GROVE,REAR END,ORANGE,Straight and Level,Clear,Traffic Signal,Dry,208 83011026,Not Applicable,"Other Motor Vehicle, Collision With",2,415088,36071,4753,2.6,13857119.0,5167.5,1527
2024,Property Damage Accident,16:40,2024-10-31,Thursday,Y,Daylight,PORT JERVIS,OTHER,ORANGE,Straight and Level,Clear,,Dry,6 83011003,Not Applicable,"Sign Post, Collision With Fixed Object",1,415088,36071,4753,2.6,13857119.0,5167.5,1527
2024,Property Damage Accident,2:30,2024-10-31,Thursday,Y,Dark-Road Unlighted,CHESTER,OTHER,ORANGE,Straight and Grade,Clear,,Dry,17 83101161,Not Applicable,Deer,1,415088,36071,4753,2.6,13857119.0,5167.5,1527
2024,Property Damage Accident,15:48,2024-10-31,Thursday,Y,Daylight,NEW WINDSOR,RIGHT TURN (5),ORANGE,Straight and Level,Clear,Stop Sign,Dry,300 83021126,Not Applicable,"Other Motor Vehicle, Collision With",2,415088,36071,4753,2.6,13857119.0,5167.5,1527
2024,Property Damage & Injury Accident,14:43,2024-10-31,Thursday,Y,Daylight,MIDDLETOWN,RIGHT ANGLE,ORANGE,Straight and Level,Clear,Stop Sign,Dry,17M83012010,Not Applicable,"Other Motor Vehicle, Collision With",2,415088,36071,4753,2.6,13857119.0,5167.5,1527
2024,Property Damage Accident,9:36,2024-10-31,Thursday,Y,Daylight,PUTNAM VALLEY,OVERTAKING,PUTNAM,Straight and Grade,Clear,,Dry,987G84021086,Not Applicable,"Other Motor Vehicle, Collision With",2,98842,36079,509,0.7,2746105.0,4089.2,375
2024,Property Damage Accident,17:46,2024-10-31,Thursday,Y,Dawn,SOUTHEAST,RIGHT TURN (6),PUTNAM,Straight and Level,Clear,No Passing Zone,Dry,22 84031081,Not Applicable,"Other Motor Vehicle, Collision With",2,98842,36079,509,0.7,2746105.0,4089.2,375
2024,Property Damage Accident,7:25,2024-10-31,Thursday,Y,Daylight,PUTNAM VALLEY,REAR END,PUTNAM,Straight and Level,Clear,,Dry,987G84021069,Not Applicable,"Other Motor Vehicle, Collision With",2,98842,36079,509,0.7,2746105.0,4089.2,375
2024,Property Damage & Injury Accident,16:46,2024-10-31,Thursday,Y,Daylight,NYACK,OTHER,ROCKLAND,Straight and Level,Clear,,Dry,59 85011140,Not Applicable,"Other Motor Vehicle, Collision With",3,354829,36087,259,0.3,7336134.0,9989.2,886
2024,Property Damage Accident,8:10,2024-10-31,Thursday,Y,Daylight,ORANGETOWN,OTHER,ROCKLAND,Straight and Level,Clear,,Dry,,Not Applicable,Deer,1,354829,36087,259,0.3,7336134.0,9989.2,886
2024,Property Damage Accident,17:09,2024-10-31,Thursday,Y,Daylight,CLARKSTOWN,OVERTAKING,ROCKLAND,Straight and Level,Cloudy,,Dry,,Not Applicable,"Other Motor Vehicle, Collision With",2,354829,36087,259,0.3,7336134.0,9989.2,886
2024,Property Damage Accident,8:24,2024-10-31,Thursday,Y,Daylight,MONTEBELLO,REAR END,ROCKLAND,Straight at Hill Crest,Clear,,Dry,,Not Applicable,"Other Motor Vehicle, Collision With",2,354829,36087,259,0.3,7336134.0,9989.2,886
2024,Property Damage Accident,18:20,2024-10-31,Thursday,Y,Dark-Road Lighted,HAVERSTRAW,REAR END,ROCKLAND,Straight and Level,Clear,,Dry,202 85011108,Not Applicable,"Other Motor Vehicle, Collision With",2,354829,36087,259,0.3,7336134.0,9989.2,886
2024,Property Damage & Injury Accident,21:39,2024-10-31,Thursday,Y,Dark-Road Unlighted,SAUGERTIES,OTHER,ULSTER,Curve and Level,Clear,No Passing Zone,Dry,,Not Applicable,"Other*, Non-Collision",1,183095,36111,3565,1.2,6410502.0,3939.4,999
2024,Property Damage Accident,11:15,2024-10-31,Thursday,Y,Daylight,KINGSTON,RIGHT ANGLE,ULSTER,Straight and Level,Clear,Stop Sign,Dry,,Not Applicable,"Other Motor Vehicle, Collision With",2,183095,36111,3565,1.2,6410502.0,3939.4,999
2024,Property Damage & Injury Accident,15:25,2024-10-31,Thursday,Y,Daylight,PLATTEKILL,OTHER,ULSTER,Straight and Grade,Clear,,Dry,,Not Applicable,"Tree, Collision With Fixed Object",1,183095,36111,3565,1.2,6410502.0,3939.4,999
2024,Property Damage Accident,18:50,2024-10-31,Thursday,Y,Dark-Road Unlighted,SHAWANGUNK,OTHER,ULSTER,Straight and Level,Clear,,Dry,,Not Applicable,Deer,1,183095,36111,3565,1.2,6410502.0,3939.4,999
2024,Property Damage Accident,8:06,2024-10-31,Thursday,Y,Daylight,ULSTER,OVERTAKING,ULSTER,Straight and Level,Clear,,Dry,,Not Applicable,"Other Motor Vehicle, Collision With",2,183095,36111,3565,1.2,6410502.0,3939.4,999
2024,Property Damage Accident,17:05,2024-10-31,Thursday,Y,Daylight,NEW ROCHELLE,LEFT TURN (3),WESTCHESTER,Curve and Grade,Cloudy,,Dry,,Not Applicable,"Other Motor Vehicle, Collision With",2,1009165,36119,850,0.8,18110248.0,6143.2,3354
2024,Property Damage Accident,19:25,2024-10-31,Thursday,Y,Dark-Road Unlighted,YORKTOWN,OTHER,WESTCHESTER,Straight and Level,Clear,,Dry,35 87012040,Not Applicable,"Animal, Collision With",1,1009165,36119,850,0.8,18110248.0,6143.2,3354
2024,Property Damage Accident,11:44,2024-10-31,Thursday,Y,Daylight,WHITE PLAINS,OVERTAKING,WESTCHESTER,Curve and Grade,Clear,,Dry,,Not Applicable,"Other Motor Vehicle, Collision With",2,1009165,36119,850,0.8,18110248.0,6143.2,3354
2024,Property Damage Accident,16:42,2024-10-31,Thursday,Y,Daylight,YONKERS,OVERTAKING,WESTCHESTER,Straight and Level,Clear,,Dry,100 87011010,Not Applicable,"Other Motor Vehicle, Collision With",2,1009165,36119,850,0.8,18110248.0,6143.2,3354
2024,Property Damage & Injury Accident,11:50,2024-10-31,Thursday,Y,Daylight,YORKTOWN,OTHER,WESTCHESTER,Straight and Level,Clear,,Dry,35 87012048,Not Applicable,"Other Motor Vehicle, Collision With",3,1009165,36119,850,0.8,18110248.0,6143.2,3354
2024,Property Damage Accident,8:10,2024-10-31,Thursday,Y,Daylight,NEW ROCHELLE,HEAD ON,WESTCHESTER,Straight and Level,Clear,,Dry,1 87032023,Not Applicable,"Other Motor Vehicle, Collision With",2,1009165,36119,850,0.8,18110248.0,6143.2,3354
2024,Property Damage Accident,9:05,2024-10-31,Thursday,Y,Daylight,YONKERS,SIDESWIPE,WESTCHESTER,Straight at Hill Crest,Clear,,Dry,,Not Applicable,"Other Motor Vehicle, Collision With",2,1009165,36119,850,0.8,18110248.0,6143.2,3354
2024,Property Damage Accident,8:46,2024-10-31,Thursday,Y,Daylight,MAMARONECK,RIGHT ANGLE,WESTCHESTER,Straight and Level,Clear,,Dry,,Not Applicable,"Other Motor Vehicle, Collision With",2,1009165,36119,850,0.8,18110248.0,6143.2,3354
2024,Property Damage Accident,4:23,2024-10-31,Thursday,Y,Dark-Road Unlighted,GREENBURGH,OTHER,WESTCHESTER,Straight and Level,Cloudy,,Dry,987F87012030,Not Applicable,"Animal, Collision With",1,1009165,36119,850,0.8,18110248.0,6143.2,3354
2024,Property Damage & Injury Accident,16:45,2024-10-31,Thursday,Y,Daylight,GREENBURGH,OTHER,WESTCHESTER,Straight and Level,Clear,,Dry,100 87012027,Not Applicable,"Other Motor Vehicle, Collision With",3,1009165,36119,850,0.8,18110248.0,6143.2,3354
2024,Property Damage & Injury Accident,19:58,2024-10-31,Thursday,Y,Dark-Road Lighted,IRVINGTON,OTHER,WESTCHESTER,Straight and Level,Clear,Traffic Signal,Dry,9 87032034,"Crossing, Against Signal","Pedestrian, Collision With",1,1009165,36119,850,0.8,18110248.0,6143.2,3354
2024,Property Damage Accident,22:38,2024-10-31,Thursday,Y,Dark-Road Unlighted,PEEKSKILL,OTHER,WESTCHESTER,Straight and Level,Clear,,Dry,9 87033009,Not Applicable,"Animal, Collision With",1,1009165,36119,850,0.8,18110248.0,6143.2,3354
2024,Property Damage Accident,19:04,2024-10-31,Thursday,Y,Dark-Road Lighted,WHITE PLAINS,LEFT TURN (3),WESTCHESTER,Straight and Level,Clear,Traffic Signal,Dry,,Not Applicable,"Other Motor Vehicle, Collision With",2,1009165,36119,850,0.8,18110248.0,6143.2,3354
2024,Property Damage Accident,14:53,2024-10-31,Thursday,Y,Daylight,YONKERS,OVERTAKING,WESTCHESTER,Straight and Level,Clear,,Dry,,Not Applicable,"Other Motor Vehicle, Collision With",2,1009165,36119,850,0.8,18110248.0,6143.2,3354
2024,Property Damage & Injury Accident,13:21,2024-10-31,Thursday,Y,Daylight,PELHAM MANOR,REAR END,WESTCHESTER,Straight and Level,Clear,Traffic Signal,Dry,1 87031001,Not Applicable,"Other Motor Vehicle, Collision With",2,1009165,36119,850,0.8,18110248.0,6143.2,3354