year,accident_descriptor,time,date,day_of_week,police_report,lighting_conditions,municipality,collision_type_descriptor,county_name,road_descriptor,weather_conditions,traffic_control_device,road_surface_conditions,dot_reference_marker_location,pedestrian_bicyclist_action,event_descriptor,number_of_vehicles_involved,county_population_2024,county_fips,county_deer_take_2024,county_antlerless_deer_per_sqmi_2024,county_daily_vmt_2019,county_mean_aadt_2019,county_aadt_segments_2019
2024,Property Damage Accident,17:01,2024-10-31,Thursday,Y,Daylight,NEW CASTLE,OTHER,WESTCHESTER,Curve and Grade,Clear,Stop Sign,Dry,117 87011073,Not Applicable,"Other Motor Vehicle, Collision With",3,1009165,36119,850,0.8,18110248.0,6143.2,3354
2024,Property Damage Accident,15:30,2024-10-31,Thursday,Y,Daylight,PORT CHESTER,RIGHT TURN (5),WESTCHESTER,Straight and Level,Clear,Stop Sign,Dry,,Not Applicable,"Other Motor Vehicle, Collision With",2,1009165,36119,850,0.8,18110248.0,6143.2,3354
2024,Injury Accident,8:06,2024-10-31,Thursday,Y,Daylight,YONKERS,OTHER,WESTCHESTER,Straight and Grade,Clear,Stop Sign,Dry,,"Crossing, No Signal or Crosswalk","Pedestrian, Collision With",1,1009165,36119,850,0.8,18110248.0,6143.2,3354
2024,Property Damage Accident,3:23,2024-10-31,Thursday,Y,Daylight,BEDFORD,OTHER,WESTCHESTER,Straight and Level,Clear,,Dry,684I87011133,Not Applicable,"Other Motor Vehicle, Collision With",2,1009165,36119,850,0.8,18110248.0,6143.2,3354
2024,Property Damage Accident,17:06,2024-11-01,Friday,Y,Daylight,POUGHKEEPSIE,REAR END,DUTCHESS,Straight and Level,Clear,,Dry,9 82052015,Not Applicable,"Other Motor Vehicle, Collision With",2,299256,36027,1695,0.8,5987961.0,3975.0,1300
2024,Property Damage Accident,14:10,2024-11-01,Friday,N,Daylight,WAPPINGER,Unknown,DUTCHESS,Straight and Level,Clear,Unknown,Dry,,Not Applicable,"Other Motor Vehicle, Collision With",2,299256,36027,1695,0.8,5987961.0,3975.0,1300
2024,Property Damage Accident,12:09,2024-11-01,Friday,Y,Daylight,DOVER,OTHER,DUTCHESS,Straight and Level,Clear,RR Crossing Gates,Dry,,Not Applicable,"Other Object (Not Fixed)*, Collision With",1,299256,36027,1695,0.8,5987961.0,3975.0,1300
2024,Property Damage Accident,8:06,2024-11-01,Friday,Y,Daylight,EAST FISHKILL,OTHER,DUTCHESS,Curve and Grade,Cloudy,,Dry,987G82031092,Not Applicable,Deer,1,299256,36027,1695,0.8,5987961.0,3975.0,1300
2024,Property Damage Accident,23:20,2024-11-01,Friday,Y,Dark-Road Unlighted,CLINTON,OTHER,DUTCHESS,Curve and Level,Clear,,Dry,,Not Applicable,"Tree, Collision With Fixed Object",1,299256,36027,1695,0.8,5987961.0,3975.0,1300
2024,Property Damage & Injury Accident,15:30,2024-11-01,Friday,Y,Daylight,WALLKILL,LEFT TURN (3),ORANGE,Straight and Grade,Clear,,Dry,302 83011009,Not Applicable,"Other Motor Vehicle, Collision With",2,415088,36071,4753,2.6,13857119.0,5167.5,1527
2024,Property Damage Accident,21:25,2024-11-01,Friday,Y,Dark-Road Lighted,NEWBURGH,SIDESWIPE,ORANGE,Straight and Level,Clear,No Passing Zone,Dry,52 83031152,Not Applicable,"Other Motor Vehicle, Collision With",2,415088,36071,4753,2.6,13857119.0,5167.5,1527
2024,Property Damage Accident,15:00,2024-11-01,Friday,Y,Daylight,HIGHLAND FALLS,LEFT TURN (0),ORANGE,Straight and Grade,Clear,,Dry,,Not Applicable,"Other Motor Vehicle, Collision With",2,415088,36071,4753,2.6,13857119.0,5167.5,1527
2024,Property Damage & Injury Accident,19:19,2024-11-01,Friday,Y,Dark-Road Lighted,NEWBURGH,REAR END,ORANGE,Straight and Level,Clear,Traffic Signal,Dry,9W83022012,Not Applicable,"Other Motor Vehicle, Collision With",2,415088,36071,4753,2.6,13857119.0,5167.5,1527
2024,Property Damage Accident,19:38,2024-11-01,Friday,Y,Dark-Road Lighted,MONTGOMERY,LEFT TURN (3),ORANGE,Straight and Level,Clear,Traffic Signal,Dry,,Not Applicable,"Other Motor Vehicle, Collision With",2,415088,36071,4753,2.6,13857119.0,5167.5,1527
2024,Property Damage Accident,16:20,2024-11-01,Friday,Y,Daylight,NEWBURGH,OVERTAKING,ORANGE,Straight and Level,Clear,,Dry,32 83013011,Not Applicable,"Other Motor Vehicle, Collision With",2,415088,36071,4753,2.6,13857119.0,5167.5,1527
2024,Property Damage Accident,7:59,2024-11-01,Friday,Y,Daylight,MONTGOMERY,OVERTAKING,ORANGE,Straight and Level,Clear,,Dry,84I83011312,Not Applicable,"Other Motor Vehicle, Collision With",2,415088,36071,4753,2.6,13857119.0,5167.5,1527
2024,Property Damage & Injury Accident,15:47,2024-11-01,Friday,Y,Daylight,NEW WINDSOR,REAR END,ORANGE,Straight and Level,Clear,,Dry,94 83011292,Not Applicable,"Other Motor Vehicle, Collision With",2,415088,36071,4753,2.6,13857119.0,5167.5,1527
2024,Property Damage Accident,2:15,2024-11-01,Friday,Y,Dark-Road Unlighted,WALLKILL,OTHER,ORANGE,Curve and Level,Clear,,Dry,,Not Applicable,Deer,1,415088,36071,4753,2.6,13857119.0,5167.5,1527
2024,Property Damage Accident,15:44,2024-11-01,Friday,Y,Daylight,CORNWALL,SIDESWIPE,ORANGE,Straight and Level,Clear,,Dry,,Not Applicable,"Other Motor Vehicle, Collision With",2,415088,36071,4753,2.6,13857119.0,5167.5,1527
2024,Property Damage Accident,5:39,2024-11-01,Friday,Y,Dark-Road Unlighted,MONROE,OTHER,ORANGE,Straight and Level,Cloudy,,Dry,17 83101232,Not Applicable,"Guide Rail - Not At End, Collision With Fixed Object",1,415088,36071,4753,2.6,13857119.0,5167.5,1527
2024,Property Damage Accident,12:21,2024-11-01,Friday,Y,Daylight,WALLKILL,OTHER,ORANGE,Straight and Level,Clear,,Dry,,Not Applicable,"Other Motor Vehicle, Collision With",2,415088,36071,4753,2.6,13857119.0,5167.5,1527
2024,Property Damage & Injury Accident,2:15,2024-11-01,Friday,Y,Dark-Road Lighted,NEWBURGH,REAR END,ORANGE,Straight and Level,Clear,Traffic Signal,Dry,9W83022012,Not Applicable,"Other Motor Vehicle, Collision With",2,415088,36071,4753,2.6,13857119.0,5167.5,1527
2024,Property Damage Accident,21:25,2024-11-01,Friday,Y,Dark-Road Unlighted,DEERPARK,OTHER,ORANGE,Straight and Grade,Clear,No Passing Zone,Dry,211 83011008,Not Applicable,Deer,2,415088,36071,4753,2.6,13857119.0,5167.5,1527
2024,Property Damage Accident,16:15,2024-11-01,Friday,Y,Daylight,NEW WINDSOR,OVERTAKING,ORANGE,Straight and Grade,Clear,Traffic Signal,Dry,,Not Applicable,"Other Motor Vehicle, Collision With",2,415088,36071,4753,2.6,13857119.0,5167.5,1527
2024,Property Damage Accident,17:11,2024-11-01,Friday,Y,Daylight,NEWBURGH,REAR END,ORANGE,Straight and Level,Cloudy,,Dry,,Not Applicable,"Other Motor Vehicle, Collision With",2,415088,36071,4753,2.6,13857119.0,5167.5,1527
2024,Property Damage Accident,10:45,2024-11-01,Friday,Y,Daylight,SPRING VALLEY,OTHER,ROCKLAND,Straight and Level,Clear,,Dry,,Not Applicable,"Other Motor Vehicle, Collision With",2,354829,36087,259,0.3,7336134.0,9989.2,886
2024,Property Damage & Injury Accident,12:45,2024-11-01,Friday,Y,Daylight,,RIGHT ANGLE,ROCKLAND,Straight and Level,Clear,Stop Sign,Dry,,Not Applicable,"Other Motor Vehicle, Collision With",2,354829,36087,259,0.3,7336134.0,9989.2,886
2024,Property Damage Accident,14:18,2024-11-01,Friday,Y,Daylight,HAVERSTRAW,OVERTAKING,ROCKLAND,Straight and Level,Clear,,Dry,202 85011106,Not Applicable,"Other Motor Vehicle, Collision With",2,354829,36087,259,0.3,7336134.0,9989.2,886
2024,Property Damage Accident,14:40,2024-11-01,Friday,Y,Daylight,PIERMONT,RIGHT ANGLE,ROCKLAND,Straight and Level,Clear,,Dry,9W85011027,Not Applicable,"Other Motor Vehicle, Collision With",2,354829,36087,259,0.3,7336134.0,9989.2,886
2024,Property Damage Accident,8:55,2024-11-01,Friday,Y,Daylight,HILLBURN,OVERTAKING,ROCKLAND,Straight and Level,Cloudy,,Dry,,Not Applicable,"Other Motor Vehicle, Collision With",2,354829,36087,259,0.3,7336134.0,9989.2,886
2024,Property Damage Accident,8:20,2024-11-01,Friday,Y,Daylight,RAMAPO,HEAD ON,ROCKLAND,Straight and Level,Cloudy,Construction Work Area,Dry,306 85011016,Not Applicable,"Other Motor Vehicle, Collision With",2,354829,36087,259,0.3,7336134.0,9989.2,886
2024,Property Damage Accident,13:50,2024-11-01,Friday,Y,Daylight,ORANGETOWN,RIGHT ANGLE,ROCKLAND,Straight and Level,Clear,,Dry,,Not Applicable,"Other Motor Vehicle, Collision With",2,354829,36087,259,0.3,7336134.0,9989.2,886
2024,Property Damage Accident,14:25,2024-11-01,Friday,Y,Daylight,NYACK,OVERTAKING,ROCKLAND,Straight and Level,Clear,,Dry,,Not Applicable,"Other Motor Vehicle, Collision With",2,354829,36087,259,0.3,7336134.0,9989.2,886
2024,Property Damage Accident,9:55,2024-11-01,Friday,Y,Daylight,SPRING VALLEY,RIGHT ANGLE,ROCKLAND,Straight and Level,Clear,,Dry,45 85011042,Not Applicable,"Other Motor Vehicle, Collision With",2,354829,36087,259,0.3,7336134.0,9989.2,886
2024,Property Damage Accident,19:22,2024-11-01,Friday,Y,Dark-Road Unlighted,SHANDAKEN,OTHER,ULSTER,Straight and Level,Clear,,Dry,28 86012191,Not Applicable,Deer,1,183095,36111,3565,1.2,6410502.0,3939.4,999
2024,Property Damage Accident,19:48,2024-11-01,Friday,Y,Dark-Road Unlighted,ROCHESTER,OTHER,ULSTER,Curve and Grade,Clear,,Dry,,Not Applicable,Deer,1,183095,36111,3565,1.2,6410502.0,3939.4,999
2024,Property Damage Accident,22:00,2024-11-01,Friday,N,Dark-Road Unlighted,SAUGERTIES,OTHER,ULSTER,Straight and Level,Clear,,Dry,,Not Applicable,"Animal, Collision With",1,183095,36111,3565,1.2,6410502.0,3939.4,999
2024,Property Damage Accident,12:09,2024-11-01,Friday,Y,Daylight,ULSTER,OTHER,ULSTER,Straight and Level,Clear,,Dry,28 86012011,Not Applicable,"Guide Rail - Not At End, Collision With Fixed Object",1,183095,36111,3565,1.2,6410502.0,3939.4,999
2024,Property Damage Accident,16:24,2024-11-01,Friday,Y,Daylight,PLATTEKILL,LEFT TURN (0),ULSTER,Straight and Level,Clear,,Dry,32 86021055,Not Applicable,"Other Motor Vehicle, Collision With",2,183095,36111,3565,1.2,6410502.0,3939.4,999
2024,Property Damage Accident,20:15,2024-11-01,Friday,Y,Dark-Road Lighted,WAWARSING,OTHER,ULSTER,Straight and Level,Clear,No Passing Zone,Dry,55 86021150,Not Applicable,Deer,1,183095,36111,3565,1.2,6410502.0,3939.4,999
2024,Property Damage Accident,15:10,2024-11-01,Friday,Y,Daylight,ULSTER,OTHER,ULSTER,Curve and Level,Clear,,Dry,32 86021243,Not Applicable,"Light Support/Utility Pole, Collision With Fixed Object",1,183095,36111,3565,1.2,6410502.0,3939.4,999
2024,Property Damage Accident,21:19,2024-11-01,Friday,Y,Dark-Road Unlighted,MOUNT PLEASANT,OVERTAKING,WESTCHESTER,Curve and Level,Cloudy,,Dry,987G87011030,Not Applicable,"Other Motor Vehicle, Collision With",2,1009165,36119,850,0.8,18110248.0,6143.2,3354
2024,Property Damage Accident,0:00,2024-11-01,Friday,N,Daylight,YONKERS,REAR END,WESTCHESTER,Unknown,Clear,,Dry,,Not Applicable,"Other Motor Vehicle, Collision With",2,1009165,36119,850,0.8,18110248.0,6143.2,3354
2024,Property Damage Accident,18:06,2024-11-01,Friday,Y,Dark-Road Lighted,CORTLANDT,OTHER,WESTCHESTER,Straight and Grade,Clear,,Dry,9 87032193,Not Applicable,"Guide Rail - Not At End, Collision With Fixed Object",1,1009165,36119,850,0.8,18110248.0,6143.2,3354
2024,Property Damage Accident,13:07,2024-11-01,Friday,Y,Daylight,RYE BROOKE,OVERTAKING,WESTCHESTER,Straight and Level,Clear,,Dry,,Not Applicable,"Other Motor Vehicle, Collision With",2,1009165,36119,850,0.8,18110248.0,6143.2,3354
2024,Property Damage Accident,12:42,2024-11-01,Friday,Y,Daylight,YONKERS,OTHER,WESTCHESTER,Straight and Level,Clear,,Dry,,Not Applicable,"Fence, Collision With Fixed Object",1,1009165,36119,850,0.8,18110248.0,6143.2,3354
2024,Property Damage Accident,21:15,2024-11-01,Friday,N,Unknown,SOMERS,OTHER,WESTCHESTER,Unknown,Unknown,Unknown,Unknown,,Not Applicable,Deer,1,1009165,36119,850,0.8,18110248.0,6143.2,3354
2024,Property Damage Accident,9:15,2024-11-01,Friday,Y,Daylight,RYE BROOKE,REAR END,WESTCHESTER,Straight and Level,Cloudy,,Wet,120A87011037,Not Applicable,"Other Motor Vehicle, Collision With",2,1009165,36119,850,0.8,18110248.0,6143.2,3354
2024,Injury Accident,19:20,2024-11-01,Friday,Y,Dark-Road Lighted,MAMARONECK,OTHER,WESTCHESTER,Straight and Level,Clear,Other,Dry,,"Crossing, No Signal, Marked Crosswalk","Pedestrian, Collision With",1,1009165,36119,850,0.8,18110248.0,6143.2,3354
2024,Property Damage & Injury Accident,15:35,2024-11-01,Friday,Y,Daylight,LEWISBORO,OTHER,WESTCHESTER,Curve and Grade,Clear,No Passing Zone,Dry,983D87011002,Other Actions in Roadway,"Pedestrian, Collision With",1,1009165,36119,850,0.8,18110248.0,6143.2,3354
2024,Injury Accident,19:24,2024-11-01,Friday,Y,Dark-Road Lighted,NEW ROCHELLE,RIGHT ANGLE,WESTCHESTER,Straight at Hill Crest,Clear,Traffic Signal,Dry,982J87011000,Not Applicable,"Other Motor Vehicle, Collision With",2,1009165,36119,850,0.8,18110248.0,6143.2,3354
2024,Property Damage & Injury Accident,15:42,2024-11-01,Friday,Y,Daylight,MOUNT VERNON,OVERTAKING,WESTCHESTER,Straight and Level,Clear,,Dry,,Not Applicable,"Other Motor Vehicle, Collision With",2,1009165,36119,850,0.8,18110248.0,6143.2,3354
2024,Property Damage Accident,14:38,2024-11-01,Friday,Y,Daylight,PORT CHESTER,HEAD ON,WESTCHESTER,Straight and Level,Clear,Stop Sign,Dry,,Not Applicable,"Other Motor Vehicle, Collision With",2,1009165,36119,850,0.8,18110248.0,6143.2,3354
2024,Property Damage Accident,14:42,2024-11-01,Friday,Y,Daylight,PORT CHESTER,REAR END,WESTCHESTER,Straight and Level,Clear,Traffic Signal,Dry,120A87011023,Not Applicable,"Other Motor Vehicle, Collision With",2,1009165,36119,850,0.8,18110248.0,6143.2,3354
2024,Property Damage Accident,10:03,2024-11-01,Friday,Y,Daylight,GREENBURGH,REAR END,WESTCHESTER,Straight and Level,Clear,,Dry,9A87032070,Not Applicable,"Other Motor Vehicle, Collision With",2,1009165,36119,850,0.8,18110248.0,6143.2,3354
2024,Property Damage & Injury Accident,15:36,2024-11-01,Friday,Y,Daylight,YONKERS,REAR END,WESTCHESTER,Straight and Level,Clear,,Dry,,Not Applicable,"Other Motor Vehicle, Collision With",2,1009165,36119,850,0.8,18110248.0,6143.2,3354
2024,Property Damage Accident,20:40,2024-11-01,Friday,Y,Dark-Road Unlighted,CORTLANDT,OTHER,WESTCHESTER,Curve and Level,Clear,,Dry,,Not Applicable,Deer,1,1009165,36119,850,0.8,18110248.0,6143.2,3354
2024,Property Damage Accident,16:04,2024-11-01,Friday,Y,Daylight,GREENBURGH,OVERTAKING,WESTCHESTER,Straight and Level,Clear,,Dry,,Not Applicable,"Other Motor Vehicle, Collision With",2,1009165,36119,850,0.8,18110248.0,6143.2,3354
2024,Property Damage & Injury Accident,15:15,2024-11-01,Friday,Y,Daylight,NORTH SALEM,OTHER,WESTCHESTER,Straight and Level,Clear,,Dry,684I87011242,Not Applicable,"Other Motor Vehicle, Collision With",3,1009165,36119,850,0.8,18110248.0,6143.2,3354
2024,Property Damage & Injury Accident,19:13,2024-11-01,Friday,Y,Dark-Road Unlighted,YONKERS,REAR END,WESTCHESTER,Straight and Level,Clear,,Dry,987F87011009,Not Applicable,"Other Motor Vehicle, Collision With",2,1009165,36119,850,0.8,18110248.0,6143.2,3354
2024,Property Damage Accident,19:28,2024-11-01,Friday,Y,Dark-Road Lighted,PORT CHESTER,OVERTAKING,WESTCHESTER,Straight and Grade,Clear,,Dry,982C87011004,Not Applicable,"Other Motor Vehicle, Collision With",2,1009165,36119,850,0.8,18110248.0,6143.2,3354
2024,Property Damage Accident,13:34,2024-11-01,Friday,Y,Daylight,PORT CHESTER,OVERTAKING,WESTCHESTER,Straight and Level,Clear,,Dry,,Not Applicable,"Other Motor Vehicle, Collision With",2,1009165,36119,850,0.8,18110248.0,6143.2,3354
2024,Property Damage & Injury Accident,11:00,2024-11-02,Saturday,Y,Daylight,RHINEBECK,REAR END,DUTCHESS,Straight and Level,Clear,,Dry,9 82053154,Not Applicable,"Other Motor Vehicle, Collision With",2,299256,36027,1695,0.8,5987961.0,3975.0,1300
2024,Property Damage Accident,6:16,2024-11-02,Saturday,Y,Dawn,EAST FISHKILL,OTHER,DUTCHESS,Straight and Level,Clear,Traffic Signal,Dry,82 82011035,Not Applicable,"Other Motor Vehicle, Collision With",2,299256,36027,1695,0.8,5987961.0,3975.0,1300
2024,Property Damage & Injury Accident,19:48,2024-11-02,Saturday,Y,Dark-Road Unlighted,WOODBURY,OTHER,ORANGE,Straight and Grade,Clear,Unknown,Dry,6 83012371,Not Applicable,"Earth Embankment/Rock Cut/Ditch, Collision With Fixed Object",1,415088,36071,4753,2.6,13857119.0,5167.5,1527
2024,Property Damage Accident,19:40,2024-11-02,Saturday,Y,Dark-Road Unlighted,NEWBURGH,REAR END,ORANGE,Straight and Level,Clear,,Dry,,Not Applicable,"Other Motor Vehicle, Collision With",2,415088,36071,4753,2.6,13857119.0,5167.5,1527
2024,Property Damage & Injury Accident,18:30,2024-11-02,Saturday,Y,Dark-Road Lighted,CHESTER,OTHER,ORANGE,Straight and Level,Clear,Stop Sign,Dry,94 83011150,Not Applicable,"Other Motor Vehicle, Collision With",2,415088,36071,4753,2.6,13857119.0,5167.5,1527
2024,Property Damage Accident,20:50,2024-11-02,Saturday,Y,Dark-Road Lighted,HARRIMAN,OVERTAKING,ORANGE,Straight and Grade,Clear,No Passing Zone,Dry,,Not Applicable,"Other Motor Vehicle, Collision With",2,415088,36071,4753,2.6,13857119.0,5167.5,1527
2024,Property Damage Accident,17:40,2024-11-02,Saturday,Y,Dusk,WARWICK,OTHER,ORANGE,Straight and Level,Clear,No Passing Zone,Dry,17A83011076,Not Applicable,Deer,1,415088,36071,4753,2.6,13857119.0,5167.5,1527
2024,Injury Accident,15:00,2024-11-02,Saturday,N,Daylight,NEWBURGH,REAR END,ORANGE,Straight and Level,Clear,Unknown,Dry,52 83031141,Not Applicable,"Other Motor Vehicle, Collision With",2,415088,36071,4753,2.6,13857119.0,5167.5,1527
2024,Property Damage Accident,11:45,2024-11-02,Saturday,Y,Daylight,WALLKILL,OTHER,ORANGE,Straight and Level,Clear,Traffic Signal,Dry,,Not Applicable,"Other Motor Vehicle, Collision With",3,415088,36071,4753,2.6,13857119.0,5167.5,1527
2024,Property Damage Accident,15:50,2024-11-02,Saturday,Y,Daylight,MIDDLETOWN,OVERTAKING,ORANGE,Straight and Grade,Clear,,Dry,,Not Applicable,"Other Motor Vehicle, Collision With",2,415088,36071,4753,2.6,13857119.0,5167.5,1527
2024,Property Damage Accident,3:40,2024-11-02,Saturday,Y,Dark-Road Unlighted,KENT,OTHER,PUTNAM,Straight and Level,Clear,,Dry,987G84021131,Not Applicable,"Guide Rail - Not At End, Collision With Fixed Object",1,98842,36079,509,0.7,2746105.0,4089.2,375
2024,Property Damage & Injury Accident,0:24,2024-11-02,Saturday,Y,Dark-Road Unlighted,SOUTHEAST,OTHER,PUTNAM,Straight and Level,Clear,,Dry,684I84021028,Not Applicable,"Tree, Collision With Fixed Object",1,98842,36079,509,0.7,2746105.0,4089.2,375
2024,Property Damage Accident,18:40,2024-11-02,Saturday,N,Dark-Road Unlighted,BREWSTER,OTHER,PUTNAM,Curve and Level,Clear,Unknown,Dry,,Not Applicable,Deer,1,98842,36079,509,0.7,2746105.0,4089.2,375
2024,Property Damage & Injury Accident,13:11,2024-11-02,Saturday,Y,Daylight,PATTERSON,REAR END,PUTNAM,Curve at Hill Crest,Clear,No Passing Zone,Dry,311 84011028,Not Applicable,"Other Motor Vehicle, Collision With",2,98842,36079,509,0.7,2746105.0,4089.2,375
2024,Property Damage & Injury Accident,22:37,2024-11-02,Saturday,Y,Dark-Road Lighted,SPRING VALLEY,SIDESWIPE,ROCKLAND,Straight at Hill Crest,Clear,Stop Sign,Dry,59 85011071,Not Applicable,"Other Motor Vehicle, Collision With",2,354829,36087,259,0.3,7336134.0,9989.2,886
2024,Property Damage Accident,5:10,2024-11-02,Saturday,Y,Dark-Road Lighted,HAVERSTRAW,OTHER,ROCKLAND,Curve and Level,Clear,,Dry,,Not Applicable,"Fence, Collision With Fixed Object",1,354829,36087,259,0.3,7336134.0,9989.2,886
2024,Property Damage Accident,5:30,2024-11-02,Saturday,N,Dark-Road Unlighted,RAMAPO,OTHER,ROCKLAND,Straight and Level,Clear,,Dry,,Not Applicable,"Other Object (Not Fixed)*, Collision With",1,354829,36087,259,0.3,7336134.0,9989.2,886
2024,Property Damage Accident,23:45,2024-11-02,Saturday,Y,Dark-Road Unlighted,RAMAPO,OTHER,ROCKLAND,Straight and Level,Clear,,Dry,987C85011129,Not Applicable,Deer,1,354829,36087,259,0.3,7336134.0,9989.2,886
2024,Property Damage Accident,7:20,2024-11-02,Saturday,Y,Daylight,NEW HEMPSTEAD,OTHER,ROCKLAND,Straight and Grade,Clear,,Dry,,Not Applicable,Deer,1,354829,36087,259,0.3,7336134.0,9989.2,886
2024,Property Damage Accident,18:15,2024-11-02,Saturday,Y,Dark-Road Lighted,CLARKSTOWN,OTHER,ROCKLAND,Curve and Grade,Clear,,Dry,9W85011119,Not Applicable,"Animal, Collision With",1,354829,36087,259,0.3,7336134.0,9989.2,886
2024,Property Damage Accident,13:49,2024-11-02,Saturday,Y,Daylight,ORANGETOWN,OVERTAKING,ROCKLAND,Straight and Level,Clear,,Dry,303 85011023,Not Applicable,"Other Motor Vehicle, Collision With",2,354829,36087,259,0.3,7336134.0,9989.2,886
2024,Property Damage & Injury Accident,16:39,2024-11-02,Saturday,Y,Daylight,KINGSTON,RIGHT ANGLE,ULSTER,Straight and Grade,Clear,Stop Sign,Dry,,Not Applicable,"Other Motor Vehicle, Collision With",2,183095,36111,3565,1.2,6410502.0,3939.4,999
2024,Property Damage Accident,19:40,2024-11-02,Saturday,Y,Dark-Road Unlighted,ULSTER,OTHER,ULSTER,Straight and Level,Clear,,Dry,,Not Applicable,Deer,1,183095,36111,3565,1.2,6410502.0,3939.4,999
2024,Property Damage Accident,17:50,2024-11-02,Saturday,Y,Dusk,KINGSTON,OTHER,ULSTER,Straight and Grade,Clear,Stop Sign,Dry,,Not Applicable,"Sign Post, Collision With Fixed Object",1,183095,36111,3565,1.2,6410502.0,3939.4,999
2024,Property Damage Accident,0:36,2024-11-02,Saturday,Y,Dark-Road Unlighted,SAUGERTIES,OTHER,ULSTER,Straight and Level,Cloudy,No Passing Zone,Dry,,Not Applicable,"Building/Wall, Collision With Fixed Object",1,183095,36111,3565,1.2,6410502.0,3939.4,999
2024,Property Damage Accident,21:36,2024-11-02,Saturday,Y,Dark-Road Unlighted,MARLBOROUGH,OTHER,ULSTER,Straight and Grade,Clear,No Passing Zone,Dry,9W86031023,Not Applicable,Deer,1,183095,36111,3565,1.2,6410502.0,3939.4,999
2024,Property Damage & Injury Accident,11:43,2024-11-02,Saturday,Y,Daylight,ROCHESTER,HEAD ON,ULSTER,Curve and Grade,Cloudy,,Dry,209 86031172,Not Applicable,"Other Motor Vehicle, Collision With",2,183095,36111,3565,1.2,6410502.0,3939.4,999
2024,Property Damage Accident,0:34,2024-11-02,Saturday,Y,Dark-Road Unlighted,SAUGERTIES,REAR END,ULSTER,Straight and Level,Clear,,Dry,,Not Applicable,"Other Motor Vehicle, Collision With",2,183095,36111,3565,1.2,6410502.0,3939.4,999
2024,Property Damage Accident,18:40,2024-11-02,Saturday,Y,Dark-Road Unlighted,ESOPUS,OTHER,ULSTER,Curve and Grade,Clear,,Dry,213 86011235,Not Applicable,Deer,1,183095,36111,3565,1.2,6410502.0,3939.4,999
2024,Property Damage Accident,16:50,2024-11-02,Saturday,Y,Daylight,HARRISON,REAR END,WESTCHESTER,Straight and Level,Clear,,Dry,120 87012026,Not Applicable,"Other Motor Vehicle, Collision With",2,1009165,36119,850,0.8,18110248.0,6143.2,3354
2024,Property Damage Accident,21:30,2024-11-02,Saturday,Y,Dark-Road Lighted,WHITE PLAINS,LEFT TURN (3),WESTCHESTER,Straight and Level,Clear,Traffic Signal,Dry,22 87023008,Not Applicable,"Other Motor Vehicle, Collision With",2,1009165,36119,850,0.8,18110248.0,6143.2,3354
2024,Property Damage Accident,18:45,2024-11-02,Saturday,Y,Dark-Road Lighted,HARRISON,RIGHT ANGLE,WESTCHESTER,Straight and Level,Clear,Traffic Signal,Dry,,Not Applicable,"Other Motor Vehicle, Collision With",2,1009165,36119,850,0.8,18110248.0,6143.2,3354
2024,Property Damage & Injury Accident,14:06,2024-11-02,Saturday,Y,Daylight,YONKERS,RIGHT ANGLE,WESTCHESTER,Straight and Level,Clear,Stop Sign,Dry,984E87011009,Not Applicable,"Other Motor Vehicle, Collision With",2,1009165,36119,850,0.8,18110248.0,6143.2,3354
2024,Property Damage Accident,15:54,2024-11-02,Saturday,Y,Daylight,NORTH CASTLE,REAR END,WESTCHESTER,Straight and Level,Clear,,Dry,22 87024071,Not Applicable,"Other Motor Vehicle, Collision With",2,1009165,36119,850,0.8,18110248.0,6143.2,3354
2024,Property Damage Accident,22:28,2024-11-02,Saturday,Y,Dark-Road Lighted,YONKERS,OVERTAKING,WESTCHESTER,Straight and Level,Clear,,Dry,,Not Applicable,"Other Motor Vehicle, Collision With",2,1009165,36119,850,0.8,18110248.0,6143.2,3354
2024,Property Damage Accident,17:46,2024-11-02,Saturday,Y,Dusk,NEW ROCHELLE,LEFT TURN (3),WESTCHESTER,Straight and Level,Clear,Traffic Signal,Dry,981V87011005,Not Applicable,"Other Motor Vehicle, Collision With",2,1009165,36119,850,0.8,18110248.0,6143.2,3354
2024,Property Damage Accident,13:15,2024-11-03,Sunday,Y,Daylight,FISHKILL,SIDESWIPE,DUTCHESS,Straight and Level,Clear,,Dry,82 82011004,Not Applicable,"Other Motor Vehicle, Collision With",2,299256,36027,1695,0.8,5987961.0,3975.0,1300
2024,Property Damage Accident,18:16,2024-11-03,Sunday,Y,Dark-Road Unlighted,MILAN,OTHER,DUTCHESS,Straight and Grade,Clear,,Dry,,Not Applicable,Deer,1,299256,36027,1695,0.8,5987961.0,3975.0,1300
2024,Property Damage Accident,17:50,2024-11-03,Sunday,Y,Dark-Road Lighted,POUGHKEEPSIE,OTHER,DUTCHESS,Straight and Level,Clear,Traffic Signal,Dry,9 82051138,Not Applicable,"Animal, Collision With",1,299256,36027,1695,0.8,5987961.0,3975.0,1300
2024,Property Damage Accident,12:07,2024-11-03,Sunday,Y,Daylight,WAPPINGER,REAR END,DUTCHESS,Straight and Level,Clear,Traffic Signal,Dry,,Not Applicable,"Other Motor Vehicle, Collision With",2,299256,36027,1695,0.8,5987961.0,3975.0,1300