year,accident_descriptor,time,date,day_of_week,police_report,lighting_conditions,municipality,collision_type_descriptor,county_name,road_descriptor,weather_conditions,traffic_control_device,road_surface_conditions,dot_reference_marker_location,pedestrian_bicyclist_action,event_descriptor,number_of_vehicles_involved,county_population_2024,county_fips,county_deer_take_2024,county_antlerless_deer_per_sqmi_2024,county_daily_vmt_2019,county_mean_aadt_2019,county_aadt_segments_2019
2024,Property Damage Accident,15:54,2024-11-03,Sunday,Y,Daylight,MONTGOMERY,SIDESWIPE,ORANGE,Straight and Level,Clear,Traffic Signal,Dry,,Not Applicable,"Other Motor Vehicle, Collision With",2,415088,36071,4753,2.6,13857119.0,5167.5,1527
2024,Property Damage Accident,11:15,2024-11-03,Sunday,Y,Daylight,WALLKILL,OTHER,ORANGE,Straight and Level,Clear,,Dry,,Not Applicable,"Earth Embankment/Rock Cut/Ditch, Collision With Fixed Object",1,415088,36071,4753,2.6,13857119.0,5167.5,1527
2024,Property Damage Accident,17:43,2024-11-03,Sunday,Y,Dark-Road Lighted,CRAWFORD,OTHER,ORANGE,Straight and Level,Clear,Traffic Signal,Dry,52 83031007,Not Applicable,"Animal, Collision With",1,415088,36071,4753,2.6,13857119.0,5167.5,1527
2024,Property Damage Accident,17:05,2024-11-03,Sunday,Y,Dark-Road Unlighted,NEWBURGH,RIGHT ANGLE,ORANGE,Straight and Level,Clear,Traffic Signal,Dry,52 83031149,Not Applicable,"Other Motor Vehicle, Collision With",2,415088,36071,4753,2.6,13857119.0,5167.5,1527
2024,Property Damage Accident,8:54,2024-11-03,Sunday,Y,Daylight,HIGHLANDS,OTHER,ORANGE,Straight and Grade,Clear,Stop Sign,Dry,293 83011058,Not Applicable,"Earth Embankment/Rock Cut/Ditch, Collision With Fixed Object",1,415088,36071,4753,2.6,13857119.0,5167.5,1527
2024,Property Damage Accident,1:30,2024-11-03,Sunday,Y,Dark-Road Unlighted,BLOOMING GROVE,OTHER,ORANGE,Straight at Hill Crest,Clear,No Passing Zone,Dry,208 83011053,Not Applicable,"Earth Embankment/Rock Cut/Ditch, Collision With Fixed Object",1,415088,36071,4753,2.6,13857119.0,5167.5,1527
2024,Property Damage Accident,16:56,2024-11-03,Sunday,Y,Dusk,PORT JERVIS,OTHER,ORANGE,Straight and Level,Cloudy,,Dry,,Not Applicable,"Building/Wall, Collision With Fixed Object",1,415088,36071,4753,2.6,13857119.0,5167.5,1527
2024,Property Damage & Injury Accident,18:20,2024-11-03,Sunday,Y,Dark-Road Lighted,KENT,OTHER,PUTNAM,Curve and Grade,Clear,No Passing Zone,Dry,52 84051050,Not Applicable,"Overturned, Non-Collision",1,98842,36079,509,0.7,2746105.0,4089.2,375
2024,Injury Accident,10:00,2024-11-03,Sunday,Y,Daylight,,REAR END,ROCKLAND,Straight and Level,Clear,,Dry,59 85011050,Not Applicable,"Other Motor Vehicle, Collision With",2,354829,36087,259,0.3,7336134.0,9989.2,886
2024,Property Damage Accident,0:47,2024-11-03,Sunday,Y,Dark-Road Unlighted,ROCHESTER,OTHER,ULSTER,Curve and Grade,Clear,No Passing Zone,Dry,209 86031135,Not Applicable,"Earth Embankment/Rock Cut/Ditch, Collision With Fixed Object",1,183095,36111,3565,1.2,6410502.0,3939.4,999
2024,Property Damage Accident,17:12,2024-11-03,Sunday,Y,Daylight,NEW PALTZ,OVERTAKING,ULSTER,Straight and Grade,Clear,No Passing Zone,Dry,32 86021118,Not Applicable,"Other Motor Vehicle, Collision With",2,183095,36111,3565,1.2,6410502.0,3939.4,999
2024,Injury Accident,3:09,2024-11-03,Sunday,Y,Dark-Road Lighted,YONKERS,REAR END,WESTCHESTER,Straight and Level,Clear,Traffic Signal,Dry,983B87011004,Not Applicable,"Other Motor Vehicle, Collision With",2,1009165,36119,850,0.8,18110248.0,6143.2,3354
2024,Injury Accident,17:04,2024-11-03,Sunday,N,Daylight,YONKERS,OVERTAKING,WESTCHESTER,Straight and Grade,Clear,,Dry,,Not Applicable,"Other Motor Vehicle, Collision With",2,1009165,36119,850,0.8,18110248.0,6143.2,3354
2024,Property Damage Accident,0:47,2024-11-03,Sunday,Y,Dark-Road Lighted,YONKERS,OTHER,WESTCHESTER,Straight and Level,Clear,,Dry,,Not Applicable,"Other Motor Vehicle, Collision With",2,1009165,36119,850,0.8,18110248.0,6143.2,3354
2024,Property Damage Accident,16:22,2024-11-03,Sunday,Y,Daylight,NEW ROCHELLE,RIGHT ANGLE,WESTCHESTER,Straight and Level,Clear,,Dry,,Not Applicable,"Other Motor Vehicle, Collision With",2,1009165,36119,850,0.8,18110248.0,6143.2,3354
2024,Property Damage Accident,11:30,2024-11-03,Sunday,Y,Daylight,,SIDESWIPE,WESTCHESTER,Straight and Level,Clear,,Dry,,Not Applicable,"Other Motor Vehicle, Collision With",2,1009165,36119,850,0.8,18110248.0,6143.2,3354
2024,Property Damage & Injury Accident,18:07,2024-11-03,Sunday,Y,Dark-Road Lighted,WHITE PLAINS,RIGHT ANGLE,WESTCHESTER,Straight and Level,Clear,Stop Sign,Dry,,Not Applicable,"Other Motor Vehicle, Collision With",2,1009165,36119,850,0.8,18110248.0,6143.2,3354
2024,Property Damage Accident,21:55,2024-11-03,Sunday,Y,Dark-Road Unlighted,BEDFORD,OTHER,WESTCHESTER,Straight and Level,Clear,,Dry,684I87011142,Not Applicable,Deer,1,1009165,36119,850,0.8,18110248.0,6143.2,3354
2024,Property Damage & Injury Accident,12:34,2024-11-03,Sunday,N,Unknown,YONKERS,Unknown,WESTCHESTER,Unknown,Unknown,Unknown,Unknown,,Not Applicable,"Other Motor Vehicle, Collision With",2,1009165,36119,850,0.8,18110248.0,6143.2,3354
2024,Property Damage Accident,11:15,2024-11-03,Sunday,N,Daylight,YONKERS,RIGHT ANGLE,WESTCHESTER,Straight and Level,Clear,,Dry,,Not Applicable,"Other Motor Vehicle, Collision With",2,1009165,36119,850,0.8,18110248.0,6143.2,3354
2024,Property Damage & Injury Accident,17:38,2024-11-03,Sunday,Y,Dusk,PORT CHESTER,REAR END,WESTCHESTER,Straight and Level,Clear,,Dry,,Not Applicable,"Other Motor Vehicle, Collision With",2,1009165,36119,850,0.8,18110248.0,6143.2,3354
2024,Property Damage Accident,12:17,2024-11-03,Sunday,Y,Daylight,NORTH CASTLE,OTHER,WESTCHESTER,Curve and Level,Clear,,Dry,22 87024048,Not Applicable,"Sign Post, Collision With Fixed Object",1,1009165,36119,850,0.8,18110248.0,6143.2,3354
2024,Property Damage Accident,10:43,2024-11-03,Sunday,Y,Daylight,YONKERS,OTHER,WESTCHESTER,Straight and Level,Clear,Traffic Signal,Dry,,Not Applicable,"Other Motor Vehicle, Collision With",2,1009165,36119,850,0.8,18110248.0,6143.2,3354
2024,Property Damage Accident,16:17,2024-11-03,Sunday,Y,Daylight,IRVINGTON,OVERTAKING,WESTCHESTER,Straight and Grade,Clear,,Dry,,Not Applicable,"Other Motor Vehicle, Collision With",2,1009165,36119,850,0.8,18110248.0,6143.2,3354
2024,Property Damage & Injury Accident,11:21,2024-11-03,Sunday,Y,Daylight,SCARSDALE,LEFT TURN (3),WESTCHESTER,Straight at Hill Crest,Clear,Traffic Signal,Dry,22 87022038,Not Applicable,"Other Motor Vehicle, Collision With",2,1009165,36119,850,0.8,18110248.0,6143.2,3354
2024,Property Damage & Injury Accident,22:40,2024-11-03,Sunday,Y,Dark-Road Unlighted,PEEKSKILL,OTHER,WESTCHESTER,Straight and Level,Clear,,Dry,35 87011016,Not Applicable,"Guide Rail - Not At End, Collision With Fixed Object",1,1009165,36119,850,0.8,18110248.0,6143.2,3354
2024,Property Damage Accident,21:13,2024-11-03,Sunday,Y,Dark-Road Lighted,PORT CHESTER,OTHER,WESTCHESTER,Straight and Grade,Clear,Other,Dry,1 87035007,Not Applicable,"Bridge Structure, Collision With Fixed Object",1,1009165,36119,850,0.8,18110248.0,6143.2,3354
2024,Property Damage Accident,15:51,2024-11-03,Sunday,Y,Daylight,YORKTOWN,REAR END,WESTCHESTER,Straight and Level,Clear,,Dry,35 87012034,Not Applicable,"Other Motor Vehicle, Collision With",2,1009165,36119,850,0.8,18110248.0,6143.2,3354
2024,Property Damage Accident,11:12,2024-11-03,Sunday,Y,Daylight,OSSINING,LEFT TURN (3),WESTCHESTER,Straight and Grade,Clear,Stop Sign,Dry,9 87032129,Not Applicable,"Other Motor Vehicle, Collision With",2,1009165,36119,850,0.8,18110248.0,6143.2,3354
2024,Property Damage Accident,13:48,2024-11-03,Sunday,Y,Daylight,PEEKSKILL,RIGHT ANGLE,WESTCHESTER,Straight and Level,Clear,Traffic Signal,Dry,6 87032026,Not Applicable,"Other Motor Vehicle, Collision With",2,1009165,36119,850,0.8,18110248.0,6143.2,3354
2024,Property Damage Accident,14:34,2024-11-04,Monday,Y,Daylight,EAST FISHKILL,OTHER,DUTCHESS,Straight and Level,Clear,No Passing Zone,Dry,,Not Applicable,Deer,1,299256,36027,1695,0.8,5987961.0,3975.0,1300
2024,Property Damage Accident,8:44,2024-11-04,Monday,Y,Daylight,POUGHKEEPSIE,OTHER,DUTCHESS,Straight and Level,Cloudy,,Dry,55 82032012,Not Applicable,"Other Motor Vehicle, Collision With",4,299256,36027,1695,0.8,5987961.0,3975.0,1300
2024,Property Damage Accident,9:30,2024-11-04,Monday,Y,Daylight,POUGHKEEPSIE,REAR END,DUTCHESS,Straight and Grade,Clear,Traffic Signal,Dry,,Not Applicable,"Other Motor Vehicle, Collision With",2,299256,36027,1695,0.8,5987961.0,3975.0,1300
2024,Property Damage Accident,17:45,2024-11-04,Monday,Y,Dark-Road Lighted,POUGHKEEPSIE,OTHER,DUTCHESS,Straight and Level,Clear,,Dry,9 82051134,Not Applicable,"Other Motor Vehicle, Collision With",3,299256,36027,1695,0.8,5987961.0,3975.0,1300
2024,Property Damage Accident,17:52,2024-11-04,Monday,Y,Dark-Road Lighted,WALLKILL,RIGHT TURN (5),ORANGE,Straight and Level,Clear,,Dry,,Not Applicable,"Other Motor Vehicle, Collision With",2,415088,36071,4753,2.6,13857119.0,5167.5,1527
2024,Property Damage Accident,1:24,2024-11-04,Monday,Y,Dark-Road Unlighted,GOSHEN,OTHER,ORANGE,Straight and Level,Clear,,Dry,17 83101117,Not Applicable,Deer,1,415088,36071,4753,2.6,13857119.0,5167.5,1527
2024,Property Damage Accident,15:51,2024-11-04,Monday,Y,Daylight,WALLKILL,OVERTAKING,ORANGE,Straight and Level,Clear,,Dry,,Not Applicable,"Other Motor Vehicle, Collision With",2,415088,36071,4753,2.6,13857119.0,5167.5,1527
2024,Fatal Accident,1:17,2024-11-04,Monday,Y,Dark-Road Lighted,NEWBURGH,RIGHT ANGLE,ORANGE,Straight and Level,Clear,Traffic Signal,Dry,17K83012013,Not Applicable,"Other Motor Vehicle, Collision With",2,415088,36071,4753,2.6,13857119.0,5167.5,1527
2024,Property Damage & Injury Accident,19:37,2024-11-04,Monday,Y,Dark-Road Unlighted,GOSHEN,OTHER,ORANGE,Straight and Level,Clear,Stop Sign,Dry,,Not Applicable,"Earth Embankment/Rock Cut/Ditch, Collision With Fixed Object",1,415088,36071,4753,2.6,13857119.0,5167.5,1527
2024,Property Damage Accident,6:22,2024-11-04,Monday,Y,Daylight,HAMPTONBURGH,OTHER,ORANGE,Straight and Level,Cloudy,No Passing Zone,Dry,,Not Applicable,Deer,1,415088,36071,4753,2.6,13857119.0,5167.5,1527
2024,Property Damage Accident,18:30,2024-11-04,Monday,Y,Dark-Road Unlighted,MOUNT HOPE,OTHER,ORANGE,Straight and Level,Clear,,Dry,,Not Applicable,Deer,1,415088,36071,4753,2.6,13857119.0,5167.5,1527
2024,Property Damage Accident,9:30,2024-11-04,Monday,Y,Daylight,CORNWALL,REAR END,ORANGE,Straight and Level,Cloudy,No Passing Zone,Dry,,Not Applicable,"Other Motor Vehicle, Collision With",2,415088,36071,4753,2.6,13857119.0,5167.5,1527
2024,Property Damage Accident,17:50,2024-11-04,Monday,Y,Dark-Road Unlighted,MONTGOMERY,OTHER,ORANGE,Straight and Grade,Clear,,Dry,,Not Applicable,Deer,1,415088,36071,4753,2.6,13857119.0,5167.5,1527
2024,Property Damage Accident,12:27,2024-11-04,Monday,Y,Daylight,SOUTHEAST,OTHER,PUTNAM,Straight and Level,Clear,Maintenance Work Area,Dry,84I84031103,Not Applicable,"Sign Post, Collision With Fixed Object",1,98842,36079,509,0.7,2746105.0,4089.2,375
2024,Property Damage Accident,13:49,2024-11-04,Monday,Y,Daylight,ORANGETOWN,LEFT TURN (3),ROCKLAND,Straight and Level,Clear,Traffic Signal,Dry,,Not Applicable,"Other Motor Vehicle, Collision With",2,354829,36087,259,0.3,7336134.0,9989.2,886
2024,Property Damage Accident,17:49,2024-11-04,Monday,Y,Dark-Road Lighted,WEST HAVERSTRAW,LEFT TURN (3),ROCKLAND,Straight and Level,Clear,Traffic Signal,Dry,9W85011165,Not Applicable,"Other Motor Vehicle, Collision With",2,354829,36087,259,0.3,7336134.0,9989.2,886
2024,Property Damage Accident,20:20,2024-11-04,Monday,Y,Dark-Road Unlighted,CLARKSTOWN,REAR END,ROCKLAND,Straight and Level,Clear,Stop Sign,Dry,,Not Applicable,"Other Motor Vehicle, Collision With",2,354829,36087,259,0.3,7336134.0,9989.2,886
2024,Property Damage & Injury Accident,17:40,2024-11-04,Monday,Y,Dark-Road Lighted,CLARKSTOWN,LEFT TURN (3),ROCKLAND,Straight and Level,Clear,,Dry,,Not Applicable,"Other Motor Vehicle, Collision With",2,354829,36087,259,0.3,7336134.0,9989.2,886
2024,Property Damage & Injury Accident,17:14,2024-11-04,Monday,Y,Dusk,CLARKSTOWN,OTHER,ROCKLAND,Straight and Level,Clear,,Dry,304 85011039,"Crossing, No Signal or Crosswalk","Pedestrian, Collision With",1,354829,36087,259,0.3,7336134.0,9989.2,886
2024,Property Damage Accident,18:55,2024-11-04,Monday,Y,Dark-Road Unlighted,STONY POINT,OTHER,ROCKLAND,Straight and Level,Clear,,Dry,9W85011195,Not Applicable,Deer,1,354829,36087,259,0.3,7336134.0,9989.2,886
2024,Injury Accident,16:54,2024-11-04,Monday,Y,Dark-Road Lighted,ORANGETOWN,OTHER,ROCKLAND,Straight and Level,Clear,Traffic Signal,Dry,303 85011020,"Crossing, With Signal","Pedestrian, Collision With",1,354829,36087,259,0.3,7336134.0,9989.2,886
2024,Property Damage & Injury Accident,17:55,2024-11-04,Monday,Y,Dark-Road Lighted,SPRING VALLEY,OTHER,ROCKLAND,Straight and Level,Clear,,Dry,,Not Applicable,"Other Motor Vehicle, Collision With",3,354829,36087,259,0.3,7336134.0,9989.2,886
2024,Property Damage Accident,10:50,2024-11-04,Monday,Y,Daylight,NEW PALTZ,REAR END,ULSTER,Straight and Level,Clear,No Passing Zone,Dry,32 86021082,Not Applicable,"Other Motor Vehicle, Collision With",2,183095,36111,3565,1.2,6410502.0,3939.4,999
2024,Property Damage Accident,9:01,2024-11-04,Monday,Y,Daylight,LLOYD,OVERTAKING,ULSTER,Straight and Level,Cloudy,,Dry,44 86011275,Not Applicable,"Other Motor Vehicle, Collision With",2,183095,36111,3565,1.2,6410502.0,3939.4,999
2024,Property Damage Accident,10:15,2024-11-04,Monday,Y,Daylight,PLATTEKILL,OTHER,ULSTER,Straight and Level,Clear,,Dry,,Not Applicable,"Other Motor Vehicle, Collision With",2,183095,36111,3565,1.2,6410502.0,3939.4,999
2024,Property Damage Accident,7:04,2024-11-04,Monday,Y,Daylight,GARDINER,OTHER,ULSTER,Curve and Level,Cloudy,No Passing Zone,Dry,44 86011144,Not Applicable,Deer,1,183095,36111,3565,1.2,6410502.0,3939.4,999
2024,Property Damage Accident,7:15,2024-11-04,Monday,Y,Daylight,SHAWANGUNK,OTHER,ULSTER,Straight and Grade,Cloudy,,Dry,,Not Applicable,"Animal, Collision With",1,183095,36111,3565,1.2,6410502.0,3939.4,999
2024,Property Damage Accident,9:55,2024-11-04,Monday,Y,Daylight,MAMARONECK,REAR END,WESTCHESTER,Straight and Level,Clear,Traffic Signal,Dry,1 87033022,Not Applicable,"Other Motor Vehicle, Collision With",2,1009165,36119,850,0.8,18110248.0,6143.2,3354
2024,Property Damage Accident,19:40,2024-11-04,Monday,Y,Dark-Road Unlighted,DOBBS FERRY,OTHER,WESTCHESTER,Curve and Grade,Clear,,Dry,,Not Applicable,"Animal, Collision With",1,1009165,36119,850,0.8,18110248.0,6143.2,3354
2024,Property Damage Accident,18:37,2024-11-04,Monday,Y,Dark-Road Lighted,MOUNT VERNON,Unknown,WESTCHESTER,Straight and Level,Clear,,Dry,,Not Applicable,"Bridge Structure, Collision With Fixed Object",2,1009165,36119,850,0.8,18110248.0,6143.2,3354
2024,Property Damage Accident,13:19,2024-11-04,Monday,Y,Daylight,YONKERS,OTHER,WESTCHESTER,Curve at Hill Crest,Clear,,Dry,,Not Applicable,"Other Motor Vehicle, Collision With",3,1009165,36119,850,0.8,18110248.0,6143.2,3354
2024,Property Damage Accident,9:45,2024-11-04,Monday,Y,Daylight,NORTH CASTLE,OVERTAKING,WESTCHESTER,Straight and Level,Clear,Yield Sign,Dry,,Not Applicable,"Other Motor Vehicle, Collision With",2,1009165,36119,850,0.8,18110248.0,6143.2,3354
2024,Property Damage Accident,14:50,2024-11-04,Monday,Y,Daylight,GREENBURGH,OVERTAKING,WESTCHESTER,Straight and Level,Clear,,Dry,987F87012061,Not Applicable,"Other Motor Vehicle, Collision With",2,1009165,36119,850,0.8,18110248.0,6143.2,3354
2024,Property Damage Accident,11:47,2024-11-04,Monday,Y,Daylight,BEDFORD,OVERTAKING,WESTCHESTER,Straight and Level,Clear,Stop Sign,Dry,,Not Applicable,"Other Motor Vehicle, Collision With",2,1009165,36119,850,0.8,18110248.0,6143.2,3354
2024,Property Damage Accident,17:32,2024-11-04,Monday,Y,Dusk,NEW ROCHELLE,LEFT TURN (3),WESTCHESTER,Straight and Level,Clear,Traffic Signal,Dry,,Not Applicable,"Other Motor Vehicle, Collision With",2,1009165,36119,850,0.8,18110248.0,6143.2,3354
2024,Property Damage Accident,14:36,2024-11-04,Monday,Y,Daylight,HASTINGS ON HUDSON,LEFT TURN (3),WESTCHESTER,Straight and Level,Clear,Unknown,Dry,,Not Applicable,"Other Motor Vehicle, Collision With",2,1009165,36119,850,0.8,18110248.0,6143.2,3354
2024,Property Damage Accident,14:19,2024-11-04,Monday,Y,Daylight,PORT CHESTER,OVERTAKING,WESTCHESTER,Straight and Level,Clear,,Dry,,Not Applicable,"Other Motor Vehicle, Collision With",2,1009165,36119,850,0.8,18110248.0,6143.2,3354
2024,Property Damage Accident,17:38,2024-11-04,Monday,Y,Dark-Road Unlighted,WHITE PLAINS,REAR END,WESTCHESTER,Straight and Level,Clear,,Dry,907W87024012,Not Applicable,"Other Motor Vehicle, Collision With",2,1009165,36119,850,0.8,18110248.0,6143.2,3354
2024,Property Damage Accident,16:41,2024-11-04,Monday,Y,Dusk,PORT CHESTER,OVERTAKING,WESTCHESTER,Straight and Level,Cloudy,,Dry,,Not Applicable,"Other Motor Vehicle, Collision With",2,1009165,36119,850,0.8,18110248.0,6143.2,3354
2024,Property Damage & Injury Accident,18:14,2024-11-04,Monday,Y,Dark-Road Unlighted,WHITE PLAINS,SIDESWIPE,WESTCHESTER,Straight and Level,Clear,,Dry,287I87011037,Not Applicable,"Other Motor Vehicle, Collision With",2,1009165,36119,850,0.8,18110248.0,6143.2,3354
2024,Property Damage Accident,19:30,2024-11-04,Monday,Y,Dark-Road Unlighted,MOUNT KISCO,OTHER,WESTCHESTER,Straight and Level,Clear,,Dry,133 87011081,Not Applicable,Deer,1,1009165,36119,850,0.8,18110248.0,6143.2,3354
2024,Property Damage Accident,12:26,2024-11-04,Monday,Y,Daylight,EASTCHESTER,OVERTAKING,WESTCHESTER,Straight and Level,Clear,,Dry,,Not Applicable,"Other Motor Vehicle, Collision With",2,1009165,36119,850,0.8,18110248.0,6143.2,3354
2024,Property Damage Accident,18:25,2024-11-04,Monday,Y,Dark-Road Unlighted,PLEASANTVILLE,OTHER,WESTCHESTER,Straight and Level,Clear,,Dry,987D87012134,Not Applicable,Deer,1,1009165,36119,850,0.8,18110248.0,6143.2,3354
2024,Property Damage & Injury Accident,19:13,2024-11-05,Tuesday,Y,Dark-Road Lighted,POUGHKEEPSIE,OVERTAKING,DUTCHESS,Straight and Level,Clear,Traffic Signal,Dry,9 82051128,Not Applicable,"Other Motor Vehicle, Collision With",2,299256,36027,1695,0.8,5987961.0,3975.0,1300
2024,Property Damage Accident,15:01,2024-11-05,Tuesday,Y,Daylight,POUGHKEEPSIE,OVERTAKING,DUTCHESS,Straight and Level,Clear,Traffic Signal,Dry,9 82051113,Not Applicable,"Other Motor Vehicle, Collision With",2,299256,36027,1695,0.8,5987961.0,3975.0,1300
2024,Property Damage Accident,18:01,2024-11-05,Tuesday,Y,Dark-Road Unlighted,BEEKMAN,OTHER,DUTCHESS,Curve and Level,Clear,RR Crossing Gates,Dry,,Not Applicable,Deer,1,299256,36027,1695,0.8,5987961.0,3975.0,1300
2024,Property Damage Accident,20:45,2024-11-05,Tuesday,Y,Dark-Road Unlighted,RHINEBECK,OTHER,DUTCHESS,Straight and Level,Clear,No Passing Zone,Dry,9G82013122,Not Applicable,Deer,1,299256,36027,1695,0.8,5987961.0,3975.0,1300
2024,Property Damage Accident,18:01,2024-11-05,Tuesday,Y,Dark-Road Unlighted,BEEKMAN,OTHER,DUTCHESS,Curve and Level,Clear,,Dry,,Not Applicable,Deer,1,299256,36027,1695,0.8,5987961.0,3975.0,1300
2024,Property Damage Accident,16:10,2024-11-05,Tuesday,Y,Daylight,FISHKILL,REAR END,DUTCHESS,Straight at Hill Crest,Clear,Stop Sign,Dry,,Not Applicable,"Other Motor Vehicle, Collision With",2,299256,36027,1695,0.8,5987961.0,3975.0,1300
2024,Property Damage Accident,1:05,2024-11-05,Tuesday,Y,Dark-Road Unlighted,GREENVILLE,OVERTAKING,ORANGE,Straight and Level,Cloudy,,Dry,84I83011046,Not Applicable,"Other Motor Vehicle, Collision With",2,415088,36071,4753,2.6,13857119.0,5167.5,1527
2024,Property Damage Accident,7:21,2024-11-05,Tuesday,Y,Daylight,CRAWFORD,OTHER,ORANGE,Straight and Level,Clear,,Dry,,Not Applicable,Deer,1,415088,36071,4753,2.6,13857119.0,5167.5,1527
2024,Property Damage Accident,21:32,2024-11-05,Tuesday,Y,Dark-Road Lighted,KIRYAS JOEL,OTHER,ORANGE,Straight at Hill Crest,Clear,,Dry,,Not Applicable,"Other Motor Vehicle, Collision With",2,415088,36071,4753,2.6,13857119.0,5167.5,1527
2024,Property Damage Accident,4:45,2024-11-05,Tuesday,Y,Dark-Road Unlighted,WALLKILL,OTHER,ORANGE,Straight and Level,Clear,,Dry,17K83011011,Not Applicable,Deer,1,415088,36071,4753,2.6,13857119.0,5167.5,1527
2024,Property Damage Accident,4:09,2024-11-05,Tuesday,Y,Dark-Road Unlighted,WALLKILL,OTHER,ORANGE,Curve and Grade,Clear,No Passing Zone,Dry,211 83013036,Not Applicable,Deer,1,415088,36071,4753,2.6,13857119.0,5167.5,1527
2024,Property Damage Accident,17:27,2024-11-05,Tuesday,Y,Dark-Road Lighted,NEWBURGH,RIGHT ANGLE,ORANGE,Straight and Grade,Clear,Stop Sign,Dry,,Not Applicable,"Other Motor Vehicle, Collision With",2,415088,36071,4753,2.6,13857119.0,5167.5,1527
2024,Property Damage Accident,18:35,2024-11-05,Tuesday,Y,Dark-Road Lighted,SOUTHEAST,OVERTAKING,PUTNAM,Straight and Level,Clear,,Dry,22 84031087,Not Applicable,"Other Motor Vehicle, Collision With",2,98842,36079,509,0.7,2746105.0,4089.2,375
2024,Property Damage Accident,18:32,2024-11-05,Tuesday,Y,Dark-Road Lighted,STONY POINT,OTHER,ROCKLAND,Straight and Level,Clear,,Dry,,Not Applicable,"Animal, Collision With",1,354829,36087,259,0.3,7336134.0,9989.2,886
2024,Property Damage Accident,19:51,2024-11-05,Tuesday,Y,Dark-Road Lighted,HAVERSTRAW,OVERTAKING,ROCKLAND,Straight and Grade,Clear,,Dry,202 85011124,Not Applicable,"Other Motor Vehicle, Collision With",2,354829,36087,259,0.3,7336134.0,9989.2,886
2024,Property Damage Accident,2:56,2024-11-05,Tuesday,Y,Dark-Road Unlighted,RAMAPO,OTHER,ROCKLAND,Straight and Level,Cloudy,,Dry,17 85111029,Not Applicable,"Animal, Collision With",1,354829,36087,259,0.3,7336134.0,9989.2,886
2024,Property Damage Accident,20:56,2024-11-05,Tuesday,Y,Dark-Road Unlighted,WEST HAVERSTRAW,OTHER,ROCKLAND,Curve and Grade,Clear,No Passing Zone,Dry,,Not Applicable,Deer,1,354829,36087,259,0.3,7336134.0,9989.2,886
2024,Property Damage Accident,19:45,2024-11-05,Tuesday,Y,Dark-Road Unlighted,CLARKSTOWN,OTHER,ROCKLAND,Straight and Level,Clear,,Dry,304 85011034,Not Applicable,Deer,1,354829,36087,259,0.3,7336134.0,9989.2,886
2024,Property Damage Accident,17:31,2024-11-05,Tuesday,Y,Dark-Road Lighted,RAMAPO,Unknown,ROCKLAND,Straight and Level,Clear,,Dry,59 85011055,Not Applicable,"Other Motor Vehicle, Collision With",2,354829,36087,259,0.3,7336134.0,9989.2,886
2024,Property Damage Accident,8:35,2024-11-05,Tuesday,Y,Daylight,,RIGHT ANGLE,ROCKLAND,Straight and Level,Cloudy,Stop Sign,Dry,59 85011039,Not Applicable,"Other Motor Vehicle, Collision With",2,354829,36087,259,0.3,7336134.0,9989.2,886
2024,Property Damage Accident,12:53,2024-11-05,Tuesday,Y,Daylight,ORANGETOWN,OTHER,ROCKLAND,Straight and Level,Clear,,Dry,,Not Applicable,"Animal, Collision With",1,354829,36087,259,0.3,7336134.0,9989.2,886
2024,Property Damage Accident,8:54,2024-11-05,Tuesday,Y,Daylight,CLARKSTOWN,REAR END,ROCKLAND,Straight and Level,Cloudy,Yield Sign,Dry,987C85011094,Not Applicable,"Other Motor Vehicle, Collision With",2,354829,36087,259,0.3,7336134.0,9989.2,886
2024,Property Damage Accident,19:39,2024-11-05,Tuesday,Y,Dark-Road Lighted,SPRING VALLEY,REAR END,ROCKLAND,Straight and Level,Clear,Stop Sign,Dry,,Not Applicable,"Other Motor Vehicle, Collision With",2,354829,36087,259,0.3,7336134.0,9989.2,886
2024,Property Damage Accident,13:00,2024-11-05,Tuesday,Y,Daylight,KINGSTON,OVERTAKING,ULSTER,Curve at Hill Crest,Clear,Yield Sign,Dry,32 86022020,Not Applicable,"Other Motor Vehicle, Collision With",2,183095,36111,3565,1.2,6410502.0,3939.4,999
2024,Property Damage Accident,9:07,2024-11-05,Tuesday,Y,Daylight,ESOPUS,OTHER,ULSTER,Straight and Level,Clear,No Passing Zone,Dry,9W86031151,Not Applicable,Deer,1,183095,36111,3565,1.2,6410502.0,3939.4,999
2024,Property Damage Accident,14:41,2024-11-05,Tuesday,Y,Daylight,WOODSTOCK,OTHER,ULSTER,Straight and Level,Clear,Stop Sign,Dry,,Not Applicable,"Other Motor Vehicle, Collision With",3,183095,36111,3565,1.2,6410502.0,3939.4,999
2024,Property Damage Accident,17:17,2024-11-05,Tuesday,Y,Dark-Road Lighted,NEW PALTZ,OTHER,ULSTER,Straight and Grade,Clear,No Passing Zone,Dry,299 86011068,Not Applicable,"Other Motor Vehicle, Collision With",3,183095,36111,3565,1.2,6410502.0,3939.4,999
2024,Property Damage Accident,17:48,2024-11-05,Tuesday,Y,Dark-Road Lighted,WAWARSING,OTHER,ULSTER,Curve and Grade,Cloudy,No Passing Zone,Dry,,Not Applicable,Deer,1,183095,36111,3565,1.2,6410502.0,3939.4,999
2024,Property Damage Accident,15:18,2024-11-05,Tuesday,Y,Daylight,ULSTER,OVERTAKING,ULSTER,Curve and Level,Cloudy,,Dry,28 86011007,Not Applicable,"Other Motor Vehicle, Collision With",2,183095,36111,3565,1.2,6410502.0,3939.4,999
2024,Property Damage Accident,15:13,2024-11-05,Tuesday,Y,Daylight,GREENBURGH,OVERTAKING,WESTCHESTER,Straight and Level,Clear,,Dry,,Not Applicable,"Other Motor Vehicle, Collision With",2,1009165,36119,850,0.8,18110248.0,6143.2,3354