year,accident_descriptor,time,date,day_of_week,police_report,lighting_conditions,municipality,collision_type_descriptor,county_name,road_descriptor,weather_conditions,traffic_control_device,road_surface_conditions,dot_reference_marker_location,pedestrian_bicyclist_action,event_descriptor,number_of_vehicles_involved,county_population_2024,county_fips,county_deer_take_2024,county_antlerless_deer_per_sqmi_2024,county_daily_vmt_2019,county_mean_aadt_2019,county_aadt_segments_2019
2024,Property Damage Accident,8:08,2024-11-05,Tuesday,Y,Daylight,OSSINING,OVERTAKING,WESTCHESTER,Curve and Grade,Clear,,Dry,9A87032168,Not Applicable,"Other Motor Vehicle, Collision With",2,1009165,36119,850,0.8,18110248.0,6143.2,3354
2024,Property Damage & Injury Accident,8:01,2024-11-05,Tuesday,Y,Daylight,MAMARONECK,OTHER,WESTCHESTER,Straight and Level,Clear,Stop Sign,Dry,,"Crossing, No Signal, Marked Crosswalk","Bicyclist, Collision With",1,1009165,36119,850,0.8,18110248.0,6143.2,3354
2024,Property Damage Accident,15:24,2024-11-05,Tuesday,Y,Daylight,MOUNT PLEASANT,HEAD ON,WESTCHESTER,Straight and Grade,Clear,,Dry,100 87014051,Not Applicable,"Other Motor Vehicle, Collision With",2,1009165,36119,850,0.8,18110248.0,6143.2,3354
2024,Property Damage & Injury Accident,8:26,2024-11-05,Tuesday,Y,Daylight,HARRISON,OTHER,WESTCHESTER,Straight and Level,Clear,,Dry,,Not Applicable,"Sign Post, Collision With Fixed Object",1,1009165,36119,850,0.8,18110248.0,6143.2,3354
2024,Property Damage & Injury Accident,13:45,2024-11-05,Tuesday,Y,Daylight,YORKTOWN,OTHER,WESTCHESTER,Straight and Grade,Clear,Traffic Signal,Dry,35 87012051,Not Applicable,"Other Motor Vehicle, Collision With",3,1009165,36119,850,0.8,18110248.0,6143.2,3354
2024,Property Damage Accident,12:20,2024-11-05,Tuesday,Y,Daylight,SOMERS,REAR END,WESTCHESTER,Straight and Level,Clear,,Dry,118 87011099,Not Applicable,"Other Motor Vehicle, Collision With",2,1009165,36119,850,0.8,18110248.0,6143.2,3354
2024,Property Damage Accident,11:18,2024-11-05,Tuesday,Y,Daylight,CORTLANDT,REAR END,WESTCHESTER,Curve and Grade,Clear,No Passing Zone,Dry,,Not Applicable,"Other Motor Vehicle, Collision With",2,1009165,36119,850,0.8,18110248.0,6143.2,3354
2024,Property Damage Accident,23:04,2024-11-05,Tuesday,Y,Dark-Road Lighted,PORT CHESTER,OTHER,WESTCHESTER,Straight and Grade,Clear,Traffic Signal,Dry,1 87035003,Not Applicable,"Other Fixed Object*, Collision With Fixed Object",1,1009165,36119,850,0.8,18110248.0,6143.2,3354
2024,Property Damage & Injury Accident,12:24,2024-11-05,Tuesday,Y,Daylight,HARRISON,REAR END,WESTCHESTER,Straight at Hill Crest,Clear,Traffic Signal,Dry,,Not Applicable,"Other Motor Vehicle, Collision With",2,1009165,36119,850,0.8,18110248.0,6143.2,3354
2024,Property Damage Accident,8:03,2024-11-05,Tuesday,Y,Daylight,YONKERS,OTHER,WESTCHESTER,Straight and Grade,Clear,,Dry,,Not Applicable,"Other Motor Vehicle, Collision With",2,1009165,36119,850,0.8,18110248.0,6143.2,3354
2024,Property Damage Accident,10:18,2024-11-06,Wednesday,Y,Daylight,POUGHKEEPSIE,OVERTAKING,DUTCHESS,Straight and Level,Clear,Other,Dry,9 82051096,Not Applicable,"Other Motor Vehicle, Collision With",2,299256,36027,1695,0.8,5987961.0,3975.0,1300
2024,Property Damage Accident,11:19,2024-11-06,Wednesday,Y,Daylight,POUGHKEEPSIE,LEFT TURN (3),DUTCHESS,Straight and Level,Clear,Other,Dry,9 82051091,Not Applicable,"Other Motor Vehicle, Collision With",2,299256,36027,1695,0.8,5987961.0,3975.0,1300
2024,Property Damage Accident,17:39,2024-11-06,Wednesday,Y,Dark-Road Unlighted,WAPPINGER,OTHER,DUTCHESS,Curve and Level,Clear,,Dry,9 82051052,Not Applicable,"Animal, Collision With",1,299256,36027,1695,0.8,5987961.0,3975.0,1300
2024,Property Damage Accident,8:15,2024-11-06,Wednesday,Y,Daylight,POUGHKEEPSIE,OTHER,DUTCHESS,Straight at Hill Crest,Clear,,Dry,,Not Applicable,Deer,1,299256,36027,1695,0.8,5987961.0,3975.0,1300
2024,Injury Accident,14:22,2024-11-06,Wednesday,Y,Daylight,POUGHKEEPSIE,OTHER,DUTCHESS,Straight and Level,Clear,Traffic Signal,Dry,,"Crossing, With Signal","Pedestrian, Collision With",1,299256,36027,1695,0.8,5987961.0,3975.0,1300
2024,Property Damage Accident,17:15,2024-11-06,Wednesday,Y,Dark-Road Lighted,FLORIDA,REAR END,ORANGE,Straight and Grade,Clear,No Passing Zone,Dry,17A83011046,Not Applicable,"Other Motor Vehicle, Collision With",2,415088,36071,4753,2.6,13857119.0,5167.5,1527
2024,Property Damage Accident,17:25,2024-11-06,Wednesday,Y,Dark-Road Unlighted,WAWAYANDA,OTHER,ORANGE,Straight at Hill Crest,Clear,No Passing Zone,Dry,,Not Applicable,Deer,1,415088,36071,4753,2.6,13857119.0,5167.5,1527
2024,Property Damage Accident,0:01,2024-11-06,Wednesday,Y,Dark-Road Lighted,NEWBURGH,REAR END,ORANGE,Straight and Level,Clear,Traffic Signal,Dry,,Not Applicable,"Other Motor Vehicle, Collision With",2,415088,36071,4753,2.6,13857119.0,5167.5,1527
2024,Property Damage Accident,17:25,2024-11-06,Wednesday,Y,Dark-Road Unlighted,MOUNT HOPE,OTHER,ORANGE,Straight and Level,Clear,No Passing Zone,Dry,,Not Applicable,"Animal, Collision With",1,415088,36071,4753,2.6,13857119.0,5167.5,1527
2024,Property Damage Accident,17:50,2024-11-06,Wednesday,Y,Dark-Road Unlighted,NEWBURGH,OTHER,ORANGE,Straight and Level,Clear,,Dry,300 83021044,Not Applicable,Deer,1,415088,36071,4753,2.6,13857119.0,5167.5,1527
2024,Property Damage & Injury Accident,10:20,2024-11-06,Wednesday,Y,Daylight,RAMAPO,REAR END,ROCKLAND,Straight and Level,Clear,,Dry,306 85011015,Not Applicable,"Other Motor Vehicle, Collision With",2,354829,36087,259,0.3,7336134.0,9989.2,886
2024,Property Damage Accident,18:07,2024-11-06,Wednesday,Y,Dark-Road Lighted,ORANGETOWN,LEFT TURN (3),ROCKLAND,Straight at Hill Crest,Clear,,Dry,303 85011030,Not Applicable,"Other Motor Vehicle, Collision With",2,354829,36087,259,0.3,7336134.0,9989.2,886
2024,Property Damage Accident,15:25,2024-11-06,Wednesday,Y,Daylight,RAMAPO,LEFT TURN (3),ROCKLAND,Straight and Level,Clear,,Dry,306 85011010,Not Applicable,"Other Motor Vehicle, Collision With",2,354829,36087,259,0.3,7336134.0,9989.2,886
2024,Property Damage Accident,14:31,2024-11-06,Wednesday,Y,Daylight,SUFFERN,OVERTAKING,ROCKLAND,Straight and Level,Cloudy,,Dry,,Not Applicable,"Other Motor Vehicle, Collision With",2,354829,36087,259,0.3,7336134.0,9989.2,886
2024,Property Damage Accident,17:34,2024-11-06,Wednesday,Y,Dark-Road Lighted,CLARKSTOWN,OTHER,ROCKLAND,Straight and Level,Clear,,Dry,,Not Applicable,"Animal, Collision With",1,354829,36087,259,0.3,7336134.0,9989.2,886
2024,Property Damage Accident,14:46,2024-11-06,Wednesday,Y,Daylight,RAMAPO,OVERTAKING,ROCKLAND,Straight and Level,Clear,Traffic Signal,Dry,59 85011061,Not Applicable,"Other Motor Vehicle, Collision With",2,354829,36087,259,0.3,7336134.0,9989.2,886
2024,Property Damage Accident,21:00,2024-11-06,Wednesday,Y,Dark-Road Unlighted,CLARKSTOWN,OTHER,ROCKLAND,Straight and Level,Clear,,Dry,,Not Applicable,"Animal, Collision With",1,354829,36087,259,0.3,7336134.0,9989.2,886
2024,Injury Accident,10:33,2024-11-06,Wednesday,Y,Daylight,HAVERSTRAW,OTHER,ROCKLAND,Straight and Level,Clear,Stop Sign,Dry,202 85011097,"Crossing, No Signal, Marked Crosswalk","Pedestrian, Collision With",1,354829,36087,259,0.3,7336134.0,9989.2,886
2024,Property Damage Accident,14:42,2024-11-06,Wednesday,Y,Daylight,CHESTNUT RIDGE,OTHER,ROCKLAND,Straight and Level,Clear,,Dry,45 85011021,Not Applicable,"Other Motor Vehicle, Collision With",3,354829,36087,259,0.3,7336134.0,9989.2,886
2024,Property Damage Accident,19:40,2024-11-06,Wednesday,Y,Dark-Road Unlighted,SAUGERTIES,OTHER,ULSTER,Straight and Level,Clear,,Dry,,Not Applicable,Deer,1,183095,36111,3565,1.2,6410502.0,3939.4,999
2024,Property Damage & Injury Accident,20:43,2024-11-06,Wednesday,Y,Dark-Road Unlighted,HURLEY,OTHER,ULSTER,Straight and Grade,Cloudy,No Passing Zone,Dry,28 86012068,Not Applicable,"Overturned, Non-Collision",1,183095,36111,3565,1.2,6410502.0,3939.4,999
2024,Property Damage Accident,9:53,2024-11-06,Wednesday,Y,Daylight,LLOYD,OVERTAKING,ULSTER,Curve and Level,Clear,,Dry,44 86011299,Not Applicable,"Other Motor Vehicle, Collision With",2,183095,36111,3565,1.2,6410502.0,3939.4,999
2024,Property Damage Accident,8:00,2024-11-06,Wednesday,Y,Daylight,OSSINING,REAR END,WESTCHESTER,Straight and Grade,Clear,,Dry,,Not Applicable,"Other Motor Vehicle, Collision With",2,1009165,36119,850,0.8,18110248.0,6143.2,3354
2024,Property Damage Accident,14:20,2024-11-06,Wednesday,Y,Daylight,CROTON ON HUDSON,OVERTAKING,WESTCHESTER,Straight and Level,Clear,,Dry,,Not Applicable,"Other Motor Vehicle, Collision With",2,1009165,36119,850,0.8,18110248.0,6143.2,3354
2024,Property Damage Accident,16:39,2024-11-06,Wednesday,Y,Daylight,NEW ROCHELLE,OVERTAKING,WESTCHESTER,Straight and Grade,Clear,,Dry,,Not Applicable,"Other Motor Vehicle, Collision With",2,1009165,36119,850,0.8,18110248.0,6143.2,3354
2024,Property Damage Accident,16:13,2024-11-06,Wednesday,Y,Daylight,YONKERS,REAR END,WESTCHESTER,Straight and Level,Clear,,Dry,907K87011003,Not Applicable,"Other Motor Vehicle, Collision With",2,1009165,36119,850,0.8,18110248.0,6143.2,3354
2024,Property Damage Accident,1:34,2024-11-06,Wednesday,Y,Dark-Road Lighted,PEEKSKILL,OTHER,WESTCHESTER,Straight and Level,Clear,,Dry,6 87032019,Not Applicable,"Other Motor Vehicle, Collision With",3,1009165,36119,850,0.8,18110248.0,6143.2,3354
2024,Property Damage Accident,8:00,2024-11-06,Wednesday,Y,Daylight,DOBBS FERRY,SIDESWIPE,WESTCHESTER,Straight and Level,Clear,,Other,,Not Applicable,"Other Motor Vehicle, Collision With",2,1009165,36119,850,0.8,18110248.0,6143.2,3354
2024,Property Damage & Injury Accident,8:35,2024-11-06,Wednesday,Y,Daylight,RYE,OTHER,WESTCHESTER,Straight and Level,Clear,,Dry,120 87011002,Not Applicable,"Other Motor Vehicle, Collision With",3,1009165,36119,850,0.8,18110248.0,6143.2,3354
2024,Property Damage Accident,15:15,2024-11-06,Wednesday,Y,Daylight,CORTLANDT,REAR END,WESTCHESTER,Straight and Level,Clear,Traffic Signal,Dry,35 87012020,Not Applicable,"Other Motor Vehicle, Collision With",2,1009165,36119,850,0.8,18110248.0,6143.2,3354
2024,Property Damage Accident,21:40,2024-11-06,Wednesday,Y,Dark-Road Unlighted,SOMERS,OTHER,WESTCHESTER,Straight and Level,Clear,No Passing Zone,Dry,202 87043139,Not Applicable,Deer,1,1009165,36119,850,0.8,18110248.0,6143.2,3354
2024,Property Damage Accident,13:35,2024-11-06,Wednesday,Y,Daylight,MOUNT PLEASANT,RIGHT TURN (6),WESTCHESTER,Straight and Grade,Clear,Traffic Signal,Dry,987D87012079,Not Applicable,"Other Motor Vehicle, Collision With",2,1009165,36119,850,0.8,18110248.0,6143.2,3354
2024,Property Damage Accident,15:50,2024-11-06,Wednesday,Y,Daylight,YONKERS,REAR END,WESTCHESTER,Curve and Grade,Clear,,Dry,,Not Applicable,"Other Motor Vehicle, Collision With",2,1009165,36119,850,0.8,18110248.0,6143.2,3354
2024,Property Damage & Injury Accident,15:38,2024-11-06,Wednesday,Y,Daylight,YONKERS,OTHER,WESTCHESTER,Straight and Level,Clear,,Dry,9 87031008,Not Applicable,"Other Motor Vehicle, Collision With",2,1009165,36119,850,0.8,18110248.0,6143.2,3354
2024,Property Damage Accident,17:31,2024-11-06,Wednesday,Y,Dark-Road Lighted,MOUNT PLEASANT,REAR END,WESTCHESTER,Straight and Grade,Clear,Traffic Signal,Dry,,Not Applicable,"Other Motor Vehicle, Collision With",2,1009165,36119,850,0.8,18110248.0,6143.2,3354
2024,Property Damage Accident,1:25,2024-11-06,Wednesday,Y,Dark-Road Lighted,YONKERS,OTHER,WESTCHESTER,Straight and Level,Clear,,Dry,,Not Applicable,Deer,2,1009165,36119,850,0.8,18110248.0,6143.2,3354
2024,Property Damage Accident,8:31,2024-11-06,Wednesday,Y,Daylight,WHITE PLAINS,OVERTAKING,WESTCHESTER,Straight and Level,Clear,,Dry,,Not Applicable,"Other Motor Vehicle, Collision With",2,1009165,36119,850,0.8,18110248.0,6143.2,3354
2024,Property Damage Accident,11:55,2024-11-07,Thursday,Y,Daylight,FISHKILL,OTHER,DUTCHESS,Curve and Level,Clear,,Dry,9D82033004,Not Applicable,"Other Object (Not Fixed)*, Collision With",1,299256,36027,1695,0.8,5987961.0,3975.0,1300
2024,Property Damage Accident,11:44,2024-11-07,Thursday,Y,Daylight,FISHKILL,OTHER,DUTCHESS,Straight and Level,Clear,,Dry,9 82051030,Not Applicable,"Other Motor Vehicle, Collision With",2,299256,36027,1695,0.8,5987961.0,3975.0,1300
2024,Property Damage & Injury Accident,17:02,2024-11-07,Thursday,Y,Dark-Road Unlighted,FISHKILL,OTHER,DUTCHESS,Straight and Level,Clear,,Dry,52 82042063,Not Applicable,"Curbing, Collision With Fixed Object",1,299256,36027,1695,0.8,5987961.0,3975.0,1300
2024,Property Damage Accident,17:38,2024-11-07,Thursday,Y,Dark-Road Unlighted,UNION VALE,OTHER,DUTCHESS,Straight and Level,Clear,,Dry,,Not Applicable,"Animal, Collision With",1,299256,36027,1695,0.8,5987961.0,3975.0,1300
2024,Property Damage & Injury Accident,19:45,2024-11-07,Thursday,Y,Dark-Road Unlighted,PAWLING,OTHER,DUTCHESS,Curve and Grade,Clear,No Passing Zone,Dry,292 82021019,Not Applicable,"Other Fixed Object*, Collision With Fixed Object",1,299256,36027,1695,0.8,5987961.0,3975.0,1300
2024,Property Damage Accident,19:21,2024-11-07,Thursday,Y,Dark-Road Unlighted,CORNWALL,OTHER,ORANGE,Straight and Level,Clear,,Dry,,Not Applicable,"Building/Wall, Collision With Fixed Object",1,415088,36071,4753,2.6,13857119.0,5167.5,1527
2024,Property Damage Accident,5:30,2024-11-07,Thursday,Y,Dawn,WAWAYANDA,OTHER,ORANGE,Straight and Level,Clear,,Dry,84I83011171,Not Applicable,Deer,1,415088,36071,4753,2.6,13857119.0,5167.5,1527
2024,Property Damage Accident,12:09,2024-11-07,Thursday,Y,Daylight,WALLKILL,OVERTAKING,ORANGE,Straight and Level,Clear,,Dry,211 83013017,Not Applicable,"Other Motor Vehicle, Collision With",2,415088,36071,4753,2.6,13857119.0,5167.5,1527
2024,Property Damage Accident,8:41,2024-11-07,Thursday,Y,Daylight,CHESTER,SIDESWIPE,ORANGE,Straight and Grade,Clear,,Dry,,Not Applicable,"Other Motor Vehicle, Collision With",2,415088,36071,4753,2.6,13857119.0,5167.5,1527
2024,Property Damage & Injury Accident,14:41,2024-11-07,Thursday,Y,Daylight,NEWBURGH,OVERTAKING,ORANGE,Straight and Level,Other*,,Dry,9W83023020,Not Applicable,"Other Motor Vehicle, Collision With",2,415088,36071,4753,2.6,13857119.0,5167.5,1527
2024,Property Damage Accident,9:50,2024-11-07,Thursday,Y,Unknown,MIDDLETOWN,Unknown,ORANGE,Straight and Level,Unknown,,Unknown,,Not Applicable,"Other Motor Vehicle, Collision With",2,415088,36071,4753,2.6,13857119.0,5167.5,1527
2024,Property Damage Accident,9:26,2024-11-07,Thursday,Y,Daylight,PUTNAM VALLEY,REAR END,PUTNAM,Straight and Grade,Clear,Traffic Signal,Dry,,Not Applicable,"Other Motor Vehicle, Collision With",2,98842,36079,509,0.7,2746105.0,4089.2,375
2024,Property Damage Accident,17:50,2024-11-07,Thursday,Y,Dark-Road Lighted,NEW HEMPSTEAD,OTHER,ROCKLAND,Straight and Level,Clear,,Dry,,Not Applicable,"Other Motor Vehicle, Collision With",2,354829,36087,259,0.3,7336134.0,9989.2,886
2024,Property Damage Accident,21:05,2024-11-07,Thursday,Y,Dark-Road Unlighted,CLARKSTOWN,OVERTAKING,ROCKLAND,Straight and Level,Clear,,Dry,,Not Applicable,"Other Motor Vehicle, Collision With",2,354829,36087,259,0.3,7336134.0,9989.2,886
2024,Property Damage Accident,20:07,2024-11-07,Thursday,Y,Dark-Road Lighted,RAMAPO,REAR END,ROCKLAND,Straight and Level,Clear,,Dry,59 85011055,Not Applicable,"Other Motor Vehicle, Collision With",2,354829,36087,259,0.3,7336134.0,9989.2,886
2024,Property Damage Accident,23:25,2024-11-07,Thursday,Y,Dark-Road Lighted,NEW HEMPSTEAD,REAR END,ROCKLAND,Straight and Grade,Clear,,Dry,,Not Applicable,"Other Motor Vehicle, Collision With",2,354829,36087,259,0.3,7336134.0,9989.2,886
2024,Property Damage Accident,15:51,2024-11-07,Thursday,Y,Daylight,STONY POINT,OVERTAKING,ROCKLAND,Curve and Level,Cloudy,,Dry,987C85011209,Not Applicable,"Other Motor Vehicle, Collision With",2,354829,36087,259,0.3,7336134.0,9989.2,886
2024,Property Damage Accident,13:06,2024-11-07,Thursday,Y,Daylight,ORANGETOWN,OTHER,ROCKLAND,Straight and Level,Clear,Traffic Signal,Dry,303 85011022,Not Applicable,"Other Motor Vehicle, Collision With",3,354829,36087,259,0.3,7336134.0,9989.2,886
2024,Property Damage Accident,8:55,2024-11-07,Thursday,Y,Daylight,CLARKSTOWN,OVERTAKING,ROCKLAND,Straight and Level,Cloudy,,Dry,987C85011113,Not Applicable,"Other Motor Vehicle, Collision With",2,354829,36087,259,0.3,7336134.0,9989.2,886
2024,Property Damage Accident,7:30,2024-11-07,Thursday,Y,Daylight,ORANGETOWN,OTHER,ROCKLAND,Straight and Level,Clear,,Dry,,Not Applicable,"Earth Embankment/Rock Cut/Ditch, Collision With Fixed Object",1,354829,36087,259,0.3,7336134.0,9989.2,886
2024,Property Damage Accident,22:54,2024-11-07,Thursday,Y,Dark-Road Unlighted,CLARKSTOWN,OTHER,ROCKLAND,Straight and Level,Cloudy,,Dry,987C85011097,Not Applicable,Deer,1,354829,36087,259,0.3,7336134.0,9989.2,886
2024,Property Damage Accident,13:02,2024-11-07,Thursday,Y,Daylight,ULSTER,OTHER,ULSTER,Curve and Level,Cloudy,No Passing Zone,Dry,199 86011011,Not Applicable,"Other Object (Not Fixed)*, Collision With",2,183095,36111,3565,1.2,6410502.0,3939.4,999
2024,Property Damage Accident,18:39,2024-11-07,Thursday,Y,Dark-Road Unlighted,GARDINER,OTHER,ULSTER,Straight and Level,Clear,No Passing Zone,Dry,208 86021086,Not Applicable,Deer,1,183095,36111,3565,1.2,6410502.0,3939.4,999
2024,Property Damage Accident,17:45,2024-11-07,Thursday,Y,Dark-Road Unlighted,WAWARSING,OTHER,ULSTER,Straight and Grade,Clear,No Passing Zone,Dry,55 86021147,Not Applicable,Deer,1,183095,36111,3565,1.2,6410502.0,3939.4,999
2024,Property Damage Accident,15:25,2024-11-07,Thursday,Y,Daylight,PELHAM,Unknown,WESTCHESTER,Straight and Level,Clear,,Dry,,Not Applicable,"Other Motor Vehicle, Collision With",2,1009165,36119,850,0.8,18110248.0,6143.2,3354
2024,Injury Accident,17:18,2024-11-07,Thursday,Y,Dark-Road Lighted,NEW ROCHELLE,OTHER,WESTCHESTER,Straight and Level,Clear,Stop Sign,Dry,,"Crossing, No Signal or Crosswalk","Pedestrian, Collision With",1,1009165,36119,850,0.8,18110248.0,6143.2,3354
2024,Property Damage Accident,14:28,2024-11-07,Thursday,Y,Dark-Road Lighted,YONKERS,OVERTAKING,WESTCHESTER,Straight and Level,Clear,,Dry,,Not Applicable,"Other Motor Vehicle, Collision With",2,1009165,36119,850,0.8,18110248.0,6143.2,3354
2024,Property Damage Accident,8:57,2024-11-07,Thursday,Y,Daylight,YONKERS,OVERTAKING,WESTCHESTER,Straight and Level,Clear,,Dry,987D87011019,Not Applicable,"Other Motor Vehicle, Collision With",2,1009165,36119,850,0.8,18110248.0,6143.2,3354
2024,Property Damage Accident,8:21,2024-11-07,Thursday,Y,Daylight,ELMSFORD,OVERTAKING,WESTCHESTER,Straight and Level,Clear,,Dry,287I87011016,Not Applicable,"Other Motor Vehicle, Collision With",2,1009165,36119,850,0.8,18110248.0,6143.2,3354
2024,Property Damage Accident,20:20,2024-11-07,Thursday,Y,Dark-Road Lighted,OSSINING,OVERTAKING,WESTCHESTER,Straight and Level,Clear,,Dry,9 87032131,Not Applicable,"Other Motor Vehicle, Collision With",2,1009165,36119,850,0.8,18110248.0,6143.2,3354
2024,Property Damage Accident,13:24,2024-11-07,Thursday,Y,Daylight,PORT CHESTER,SIDESWIPE,WESTCHESTER,Straight and Grade,Clear,,Dry,1 87035001,Not Applicable,"Other Motor Vehicle, Collision With",2,1009165,36119,850,0.8,18110248.0,6143.2,3354
2024,Property Damage Accident,20:30,2024-11-07,Thursday,Y,Dark-Road Lighted,OSSINING,REAR END,WESTCHESTER,Straight and Grade,Clear,Traffic Signal,Dry,,Not Applicable,"Other Motor Vehicle, Collision With",2,1009165,36119,850,0.8,18110248.0,6143.2,3354
2024,Property Damage Accident,20:51,2024-11-07,Thursday,Y,Dark-Road Unlighted,NEW ROCHELLE,OTHER,WESTCHESTER,Curve and Grade,Clear,,Dry,907W87022024,Not Applicable,Deer,1,1009165,36119,850,0.8,18110248.0,6143.2,3354
2024,Property Damage & Injury Accident,18:30,2024-11-07,Thursday,N,Dark-Road Unlighted,MOUNT KISCO,OTHER,WESTCHESTER,Straight and Level,Clear,Unknown,Dry,,Not Applicable,Deer,1,1009165,36119,850,0.8,18110248.0,6143.2,3354
2024,Property Damage Accident,17:47,2024-11-07,Thursday,Y,Daylight,OSSINING,OTHER,WESTCHESTER,Straight and Level,Clear,,Dry,,Not Applicable,"Curbing, Collision With Fixed Object",1,1009165,36119,850,0.8,18110248.0,6143.2,3354
2024,Property Damage Accident,14:33,2024-11-08,Friday,Y,Daylight,UNION VALE,REAR END,DUTCHESS,Straight and Level,Clear,No Passing Zone,Dry,55 82032096,Not Applicable,"Other Motor Vehicle, Collision With",2,299256,36027,1695,0.8,5987961.0,3975.0,1300
2024,Property Damage Accident,13:07,2024-11-08,Friday,Y,Daylight,POUGHKEEPSIE,REAR END,DUTCHESS,Straight and Level,Clear,Traffic Signal,Dry,9 82051138,Not Applicable,"Other Motor Vehicle, Collision With",2,299256,36027,1695,0.8,5987961.0,3975.0,1300
2024,Property Damage Accident,22:04,2024-11-08,Friday,Y,Dark-Road Lighted,BEACON,OVERTAKING,DUTCHESS,Straight and Level,Cloudy,,Dry,84I82021008,Not Applicable,"Other Motor Vehicle, Collision With",2,299256,36027,1695,0.8,5987961.0,3975.0,1300
2024,Property Damage Accident,12:13,2024-11-08,Friday,Y,Daylight,POUGHKEEPSIE,OTHER,DUTCHESS,Straight and Level,Clear,,Dry,9 82051119,Not Applicable,"Other Motor Vehicle, Collision With",3,299256,36027,1695,0.8,5987961.0,3975.0,1300
2024,Property Damage Accident,17:33,2024-11-08,Friday,Y,Dark-Road Unlighted,MILAN,OTHER,DUTCHESS,Straight and Level,Cloudy,,Dry,987G82031366,Not Applicable,"Other Motor Vehicle, Collision With",2,299256,36027,1695,0.8,5987961.0,3975.0,1300
2024,Property Damage Accident,8:00,2024-11-08,Friday,Y,Daylight,AMENIA,OVERTAKING,DUTCHESS,Straight and Grade,Clear,,Dry,44 82022231,Not Applicable,"Other Motor Vehicle, Collision With",2,299256,36027,1695,0.8,5987961.0,3975.0,1300
2024,Property Damage Accident,5:50,2024-11-08,Friday,Y,Dark-Road Lighted,FISHKILL,OTHER,DUTCHESS,Straight and Grade,Clear,,Dry,,Not Applicable,Deer,1,299256,36027,1695,0.8,5987961.0,3975.0,1300
2024,Property Damage Accident,10:40,2024-11-08,Friday,Y,Daylight,RED HOOK,OTHER,DUTCHESS,Straight and Level,Clear,,Dry,9G82013227,Not Applicable,"Light Support/Utility Pole, Collision With Fixed Object",1,299256,36027,1695,0.8,5987961.0,3975.0,1300
2024,Property Damage Accident,10:15,2024-11-08,Friday,Y,Daylight,PAWLING,OTHER,DUTCHESS,Straight and Level,Clear,Yield Sign,Dry,,Not Applicable,"Sign Post, Collision With Fixed Object",1,299256,36027,1695,0.8,5987961.0,3975.0,1300
2024,Property Damage Accident,12:05,2024-11-08,Friday,Y,Daylight,NEWBURGH,REAR END,ORANGE,Straight and Level,Clear,,Dry,84I83012003,Not Applicable,"Other Motor Vehicle, Collision With",2,415088,36071,4753,2.6,13857119.0,5167.5,1527
2024,Property Damage & Injury Accident,8:56,2024-11-08,Friday,Y,Unknown,WOODBURY,Unknown,ORANGE,Straight at Hill Crest,Clear,Stop Sign,Dry,,Not Applicable,"Other Motor Vehicle, Collision With",2,415088,36071,4753,2.6,13857119.0,5167.5,1527
2024,Property Damage Accident,13:42,2024-11-08,Friday,Y,Daylight,NEWBURGH,RIGHT ANGLE,ORANGE,Straight and Level,Clear,,Dry,,Not Applicable,"Other Motor Vehicle, Collision With",2,415088,36071,4753,2.6,13857119.0,5167.5,1527
2024,Property Damage Accident,18:22,2024-11-08,Friday,Y,Dark-Road Lighted,NEW WINDSOR,OTHER,ORANGE,Straight and Level,Clear,Stop Sign,Dry,,Not Applicable,"Other Motor Vehicle, Collision With",2,415088,36071,4753,2.6,13857119.0,5167.5,1527
2024,Property Damage Accident,15:45,2024-11-08,Friday,N,Unknown,WARWICK,OTHER,ORANGE,Unknown,Unknown,Unknown,Unknown,,Not Applicable,Deer,1,415088,36071,4753,2.6,13857119.0,5167.5,1527
2024,Property Damage Accident,19:17,2024-11-08,Friday,Y,Dark-Road Unlighted,WARWICK,RIGHT ANGLE,ORANGE,Straight and Level,Clear,,Dry,,Not Applicable,"Other Motor Vehicle, Collision With",2,415088,36071,4753,2.6,13857119.0,5167.5,1527
2024,Property Damage Accident,19:00,2024-11-08,Friday,Y,Dark-Road Unlighted,MONTGOMERY,OTHER,ORANGE,Straight and Level,Cloudy,No Passing Zone,Dry,52 83031053,Not Applicable,Deer,1,415088,36071,4753,2.6,13857119.0,5167.5,1527
2024,Property Damage & Injury Accident,13:13,2024-11-08,Friday,Y,Daylight,MIDDLETOWN,RIGHT ANGLE,ORANGE,Straight and Level,Clear,Traffic Signal,Dry,,Not Applicable,"Other Motor Vehicle, Collision With",2,415088,36071,4753,2.6,13857119.0,5167.5,1527
2024,Property Damage & Injury Accident,17:32,2024-11-08,Friday,Y,Dark-Road Unlighted,WOODBURY,OTHER,ORANGE,Straight and Level,Clear,No Passing Zone,Dry,32 83011005,"Crossing, No Signal, Marked Crosswalk","Pedestrian, Collision With",1,415088,36071,4753,2.6,13857119.0,5167.5,1527
2024,Property Damage & Injury Accident,16:29,2024-11-08,Friday,Y,Daylight,MINISINK,RIGHT ANGLE,ORANGE,Straight and Level,Cloudy,Yield Sign,Dry,,Not Applicable,"Other Motor Vehicle, Collision With",2,415088,36071,4753,2.6,13857119.0,5167.5,1527