year,accident_descriptor,time,date,day_of_week,police_report,lighting_conditions,municipality,collision_type_descriptor,county_name,road_descriptor,weather_conditions,traffic_control_device,road_surface_conditions,dot_reference_marker_location,pedestrian_bicyclist_action,event_descriptor,number_of_vehicles_involved,county_population_2024,county_fips,county_deer_take_2024,county_antlerless_deer_per_sqmi_2024,county_daily_vmt_2019,county_mean_aadt_2019,county_aadt_segments_2019
2024,Property Damage Accident,15:22,2024-11-08,Friday,Y,Daylight,NEWBURGH,OTHER,ORANGE,Curve and Level,Clear,,Dry,,Not Applicable,"Light Support/Utility Pole, Collision With Fixed Object",1,415088,36071,4753,2.6,13857119.0,5167.5,1527
2024,Property Damage & Injury Accident,22:07,2024-11-08,Friday,Y,Dark-Road Lighted,NEWBURGH,HEAD ON,ORANGE,Straight and Level,Clear,,Dry,980P83012004,Not Applicable,"Other Motor Vehicle, Collision With",2,415088,36071,4753,2.6,13857119.0,5167.5,1527
2024,Property Damage Accident,4:52,2024-11-08,Friday,Y,Dark-Road Unlighted,NEWBURGH,OTHER,ORANGE,Straight and Level,Clear,,Dry,32 83013054,Not Applicable,Deer,1,415088,36071,4753,2.6,13857119.0,5167.5,1527
2024,Property Damage Accident,0:30,2024-11-08,Friday,Y,Dark-Road Unlighted,CRAWFORD,OTHER,ORANGE,Straight and Level,Clear,,Dry,,Not Applicable,Deer,1,415088,36071,4753,2.6,13857119.0,5167.5,1527
2024,Property Damage Accident,14:32,2024-11-08,Friday,Y,Daylight,NEWBURGH,REAR END,ORANGE,Straight and Level,Clear,Traffic Signal,Dry,,Not Applicable,"Other Motor Vehicle, Collision With",2,415088,36071,4753,2.6,13857119.0,5167.5,1527
2024,Property Damage Accident,18:00,2024-11-08,Friday,Y,Dark-Road Unlighted,SOUTHEAST,REAR END,PUTNAM,Curve and Level,Clear,No Passing Zone,Dry,22 84031058,Not Applicable,"Other Motor Vehicle, Collision With",2,98842,36079,509,0.7,2746105.0,4089.2,375
2024,Property Damage Accident,10:09,2024-11-08,Friday,Y,Daylight,SOUTHEAST,OTHER,PUTNAM,Straight and Level,Cloudy,,Dry,,Not Applicable,"Fence, Collision With Fixed Object",1,98842,36079,509,0.7,2746105.0,4089.2,375
2024,Property Damage Accident,16:55,2024-11-08,Friday,Y,Dark-Road Unlighted,CARMEL,OTHER,PUTNAM,Curve and Grade,Clear,,Dry,987G84021050,Not Applicable,"Other Motor Vehicle, Collision With",4,98842,36079,509,0.7,2746105.0,4089.2,375
2024,Property Damage Accident,8:21,2024-11-08,Friday,Y,Daylight,STONY POINT,OTHER,ROCKLAND,Straight and Level,Clear,,Dry,987C85011189,Not Applicable,Deer,1,354829,36087,259,0.3,7336134.0,9989.2,886
2024,Property Damage & Injury Accident,13:18,2024-11-08,Friday,Y,Daylight,CLARKSTOWN,REAR END,ROCKLAND,Straight and Level,Clear,,Dry,,Not Applicable,"Other Motor Vehicle, Collision With",2,354829,36087,259,0.3,7336134.0,9989.2,886
2024,Injury Accident,10:20,2024-11-08,Friday,Y,Daylight,SPRING VALLEY,HEAD ON,ROCKLAND,Straight and Level,Clear,,Dry,59 85011077,Not Applicable,"Other Motor Vehicle, Collision With",2,354829,36087,259,0.3,7336134.0,9989.2,886
2024,Property Damage Accident,0:27,2024-11-08,Friday,Y,Dark-Road Unlighted,SAUGERTIES,OTHER,ULSTER,Curve and Level,Cloudy,Traffic Signal,Dry,9W86035146,Not Applicable,"Building/Wall, Collision With Fixed Object",1,183095,36111,3565,1.2,6410502.0,3939.4,999
2024,Property Damage Accident,23:28,2024-11-08,Friday,Y,Dark-Road Lighted,NEW PALTZ,OTHER,ULSTER,Straight and Level,Clear,No Passing Zone,Dry,,Not Applicable,Deer,1,183095,36111,3565,1.2,6410502.0,3939.4,999
2024,Property Damage Accident,15:19,2024-11-08,Friday,Y,Daylight,SHAWANGUNK,RIGHT ANGLE,ULSTER,Straight and Level,Clear,Stop Sign,Dry,,Not Applicable,"Other Motor Vehicle, Collision With",2,183095,36111,3565,1.2,6410502.0,3939.4,999
2024,Property Damage Accident,17:25,2024-11-08,Friday,Y,Dark-Road Unlighted,SAUGERTIES,OTHER,ULSTER,Straight and Level,Cloudy,No Passing Zone,Dry,32 86023160,Not Applicable,Deer,1,183095,36111,3565,1.2,6410502.0,3939.4,999
2024,Property Damage & Injury Accident,11:00,2024-11-08,Friday,Y,Daylight,NEW PALTZ,RIGHT ANGLE,ULSTER,Straight and Level,Cloudy,Stop Sign,Dry,32 86021145,Not Applicable,"Other Motor Vehicle, Collision With",2,183095,36111,3565,1.2,6410502.0,3939.4,999
2024,Property Damage Accident,18:51,2024-11-08,Friday,Y,Dark-Road Unlighted,NEW PALTZ,OTHER,ULSTER,Straight and Level,Clear,,Dry,,Not Applicable,Deer,1,183095,36111,3565,1.2,6410502.0,3939.4,999
2024,Property Damage Accident,18:59,2024-11-08,Friday,Y,Dark-Road Unlighted,MARBLETOWN,OTHER,ULSTER,Curve and Level,Clear,,Dry,209 86031192,Not Applicable,Deer,1,183095,36111,3565,1.2,6410502.0,3939.4,999
2024,Property Damage Accident,16:02,2024-11-08,Friday,Y,Daylight,KINGSTON,RIGHT ANGLE,ULSTER,Straight and Level,Cloudy,Yield Sign,Dry,983G86011002,Not Applicable,"Other Motor Vehicle, Collision With",2,183095,36111,3565,1.2,6410502.0,3939.4,999
2024,Property Damage Accident,20:55,2024-11-08,Friday,Y,Dark-Road Lighted,HARRISON,OVERTAKING,WESTCHESTER,Straight and Level,Clear,,Dry,,Not Applicable,"Other Motor Vehicle, Collision With",2,1009165,36119,850,0.8,18110248.0,6143.2,3354
2024,Property Damage Accident,19:00,2024-11-08,Friday,Y,Dark-Road Lighted,BUCHANAN,REAR END,WESTCHESTER,Straight and Level,Clear,,Dry,9A87033000,Not Applicable,"Other Motor Vehicle, Collision With",2,1009165,36119,850,0.8,18110248.0,6143.2,3354
2024,Property Damage Accident,17:30,2024-11-08,Friday,Y,Dusk,ELMSFORD,OTHER,WESTCHESTER,Straight and Level,Clear,,Dry,287I87011008,Not Applicable,"Other Motor Vehicle, Collision With",3,1009165,36119,850,0.8,18110248.0,6143.2,3354
2024,Property Damage Accident,18:30,2024-11-08,Friday,Y,Dark-Road Unlighted,HARRISON,OTHER,WESTCHESTER,Straight and Level,Clear,,Dry,684I87011035,Not Applicable,"Guide Rail - Not At End, Collision With Fixed Object",1,1009165,36119,850,0.8,18110248.0,6143.2,3354
2024,Property Damage Accident,15:18,2024-11-08,Friday,Y,Daylight,YORKTOWN,REAR END,WESTCHESTER,Straight and Level,Clear,Traffic Signal,Dry,35 87012065,Not Applicable,"Other Motor Vehicle, Collision With",2,1009165,36119,850,0.8,18110248.0,6143.2,3354
2024,Property Damage Accident,12:50,2024-11-08,Friday,Y,Daylight,BEDFORD,OTHER,WESTCHESTER,Straight and Grade,Clear,,Dry,,Not Applicable,"Other Object (Not Fixed)*, Collision With",2,1009165,36119,850,0.8,18110248.0,6143.2,3354
2024,Property Damage Accident,14:35,2024-11-08,Friday,Y,Daylight,HASTINGS ON HUDSON,OTHER,WESTCHESTER,Straight and Level,Clear,Unknown,Dry,,Not Applicable,"Other Motor Vehicle, Collision With",2,1009165,36119,850,0.8,18110248.0,6143.2,3354
2024,Property Damage Accident,18:00,2024-11-08,Friday,Y,Dark-Road Lighted,YONKERS,OTHER,WESTCHESTER,Straight and Level,Clear,Traffic Signal,Dry,,Not Applicable,"Other Motor Vehicle, Collision With",3,1009165,36119,850,0.8,18110248.0,6143.2,3354
2024,Property Damage & Injury Accident,16:10,2024-11-08,Friday,Y,Daylight,YORKTOWN,OTHER,WESTCHESTER,Straight and Level,Clear,,Dry,100 87014151,Not Applicable,"Other Motor Vehicle, Collision With",2,1009165,36119,850,0.8,18110248.0,6143.2,3354
2024,Property Damage Accident,16:13,2024-11-08,Friday,Y,Dark-Road Lighted,YONKERS,OVERTAKING,WESTCHESTER,Straight and Level,Clear,,Dry,,Not Applicable,"Other Motor Vehicle, Collision With",2,1009165,36119,850,0.8,18110248.0,6143.2,3354
2024,Property Damage Accident,12:40,2024-11-08,Friday,Y,Daylight,CORTLANDT,LEFT TURN (3),WESTCHESTER,Straight and Level,Clear,,Dry,,Not Applicable,"Other Motor Vehicle, Collision With",2,1009165,36119,850,0.8,18110248.0,6143.2,3354
2024,Property Damage Accident,19:10,2024-11-08,Friday,Y,Dark-Road Lighted,SOMERS,OTHER,WESTCHESTER,Straight and Level,Clear,,Dry,,Not Applicable,Deer,1,1009165,36119,850,0.8,18110248.0,6143.2,3354
2024,Injury Accident,10:12,2024-11-08,Friday,Y,Daylight,NEW ROCHELLE,OTHER,WESTCHESTER,Straight and Level,Clear,Traffic Signal,Dry,,"Crossing, Against Signal","Pedestrian, Collision With",1,1009165,36119,850,0.8,18110248.0,6143.2,3354
2024,Property Damage Accident,14:03,2024-11-08,Friday,Y,Daylight,WHITE PLAINS,OVERTAKING,WESTCHESTER,Straight and Level,Clear,,Dry,22 87023025,Not Applicable,"Other Motor Vehicle, Collision With",2,1009165,36119,850,0.8,18110248.0,6143.2,3354
2024,Property Damage Accident,15:50,2024-11-08,Friday,Y,Daylight,WHITE PLAINS,LEFT TURN (3),WESTCHESTER,Straight and Level,Cloudy,Traffic Signal,Dry,,Not Applicable,"Other Motor Vehicle, Collision With",2,1009165,36119,850,0.8,18110248.0,6143.2,3354
2024,Property Damage Accident,17:05,2024-11-08,Friday,Y,Dark-Road Lighted,BEDFORD,RIGHT ANGLE,WESTCHESTER,Straight and Grade,Clear,,Dry,,Not Applicable,"Other Motor Vehicle, Collision With",2,1009165,36119,850,0.8,18110248.0,6143.2,3354
2024,Property Damage Accident,13:50,2024-11-08,Friday,Y,Daylight,PELHAM,REAR END,WESTCHESTER,Straight and Level,Clear,,Dry,907W87014002,Not Applicable,"Other Motor Vehicle, Collision With",2,1009165,36119,850,0.8,18110248.0,6143.2,3354
2024,Property Damage Accident,11:25,2024-11-09,Saturday,Y,Daylight,FISHKILL,OVERTAKING,DUTCHESS,Straight and Level,Clear,,Dry,84I82021019,Not Applicable,"Other Motor Vehicle, Collision With",2,299256,36027,1695,0.8,5987961.0,3975.0,1300
2024,Property Damage Accident,14:08,2024-11-09,Saturday,Y,Daylight,POUGHKEEPSIE,REAR END,DUTCHESS,Straight and Level,Clear,Traffic Signal,Dry,9 82051125,Not Applicable,"Other Motor Vehicle, Collision With",2,299256,36027,1695,0.8,5987961.0,3975.0,1300
2024,Property Damage Accident,16:46,2024-11-09,Saturday,Y,Dusk,EAST FISHKILL,OTHER,DUTCHESS,Curve and Level,Clear,,Dry,,Not Applicable,"Guide Rail - Not At End, Collision With Fixed Object",1,299256,36027,1695,0.8,5987961.0,3975.0,1300
2024,Property Damage Accident,14:09,2024-11-09,Saturday,Y,Daylight,EAST FISHKILL,OTHER,DUTCHESS,Straight and Level,Clear,,Dry,376 82011028,Not Applicable,"Light Support/Utility Pole, Collision With Fixed Object",1,299256,36027,1695,0.8,5987961.0,3975.0,1300
2024,Property Damage & Injury Accident,14:25,2024-11-09,Saturday,Y,Daylight,EAST FISHKILL,LEFT TURN (3),DUTCHESS,Straight and Level,Clear,No Passing Zone,Dry,82 82011045,Not Applicable,"Other Motor Vehicle, Collision With",2,299256,36027,1695,0.8,5987961.0,3975.0,1300
2024,Property Damage Accident,1:11,2024-11-09,Saturday,Y,Dark-Road Unlighted,WAPPINGER,OTHER,DUTCHESS,Curve and Level,Clear,,Dry,,Not Applicable,"Tree, Collision With Fixed Object",1,299256,36027,1695,0.8,5987961.0,3975.0,1300
2024,Property Damage Accident,17:36,2024-11-09,Saturday,Y,Dark-Road Unlighted,AMENIA,OTHER,DUTCHESS,Straight and Grade,Clear,No Passing Zone,Dry,44 82022228,Not Applicable,Deer,1,299256,36027,1695,0.8,5987961.0,3975.0,1300
2024,Property Damage Accident,11:35,2024-11-09,Saturday,Y,Daylight,WOODBURY,OTHER,ORANGE,Straight and Level,Clear,,Dry,,Not Applicable,"Other Motor Vehicle, Collision With",3,415088,36071,4753,2.6,13857119.0,5167.5,1527
2024,Property Damage & Injury Accident,16:12,2024-11-09,Saturday,Y,Daylight,CHESTER,RIGHT ANGLE,ORANGE,Straight and Level,Clear,Traffic Signal,Dry,,Not Applicable,"Other Motor Vehicle, Collision With",2,415088,36071,4753,2.6,13857119.0,5167.5,1527
2024,Property Damage Accident,22:50,2024-11-09,Saturday,Y,Dark-Road Unlighted,WALLKILL,OTHER,ORANGE,Curve and Grade,Clear,,Dry,,Not Applicable,Deer,1,415088,36071,4753,2.6,13857119.0,5167.5,1527
2024,Property Damage Accident,12:46,2024-11-09,Saturday,Y,Daylight,WOODBURY,OTHER,ORANGE,Curve and Grade,Clear,,Dry,6 83012377,Not Applicable,"Earth Embankment/Rock Cut/Ditch, Collision With Fixed Object",1,415088,36071,4753,2.6,13857119.0,5167.5,1527
2024,Property Damage Accident,13:25,2024-11-09,Saturday,Y,Daylight,TUXEDO,OTHER,ORANGE,Straight and Level,Clear,,Dry,17 83101342,Not Applicable,"Tree, Collision With Fixed Object",1,415088,36071,4753,2.6,13857119.0,5167.5,1527
2024,Property Damage Accident,17:55,2024-11-09,Saturday,Y,Dark-Road Unlighted,GREENVILLE,OTHER,ORANGE,Straight and Level,Clear,,Dry,,Not Applicable,Deer,1,415088,36071,4753,2.6,13857119.0,5167.5,1527
2024,Property Damage Accident,17:26,2024-11-09,Saturday,Y,Dark-Road Lighted,KENT,REAR END,PUTNAM,Straight and Level,Clear,Traffic Signal,Dry,52 84051034,Not Applicable,"Other Motor Vehicle, Collision With",2,98842,36079,509,0.7,2746105.0,4089.2,375
2024,Property Damage Accident,9:15,2024-11-09,Saturday,Y,Daylight,STONY POINT,OTHER,ROCKLAND,Straight and Grade,Clear,No Passing Zone,Dry,,Not Applicable,Deer,1,354829,36087,259,0.3,7336134.0,9989.2,886
2024,Property Damage Accident,17:58,2024-11-09,Saturday,Y,Dark-Road Lighted,SHAWANGUNK,OTHER,ULSTER,Curve and Level,Clear,No Passing Zone,Dry,,Not Applicable,Deer,1,183095,36111,3565,1.2,6410502.0,3939.4,999
2024,Property Damage Accident,12:19,2024-11-09,Saturday,Y,Daylight,LLOYD,RIGHT TURN (5),ULSTER,Straight and Level,Clear,,Dry,44 86011295,Not Applicable,"Other Motor Vehicle, Collision With",2,183095,36111,3565,1.2,6410502.0,3939.4,999
2024,Property Damage & Injury Accident,14:05,2024-11-09,Saturday,Y,Daylight,DOBBS FERRY,OTHER,WESTCHESTER,Straight and Level,Clear,Traffic Signal,Dry,987D87012017,Not Applicable,"Other Motor Vehicle, Collision With",2,1009165,36119,850,0.8,18110248.0,6143.2,3354
2024,Property Damage Accident,5:38,2024-11-09,Saturday,Y,Dark-Road Unlighted,YORKTOWN,OTHER,WESTCHESTER,Curve and Grade,Cloudy,,Dry,987G87011106,Not Applicable,"Ran Off Roadway Only, Non-Collision",1,1009165,36119,850,0.8,18110248.0,6143.2,3354
2024,Property Damage & Injury Accident,14:35,2024-11-09,Saturday,Y,Daylight,YORKTOWN,OTHER,WESTCHESTER,Straight at Hill Crest,Clear,Traffic Signal,Dry,,Riding/Walking/Skating Along Highway With Traffic,"Bicyclist, Collision With",1,1009165,36119,850,0.8,18110248.0,6143.2,3354
2024,Property Damage & Injury Accident,8:34,2024-11-09,Saturday,Y,Daylight,MAMARONECK,LEFT TURN (3),WESTCHESTER,Curve and Grade,Clear,Traffic Signal,Dry,,Not Applicable,"Other Motor Vehicle, Collision With",2,1009165,36119,850,0.8,18110248.0,6143.2,3354
2024,Property Damage Accident,10:10,2024-11-09,Saturday,Y,Daylight,SOMERS,LEFT TURN (3),WESTCHESTER,Straight and Level,Clear,,Dry,,Not Applicable,"Other Motor Vehicle, Collision With",2,1009165,36119,850,0.8,18110248.0,6143.2,3354
2024,Property Damage Accident,16:31,2024-11-09,Saturday,Y,Daylight,NEW ROCHELLE,OVERTAKING,WESTCHESTER,Straight and Level,Clear,,Dry,,Not Applicable,"Other Motor Vehicle, Collision With",2,1009165,36119,850,0.8,18110248.0,6143.2,3354
2024,Property Damage Accident,11:16,2024-11-09,Saturday,Y,Daylight,WHITE PLAINS,LEFT TURN (3),WESTCHESTER,Straight and Level,Clear,Stop Sign,Dry,100 87013005,Not Applicable,"Other Motor Vehicle, Collision With",2,1009165,36119,850,0.8,18110248.0,6143.2,3354
2024,Property Damage Accident,11:00,2024-11-09,Saturday,Y,Daylight,CORTLANDT,REAR END,WESTCHESTER,Straight and Level,Clear,No Passing Zone,Dry,,Not Applicable,"Other Motor Vehicle, Collision With",2,1009165,36119,850,0.8,18110248.0,6143.2,3354
2024,Property Damage Accident,17:30,2024-11-10,Sunday,Y,Dark-Road Lighted,BEACON,OVERTAKING,DUTCHESS,Straight and Level,Clear,,Dry,,Not Applicable,"Other Motor Vehicle, Collision With",2,299256,36027,1695,0.8,5987961.0,3975.0,1300
2024,Property Damage Accident,2:07,2024-11-10,Sunday,Y,Dark-Road Lighted,LA GRANGE,OTHER,DUTCHESS,Straight and Grade,Clear,,Dry,55 82032072,Not Applicable,Deer,1,299256,36027,1695,0.8,5987961.0,3975.0,1300
2024,Property Damage Accident,18:45,2024-11-10,Sunday,Y,Dark-Road Lighted,EAST FISHKILL,OTHER,DUTCHESS,Straight and Level,Cloudy,No Passing Zone,Dry,216 82011000,Not Applicable,"Sign Post, Collision With Fixed Object",1,299256,36027,1695,0.8,5987961.0,3975.0,1300
2024,Property Damage Accident,22:30,2024-11-10,Sunday,Y,Dark-Road Unlighted,HAMPTONBURGH,OTHER,ORANGE,Curve and Grade,Rain,,Wet,,Not Applicable,"Other Motor Vehicle, Collision With",2,415088,36071,4753,2.6,13857119.0,5167.5,1527
2024,Property Damage Accident,17:38,2024-11-10,Sunday,Y,Dark-Road Unlighted,BLOOMING GROVE,OTHER,ORANGE,Straight and Level,Rain,No Passing Zone,Wet,208 83011084,Not Applicable,Deer,1,415088,36071,4753,2.6,13857119.0,5167.5,1527
2024,Property Damage & Injury Accident,14:12,2024-11-10,Sunday,Y,Daylight,MIDDLETOWN,RIGHT ANGLE,ORANGE,Straight and Grade,Cloudy,,Dry,17M83012004,Not Applicable,"Other Motor Vehicle, Collision With",2,415088,36071,4753,2.6,13857119.0,5167.5,1527
2024,Property Damage Accident,14:06,2024-11-10,Sunday,Y,Daylight,NEW WINDSOR,OVERTAKING,ORANGE,Straight and Grade,Cloudy,,Dry,207 83011158,Not Applicable,"Other Motor Vehicle, Collision With",2,415088,36071,4753,2.6,13857119.0,5167.5,1527
2024,Property Damage Accident,0:25,2024-11-10,Sunday,N,Dark-Road Unlighted,WAWAYANDA,OTHER,ORANGE,Straight and Level,Clear,,Dry,,Not Applicable,Deer,1,415088,36071,4753,2.6,13857119.0,5167.5,1527
2024,Property Damage Accident,14:15,2024-11-10,Sunday,Y,Daylight,MONTGOMERY,OTHER,ORANGE,Straight and Level,Cloudy,,Dry,211 83013069,Not Applicable,Deer,1,415088,36071,4753,2.6,13857119.0,5167.5,1527
2024,Property Damage Accident,17:53,2024-11-10,Sunday,Y,Dark-Road Unlighted,ORANGETOWN,OTHER,ROCKLAND,Straight and Level,Clear,,Dry,,Not Applicable,"Animal, Collision With",1,354829,36087,259,0.3,7336134.0,9989.2,886
2024,Property Damage Accident,17:15,2024-11-10,Sunday,Y,Dusk,RAMAPO,RIGHT TURN (5),ROCKLAND,Straight and Level,Clear,Traffic Signal,Dry,59 85011055,Not Applicable,"Other Motor Vehicle, Collision With",2,354829,36087,259,0.3,7336134.0,9989.2,886
2024,Property Damage Accident,11:31,2024-11-10,Sunday,Y,Daylight,,OTHER,ROCKLAND,Straight at Hill Crest,Clear,Yield Sign,Dry,,Not Applicable,"Tree, Collision With Fixed Object",1,354829,36087,259,0.3,7336134.0,9989.2,886
2024,Property Damage & Injury Accident,3:15,2024-11-10,Sunday,Y,Dark-Road Lighted,HAVERSTRAW,HEAD ON,ROCKLAND,Straight and Level,Clear,,Dry,,Not Applicable,"Other Motor Vehicle, Collision With",2,354829,36087,259,0.3,7336134.0,9989.2,886
2024,Property Damage Accident,14:46,2024-11-10,Sunday,Y,Daylight,SHAWANGUNK,OTHER,ULSTER,Straight and Grade,Clear,No Passing Zone,Dry,,Not Applicable,Deer,1,183095,36111,3565,1.2,6410502.0,3939.4,999
2024,Property Damage Accident,3:00,2024-11-10,Sunday,Y,Dark-Road Unlighted,PLATTEKILL,OTHER,ULSTER,Curve and Level,Unknown,No Passing Zone,Dry,,Not Applicable,"Tree, Collision With Fixed Object",1,183095,36111,3565,1.2,6410502.0,3939.4,999
2024,Property Damage Accident,17:18,2024-11-10,Sunday,Y,Dusk,ROSENDALE,OTHER,ULSTER,Straight and Grade,Clear,,Dry,,Not Applicable,Deer,1,183095,36111,3565,1.2,6410502.0,3939.4,999
2024,Property Damage Accident,0:34,2024-11-10,Sunday,Y,Dark-Road Unlighted,PLATTEKILL,OTHER,ULSTER,Curve and Level,Clear,No Passing Zone,Dry,44 86011194,Not Applicable,Deer,1,183095,36111,3565,1.2,6410502.0,3939.4,999
2024,Property Damage Accident,22:50,2024-11-10,Sunday,Y,Dark-Road Lighted,ELMSFORD,LEFT TURN (3),WESTCHESTER,Straight and Level,Rain,Traffic Signal,Wet,119 87011024,Not Applicable,"Other Motor Vehicle, Collision With",2,1009165,36119,850,0.8,18110248.0,6143.2,3354
2024,Property Damage Accident,10:15,2024-11-10,Sunday,Y,Daylight,YORKTOWN,OVERTAKING,WESTCHESTER,Straight and Level,Clear,,Dry,6 87033032,Not Applicable,"Other Motor Vehicle, Collision With",2,1009165,36119,850,0.8,18110248.0,6143.2,3354
2024,Property Damage & Injury Accident,15:35,2024-11-10,Sunday,Y,Daylight,PLEASANTVILLE,REAR END,WESTCHESTER,Straight and Level,Cloudy,Traffic Signal,Dry,987D87012134,Not Applicable,"Other Motor Vehicle, Collision With",2,1009165,36119,850,0.8,18110248.0,6143.2,3354
2024,Property Damage & Injury Accident,1:42,2024-11-10,Sunday,Y,Dark-Road Lighted,WHITE PLAINS,OTHER,WESTCHESTER,Straight and Grade,Clear,,Dry,,"Crossing, No Signal or Crosswalk","Pedestrian, Collision With",1,1009165,36119,850,0.8,18110248.0,6143.2,3354
2024,Property Damage Accident,18:25,2024-11-10,Sunday,Y,Dark-Road Lighted,ARDSLEY,OTHER,WESTCHESTER,Straight and Grade,Clear,Traffic Signal,Dry,,Not Applicable,"Other Motor Vehicle, Collision With",3,1009165,36119,850,0.8,18110248.0,6143.2,3354
2024,Property Damage Accident,0:30,2024-11-10,Sunday,Y,Dark-Road Unlighted,CORTLANDT,OTHER,WESTCHESTER,Curve and Level,Clear,No Passing Zone,Dry,,Not Applicable,"Sign Post, Collision With Fixed Object",1,1009165,36119,850,0.8,18110248.0,6143.2,3354
2024,Property Damage & Injury Accident,12:48,2024-11-10,Sunday,Y,Daylight,PORT CHESTER,HEAD ON,WESTCHESTER,Straight and Level,Cloudy,Traffic Signal,Dry,,Not Applicable,"Other Motor Vehicle, Collision With",2,1009165,36119,850,0.8,18110248.0,6143.2,3354
2024,Property Damage Accident,12:25,2024-11-10,Sunday,Y,Daylight,DOBBS FERRY,RIGHT ANGLE,WESTCHESTER,Straight and Grade,Clear,,Dry,,Not Applicable,"Other Motor Vehicle, Collision With",2,1009165,36119,850,0.8,18110248.0,6143.2,3354
2024,Property Damage & Injury Accident,19:30,2024-11-10,Sunday,Y,Dark-Road Lighted,YONKERS,OTHER,WESTCHESTER,Straight and Grade,Cloudy,Police/Fire Emergency,Dry,9A87031004,Other Actions in Roadway,"Pedestrian, Collision With",1,1009165,36119,850,0.8,18110248.0,6143.2,3354
2024,Property Damage Accident,21:04,2024-11-10,Sunday,Y,Dark-Road Unlighted,YORKTOWN,OTHER,WESTCHESTER,Straight and Level,Rain,,Wet,,Not Applicable,"Other Motor Vehicle, Collision With",2,1009165,36119,850,0.8,18110248.0,6143.2,3354
2024,Property Damage Accident,16:03,2024-11-11,Monday,Y,Dusk,POUGHKEEPSIE,REAR END,DUTCHESS,Straight and Level,Clear,Traffic Signal,Dry,,Not Applicable,"Other Motor Vehicle, Collision With",2,299256,36027,1695,0.8,5987961.0,3975.0,1300
2024,Property Damage Accident,17:35,2024-11-11,Monday,Y,Dark-Road Unlighted,LA GRANGE,OTHER,DUTCHESS,Curve and Grade,Clear,,Dry,987G82031146,Not Applicable,Deer,1,299256,36027,1695,0.8,5987961.0,3975.0,1300
2024,Property Damage Accident,13:41,2024-11-11,Monday,Y,Daylight,POUGHKEEPSIE,OVERTAKING,DUTCHESS,Straight and Level,Clear,,Dry,9 82051130,Not Applicable,"Other Motor Vehicle, Collision With",2,299256,36027,1695,0.8,5987961.0,3975.0,1300
2024,Property Damage & Injury Accident,7:07,2024-11-11,Monday,Y,Daylight,EAST FISHKILL,SIDESWIPE,DUTCHESS,Curve and Level,Clear,,Wet,376 82011003,Not Applicable,"Other Motor Vehicle, Collision With",2,299256,36027,1695,0.8,5987961.0,3975.0,1300
2024,Property Damage Accident,15:59,2024-11-11,Monday,Y,Daylight,WAPPINGER,OVERTAKING,DUTCHESS,Straight and Level,Clear,,Dry,,Not Applicable,"Other Motor Vehicle, Collision With",2,299256,36027,1695,0.8,5987961.0,3975.0,1300
2024,Property Damage Accident,18:46,2024-11-11,Monday,Y,Dark-Road Unlighted,WARWICK,OTHER,ORANGE,Curve and Grade,Clear,,Dry,,Not Applicable,Deer,1,415088,36071,4753,2.6,13857119.0,5167.5,1527
2024,Injury Accident,17:00,2024-11-11,Monday,Y,Daylight,NEWBURGH,OTHER,ORANGE,Straight and Level,Clear,,Dry,,Riding/Walking/Skating Along Highway With Traffic,"Bicyclist, Collision With",1,415088,36071,4753,2.6,13857119.0,5167.5,1527
2024,Property Damage Accident,17:07,2024-11-11,Monday,Y,Dark-Road Lighted,NEWBURGH,OTHER,ORANGE,Straight and Level,Clear,,Dry,,Not Applicable,"Other Motor Vehicle, Collision With",2,415088,36071,4753,2.6,13857119.0,5167.5,1527
2024,Property Damage & Injury Accident,16:31,2024-11-11,Monday,Y,Daylight,WOODBURY,Unknown,ORANGE,Straight and Level,Clear,,Dry,,Not Applicable,"Other Motor Vehicle, Collision With",2,415088,36071,4753,2.6,13857119.0,5167.5,1527
2024,Property Damage Accident,21:15,2024-11-11,Monday,Y,Dark-Road Unlighted,WALLKILL,OTHER,ORANGE,Straight and Level,Clear,,Dry,302 83011024,Not Applicable,Deer,1,415088,36071,4753,2.6,13857119.0,5167.5,1527
2024,Property Damage Accident,11:50,2024-11-11,Monday,Y,Daylight,PORT JERVIS,LEFT TURN (3),ORANGE,Straight and Grade,Cloudy,,Dry,6 83011001,Not Applicable,"Other Motor Vehicle, Collision With",2,415088,36071,4753,2.6,13857119.0,5167.5,1527
2024,Property Damage Accident,8:10,2024-11-11,Monday,Y,Daylight,BLOOMING GROVE,RIGHT ANGLE,ORANGE,Curve and Grade,Cloudy,Stop Sign,Wet,,Not Applicable,"Other Motor Vehicle, Collision With",2,415088,36071,4753,2.6,13857119.0,5167.5,1527
2024,Property Damage Accident,12:41,2024-11-11,Monday,Y,Daylight,WAWAYANDA,OTHER,ORANGE,Straight and Level,Clear,,Dry,84I83011145,Not Applicable,"Earth Embankment/Rock Cut/Ditch, Collision With Fixed Object",1,415088,36071,4753,2.6,13857119.0,5167.5,1527
2024,Property Damage Accident,13:30,2024-11-11,Monday,Y,Daylight,WALLKILL,Unknown,ORANGE,Straight and Level,Cloudy,,Dry,,Not Applicable,"Other Motor Vehicle, Collision With",2,415088,36071,4753,2.6,13857119.0,5167.5,1527
2024,Property Damage Accident,22:47,2024-11-11,Monday,Y,Dark-Road Unlighted,CARMEL,OTHER,PUTNAM,Straight and Level,Cloudy,No Passing Zone,Dry,6N84021002,Not Applicable,"Guide Rail - Not At End, Collision With Fixed Object",1,98842,36079,509,0.7,2746105.0,4089.2,375