year,accident_descriptor,time,date,day_of_week,police_report,lighting_conditions,municipality,collision_type_descriptor,county_name,road_descriptor,weather_conditions,traffic_control_device,road_surface_conditions,dot_reference_marker_location,pedestrian_bicyclist_action,event_descriptor,number_of_vehicles_involved,county_population_2024,county_fips,county_deer_take_2024,county_antlerless_deer_per_sqmi_2024,county_daily_vmt_2019,county_mean_aadt_2019,county_aadt_segments_2019
2024,Property Damage Accident,12:04,2024-11-11,Monday,Y,Daylight,ORANGETOWN,RIGHT ANGLE,ROCKLAND,Straight and Grade,Cloudy,Stop Sign,Dry,,Not Applicable,"Other Motor Vehicle, Collision With",2,354829,36087,259,0.3,7336134.0,9989.2,886
2024,Property Damage Accident,7:39,2024-11-11,Monday,Y,Daylight,RAMAPO,REAR END,ROCKLAND,Straight and Level,Cloudy,,Wet,17 85111034,Not Applicable,"Other Motor Vehicle, Collision With",2,354829,36087,259,0.3,7336134.0,9989.2,886
2024,Property Damage Accident,13:01,2024-11-11,Monday,Y,Daylight,NEW HEMPSTEAD,OTHER,ROCKLAND,Straight and Level,Clear,Traffic Signal,Dry,306 85011029,Not Applicable,"Other Motor Vehicle, Collision With",3,354829,36087,259,0.3,7336134.0,9989.2,886
2024,Property Damage & Injury Accident,23:42,2024-11-11,Monday,Y,Dark-Road Lighted,RAMAPO,OTHER,ROCKLAND,Straight and Level,Clear,Traffic Signal,Dry,45 85011044,"Crossing, Against Signal","Pedestrian, Collision With",1,354829,36087,259,0.3,7336134.0,9989.2,886
2024,Property Damage Accident,23:45,2024-11-11,Monday,N,Dark-Road Lighted,MARLBOROUGH,OTHER,ULSTER,Straight and Level,Cloudy,,Dry,,Not Applicable,Deer,1,183095,36111,3565,1.2,6410502.0,3939.4,999
2024,Property Damage Accident,11:51,2024-11-11,Monday,Y,Daylight,ELLENVILLE,LEFT TURN (3),ULSTER,Straight and Level,Clear,,Dry,209 86031047,Not Applicable,"Other Motor Vehicle, Collision With",2,183095,36111,3565,1.2,6410502.0,3939.4,999
2024,Property Damage Accident,7:49,2024-11-11,Monday,Y,Daylight,NEW PALTZ,REAR END,ULSTER,Straight and Grade,Cloudy,No Passing Zone,Wet,299 86011067,Not Applicable,"Other Motor Vehicle, Collision With",2,183095,36111,3565,1.2,6410502.0,3939.4,999
2024,Property Damage Accident,17:09,2024-11-11,Monday,Y,Dark-Road Lighted,ULSTER,REAR END,ULSTER,Straight and Level,Clear,,Dry,9W86035017,Not Applicable,"Other Motor Vehicle, Collision With",2,183095,36111,3565,1.2,6410502.0,3939.4,999
2024,Property Damage Accident,12:12,2024-11-11,Monday,Y,Daylight,CORTLANDT,OTHER,WESTCHESTER,Straight and Level,Cloudy,,Dry,9 87032194,Not Applicable,Deer,1,1009165,36119,850,0.8,18110248.0,6143.2,3354
2024,Property Damage & Injury Accident,20:56,2024-11-11,Monday,Y,Dark-Road Lighted,WHITE PLAINS,OTHER,WESTCHESTER,Straight and Grade,Clear,,Dry,,Not Applicable,"Building/Wall, Collision With Fixed Object",1,1009165,36119,850,0.8,18110248.0,6143.2,3354
2024,Property Damage Accident,1:12,2024-11-11,Monday,Y,Dark-Road Lighted,MOUNT VERNON,OTHER,WESTCHESTER,Curve and Grade,Rain,,Wet,,Not Applicable,"Guide Rail - Not At End, Collision With Fixed Object",1,1009165,36119,850,0.8,18110248.0,6143.2,3354
2024,Property Damage Accident,13:35,2024-11-11,Monday,Y,Daylight,MAMARONECK,REAR END,WESTCHESTER,Straight and Level,Clear,,Dry,,Not Applicable,"Other Motor Vehicle, Collision With",2,1009165,36119,850,0.8,18110248.0,6143.2,3354
2024,Property Damage Accident,10:53,2024-11-11,Monday,Y,Daylight,GREENBURGH,OVERTAKING,WESTCHESTER,Straight and Level,Clear,Traffic Signal,Dry,9A87032068,Not Applicable,"Other Motor Vehicle, Collision With",2,1009165,36119,850,0.8,18110248.0,6143.2,3354
2024,Property Damage Accident,18:40,2024-11-11,Monday,Y,Dark-Road Lighted,HARRISON,LEFT TURN (3),WESTCHESTER,Straight and Level,Clear,Traffic Signal,Dry,127 87011019,Not Applicable,"Other Motor Vehicle, Collision With",2,1009165,36119,850,0.8,18110248.0,6143.2,3354
2024,Property Damage Accident,21:32,2024-11-11,Monday,Y,Dark-Road Lighted,NEW ROCHELLE,SIDESWIPE,WESTCHESTER,Straight and Level,Clear,,Dry,,Not Applicable,"Other Motor Vehicle, Collision With",2,1009165,36119,850,0.8,18110248.0,6143.2,3354
2024,Property Damage Accident,4:48,2024-11-11,Monday,Y,Dark-Road Lighted,NEW ROCHELLE,LEFT TURN (3),WESTCHESTER,Straight and Level,Cloudy,,Wet,,Not Applicable,"Other Motor Vehicle, Collision With",2,1009165,36119,850,0.8,18110248.0,6143.2,3354
2024,Property Damage Accident,11:04,2024-11-11,Monday,Y,Daylight,PEEKSKILL,RIGHT ANGLE,WESTCHESTER,Straight and Grade,Clear,,Dry,,Not Applicable,"Other Motor Vehicle, Collision With",2,1009165,36119,850,0.8,18110248.0,6143.2,3354
2024,Property Damage Accident,13:45,2024-11-11,Monday,Y,Daylight,YORKTOWN,OTHER,WESTCHESTER,Straight and Level,Clear,,Dry,,Not Applicable,"Other Motor Vehicle, Collision With",2,1009165,36119,850,0.8,18110248.0,6143.2,3354
2024,Property Damage Accident,15:06,2024-11-11,Monday,Y,Daylight,NORTH CASTLE,OTHER,WESTCHESTER,Straight and Level,Clear,,Dry,684I87011096,Not Applicable,"Guide Rail - Not At End, Collision With Fixed Object",1,1009165,36119,850,0.8,18110248.0,6143.2,3354
2024,Property Damage Accident,18:50,2024-11-11,Monday,Y,Dark-Road Lighted,WHITE PLAINS,OTHER,WESTCHESTER,Curve at Hill Crest,Clear,,Dry,,Not Applicable,"Guide Rail - Not At End, Collision With Fixed Object",1,1009165,36119,850,0.8,18110248.0,6143.2,3354
2024,Property Damage & Injury Accident,4:15,2024-11-11,Monday,Y,Dark-Road Lighted,YONKERS,REAR END,WESTCHESTER,Straight and Level,Rain,,Wet,,Not Applicable,"Other Motor Vehicle, Collision With",2,1009165,36119,850,0.8,18110248.0,6143.2,3354
2024,Property Damage Accident,11:50,2024-11-11,Monday,Y,Daylight,HASTINGS ON HUDSON,OVERTAKING,WESTCHESTER,Straight and Level,Clear,Unknown,Dry,9 87032012,Not Applicable,"Other Motor Vehicle, Collision With",2,1009165,36119,850,0.8,18110248.0,6143.2,3354
2024,Injury Accident,12:54,2024-11-11,Monday,Y,Daylight,WHITE PLAINS,OTHER,WESTCHESTER,Straight and Level,Clear,Traffic Signal,Dry,,"Crossing, No Signal, Marked Crosswalk","Pedestrian, Collision With",1,1009165,36119,850,0.8,18110248.0,6143.2,3354
2024,Property Damage Accident,5:45,2024-11-11,Monday,Y,Dark-Road Lighted,YONKERS,OTHER,WESTCHESTER,Curve at Hill Crest,Unknown,,Unknown,983B87011003,Not Applicable,"Other Motor Vehicle, Collision With",3,1009165,36119,850,0.8,18110248.0,6143.2,3354
2024,Property Damage & Injury Accident,22:02,2024-11-12,Tuesday,Y,Dark-Road Unlighted,PAWLING,OTHER,DUTCHESS,Straight and Level,Clear,No Passing Zone,Dry,22 82041019,"Crossing, No Signal or Crosswalk","Pedestrian, Collision With",1,299256,36027,1695,0.8,5987961.0,3975.0,1300
2024,Property Damage Accident,16:27,2024-11-12,Tuesday,Y,Dusk,PINE PLAINS,OTHER,DUTCHESS,Curve and Grade,Clear,,Dry,199 82021189,Not Applicable,"Animal, Collision With",1,299256,36027,1695,0.8,5987961.0,3975.0,1300
2024,Property Damage Accident,18:06,2024-11-12,Tuesday,Y,Dark-Road Unlighted,CLINTON,OTHER,DUTCHESS,Straight and Level,Clear,,Dry,987G82031264,Not Applicable,Deer,1,299256,36027,1695,0.8,5987961.0,3975.0,1300
2024,Property Damage Accident,7:15,2024-11-12,Tuesday,Y,Daylight,AMENIA,OTHER,DUTCHESS,Straight and Level,Clear,No Passing Zone,Dry,,Not Applicable,Deer,1,299256,36027,1695,0.8,5987961.0,3975.0,1300
2024,Property Damage Accident,9:30,2024-11-12,Tuesday,Y,Daylight,EAST FISHKILL,OTHER,DUTCHESS,Straight and Level,Clear,,Dry,84I82021096,Not Applicable,Deer,1,299256,36027,1695,0.8,5987961.0,3975.0,1300
2024,Property Damage Accident,17:48,2024-11-12,Tuesday,Y,Dusk,FISHKILL,OTHER,DUTCHESS,Straight and Level,Clear,,Dry,84I82021042,Not Applicable,"Other Object (Not Fixed)*, Collision With",1,299256,36027,1695,0.8,5987961.0,3975.0,1300
2024,Property Damage Accident,17:07,2024-11-12,Tuesday,Y,Dusk,WAPPINGER,OTHER,DUTCHESS,Straight and Level,Clear,No Passing Zone,Dry,,Not Applicable,Deer,1,299256,36027,1695,0.8,5987961.0,3975.0,1300
2024,Property Damage & Injury Accident,17:03,2024-11-12,Tuesday,Y,Dusk,RHINEBECK,OTHER,DUTCHESS,Straight and Grade,Cloudy,,Dry,,Not Applicable,"Light Support/Utility Pole, Collision With Fixed Object",1,299256,36027,1695,0.8,5987961.0,3975.0,1300
2024,Property Damage Accident,5:20,2024-11-12,Tuesday,Y,Dark-Road Lighted,WARWICK,OTHER,ORANGE,Straight and Level,Cloudy,,Dry,210 83011016,Not Applicable,"Building/Wall, Collision With Fixed Object",1,415088,36071,4753,2.6,13857119.0,5167.5,1527
2024,Property Damage Accident,7:19,2024-11-12,Tuesday,Y,Daylight,HAMPTONBURGH,OTHER,ORANGE,Straight and Grade,Clear,No Passing Zone,Dry,207 83011051,Not Applicable,"Other Motor Vehicle, Collision With",2,415088,36071,4753,2.6,13857119.0,5167.5,1527
2024,Property Damage Accident,8:07,2024-11-12,Tuesday,Y,Daylight,WALLKILL,RIGHT ANGLE,ORANGE,Straight and Level,Clear,Traffic Signal,Dry,211 83013004,Not Applicable,"Other Motor Vehicle, Collision With",2,415088,36071,4753,2.6,13857119.0,5167.5,1527
2024,Property Damage Accident,15:46,2024-11-12,Tuesday,Y,Daylight,DEERPARK,REAR END,ORANGE,Straight and Level,Clear,,Dry,,Not Applicable,"Other Motor Vehicle, Collision With",2,415088,36071,4753,2.6,13857119.0,5167.5,1527
2024,Property Damage Accident,3:08,2024-11-12,Tuesday,Y,Dark-Road Unlighted,MONROE,OTHER,ORANGE,Straight and Level,Clear,,Dry,17 83101232,Not Applicable,Deer,1,415088,36071,4753,2.6,13857119.0,5167.5,1527
2024,Injury Accident,17:00,2024-11-12,Tuesday,Y,Dark-Road Lighted,CORNWALL,REAR END,ORANGE,Straight and Level,Clear,Traffic Signal,Dry,,Not Applicable,"Other Motor Vehicle, Collision With",2,415088,36071,4753,2.6,13857119.0,5167.5,1527
2024,Property Damage Accident,23:15,2024-11-12,Tuesday,Y,Dark-Road Unlighted,DEERPARK,OTHER,ORANGE,Straight and Level,Clear,,Dry,209 83012020,Not Applicable,Deer,1,415088,36071,4753,2.6,13857119.0,5167.5,1527
2024,Property Damage Accident,17:50,2024-11-12,Tuesday,Y,Dark-Road Unlighted,WALLKILL,REAR END,ORANGE,Straight and Level,Clear,,Dry,17 83101076,Not Applicable,"Other Motor Vehicle, Collision With",2,415088,36071,4753,2.6,13857119.0,5167.5,1527
2024,Property Damage Accident,16:01,2024-11-12,Tuesday,Y,Daylight,WAWAYANDA,REAR END,ORANGE,Curve and Level,Clear,Yield Sign,Dry,17M83013003,Not Applicable,"Other Motor Vehicle, Collision With",2,415088,36071,4753,2.6,13857119.0,5167.5,1527
2024,Property Damage & Injury Accident,12:12,2024-11-12,Tuesday,Y,Daylight,DEERPARK,OTHER,ORANGE,Straight and Grade,Cloudy,No Passing Zone,Dry,42 83012080,Not Applicable,"Guide Rail - Not At End, Collision With Fixed Object",1,415088,36071,4753,2.6,13857119.0,5167.5,1527
2024,Property Damage Accident,19:23,2024-11-12,Tuesday,Y,Dark-Road Unlighted,DEERPARK,OTHER,ORANGE,Curve and Grade,Clear,No Passing Zone,Dry,97 83012037,Not Applicable,Deer,1,415088,36071,4753,2.6,13857119.0,5167.5,1527
2024,Property Damage Accident,20:45,2024-11-12,Tuesday,Y,Dark-Road Unlighted,CORNWALL,REAR END,ORANGE,Straight and Level,Clear,,Dry,,Not Applicable,"Other Motor Vehicle, Collision With",2,415088,36071,4753,2.6,13857119.0,5167.5,1527
2024,Property Damage Accident,15:30,2024-11-12,Tuesday,Y,Daylight,NEWBURGH,REAR END,ORANGE,Straight and Level,Clear,,Dry,84I83011345,Not Applicable,"Other Motor Vehicle, Collision With",2,415088,36071,4753,2.6,13857119.0,5167.5,1527
2024,Property Damage Accident,3:11,2024-11-12,Tuesday,Y,Dark-Road Lighted,SOUTHEAST,OTHER,PUTNAM,Straight and Level,Clear,Stop Sign,Dry,,Not Applicable,"Guide Rail - Not At End, Collision With Fixed Object",1,98842,36079,509,0.7,2746105.0,4089.2,375
2024,Property Damage Accident,9:00,2024-11-12,Tuesday,Y,Daylight,HAVERSTRAW,REAR END,ROCKLAND,Straight and Level,Clear,,Dry,9W85011158,Not Applicable,"Other Motor Vehicle, Collision With",2,354829,36087,259,0.3,7336134.0,9989.2,886
2024,Property Damage & Injury Accident,18:40,2024-11-12,Tuesday,N,Dark-Road Lighted,CLARKSTOWN,OTHER,ROCKLAND,Straight and Grade,Clear,Traffic Signal,Dry,303 85011074,Not Applicable,"Other Motor Vehicle, Collision With",3,354829,36087,259,0.3,7336134.0,9989.2,886
2024,Property Damage & Injury Accident,23:50,2024-11-12,Tuesday,Y,Dark-Road Lighted,CLARKSTOWN,RIGHT ANGLE,ROCKLAND,Straight and Level,Clear,Traffic Signal,Dry,59 85011086,Not Applicable,"Other Motor Vehicle, Collision With",2,354829,36087,259,0.3,7336134.0,9989.2,886
2024,Property Damage Accident,9:41,2024-11-12,Tuesday,Y,Daylight,CLARKSTOWN,OVERTAKING,ROCKLAND,Straight and Level,Clear,,Dry,987C85011101,Not Applicable,"Other Motor Vehicle, Collision With",2,354829,36087,259,0.3,7336134.0,9989.2,886
2024,Property Damage & Injury Accident,20:28,2024-11-12,Tuesday,Y,Dark-Road Lighted,RAMAPO,REAR END,ROCKLAND,Straight and Level,Clear,,Dry,45 85011011,Not Applicable,"Other Motor Vehicle, Collision With",2,354829,36087,259,0.3,7336134.0,9989.2,886
2024,Property Damage Accident,7:46,2024-11-12,Tuesday,Y,Daylight,KINGSTON,OTHER,ULSTER,Straight and Level,Clear,,Dry,28 86012052,Not Applicable,Deer,1,183095,36111,3565,1.2,6410502.0,3939.4,999
2024,Property Damage Accident,6:30,2024-11-12,Tuesday,Y,Dawn,MARLBOROUGH,OTHER,ULSTER,Straight and Level,Cloudy,,Dry,9W86031041,Not Applicable,Deer,1,183095,36111,3565,1.2,6410502.0,3939.4,999
2024,Property Damage Accident,16:12,2024-11-12,Tuesday,Y,Dusk,ULSTER,LEFT TURN (3),ULSTER,Straight and Level,Clear,Traffic Signal,Dry,,Not Applicable,"Other Motor Vehicle, Collision With",2,183095,36111,3565,1.2,6410502.0,3939.4,999
2024,Property Damage Accident,23:38,2024-11-12,Tuesday,Y,Dark-Road Lighted,SAUGERTIES,OTHER,ULSTER,Straight and Level,Clear,,Dry,212 86011150,Not Applicable,Deer,1,183095,36111,3565,1.2,6410502.0,3939.4,999
2024,Property Damage Accident,17:45,2024-11-12,Tuesday,Y,Dark-Road Lighted,YONKERS,OVERTAKING,WESTCHESTER,Straight and Level,Clear,,Dry,907K87011003,Not Applicable,"Other Motor Vehicle, Collision With",2,1009165,36119,850,0.8,18110248.0,6143.2,3354
2024,Property Damage Accident,14:55,2024-11-12,Tuesday,Y,Daylight,DOBBS FERRY,OVERTAKING,WESTCHESTER,Straight and Level,Clear,,Dry,9 87032021,Not Applicable,"Other Motor Vehicle, Collision With",2,1009165,36119,850,0.8,18110248.0,6143.2,3354
2024,Property Damage Accident,15:19,2024-11-12,Tuesday,Y,Daylight,MOUNT PLEASANT,OVERTAKING,WESTCHESTER,Straight and Level,Clear,,Dry,987G87011042,Not Applicable,"Other Motor Vehicle, Collision With",2,1009165,36119,850,0.8,18110248.0,6143.2,3354
2024,Property Damage Accident,17:16,2024-11-12,Tuesday,Y,Dark-Road Lighted,YONKERS,Unknown,WESTCHESTER,Straight and Level,Clear,Stop Sign,Dry,,Not Applicable,"Other Motor Vehicle, Collision With",2,1009165,36119,850,0.8,18110248.0,6143.2,3354
2024,Property Damage & Injury Accident,13:04,2024-11-12,Tuesday,Y,Daylight,ARDSLEY,REAR END,WESTCHESTER,Straight and Level,Clear,No Passing Zone,Dry,9A87032023,Not Applicable,"Other Motor Vehicle, Collision With",2,1009165,36119,850,0.8,18110248.0,6143.2,3354
2024,Property Damage Accident,11:53,2024-11-12,Tuesday,Y,Daylight,BEDFORD,OVERTAKING,WESTCHESTER,Curve and Level,Cloudy,,Dry,,Not Applicable,"Other Motor Vehicle, Collision With",2,1009165,36119,850,0.8,18110248.0,6143.2,3354
2024,Property Damage & Injury Accident,7:18,2024-11-12,Tuesday,Y,Daylight,YONKERS,OTHER,WESTCHESTER,Straight and Level,Clear,,Dry,,Not Applicable,"Other Motor Vehicle, Collision With",5,1009165,36119,850,0.8,18110248.0,6143.2,3354
2024,Property Damage Accident,14:21,2024-11-12,Tuesday,Y,Daylight,WHITE PLAINS,OVERTAKING,WESTCHESTER,Straight and Level,Clear,Traffic Signal,Dry,,Not Applicable,"Other Motor Vehicle, Collision With",2,1009165,36119,850,0.8,18110248.0,6143.2,3354
2024,Property Damage & Injury Accident,18:07,2024-11-12,Tuesday,Y,Dark-Road Unlighted,EASTCHESTER,OTHER,WESTCHESTER,Curve and Grade,Clear,,Dry,,Not Applicable,"Guide Rail - Not At End, Collision With Fixed Object",1,1009165,36119,850,0.8,18110248.0,6143.2,3354
2024,Property Damage & Injury Accident,14:30,2024-11-12,Tuesday,Y,Daylight,MOUNT VERNON,REAR END,WESTCHESTER,Straight and Level,Clear,,Dry,,Not Applicable,"Other Motor Vehicle, Collision With",2,1009165,36119,850,0.8,18110248.0,6143.2,3354
2024,Property Damage Accident,17:40,2024-11-12,Tuesday,Y,Dark-Road Unlighted,MOUNT PLEASANT,OVERTAKING,WESTCHESTER,Straight and Level,Cloudy,,Dry,987F87012079,Not Applicable,"Other Motor Vehicle, Collision With",2,1009165,36119,850,0.8,18110248.0,6143.2,3354
2024,Property Damage & Injury Accident,12:27,2024-11-12,Tuesday,Y,Daylight,HASTINGS ON HUDSON,OTHER,WESTCHESTER,Curve and Grade,Rain,,Wet,,Not Applicable,"Light Support/Utility Pole, Collision With Fixed Object",1,1009165,36119,850,0.8,18110248.0,6143.2,3354
2024,Property Damage Accident,18:40,2024-11-12,Tuesday,Y,Dark-Road Lighted,NORTH SALEM,LEFT TURN (3),WESTCHESTER,Straight and Level,Clear,Traffic Signal,Dry,22 87024239,Not Applicable,"Other Motor Vehicle, Collision With",2,1009165,36119,850,0.8,18110248.0,6143.2,3354
2024,Property Damage & Injury Accident,11:28,2024-11-13,Wednesday,Y,Daylight,WAPPINGER,OTHER,DUTCHESS,Straight and Level,Clear,,Dry,376 82011085,Not Applicable,"Other Motor Vehicle, Collision With",2,299256,36027,1695,0.8,5987961.0,3975.0,1300
2024,Property Damage & Injury Accident,7:59,2024-11-13,Wednesday,Y,Daylight,POUGHKEEPSIE,REAR END,DUTCHESS,Straight and Level,Clear,,Dry,44 82021014,Not Applicable,"Other Motor Vehicle, Collision With",2,299256,36027,1695,0.8,5987961.0,3975.0,1300
2024,Property Damage Accident,21:08,2024-11-13,Wednesday,Y,Dark-Road Unlighted,DOVER,OTHER,DUTCHESS,Curve and Grade,Clear,,Dry,,Not Applicable,"Light Support/Utility Pole, Collision With Fixed Object",1,299256,36027,1695,0.8,5987961.0,3975.0,1300
2024,Property Damage Accident,12:00,2024-11-13,Wednesday,Y,Daylight,LA GRANGE,OVERTAKING,DUTCHESS,Straight and Grade,Clear,,Dry,55 82032052,Not Applicable,"Other Motor Vehicle, Collision With",2,299256,36027,1695,0.8,5987961.0,3975.0,1300
2024,Property Damage Accident,18:00,2024-11-13,Wednesday,Y,Dark-Road Lighted,POUGHKEEPSIE,OTHER,DUTCHESS,Straight and Grade,Clear,Traffic Signal,Dry,,Not Applicable,"Animal, Collision With",1,299256,36027,1695,0.8,5987961.0,3975.0,1300
2024,Property Damage Accident,12:53,2024-11-13,Wednesday,Y,Daylight,POUGHKEEPSIE,REAR END,DUTCHESS,Curve and Level,Clear,,Dry,,Not Applicable,"Other Motor Vehicle, Collision With",2,299256,36027,1695,0.8,5987961.0,3975.0,1300
2024,Injury Accident,0:00,2024-11-13,Wednesday,N,Unknown,,Unknown,DUTCHESS,Unknown,Unknown,Unknown,Unknown,,Not Applicable,"Other Motor Vehicle, Collision With",2,299256,36027,1695,0.8,5987961.0,3975.0,1300
2024,Property Damage Accident,13:20,2024-11-13,Wednesday,Y,Daylight,WOODBURY,Unknown,ORANGE,Curve and Level,Clear,Yield Sign,Dry,683012407,Not Applicable,"Other Motor Vehicle, Collision With",2,415088,36071,4753,2.6,13857119.0,5167.5,1527
2024,Property Damage Accident,14:58,2024-11-13,Wednesday,Y,Daylight,CHESTER,REAR END,ORANGE,Straight at Hill Crest,Clear,,Dry,,Not Applicable,"Other Motor Vehicle, Collision With",2,415088,36071,4753,2.6,13857119.0,5167.5,1527
2024,Property Damage Accident,20:25,2024-11-13,Wednesday,Y,Dark-Road Unlighted,TUXEDO,OTHER,ORANGE,Curve at Hill Crest,Clear,,Dry,17A83011209,Not Applicable,"Guide Rail - Not At End, Collision With Fixed Object",1,415088,36071,4753,2.6,13857119.0,5167.5,1527
2024,Property Damage Accident,7:45,2024-11-13,Wednesday,Y,Dark-Road Lighted,CRAWFORD,OTHER,ORANGE,Straight and Level,Clear,,Dry,17K83011058,Not Applicable,Deer,1,415088,36071,4753,2.6,13857119.0,5167.5,1527
2024,Property Damage Accident,9:01,2024-11-13,Wednesday,Y,Daylight,WOODBURY,REAR END,ORANGE,Straight and Grade,Clear,Traffic Signal,Dry,,Not Applicable,"Other Motor Vehicle, Collision With",2,415088,36071,4753,2.6,13857119.0,5167.5,1527
2024,Property Damage Accident,15:01,2024-11-13,Wednesday,Y,Daylight,NEW WINDSOR,LEFT TURN (0),ORANGE,Straight and Level,Clear,,Dry,300 83021127,Not Applicable,"Other Motor Vehicle, Collision With",2,415088,36071,4753,2.6,13857119.0,5167.5,1527
2024,Property Damage Accident,21:11,2024-11-13,Wednesday,Y,Dark-Road Unlighted,GOSHEN,OTHER,ORANGE,Straight and Level,Clear,,Dry,,Not Applicable,Deer,1,415088,36071,4753,2.6,13857119.0,5167.5,1527
2024,Property Damage Accident,9:19,2024-11-13,Wednesday,Y,Daylight,NEWBURGH,OVERTAKING,ORANGE,Straight and Grade,Clear,Traffic Signal,Dry,,Not Applicable,"Other Motor Vehicle, Collision With",2,415088,36071,4753,2.6,13857119.0,5167.5,1527
2024,Property Damage Accident,14:56,2024-11-13,Wednesday,Y,Daylight,NEW WINDSOR,OTHER,ORANGE,Straight and Level,Clear,,Dry,94 83011310,Not Applicable,Deer,1,415088,36071,4753,2.6,13857119.0,5167.5,1527
2024,Property Damage Accident,0:59,2024-11-13,Wednesday,Y,Dark-Road Lighted,NEWBURGH,OVERTAKING,ORANGE,Straight and Grade,Clear,No Passing Zone,Dry,9W83022007,Not Applicable,"Other Motor Vehicle, Collision With",2,415088,36071,4753,2.6,13857119.0,5167.5,1527
2024,Property Damage Accident,7:55,2024-11-13,Wednesday,Y,Daylight,HIGHLANDS,OTHER,ORANGE,Curve and Level,Clear,,Dry,9W83021002,Not Applicable,"Other Motor Vehicle, Collision With",2,415088,36071,4753,2.6,13857119.0,5167.5,1527
2024,Property Damage Accident,10:43,2024-11-13,Wednesday,Y,Daylight,CARMEL,RIGHT ANGLE,PUTNAM,Straight at Hill Crest,Clear,No Passing Zone,Dry,6 84041079,Not Applicable,"Other Motor Vehicle, Collision With",2,98842,36079,509,0.7,2746105.0,4089.2,375
2024,Property Damage Accident,19:04,2024-11-13,Wednesday,Y,Dark-Road Unlighted,ORANGETOWN,OTHER,ROCKLAND,Straight and Level,Cloudy,,Dry,987C85011052,Not Applicable,Deer,1,354829,36087,259,0.3,7336134.0,9989.2,886
2024,Property Damage Accident,17:55,2024-11-13,Wednesday,Y,Dark-Road Unlighted,SPRING VALLEY,REAR END,ROCKLAND,Straight and Level,Clear,Traffic Signal,Dry,59 85011077,Not Applicable,"Other Motor Vehicle, Collision With",2,354829,36087,259,0.3,7336134.0,9989.2,886
2024,Property Damage Accident,15:56,2024-11-13,Wednesday,Y,Daylight,CLARKSTOWN,OTHER,ROCKLAND,Straight and Level,Clear,,Dry,987C85011081,Not Applicable,"Other Motor Vehicle, Collision With",4,354829,36087,259,0.3,7336134.0,9989.2,886
2024,Property Damage & Injury Accident,17:36,2024-11-13,Wednesday,Y,Dark-Road Lighted,ORANGETOWN,OTHER,ROCKLAND,Straight and Grade,Clear,Stop Sign,Dry,,"Crossing, No Signal or Crosswalk","Pedestrian, Collision With",1,354829,36087,259,0.3,7336134.0,9989.2,886
2024,Property Damage Accident,9:24,2024-11-13,Wednesday,Y,Daylight,CLARKSTOWN,OVERTAKING,ROCKLAND,Straight and Level,Clear,,Dry,,Not Applicable,"Other Motor Vehicle, Collision With",2,354829,36087,259,0.3,7336134.0,9989.2,886
2024,Property Damage Accident,23:30,2024-11-13,Wednesday,Y,Dark-Road Lighted,CLARKSTOWN,OTHER,ROCKLAND,Straight and Level,Clear,,Dry,,Not Applicable,"Animal, Collision With",1,354829,36087,259,0.3,7336134.0,9989.2,886
2024,Property Damage Accident,13:56,2024-11-13,Wednesday,Y,Daylight,ROSENDALE,OTHER,ULSTER,Straight and Level,Clear,,Dry,32 86021200,Not Applicable,"Other Fixed Object*, Collision With Fixed Object",1,183095,36111,3565,1.2,6410502.0,3939.4,999
2024,Property Damage Accident,15:26,2024-11-13,Wednesday,Y,Daylight,SAUGERTIES,OTHER,ULSTER,Straight and Level,Clear,No Passing Zone,Dry,32 86023130,Not Applicable,Deer,1,183095,36111,3565,1.2,6410502.0,3939.4,999
2024,Property Damage Accident,17:47,2024-11-13,Wednesday,Y,Dark-Road Lighted,PEEKSKILL,REAR END,WESTCHESTER,Straight and Level,Clear,No Passing Zone,Dry,,Not Applicable,"Other Motor Vehicle, Collision With",2,1009165,36119,850,0.8,18110248.0,6143.2,3354
2024,Property Damage Accident,17:09,2024-11-13,Wednesday,Y,Dark-Road Lighted,BEDFORD,REAR END,WESTCHESTER,Straight and Level,Clear,,Dry,22 87024138,Not Applicable,"Other Motor Vehicle, Collision With",2,1009165,36119,850,0.8,18110248.0,6143.2,3354
2024,Property Damage Accident,19:58,2024-11-13,Wednesday,Y,Dark-Road Lighted,WHITE PLAINS,OVERTAKING,WESTCHESTER,Straight and Level,Clear,,Dry,22 87023016,Not Applicable,"Other Motor Vehicle, Collision With",2,1009165,36119,850,0.8,18110248.0,6143.2,3354
2024,Property Damage Accident,10:30,2024-11-13,Wednesday,Y,Daylight,SCARSDALE,OTHER,WESTCHESTER,Straight and Level,Clear,Traffic Signal,Dry,987D87012017,Not Applicable,"Other Motor Vehicle, Collision With",3,1009165,36119,850,0.8,18110248.0,6143.2,3354
2024,Property Damage Accident,14:45,2024-11-13,Wednesday,Y,Daylight,YONKERS,REAR END,WESTCHESTER,Straight and Level,Clear,,Dry,,Not Applicable,"Other Motor Vehicle, Collision With",2,1009165,36119,850,0.8,18110248.0,6143.2,3354
2024,Property Damage Accident,11:04,2024-11-13,Wednesday,Y,Daylight,NEW ROCHELLE,OVERTAKING,WESTCHESTER,Straight and Level,Clear,Traffic Signal,Dry,,Not Applicable,"Other Motor Vehicle, Collision With",2,1009165,36119,850,0.8,18110248.0,6143.2,3354
2024,Property Damage & Injury Accident,11:00,2024-11-13,Wednesday,Y,Daylight,MOUNT KISCO,RIGHT ANGLE,WESTCHESTER,Straight and Level,Clear,Traffic Signal,Dry,117 87011096,Not Applicable,"Other Motor Vehicle, Collision With",2,1009165,36119,850,0.8,18110248.0,6143.2,3354