year,accident_descriptor,time,date,day_of_week,police_report,lighting_conditions,municipality,collision_type_descriptor,county_name,road_descriptor,weather_conditions,traffic_control_device,road_surface_conditions,dot_reference_marker_location,pedestrian_bicyclist_action,event_descriptor,number_of_vehicles_involved,county_population_2024,county_fips,county_deer_take_2024,county_antlerless_deer_per_sqmi_2024,county_daily_vmt_2019,county_mean_aadt_2019,county_aadt_segments_2019
2024,Property Damage & Injury Accident,16:00,2024-11-13,Wednesday,Y,Dusk,HARRISON,REAR END,WESTCHESTER,Straight and Level,Clear,Traffic Signal,Dry,,Not Applicable,"Other Motor Vehicle, Collision With",2,1009165,36119,850,0.8,18110248.0,6143.2,3354
2024,Injury Accident,14:17,2024-11-13,Wednesday,Y,Daylight,YONKERS,REAR END,WESTCHESTER,Straight and Level,Clear,Traffic Signal,Dry,,Not Applicable,"Other Motor Vehicle, Collision With",2,1009165,36119,850,0.8,18110248.0,6143.2,3354
2024,Property Damage Accident,5:59,2024-11-14,Thursday,Y,Dawn,CLINTON,OTHER,DUTCHESS,Straight and Grade,Clear,,Dry,987G82031235,Not Applicable,Deer,1,299256,36027,1695,0.8,5987961.0,3975.0,1300
2024,Property Damage Accident,15:38,2024-11-14,Thursday,Y,Daylight,POUGHKEEPSIE,REAR END,DUTCHESS,Straight and Level,Cloudy,Traffic Signal,Dry,9 82051136,Not Applicable,"Other Motor Vehicle, Collision With",2,299256,36027,1695,0.8,5987961.0,3975.0,1300
2024,Property Damage Accident,15:38,2024-11-14,Thursday,Y,Daylight,WAPPINGER,OTHER,DUTCHESS,Straight and Level,Clear,,Dry,9 82051073,Not Applicable,"Curbing, Collision With Fixed Object",1,299256,36027,1695,0.8,5987961.0,3975.0,1300
2024,Property Damage & Injury Accident,11:29,2024-11-14,Thursday,Y,Daylight,EAST FISHKILL,LEFT TURN (3),DUTCHESS,Straight and Level,Clear,Traffic Signal,Dry,,Not Applicable,"Other Motor Vehicle, Collision With",2,299256,36027,1695,0.8,5987961.0,3975.0,1300
2024,Property Damage Accident,22:52,2024-11-14,Thursday,Y,Dark-Road Lighted,RHINEBECK,OTHER,DUTCHESS,Straight and Level,Clear,,Dry,982M82011020,Not Applicable,"Animal, Collision With",1,299256,36027,1695,0.8,5987961.0,3975.0,1300
2024,Property Damage Accident,13:17,2024-11-14,Thursday,Y,Daylight,HIGHLANDS,OVERTAKING,ORANGE,Curve and Level,Clear,Yield Sign,Dry,6 83012408,Not Applicable,"Other Motor Vehicle, Collision With",2,415088,36071,4753,2.6,13857119.0,5167.5,1527
2024,Property Damage Accident,5:08,2024-11-14,Thursday,Y,Dark-Road Lighted,CRAWFORD,OTHER,ORANGE,Straight and Grade,Clear,,Dry,,Not Applicable,"Animal, Collision With",1,415088,36071,4753,2.6,13857119.0,5167.5,1527
2024,Property Damage Accident,7:30,2024-11-14,Thursday,Y,Daylight,PORT JERVIS,LEFT TURN (3),ORANGE,Straight and Level,Clear,,Dry,,Not Applicable,"Other Motor Vehicle, Collision With",2,415088,36071,4753,2.6,13857119.0,5167.5,1527
2024,Property Damage & Injury Accident,18:30,2024-11-14,Thursday,Y,Dark-Road Unlighted,WALLKILL,OTHER,ORANGE,Straight and Level,Clear,No Passing Zone,Dry,,Not Applicable,"Earth Embankment/Rock Cut/Ditch, Collision With Fixed Object",1,415088,36071,4753,2.6,13857119.0,5167.5,1527
2024,Property Damage Accident,0:00,2024-11-14,Thursday,Y,Dark-Road Unlighted,MIDDLETOWN,Unknown,ORANGE,Straight and Level,Unknown,,Unknown,,Not Applicable,"Other Motor Vehicle, Collision With",2,415088,36071,4753,2.6,13857119.0,5167.5,1527
2024,Property Damage & Injury Accident,13:10,2024-11-14,Thursday,Y,Daylight,WALLKILL,RIGHT ANGLE,ORANGE,Straight and Level,Cloudy,,Dry,,Not Applicable,"Other Motor Vehicle, Collision With",2,415088,36071,4753,2.6,13857119.0,5167.5,1527
2024,Property Damage Accident,16:30,2024-11-14,Thursday,Y,Daylight,CRAWFORD,OVERTAKING,ORANGE,Straight and Level,Cloudy,,Dry,52 83031004,Not Applicable,"Other Motor Vehicle, Collision With",2,415088,36071,4753,2.6,13857119.0,5167.5,1527
2024,Property Damage Accident,20:08,2024-11-14,Thursday,Y,Dark-Road Lighted,PORT JERVIS,OVERTAKING,ORANGE,Curve and Level,Clear,,Dry,,Not Applicable,"Other Motor Vehicle, Collision With",2,415088,36071,4753,2.6,13857119.0,5167.5,1527
2024,Property Damage Accident,17:25,2024-11-14,Thursday,Y,Dark-Road Unlighted,CRAWFORD,OTHER,ORANGE,Straight and Grade,Clear,,Dry,,Not Applicable,Deer,1,415088,36071,4753,2.6,13857119.0,5167.5,1527
2024,Property Damage Accident,20:24,2024-11-14,Thursday,Y,Dark-Road Unlighted,WARWICK,OTHER,ORANGE,Curve and Level,Clear,,Dry,,Not Applicable,"Earth Embankment/Rock Cut/Ditch, Collision With Fixed Object",1,415088,36071,4753,2.6,13857119.0,5167.5,1527
2024,Property Damage Accident,13:43,2024-11-14,Thursday,Y,Daylight,SPRING VALLEY,RIGHT ANGLE,ROCKLAND,Straight and Level,Clear,Stop Sign,Dry,,Not Applicable,"Other Motor Vehicle, Collision With",2,354829,36087,259,0.3,7336134.0,9989.2,886
2024,Property Damage & Injury Accident,18:51,2024-11-14,Thursday,Y,Dark-Road Unlighted,CLARKSTOWN,REAR END,ROCKLAND,Straight and Level,Cloudy,,Dry,,Not Applicable,"Other Motor Vehicle, Collision With",2,354829,36087,259,0.3,7336134.0,9989.2,886
2024,Property Damage Accident,23:02,2024-11-14,Thursday,Y,Dark-Road Lighted,WESLEY HILLS,OTHER,ROCKLAND,Straight and Level,Clear,Traffic Signal,Dry,306 85011037,Not Applicable,"Animal, Collision With",1,354829,36087,259,0.3,7336134.0,9989.2,886
2024,Property Damage & Injury Accident,18:03,2024-11-14,Thursday,Y,Dark-Road Lighted,RAMAPO,OTHER,ROCKLAND,Straight and Level,Clear,,Dry,,"Crossing, No Signal or Crosswalk","Pedestrian, Collision With",1,354829,36087,259,0.3,7336134.0,9989.2,886
2024,Property Damage Accident,18:08,2024-11-14,Thursday,Y,Dark-Road Lighted,CLARKSTOWN,RIGHT ANGLE,ROCKLAND,Straight and Level,Clear,Traffic Signal,Dry,,Not Applicable,"Other Motor Vehicle, Collision With",2,354829,36087,259,0.3,7336134.0,9989.2,886
2024,Property Damage & Injury Accident,16:22,2024-11-14,Thursday,Y,Daylight,HAVERSTRAW,SIDESWIPE,ROCKLAND,Straight and Level,Clear,,Dry,9W85011157,Not Applicable,"Other Motor Vehicle, Collision With",2,354829,36087,259,0.3,7336134.0,9989.2,886
2024,Property Damage Accident,15:08,2024-11-14,Thursday,Y,Daylight,CLARKSTOWN,OTHER,ROCKLAND,Straight and Level,Clear,,Dry,304 85011097,Not Applicable,"Animal, Collision With",1,354829,36087,259,0.3,7336134.0,9989.2,886
2024,Property Damage Accident,17:30,2024-11-14,Thursday,Y,Dark-Road Lighted,SPRING VALLEY,SIDESWIPE,ROCKLAND,Straight and Level,Clear,,Dry,59 85011077,Not Applicable,"Other Motor Vehicle, Collision With",2,354829,36087,259,0.3,7336134.0,9989.2,886
2024,Property Damage Accident,11:00,2024-11-14,Thursday,Y,Daylight,HAVERSTRAW,OTHER,ROCKLAND,Straight and Level,Clear,,Dry,,Not Applicable,"Animal, Collision With",1,354829,36087,259,0.3,7336134.0,9989.2,886
2024,Property Damage Accident,16:40,2024-11-14,Thursday,Y,Daylight,RAMAPO,OTHER,ROCKLAND,Straight and Level,Clear,,Dry,,Not Applicable,"Other Motor Vehicle, Collision With",2,354829,36087,259,0.3,7336134.0,9989.2,886
2024,Injury Accident,18:13,2024-11-14,Thursday,Y,Dark-Road Lighted,SPRING VALLEY,OTHER,ROCKLAND,Straight and Level,Clear,Traffic Signal,Dry,,"Crossing, With Signal","Pedestrian, Collision With",1,354829,36087,259,0.3,7336134.0,9989.2,886
2024,Property Damage Accident,11:50,2024-11-14,Thursday,Y,Daylight,ULSTER,OVERTAKING,ULSTER,Straight and Level,Clear,,Dry,28 86012005,Not Applicable,"Other Motor Vehicle, Collision With",2,183095,36111,3565,1.2,6410502.0,3939.4,999
2024,Property Damage Accident,17:07,2024-11-14,Thursday,Y,Dark-Road Lighted,WOODSTOCK,OTHER,ULSTER,Straight and Level,Clear,,Dry,,Not Applicable,"Animal, Collision With",1,183095,36111,3565,1.2,6410502.0,3939.4,999
2024,Property Damage Accident,15:21,2024-11-14,Thursday,Y,Daylight,ROCHESTER,OTHER,ULSTER,Straight and Level,Clear,,Dry,,Not Applicable,"Light Support/Utility Pole, Collision With Fixed Object",1,183095,36111,3565,1.2,6410502.0,3939.4,999
2024,Property Damage Accident,11:42,2024-11-14,Thursday,Y,Daylight,SAUGERTIES,REAR END,ULSTER,Straight and Level,Clear,Other,Dry,,Not Applicable,"Other Motor Vehicle, Collision With",2,183095,36111,3565,1.2,6410502.0,3939.4,999
2024,Property Damage Accident,22:16,2024-11-14,Thursday,Y,Dark-Road Unlighted,ULSTER,Unknown,ULSTER,Straight and Level,Clear,,Dry,,Not Applicable,"Other Motor Vehicle, Collision With",2,183095,36111,3565,1.2,6410502.0,3939.4,999
2024,Property Damage Accident,7:36,2024-11-14,Thursday,Y,Daylight,SAUGERTIES,OTHER,ULSTER,Straight and Level,Clear,,Dry,,Not Applicable,Deer,1,183095,36111,3565,1.2,6410502.0,3939.4,999
2024,Property Damage & Injury Accident,17:21,2024-11-14,Thursday,Y,Dark-Road Lighted,YONKERS,LEFT TURN (3),WESTCHESTER,Straight at Hill Crest,Clear,Stop Sign,Dry,,Not Applicable,"Other Motor Vehicle, Collision With",2,1009165,36119,850,0.8,18110248.0,6143.2,3354
2024,Injury Accident,13:27,2024-11-14,Thursday,Y,Daylight,NEW ROCHELLE,OTHER,WESTCHESTER,Straight and Level,Clear,,Dry,,"Crossing, With Signal","Pedestrian, Collision With",1,1009165,36119,850,0.8,18110248.0,6143.2,3354
2024,Property Damage Accident,12:53,2024-11-14,Thursday,Y,Daylight,YONKERS,OVERTAKING,WESTCHESTER,Straight and Level,Clear,Traffic Signal,Dry,9 87031004,Not Applicable,"Other Motor Vehicle, Collision With",2,1009165,36119,850,0.8,18110248.0,6143.2,3354
2024,Injury Accident,17:31,2024-11-14,Thursday,Y,Dusk,WHITE PLAINS,OTHER,WESTCHESTER,Straight and Level,Clear,Traffic Signal,Dry,,"Crossing, With Signal","Pedestrian, Collision With",1,1009165,36119,850,0.8,18110248.0,6143.2,3354
2024,Property Damage Accident,8:24,2024-11-14,Thursday,Y,Daylight,BEDFORD,LEFT TURN (0),WESTCHESTER,Straight and Level,Clear,,Dry,22 87024170,Not Applicable,"Other Motor Vehicle, Collision With",2,1009165,36119,850,0.8,18110248.0,6143.2,3354
2024,Property Damage Accident,15:48,2024-11-14,Thursday,Y,Daylight,GREENBURGH,OVERTAKING,WESTCHESTER,Straight and Level,Cloudy,,Dry,,Not Applicable,"Other Motor Vehicle, Collision With",2,1009165,36119,850,0.8,18110248.0,6143.2,3354
2024,Property Damage Accident,7:20,2024-11-14,Thursday,Y,Daylight,YORKTOWN,OVERTAKING,WESTCHESTER,Straight and Grade,Clear,,Dry,,Not Applicable,"Other Motor Vehicle, Collision With",2,1009165,36119,850,0.8,18110248.0,6143.2,3354
2024,Property Damage & Injury Accident,14:05,2024-11-14,Thursday,Y,Daylight,YORKTOWN,REAR END,WESTCHESTER,Straight and Level,Clear,Traffic Signal,Dry,118 87011043,Not Applicable,"Other Motor Vehicle, Collision With",2,1009165,36119,850,0.8,18110248.0,6143.2,3354
2024,Property Damage & Injury Accident,15:52,2024-11-14,Thursday,Y,Daylight,YONKERS,LEFT TURN (0),WESTCHESTER,Straight and Level,Clear,,Dry,,Not Applicable,"Other Motor Vehicle, Collision With",2,1009165,36119,850,0.8,18110248.0,6143.2,3354
2024,Property Damage & Injury Accident,13:42,2024-11-14,Thursday,Y,Daylight,NEW ROCHELLE,OVERTAKING,WESTCHESTER,Curve and Level,Cloudy,,Dry,,Not Applicable,"Other Motor Vehicle, Collision With",2,1009165,36119,850,0.8,18110248.0,6143.2,3354
2024,Property Damage Accident,16:00,2024-11-14,Thursday,Y,Daylight,ELMSFORD,OTHER,WESTCHESTER,Straight and Grade,Clear,,Dry,987F87012054,Not Applicable,"Other Motor Vehicle, Collision With",2,1009165,36119,850,0.8,18110248.0,6143.2,3354
2024,Property Damage Accident,22:09,2024-11-14,Thursday,Y,Dark-Road Lighted,RYE,OTHER,WESTCHESTER,Straight and Level,Clear,,Dry,287I87011108,Not Applicable,"Fire/Explosion, Non-Collision",1,1009165,36119,850,0.8,18110248.0,6143.2,3354
2024,Injury Accident,15:35,2024-11-14,Thursday,Y,Daylight,HARRISON,REAR END,WESTCHESTER,Straight and Level,Cloudy,Traffic Signal,Dry,,Not Applicable,"Other Motor Vehicle, Collision With",2,1009165,36119,850,0.8,18110248.0,6143.2,3354
2024,Property Damage & Injury Accident,17:06,2024-11-14,Thursday,Y,Dark-Road Lighted,CORTLANDT,OTHER,WESTCHESTER,Straight and Level,Clear,Traffic Signal,Dry,,Unknown,"Bicyclist, Collision With",1,1009165,36119,850,0.8,18110248.0,6143.2,3354
2024,Property Damage Accident,18:01,2024-11-14,Thursday,Y,Dark-Road Lighted,PORT CHESTER,RIGHT ANGLE,WESTCHESTER,Straight and Level,Cloudy,,Dry,1 87035004,Not Applicable,"Other Motor Vehicle, Collision With",2,1009165,36119,850,0.8,18110248.0,6143.2,3354
2024,Property Damage & Injury Accident,17:30,2024-11-15,Friday,Y,Dusk,FISHKILL,REAR END,DUTCHESS,Straight and Level,Clear,,Dry,9D82033001,Not Applicable,"Other Motor Vehicle, Collision With",2,299256,36027,1695,0.8,5987961.0,3975.0,1300
2024,Property Damage Accident,19:40,2024-11-15,Friday,Y,Dark-Road Lighted,POUGHKEEPSIE,OTHER,DUTCHESS,Straight and Grade,Clear,,Dry,,Not Applicable,"Animal, Collision With",1,299256,36027,1695,0.8,5987961.0,3975.0,1300
2024,Property Damage Accident,15:07,2024-11-15,Friday,Y,Daylight,POUGHKEEPSIE,OVERTAKING,DUTCHESS,Straight and Level,Clear,Other,Dry,9 82051128,Not Applicable,"Other Motor Vehicle, Collision With",2,299256,36027,1695,0.8,5987961.0,3975.0,1300
2024,Property Damage & Injury Accident,17:10,2024-11-15,Friday,Y,Dark-Road Lighted,FISHKILL,RIGHT ANGLE,DUTCHESS,Straight and Level,Clear,Stop Sign,Dry,,Not Applicable,"Other Motor Vehicle, Collision With",2,299256,36027,1695,0.8,5987961.0,3975.0,1300
2024,Property Damage Accident,6:40,2024-11-15,Friday,Y,Daylight,POUGHKEEPSIE,OVERTAKING,DUTCHESS,Straight and Level,Clear,Traffic Signal,Dry,44 82022005,Not Applicable,"Other Motor Vehicle, Collision With",2,299256,36027,1695,0.8,5987961.0,3975.0,1300
2024,Property Damage Accident,6:32,2024-11-15,Friday,Y,Dawn,POUGHKEEPSIE,OVERTAKING,DUTCHESS,Straight and Level,Clear,,Dry,,Not Applicable,"Other Motor Vehicle, Collision With",2,299256,36027,1695,0.8,5987961.0,3975.0,1300
2024,Property Damage Accident,17:47,2024-11-15,Friday,Y,Dark-Road Lighted,WAPPINGER FALLS,REAR END,DUTCHESS,Straight and Grade,Clear,,Dry,9D82033070,Not Applicable,"Other Motor Vehicle, Collision With",2,299256,36027,1695,0.8,5987961.0,3975.0,1300
2024,Property Damage Accident,9:44,2024-11-15,Friday,Y,Daylight,AMENIA,OTHER,DUTCHESS,Straight and Level,Clear,,Dry,22 82041187,Not Applicable,Deer,1,299256,36027,1695,0.8,5987961.0,3975.0,1300
2024,Property Damage Accident,6:29,2024-11-15,Friday,Y,Dawn,WAPPINGER,OTHER,DUTCHESS,Curve and Level,Clear,,Dry,376 82011090,Not Applicable,Deer,1,299256,36027,1695,0.8,5987961.0,3975.0,1300
2024,Fatal Accident,22:49,2024-11-15,Friday,Y,Dark-Road Unlighted,HYDE PARK,OTHER,DUTCHESS,Straight and Level,Clear,,Dry,9 82053020,Other Actions in Roadway,"Pedestrian, Collision With",1,299256,36027,1695,0.8,5987961.0,3975.0,1300
2024,Property Damage Accident,0:13,2024-11-15,Friday,Y,Dark-Road Unlighted,WOODBURY,OTHER,ORANGE,Straight and Level,Clear,,Dry,,Not Applicable,Deer,1,415088,36071,4753,2.6,13857119.0,5167.5,1527
2024,Property Damage Accident,14:55,2024-11-15,Friday,Y,Daylight,WOODBURY,RIGHT ANGLE,ORANGE,Straight and Level,Clear,,Dry,17 83101250,Not Applicable,"Other Motor Vehicle, Collision With",2,415088,36071,4753,2.6,13857119.0,5167.5,1527
2024,Property Damage Accident,6:55,2024-11-15,Friday,Y,Daylight,PORT JERVIS,RIGHT ANGLE,ORANGE,Straight and Level,Clear,Stop Sign,Dry,42 83011000,Not Applicable,"Other Motor Vehicle, Collision With",2,415088,36071,4753,2.6,13857119.0,5167.5,1527
2024,Property Damage Accident,14:44,2024-11-15,Friday,Y,Daylight,MIDDLETOWN,LEFT TURN (3),ORANGE,Straight and Level,Clear,Yield Sign,Dry,,Not Applicable,"Other Motor Vehicle, Collision With",2,415088,36071,4753,2.6,13857119.0,5167.5,1527
2024,Property Damage Accident,1:50,2024-11-15,Friday,Y,Dark-Road Unlighted,MINISINK,OTHER,ORANGE,Curve and Level,Cloudy,No Passing Zone,Dry,,Not Applicable,"Earth Embankment/Rock Cut/Ditch, Collision With Fixed Object",1,415088,36071,4753,2.6,13857119.0,5167.5,1527
2024,Property Damage Accident,18:49,2024-11-15,Friday,Y,Dark-Road Lighted,WALLKILL,OVERTAKING,ORANGE,Straight and Level,Clear,Traffic Signal,Dry,211 83013013,Not Applicable,"Other Motor Vehicle, Collision With",2,415088,36071,4753,2.6,13857119.0,5167.5,1527
2024,Property Damage Accident,13:21,2024-11-15,Friday,Y,Daylight,NEW WINDSOR,OVERTAKING,ORANGE,Straight and Level,Clear,,Dry,,Not Applicable,"Other Motor Vehicle, Collision With",2,415088,36071,4753,2.6,13857119.0,5167.5,1527
2024,Property Damage Accident,16:56,2024-11-15,Friday,Y,Dusk,TUXEDO,REAR END,ORANGE,Straight and Level,Clear,,Dry,17 83101358,Not Applicable,"Other Motor Vehicle, Collision With",2,415088,36071,4753,2.6,13857119.0,5167.5,1527
2024,Property Damage Accident,15:30,2024-11-15,Friday,Y,Daylight,GOSHEN,RIGHT TURN (5),ORANGE,Straight and Level,Clear,Stop Sign,Dry,,Not Applicable,"Other Motor Vehicle, Collision With",2,415088,36071,4753,2.6,13857119.0,5167.5,1527
2024,Property Damage Accident,5:05,2024-11-15,Friday,Y,Dark-Road Unlighted,SOUTHEAST,OTHER,PUTNAM,Straight and Grade,Clear,No Passing Zone,Dry,22 84031069,Not Applicable,Deer,1,98842,36079,509,0.7,2746105.0,4089.2,375
2024,Property Damage Accident,19:19,2024-11-15,Friday,Y,Dark-Road Unlighted,STONY POINT,OTHER,ROCKLAND,Curve and Grade,Clear,,Dry,9W85011257,Not Applicable,"Guide Rail - Not At End, Collision With Fixed Object",1,354829,36087,259,0.3,7336134.0,9989.2,886
2024,Property Damage Accident,21:16,2024-11-15,Friday,Y,Dark-Road Lighted,MONTEBELLO,RIGHT TURN (5),ROCKLAND,Straight and Level,Clear,Traffic Signal,Dry,,Not Applicable,"Other Motor Vehicle, Collision With",2,354829,36087,259,0.3,7336134.0,9989.2,886
2024,Property Damage Accident,9:55,2024-11-15,Friday,N,Daylight,NYACK,OVERTAKING,ROCKLAND,Straight and Level,Clear,,Dry,,Not Applicable,"Other Motor Vehicle, Collision With",2,354829,36087,259,0.3,7336134.0,9989.2,886
2024,Property Damage Accident,16:35,2024-11-15,Friday,Y,Daylight,,HEAD ON,ROCKLAND,Straight and Grade,Clear,Stop Sign,Dry,,Not Applicable,"Other Motor Vehicle, Collision With",2,354829,36087,259,0.3,7336134.0,9989.2,886
2024,Property Damage Accident,15:40,2024-11-15,Friday,Y,Daylight,CLARKSTOWN,OTHER,ROCKLAND,Straight and Level,Clear,,Dry,59 85011096,Not Applicable,"Light Support/Utility Pole, Collision With Fixed Object",1,354829,36087,259,0.3,7336134.0,9989.2,886
2024,Property Damage Accident,8:03,2024-11-15,Friday,Y,Daylight,ELLENVILLE,OTHER,ULSTER,Straight and Level,Clear,Stop Sign,Dry,52 86021095,Not Applicable,"Other Motor Vehicle, Collision With",2,183095,36111,3565,1.2,6410502.0,3939.4,999
2024,Property Damage Accident,15:23,2024-11-15,Friday,Y,Daylight,ULSTER,OTHER,ULSTER,Straight and Level,Clear,Other,Dry,,Not Applicable,"Other Fixed Object*, Collision With Fixed Object",1,183095,36111,3565,1.2,6410502.0,3939.4,999
2024,Property Damage Accident,15:14,2024-11-15,Friday,Y,Daylight,WAWARSING,LEFT TURN (3),ULSTER,Straight and Level,Clear,Stop Sign,Dry,55 86021111,Not Applicable,"Other Motor Vehicle, Collision With",2,183095,36111,3565,1.2,6410502.0,3939.4,999
2024,Property Damage Accident,20:09,2024-11-15,Friday,Y,Dark-Road Unlighted,LLOYD,OTHER,ULSTER,Straight and Level,Clear,,Dry,9W86031067,Not Applicable,Deer,1,183095,36111,3565,1.2,6410502.0,3939.4,999
2024,Injury Accident,17:00,2024-11-15,Friday,N,Unknown,MOUNT VERNON,Unknown,WESTCHESTER,Unknown,Unknown,Unknown,Unknown,,Not Applicable,"Other Motor Vehicle, Collision With",2,1009165,36119,850,0.8,18110248.0,6143.2,3354
2024,Property Damage Accident,17:36,2024-11-15,Friday,Y,Dark-Road Lighted,BEDFORD,REAR END,WESTCHESTER,Curve and Grade,Clear,Traffic Signal,Dry,35 87012133,Not Applicable,"Other Motor Vehicle, Collision With",2,1009165,36119,850,0.8,18110248.0,6143.2,3354
2024,Property Damage & Injury Accident,17:35,2024-11-15,Friday,Y,Dark-Road Lighted,WHITE PLAINS,RIGHT ANGLE,WESTCHESTER,Straight and Level,Clear,Stop Sign,Dry,,Not Applicable,"Other Motor Vehicle, Collision With",2,1009165,36119,850,0.8,18110248.0,6143.2,3354
2024,Property Damage Accident,15:53,2024-11-15,Friday,Y,Daylight,PELHAM MANOR,REAR END,WESTCHESTER,Straight and Level,Clear,Traffic Signal,Dry,1 87031001,Not Applicable,"Other Motor Vehicle, Collision With",2,1009165,36119,850,0.8,18110248.0,6143.2,3354
2024,Property Damage Accident,17:07,2024-11-15,Friday,Y,Dark-Road Lighted,MOUNT KISCO,REAR END,WESTCHESTER,Straight and Level,Cloudy,Yield Sign,Dry,,Not Applicable,"Other Motor Vehicle, Collision With",2,1009165,36119,850,0.8,18110248.0,6143.2,3354
2024,Property Damage & Injury Accident,15:26,2024-11-15,Friday,Y,Daylight,MAMARONECK,OTHER,WESTCHESTER,Straight and Level,Clear,Traffic Signal,Dry,,"Crossing, With Signal","Pedestrian, Collision With",1,1009165,36119,850,0.8,18110248.0,6143.2,3354
2024,Property Damage Accident,15:30,2024-11-15,Friday,Y,Daylight,NEW ROCHELLE,OVERTAKING,WESTCHESTER,Straight and Level,Clear,,Dry,,Not Applicable,"Other Motor Vehicle, Collision With",2,1009165,36119,850,0.8,18110248.0,6143.2,3354
2024,Property Damage Accident,10:10,2024-11-15,Friday,Y,Daylight,YORKTOWN,OTHER,WESTCHESTER,Straight and Level,Clear,Traffic Signal,Dry,118 87011043,Not Applicable,"Other Motor Vehicle, Collision With",2,1009165,36119,850,0.8,18110248.0,6143.2,3354
2024,Property Damage Accident,13:54,2024-11-15,Friday,Y,Daylight,NEW CASTLE,OTHER,WESTCHESTER,Straight and Level,Cloudy,Traffic Signal,Dry,133 87011062,Not Applicable,"Other Fixed Object*, Collision With Fixed Object",1,1009165,36119,850,0.8,18110248.0,6143.2,3354
2024,Property Damage Accident,7:04,2024-11-15,Friday,Y,Daylight,CORTLANDT,REAR END,WESTCHESTER,Curve and Level,Cloudy,Traffic Signal,Dry,,Not Applicable,"Other Motor Vehicle, Collision With",2,1009165,36119,850,0.8,18110248.0,6143.2,3354
2024,Property Damage Accident,23:30,2024-11-15,Friday,Y,Dark-Road Lighted,OSSINING,OVERTAKING,WESTCHESTER,Straight and Level,Clear,,Dry,9 87032140,Not Applicable,"Other Motor Vehicle, Collision With",2,1009165,36119,850,0.8,18110248.0,6143.2,3354
2024,Property Damage Accident,7:30,2024-11-15,Friday,Y,Daylight,YONKERS,OVERTAKING,WESTCHESTER,Straight and Level,Cloudy,,Dry,987F87011034,Not Applicable,"Other Motor Vehicle, Collision With",2,1009165,36119,850,0.8,18110248.0,6143.2,3354
2024,Property Damage Accident,7:00,2024-11-15,Friday,Y,Daylight,SCARSDALE,OVERTAKING,WESTCHESTER,Curve at Hill Crest,Cloudy,,Dry,,Not Applicable,"Other Motor Vehicle, Collision With",2,1009165,36119,850,0.8,18110248.0,6143.2,3354
2024,Property Damage & Injury Accident,22:48,2024-11-15,Friday,Y,Dark-Road Unlighted,YONKERS,REAR END,WESTCHESTER,Straight and Level,Clear,,Dry,987F87012004,Not Applicable,"Other Motor Vehicle, Collision With",2,1009165,36119,850,0.8,18110248.0,6143.2,3354
2024,Property Damage Accident,17:08,2024-11-15,Friday,Y,Dark-Road Lighted,PORT CHESTER,REAR END,WESTCHESTER,Straight and Grade,Clear,,Dry,1 87035003,Not Applicable,"Other Motor Vehicle, Collision With",2,1009165,36119,850,0.8,18110248.0,6143.2,3354
2024,Property Damage Accident,18:21,2024-11-15,Friday,Y,Dark-Road Lighted,NEW ROCHELLE,OTHER,WESTCHESTER,Straight and Level,Clear,Traffic Signal,Dry,,Not Applicable,"Light Support/Utility Pole, Collision With Fixed Object",1,1009165,36119,850,0.8,18110248.0,6143.2,3354
2024,Property Damage Accident,20:10,2024-11-16,Saturday,Y,Dark-Road Unlighted,PLEASANT VALLEY,OTHER,DUTCHESS,Straight and Level,Cloudy,,Dry,,Not Applicable,Deer,1,299256,36027,1695,0.8,5987961.0,3975.0,1300
2024,Property Damage Accident,19:37,2024-11-16,Saturday,Y,Dark-Road Lighted,POUGHKEEPSIE,OVERTAKING,DUTCHESS,Straight and Level,Cloudy,Traffic Signal,Wet,9 82053008,Not Applicable,"Other Motor Vehicle, Collision With",2,299256,36027,1695,0.8,5987961.0,3975.0,1300
2024,Property Damage & Injury Accident,18:21,2024-11-16,Saturday,Y,Dark-Road Lighted,POUGHKEEPSIE,RIGHT ANGLE,DUTCHESS,Straight and Level,Cloudy,Traffic Signal,Dry,,Not Applicable,"Other Motor Vehicle, Collision With",2,299256,36027,1695,0.8,5987961.0,3975.0,1300
2024,Property Damage Accident,10:01,2024-11-16,Saturday,Y,Daylight,POUGHKEEPSIE,REAR END,DUTCHESS,Straight and Level,Clear,Traffic Signal,Dry,9 82053003,Not Applicable,"Other Motor Vehicle, Collision With",2,299256,36027,1695,0.8,5987961.0,3975.0,1300
2024,Property Damage Accident,14:25,2024-11-16,Saturday,Y,Daylight,POUGHKEEPSIE,REAR END,DUTCHESS,Straight and Grade,Clear,,Dry,,Not Applicable,"Other Motor Vehicle, Collision With",2,299256,36027,1695,0.8,5987961.0,3975.0,1300
2024,Property Damage & Injury Accident,14:22,2024-11-16,Saturday,Y,Daylight,WARWICK,OTHER,ORANGE,Curve and Level,Clear,No Passing Zone,Dry,,Not Applicable,"Earth Embankment/Rock Cut/Ditch, Collision With Fixed Object",1,415088,36071,4753,2.6,13857119.0,5167.5,1527
2024,Property Damage Accident,17:43,2024-11-16,Saturday,Y,Dark-Road Lighted,MONROE,OTHER,ORANGE,Straight and Grade,Clear,,Dry,17M83013159,Not Applicable,Deer,1,415088,36071,4753,2.6,13857119.0,5167.5,1527