year,accident_descriptor,time,date,day_of_week,police_report,lighting_conditions,municipality,collision_type_descriptor,county_name,road_descriptor,weather_conditions,traffic_control_device,road_surface_conditions,dot_reference_marker_location,pedestrian_bicyclist_action,event_descriptor,number_of_vehicles_involved,county_population_2024,county_fips,county_deer_take_2024,county_antlerless_deer_per_sqmi_2024,county_daily_vmt_2019,county_mean_aadt_2019,county_aadt_segments_2019
2024,Property Damage Accident,17:30,2024-11-16,Saturday,Y,Dark-Road Unlighted,CORNWALL,OTHER,ORANGE,Straight and Level,Clear,,Dry,9W83021112,Not Applicable,Deer,1,415088,36071,4753,2.6,13857119.0,5167.5,1527
2024,Property Damage Accident,11:54,2024-11-16,Saturday,Y,Daylight,WOODBURY,Unknown,ORANGE,Curve and Grade,Clear,,Dry,32 83011044,Not Applicable,"Other Motor Vehicle, Collision With",2,415088,36071,4753,2.6,13857119.0,5167.5,1527
2024,Property Damage Accident,21:29,2024-11-16,Saturday,Y,Dark-Road Unlighted,MONROE,OTHER,ORANGE,Straight and Level,Clear,,Dry,17 83101236,Not Applicable,Deer,1,415088,36071,4753,2.6,13857119.0,5167.5,1527
2024,Property Damage & Injury Accident,14:47,2024-11-16,Saturday,Y,Daylight,CORNWALL,SIDESWIPE,ORANGE,Curve and Grade,Clear,No Passing Zone,Dry,218 83011076,Not Applicable,"Other Motor Vehicle, Collision With",2,415088,36071,4753,2.6,13857119.0,5167.5,1527
2024,Property Damage Accident,17:30,2024-11-16,Saturday,Y,Dark-Road Unlighted,MONTGOMERY,OTHER,ORANGE,Curve and Level,Clear,,Dry,208 83011213,Not Applicable,Deer,1,415088,36071,4753,2.6,13857119.0,5167.5,1527
2024,Property Damage Accident,16:59,2024-11-16,Saturday,Y,Dark-Road Unlighted,NEWBURGH,OTHER,ORANGE,Straight and Level,Clear,,Dry,9W83023009,Not Applicable,Deer,1,415088,36071,4753,2.6,13857119.0,5167.5,1527
2024,Property Damage Accident,14:33,2024-11-16,Saturday,Y,Daylight,HIGHLAND FALLS,REAR END,ORANGE,Straight and Level,Clear,,Dry,218 83011005,Not Applicable,"Other Motor Vehicle, Collision With",2,415088,36071,4753,2.6,13857119.0,5167.5,1527
2024,Property Damage & Injury Accident,22:20,2024-11-16,Saturday,Y,Dark-Road Lighted,MIDDLETOWN,OTHER,ORANGE,Straight and Grade,Clear,,Dry,17M83012009,Not Applicable,"Light Support/Utility Pole, Collision With Fixed Object",1,415088,36071,4753,2.6,13857119.0,5167.5,1527
2024,Property Damage Accident,10:44,2024-11-16,Saturday,Y,Daylight,CARMEL,REAR END,PUTNAM,Straight and Level,Clear,No Passing Zone,Dry,6 84041030,Not Applicable,"Other Motor Vehicle, Collision With",2,98842,36079,509,0.7,2746105.0,4089.2,375
2024,Property Damage & Injury Accident,8:00,2024-11-16,Saturday,Y,Daylight,STONY POINT,OTHER,ROCKLAND,Straight and Grade,Cloudy,,Dry,987C85011224,Not Applicable,"Other Motor Vehicle, Collision With",5,354829,36087,259,0.3,7336134.0,9989.2,886
2024,Property Damage Accident,0:03,2024-11-16,Saturday,Y,Dark-Road Unlighted,CLARKSTOWN,OTHER,ROCKLAND,Straight and Grade,Clear,,Dry,304 85011085,Not Applicable,"Animal, Collision With",1,354829,36087,259,0.3,7336134.0,9989.2,886
2024,Property Damage & Injury Accident,19:15,2024-11-16,Saturday,Y,Dark-Road Unlighted,ORANGETOWN,OTHER,ROCKLAND,Straight and Level,Clear,,Dry,987C85011016,Not Applicable,"Tree, Collision With Fixed Object",1,354829,36087,259,0.3,7336134.0,9989.2,886
2024,Property Damage & Injury Accident,13:57,2024-11-16,Saturday,Y,Daylight,HAVERSTRAW,REAR END,ROCKLAND,Straight and Level,Clear,Traffic Signal,Dry,9W85011155,Not Applicable,"Other Motor Vehicle, Collision With",2,354829,36087,259,0.3,7336134.0,9989.2,886
2024,Property Damage Accident,16:50,2024-11-16,Saturday,Y,Dusk,WOODSTOCK,OTHER,ULSTER,Straight and Level,Clear,,Dry,,Not Applicable,Deer,1,183095,36111,3565,1.2,6410502.0,3939.4,999
2024,Property Damage Accident,8:46,2024-11-16,Saturday,Y,Daylight,PLATTEKILL,OTHER,ULSTER,Straight and Level,Clear,,Dry,44 86011186,Not Applicable,Deer,1,183095,36111,3565,1.2,6410502.0,3939.4,999
2024,Property Damage Accident,19:04,2024-11-16,Saturday,Y,Dark-Road Unlighted,SHAWANGUNK,OTHER,ULSTER,Straight and Level,Clear,Stop Sign,Dry,,Not Applicable,"Earth Embankment/Rock Cut/Ditch, Collision With Fixed Object",1,183095,36111,3565,1.2,6410502.0,3939.4,999
2024,Property Damage Accident,4:26,2024-11-16,Saturday,Y,Dark-Road Unlighted,SCARSDALE,OTHER,WESTCHESTER,Curve and Level,Clear,,Dry,907W87023000,Not Applicable,"Animal, Collision With",1,1009165,36119,850,0.8,18110248.0,6143.2,3354
2024,Property Damage Accident,14:35,2024-11-16,Saturday,Y,Daylight,ELMSFORD,REAR END,WESTCHESTER,Straight and Grade,Clear,,Dry,,Not Applicable,"Other Motor Vehicle, Collision With",2,1009165,36119,850,0.8,18110248.0,6143.2,3354
2024,Property Damage Accident,14:04,2024-11-16,Saturday,Y,Unknown,WHITE PLAINS,Unknown,WESTCHESTER,Straight and Grade,Clear,,Dry,,Not Applicable,"Other Motor Vehicle, Collision With",2,1009165,36119,850,0.8,18110248.0,6143.2,3354
2024,Property Damage Accident,16:02,2024-11-16,Saturday,Y,Daylight,NEW ROCHELLE,REAR END,WESTCHESTER,Curve and Grade,Cloudy,Yield Sign,Dry,,Not Applicable,"Other Motor Vehicle, Collision With",2,1009165,36119,850,0.8,18110248.0,6143.2,3354
2024,Property Damage & Injury Accident,11:11,2024-11-16,Saturday,Y,Daylight,YONKERS,OTHER,WESTCHESTER,Straight and Level,Clear,No Passing Zone,Dry,,Not Applicable,"Guide Rail - Not At End, Collision With Fixed Object",1,1009165,36119,850,0.8,18110248.0,6143.2,3354
2024,Property Damage Accident,10:44,2024-11-16,Saturday,Y,Daylight,IRVINGTON,RIGHT ANGLE,WESTCHESTER,Straight and Level,Clear,,Dry,9 87032047,Not Applicable,"Other Motor Vehicle, Collision With",2,1009165,36119,850,0.8,18110248.0,6143.2,3354
2024,Property Damage & Injury Accident,12:05,2024-11-16,Saturday,Y,Daylight,YORKTOWN,REAR END,WESTCHESTER,Straight and Level,Clear,Traffic Signal,Dry,6 87033034,Not Applicable,"Other Motor Vehicle, Collision With",2,1009165,36119,850,0.8,18110248.0,6143.2,3354
2024,Property Damage Accident,19:21,2024-11-16,Saturday,Y,Dark-Road Unlighted,NORTH CASTLE,OTHER,WESTCHESTER,Straight and Level,Clear,,Dry,684I87011070,Not Applicable,"Guide Rail - Not At End, Collision With Fixed Object",1,1009165,36119,850,0.8,18110248.0,6143.2,3354
2024,Property Damage Accident,5:39,2024-11-16,Saturday,Y,Dark-Road Lighted,OSSINING,OTHER,WESTCHESTER,Curve and Grade,Clear,,Dry,,Not Applicable,"Ran Off Roadway Only, Non-Collision",1,1009165,36119,850,0.8,18110248.0,6143.2,3354
2024,Injury Accident,14:50,2024-11-16,Saturday,Y,Daylight,NEW ROCHELLE,OTHER,WESTCHESTER,Straight and Level,Clear,,Dry,1 87032005,"Crossing, No Signal or Crosswalk",Other Pedestrian,1,1009165,36119,850,0.8,18110248.0,6143.2,3354
2024,Property Damage & Injury Accident,10:05,2024-11-17,Sunday,Y,Daylight,HYDE PARK,LEFT TURN (3),DUTCHESS,Straight and Level,Clear,,Dry,9G82013017,Not Applicable,"Other Motor Vehicle, Collision With",2,299256,36027,1695,0.8,5987961.0,3975.0,1300
2024,Property Damage Accident,9:30,2024-11-17,Sunday,Y,Dark-Road Lighted,BEACON,RIGHT ANGLE,DUTCHESS,Straight and Level,Clear,,Dry,,Not Applicable,"Other Motor Vehicle, Collision With",2,299256,36027,1695,0.8,5987961.0,3975.0,1300
2024,Property Damage Accident,11:37,2024-11-17,Sunday,Y,Daylight,BEEKMAN,OTHER,DUTCHESS,Curve and Grade,Clear,No Passing Zone,Dry,,Not Applicable,Deer,1,299256,36027,1695,0.8,5987961.0,3975.0,1300
2024,Property Damage Accident,0:25,2024-11-17,Sunday,Y,Dark-Road Unlighted,SOUTH BLOOMING GROVE,OTHER,ORANGE,Curve and Level,Clear,No Passing Zone,Dry,208 83011018,Not Applicable,Deer,1,415088,36071,4753,2.6,13857119.0,5167.5,1527
2024,Property Damage Accident,19:19,2024-11-17,Sunday,Y,Dark-Road Unlighted,TUXEDO,OTHER,ORANGE,Curve and Grade,Cloudy,,Dry,17 83101297,Not Applicable,"Ran Off Roadway Only, Non-Collision",1,415088,36071,4753,2.6,13857119.0,5167.5,1527
2024,Property Damage & Injury Accident,16:09,2024-11-17,Sunday,Y,Dusk,WALLKILL,OTHER,ORANGE,Straight and Level,Clear,,Dry,17 83101091,Not Applicable,"Ran Off Roadway Only, Non-Collision",1,415088,36071,4753,2.6,13857119.0,5167.5,1527
2024,Property Damage Accident,20:27,2024-11-17,Sunday,Y,Dark-Road Lighted,NEWBURGH,RIGHT ANGLE,ORANGE,Straight and Level,Cloudy,Other,Dry,,Not Applicable,"Other Motor Vehicle, Collision With",2,415088,36071,4753,2.6,13857119.0,5167.5,1527
2024,Property Damage Accident,14:22,2024-11-17,Sunday,Y,Daylight,WARWICK,OTHER,ORANGE,Curve and Grade,Clear,,Dry,,Not Applicable,"Tree, Collision With Fixed Object",1,415088,36071,4753,2.6,13857119.0,5167.5,1527
2024,Property Damage Accident,17:06,2024-11-17,Sunday,Y,Dark-Road Lighted,CHESTER,RIGHT ANGLE,ORANGE,Straight and Grade,Clear,Traffic Signal,Dry,,Not Applicable,"Other Motor Vehicle, Collision With",2,415088,36071,4753,2.6,13857119.0,5167.5,1527
2024,Property Damage Accident,2:13,2024-11-17,Sunday,Y,Dark-Road Unlighted,SOUTHEAST,OVERTAKING,PUTNAM,Straight and Level,Clear,,Dry,,Not Applicable,"Other Motor Vehicle, Collision With",2,98842,36079,509,0.7,2746105.0,4089.2,375
2024,Property Damage Accident,16:00,2024-11-17,Sunday,Y,Dusk,ORANGETOWN,RIGHT ANGLE,ROCKLAND,Straight and Grade,Clear,,Dry,,Not Applicable,"Other Motor Vehicle, Collision With",2,354829,36087,259,0.3,7336134.0,9989.2,886
2024,Property Damage & Injury Accident,18:05,2024-11-17,Sunday,Y,Dark-Road Lighted,HILLBURN,OTHER,ROCKLAND,Straight and Level,Clear,Stop Sign,Dry,59 85011000,Not Applicable,"Other Motor Vehicle, Collision With",2,354829,36087,259,0.3,7336134.0,9989.2,886
2024,Property Damage & Injury Accident,7:22,2024-11-17,Sunday,Y,Daylight,CLARKSTOWN,OTHER,ROCKLAND,Straight and Level,Cloudy,,Dry,,Not Applicable,"Light Support/Utility Pole, Collision With Fixed Object",1,354829,36087,259,0.3,7336134.0,9989.2,886
2024,Property Damage Accident,14:31,2024-11-17,Sunday,Y,Daylight,ORANGETOWN,REAR END,ROCKLAND,Straight and Level,Clear,,Wet,,Not Applicable,"Other Motor Vehicle, Collision With",2,354829,36087,259,0.3,7336134.0,9989.2,886
2024,Property Damage Accident,17:59,2024-11-17,Sunday,Y,Dark-Road Unlighted,MARLBOROUGH,OTHER,ULSTER,Straight and Level,Cloudy,,Dry,44 86011239,Not Applicable,Deer,1,183095,36111,3565,1.2,6410502.0,3939.4,999
2024,Property Damage & Injury Accident,11:18,2024-11-17,Sunday,Y,Daylight,KINGSTON,RIGHT ANGLE,ULSTER,Straight and Level,Clear,Stop Sign,Dry,,Not Applicable,"Other Motor Vehicle, Collision With",2,183095,36111,3565,1.2,6410502.0,3939.4,999
2024,Property Damage Accident,22:35,2024-11-17,Sunday,Y,Dark-Road Unlighted,GARDINER,OTHER,ULSTER,Straight and Level,Cloudy,,Dry,32 86021075,Not Applicable,Deer,1,183095,36111,3565,1.2,6410502.0,3939.4,999
2024,Property Damage & Injury Accident,17:27,2024-11-17,Sunday,Y,Dark-Road Unlighted,YORKTOWN,OTHER,WESTCHESTER,Straight and Level,Clear,,Dry,35 87012077,Not Applicable,"Earth Embankment/Rock Cut/Ditch, Collision With Fixed Object",1,1009165,36119,850,0.8,18110248.0,6143.2,3354
2024,Property Damage Accident,18:20,2024-11-17,Sunday,Y,Dark-Road Lighted,GREENBURGH,LEFT TURN (3),WESTCHESTER,Straight and Level,Clear,Stop Sign,Dry,,Not Applicable,"Other Motor Vehicle, Collision With",2,1009165,36119,850,0.8,18110248.0,6143.2,3354
2024,Property Damage Accident,1:58,2024-11-17,Sunday,Y,Dark-Road Unlighted,NEW ROCHELLE,OTHER,WESTCHESTER,Straight and Grade,Clear,,Dry,907W87022013,Not Applicable,"Bridge Structure, Collision With Fixed Object",1,1009165,36119,850,0.8,18110248.0,6143.2,3354
2024,Property Damage & Injury Accident,22:17,2024-11-17,Sunday,Y,Dark-Road Lighted,YONKERS,OTHER,WESTCHESTER,Straight and Level,Clear,Traffic Signal,Dry,9 87031039,Not Applicable,"Other Motor Vehicle, Collision With",4,1009165,36119,850,0.8,18110248.0,6143.2,3354
2024,Property Damage Accident,2:00,2024-11-17,Sunday,Y,Dark-Road Lighted,ARDSLEY,OVERTAKING,WESTCHESTER,Straight and Level,Clear,,Dry,,Not Applicable,"Other Motor Vehicle, Collision With",2,1009165,36119,850,0.8,18110248.0,6143.2,3354
2024,Property Damage Accident,2:00,2024-11-17,Sunday,Y,Dark-Road Lighted,PORT CHESTER,OTHER,WESTCHESTER,Straight and Grade,Clear,,Dry,,Not Applicable,"Other Motor Vehicle, Collision With",3,1009165,36119,850,0.8,18110248.0,6143.2,3354
2024,Property Damage & Injury Accident,15:41,2024-11-18,Monday,Y,Daylight,WAPPINGER,OTHER,DUTCHESS,Curve and Level,Clear,No Passing Zone,Dry,376 82011039,Not Applicable,"Other Motor Vehicle, Collision With",3,299256,36027,1695,0.8,5987961.0,3975.0,1300
2024,Property Damage Accident,13:56,2024-11-18,Monday,Y,Daylight,POUGHKEEPSIE,OVERTAKING,DUTCHESS,Straight and Level,Clear,Other,Dry,9 82051136,Not Applicable,"Other Motor Vehicle, Collision With",2,299256,36027,1695,0.8,5987961.0,3975.0,1300
2024,Property Damage Accident,13:16,2024-11-18,Monday,Y,Daylight,WAPPINGER,OTHER,DUTCHESS,Straight and Level,Clear,No Passing Zone,Dry,,Not Applicable,Deer,2,299256,36027,1695,0.8,5987961.0,3975.0,1300
2024,Property Damage Accident,9:07,2024-11-18,Monday,Y,Daylight,POUGHKEEPSIE,OVERTAKING,DUTCHESS,Straight and Level,Clear,,Dry,44 82021006,Not Applicable,"Other Motor Vehicle, Collision With",2,299256,36027,1695,0.8,5987961.0,3975.0,1300
2024,Property Damage Accident,13:03,2024-11-18,Monday,Y,Daylight,HIGHLAND FALLS,OTHER,ORANGE,Curve and Grade,Clear,,Dry,6 83012427,Not Applicable,"Guide Rail - Not At End, Collision With Fixed Object",1,415088,36071,4753,2.6,13857119.0,5167.5,1527
2024,Property Damage Accident,15:34,2024-11-18,Monday,Y,Daylight,NEWBURGH,OVERTAKING,ORANGE,Straight and Level,Clear,Traffic Signal,Dry,32 83013006,Not Applicable,"Other Motor Vehicle, Collision With",2,415088,36071,4753,2.6,13857119.0,5167.5,1527
2024,Property Damage & Injury Accident,17:05,2024-11-18,Monday,Y,Dusk,BLOOMING GROVE,OTHER,ORANGE,Straight and Level,Clear,No Passing Zone,Dry,,Not Applicable,"Other Motor Vehicle, Collision With",3,415088,36071,4753,2.6,13857119.0,5167.5,1527
2024,Property Damage Accident,15:26,2024-11-18,Monday,Y,Daylight,WALDEN,OVERTAKING,ORANGE,Straight and Level,Clear,,Dry,,Not Applicable,"Other Motor Vehicle, Collision With",2,415088,36071,4753,2.6,13857119.0,5167.5,1527
2024,Property Damage Accident,19:30,2024-11-18,Monday,Y,Dark-Road Unlighted,WAWAYANDA,OTHER,ORANGE,Straight and Level,Cloudy,No Passing Zone,Dry,284 83011080,Not Applicable,Deer,1,415088,36071,4753,2.6,13857119.0,5167.5,1527
2024,Property Damage Accident,17:00,2024-11-18,Monday,Y,Dusk,PORT JERVIS,REAR END,ORANGE,Straight and Level,Clear,,Dry,,Not Applicable,"Other Motor Vehicle, Collision With",2,415088,36071,4753,2.6,13857119.0,5167.5,1527
2024,Property Damage Accident,11:04,2024-11-18,Monday,Y,Daylight,SOUTHEAST,OVERTAKING,PUTNAM,Straight and Level,Clear,,Dry,312 84011011,Not Applicable,"Other Motor Vehicle, Collision With",2,98842,36079,509,0.7,2746105.0,4089.2,375
2024,Property Damage Accident,9:47,2024-11-18,Monday,Y,Daylight,CARMEL,OVERTAKING,PUTNAM,Straight and Level,Clear,,Dry,6 84041,Not Applicable,"Other Motor Vehicle, Collision With",2,98842,36079,509,0.7,2746105.0,4089.2,375
2024,Property Damage Accident,10:43,2024-11-18,Monday,Y,Daylight,PUTNAM VALLEY,LEFT TURN (3),PUTNAM,Curve at Hill Crest,Clear,No Passing Zone,Dry,,Not Applicable,"Other Motor Vehicle, Collision With",2,98842,36079,509,0.7,2746105.0,4089.2,375
2024,Property Damage Accident,9:49,2024-11-18,Monday,Y,Dusk,HAVERSTRAW,Unknown,ROCKLAND,Straight and Grade,Clear,,Dry,202 85011105,Not Applicable,"Other Motor Vehicle, Collision With",2,354829,36087,259,0.3,7336134.0,9989.2,886
2024,Property Damage Accident,13:45,2024-11-18,Monday,Y,Daylight,CHESTNUT RIDGE,OVERTAKING,ROCKLAND,Straight and Level,Clear,Stop Sign,Dry,,Not Applicable,"Other Motor Vehicle, Collision With",2,354829,36087,259,0.3,7336134.0,9989.2,886
2024,Property Damage & Injury Accident,22:55,2024-11-18,Monday,Y,Dark-Road Unlighted,RAMAPO,OTHER,ROCKLAND,Straight and Level,Clear,,Dry,,Not Applicable,"Animal, Collision With",1,354829,36087,259,0.3,7336134.0,9989.2,886
2024,Property Damage Accident,10:01,2024-11-18,Monday,Y,Daylight,ORANGETOWN,REAR END,ROCKLAND,Straight and Level,Clear,Yield Sign,Dry,,Not Applicable,"Other Motor Vehicle, Collision With",2,354829,36087,259,0.3,7336134.0,9989.2,886
2024,Property Damage Accident,9:47,2024-11-18,Monday,Y,Daylight,STONY POINT,OTHER,ROCKLAND,Straight and Grade,Clear,,Dry,9W85011174,Not Applicable,"Animal, Collision With",1,354829,36087,259,0.3,7336134.0,9989.2,886
2024,Property Damage Accident,11:27,2024-11-18,Monday,Y,Daylight,CLARKSTOWN,RIGHT ANGLE,ROCKLAND,Straight and Level,Clear,Stop Sign,Dry,,Not Applicable,"Other Motor Vehicle, Collision With",2,354829,36087,259,0.3,7336134.0,9989.2,886
2024,Property Damage Accident,20:52,2024-11-18,Monday,Y,Dark-Road Unlighted,MARLBOROUGH,OTHER,ULSTER,Straight at Hill Crest,Clear,,Dry,,Not Applicable,Deer,1,183095,36111,3565,1.2,6410502.0,3939.4,999
2024,Property Damage Accident,18:15,2024-11-18,Monday,Y,Dark-Road Unlighted,GARDINER,OTHER,ULSTER,Straight and Level,Cloudy,No Passing Zone,Dry,44 86011139,Not Applicable,Deer,1,183095,36111,3565,1.2,6410502.0,3939.4,999
2024,Property Damage & Injury Accident,5:19,2024-11-18,Monday,Y,Dark-Road Unlighted,GREENBURGH,OTHER,WESTCHESTER,Straight and Level,Clear,,Dry,987F87012005,Not Applicable,Deer,1,1009165,36119,850,0.8,18110248.0,6143.2,3354
2024,Property Damage Accident,13:30,2024-11-18,Monday,Y,Daylight,NEW ROCHELLE,OVERTAKING,WESTCHESTER,Straight and Grade,Clear,Construction Work Area,Dry,981V87011003,Not Applicable,"Other Motor Vehicle, Collision With",2,1009165,36119,850,0.8,18110248.0,6143.2,3354
2024,Property Damage Accident,14:43,2024-11-18,Monday,Y,Daylight,CORTLANDT,OTHER,WESTCHESTER,Straight and Level,Clear,Stop Sign,Dry,,Not Applicable,"Tree, Collision With Fixed Object",1,1009165,36119,850,0.8,18110248.0,6143.2,3354
2024,Property Damage Accident,17:32,2024-11-18,Monday,Y,Dark-Road Lighted,YONKERS,LEFT TURN (3),WESTCHESTER,Straight and Level,Clear,Traffic Signal,Dry,983B87011020,Not Applicable,"Other Motor Vehicle, Collision With",2,1009165,36119,850,0.8,18110248.0,6143.2,3354
2024,Property Damage & Injury Accident,15:10,2024-11-18,Monday,Y,Daylight,YONKERS,LEFT TURN (3),WESTCHESTER,Straight and Level,Clear,,Dry,,Not Applicable,"Other Motor Vehicle, Collision With",2,1009165,36119,850,0.8,18110248.0,6143.2,3354
2024,Property Damage Accident,15:48,2024-11-18,Monday,Y,Daylight,WHITE PLAINS,RIGHT ANGLE,WESTCHESTER,Straight and Level,Clear,,Dry,,Not Applicable,"Other Motor Vehicle, Collision With",2,1009165,36119,850,0.8,18110248.0,6143.2,3354
2024,Injury Accident,17:20,2024-11-18,Monday,Y,Dark-Road Lighted,YONKERS,OTHER,WESTCHESTER,Straight and Level,Clear,,Dry,,"Crossing, No Signal or Crosswalk","Pedestrian, Collision With",1,1009165,36119,850,0.8,18110248.0,6143.2,3354
2024,Property Damage Accident,6:25,2024-11-18,Monday,N,Dawn,CROTON ON HUDSON,Unknown,WESTCHESTER,Straight and Grade,Clear,Traffic Signal,Dry,,Not Applicable,"Other Motor Vehicle, Collision With",2,1009165,36119,850,0.8,18110248.0,6143.2,3354
2024,Property Damage Accident,18:29,2024-11-18,Monday,Y,Dark-Road Lighted,ELMSFORD,RIGHT ANGLE,WESTCHESTER,Straight and Level,Clear,Stop Sign,Dry,119 87011024,Not Applicable,"Other Motor Vehicle, Collision With",2,1009165,36119,850,0.8,18110248.0,6143.2,3354
2024,Property Damage & Injury Accident,16:25,2024-11-18,Monday,Y,Daylight,WHITE PLAINS,OVERTAKING,WESTCHESTER,Curve and Grade,Clear,,Dry,,Not Applicable,"Other Motor Vehicle, Collision With",2,1009165,36119,850,0.8,18110248.0,6143.2,3354
2024,Property Damage Accident,12:25,2024-11-18,Monday,Y,Daylight,PEEKSKILL,OVERTAKING,WESTCHESTER,Straight and Level,Clear,,Dry,,Not Applicable,"Other Motor Vehicle, Collision With",2,1009165,36119,850,0.8,18110248.0,6143.2,3354
2024,Property Damage Accident,12:53,2024-11-18,Monday,Y,Daylight,OSSINING,RIGHT TURN (5),WESTCHESTER,Straight and Grade,Clear,Traffic Signal,Dry,,Not Applicable,"Other Motor Vehicle, Collision With",2,1009165,36119,850,0.8,18110248.0,6143.2,3354
2024,Property Damage Accident,11:53,2024-11-18,Monday,Y,Daylight,NEW ROCHELLE,REAR END,WESTCHESTER,Straight and Level,Clear,,Dry,,Not Applicable,"Other Motor Vehicle, Collision With",2,1009165,36119,850,0.8,18110248.0,6143.2,3354
2024,Property Damage Accident,7:05,2024-11-18,Monday,Y,Daylight,SOMERS,OVERTAKING,WESTCHESTER,Straight and Level,Clear,Traffic Signal,Dry,100 87014247,Not Applicable,"Other Motor Vehicle, Collision With",2,1009165,36119,850,0.8,18110248.0,6143.2,3354
2024,Property Damage Accident,8:44,2024-11-18,Monday,Y,Daylight,PEEKSKILL,OVERTAKING,WESTCHESTER,Straight and Level,Clear,,Dry,6 87032026,Not Applicable,"Other Motor Vehicle, Collision With",2,1009165,36119,850,0.8,18110248.0,6143.2,3354
2024,Property Damage Accident,18:00,2024-11-18,Monday,Y,Dark-Road Lighted,HARRISON,OVERTAKING,WESTCHESTER,Straight and Grade,Clear,,Dry,,Not Applicable,"Other Motor Vehicle, Collision With",2,1009165,36119,850,0.8,18110248.0,6143.2,3354
2024,Property Damage Accident,7:35,2024-11-18,Monday,Y,Daylight,MAMARONECK,REAR END,WESTCHESTER,Curve and Grade,Clear,Stop Sign,Dry,,Not Applicable,"Other Motor Vehicle, Collision With",2,1009165,36119,850,0.8,18110248.0,6143.2,3354
2024,Property Damage Accident,14:21,2024-11-19,Tuesday,Y,Daylight,HYDE PARK,LEFT TURN (3),DUTCHESS,Straight and Level,Clear,,Dry,,Not Applicable,"Other Motor Vehicle, Collision With",2,299256,36027,1695,0.8,5987961.0,3975.0,1300
2024,Property Damage Accident,0:54,2024-11-19,Tuesday,Y,Dark-Road Unlighted,FISHKILL,OTHER,DUTCHESS,Straight and Grade,Cloudy,,Dry,84I82021068,Not Applicable,"Other Object (Not Fixed)*, Collision With",1,299256,36027,1695,0.8,5987961.0,3975.0,1300
2024,Property Damage Accident,15:15,2024-11-19,Tuesday,N,Daylight,POUGHKEEPSIE,RIGHT TURN (5),DUTCHESS,Straight and Grade,Cloudy,Traffic Signal,Dry,44 82021006,Not Applicable,"Other Motor Vehicle, Collision With",2,299256,36027,1695,0.8,5987961.0,3975.0,1300
2024,Property Damage Accident,17:40,2024-11-19,Tuesday,Y,Dark-Road Unlighted,MINISINK,OTHER,ORANGE,Straight and Level,Clear,No Passing Zone,Dry,284 83011070,Not Applicable,Deer,1,415088,36071,4753,2.6,13857119.0,5167.5,1527
2024,Property Damage Accident,7:39,2024-11-19,Tuesday,Y,Unknown,MIDDLETOWN,Unknown,ORANGE,Straight and Level,Unknown,,Unknown,,Not Applicable,"Other Motor Vehicle, Collision With",2,415088,36071,4753,2.6,13857119.0,5167.5,1527
2024,Property Damage Accident,22:00,2024-11-19,Tuesday,Y,Dark-Road Lighted,NEWBURGH,Unknown,ORANGE,Straight and Level,Rain,,Wet,,Not Applicable,"Other Motor Vehicle, Collision With",2,415088,36071,4753,2.6,13857119.0,5167.5,1527
2024,Property Damage Accident,13:11,2024-11-19,Tuesday,Y,Daylight,NEWBURGH,OTHER,ORANGE,Straight and Level,Clear,Construction Work Area,Dry,300 83021082,Not Applicable,"Other Motor Vehicle, Collision With",2,415088,36071,4753,2.6,13857119.0,5167.5,1527
2024,Property Damage Accident,17:05,2024-11-19,Tuesday,Y,Dark-Road Unlighted,MINISINK,OTHER,ORANGE,Straight and Grade,Clear,No Passing Zone,Dry,284 83011023,Not Applicable,Deer,1,415088,36071,4753,2.6,13857119.0,5167.5,1527
2024,Property Damage Accident,12:32,2024-11-19,Tuesday,Y,Daylight,MIDDLETOWN,RIGHT ANGLE,ORANGE,Straight and Level,Clear,Traffic Signal,Dry,,Not Applicable,"Other Motor Vehicle, Collision With",2,415088,36071,4753,2.6,13857119.0,5167.5,1527
2024,Property Damage Accident,16:59,2024-11-19,Tuesday,Y,Dusk,,REAR END,ROCKLAND,Straight and Level,Clear,Traffic Signal,Dry,,Not Applicable,"Other Motor Vehicle, Collision With",2,354829,36087,259,0.3,7336134.0,9989.2,886
2024,Property Damage Accident,9:01,2024-11-19,Tuesday,Y,Daylight,CLARKSTOWN,REAR END,ROCKLAND,Straight and Grade,Clear,,Dry,,Not Applicable,"Other Motor Vehicle, Collision With",2,354829,36087,259,0.3,7336134.0,9989.2,886
2024,Property Damage Accident,9:30,2024-11-19,Tuesday,Y,Daylight,RAMAPO,REAR END,ROCKLAND,Straight and Level,Clear,,Dry,987C85011135,Not Applicable,"Other Motor Vehicle, Collision With",2,354829,36087,259,0.3,7336134.0,9989.2,886
2024,Property Damage Accident,18:17,2024-11-19,Tuesday,Y,Dark-Road Lighted,NYACK,LEFT TURN (3),ROCKLAND,Straight and Level,Clear,Traffic Signal,Dry,59 85011140,Not Applicable,"Other Motor Vehicle, Collision With",2,354829,36087,259,0.3,7336134.0,9989.2,886
2024,Property Damage Accident,21:00,2024-11-19,Tuesday,Y,Dark-Road Lighted,STONY POINT,REAR END,ROCKLAND,Straight and Level,Clear,,Dry,,Not Applicable,"Other Motor Vehicle, Collision With",2,354829,36087,259,0.3,7336134.0,9989.2,886
2024,Property Damage Accident,18:20,2024-11-19,Tuesday,Y,Dark-Road Lighted,NYACK,OVERTAKING,ROCKLAND,Straight and Level,Clear,,Dry,59 85011140,Not Applicable,"Other Motor Vehicle, Collision With",2,354829,36087,259,0.3,7336134.0,9989.2,886