year,accident_descriptor,time,date,day_of_week,police_report,lighting_conditions,municipality,collision_type_descriptor,county_name,road_descriptor,weather_conditions,traffic_control_device,road_surface_conditions,dot_reference_marker_location,pedestrian_bicyclist_action,event_descriptor,number_of_vehicles_involved,county_population_2024,county_fips,county_deer_take_2024,county_antlerless_deer_per_sqmi_2024,county_daily_vmt_2019,county_mean_aadt_2019,county_aadt_segments_2019
2024,Property Damage & Injury Accident,19:00,2024-11-19,Tuesday,Y,Dark-Road Unlighted,WESLEY HILLS,RIGHT TURN (6),ROCKLAND,Straight and Level,Clear,,Dry,,Not Applicable,"Other Motor Vehicle, Collision With",2,354829,36087,259,0.3,7336134.0,9989.2,886
2024,Property Damage & Injury Accident,8:00,2024-11-19,Tuesday,Y,Daylight,SPRING VALLEY,RIGHT ANGLE,ROCKLAND,Straight and Level,Clear,Stop Sign,Dry,,Not Applicable,"Other Motor Vehicle, Collision With",2,354829,36087,259,0.3,7336134.0,9989.2,886
2024,Property Damage Accident,6:32,2024-11-19,Tuesday,Y,Dusk,ORANGETOWN,OTHER,ROCKLAND,Straight and Level,Clear,,Dry,987C85011032,Not Applicable,Deer,1,354829,36087,259,0.3,7336134.0,9989.2,886
2024,Property Damage Accident,12:36,2024-11-19,Tuesday,Y,Daylight,LLOYD,OVERTAKING,ULSTER,Straight and Level,Clear,Traffic Signal,Dry,,Not Applicable,"Other Motor Vehicle, Collision With",2,183095,36111,3565,1.2,6410502.0,3939.4,999
2024,Property Damage Accident,12:05,2024-11-19,Tuesday,Y,Daylight,HURLEY,OTHER,ULSTER,Curve and Grade,Clear,,Dry,28A86011185,Not Applicable,"Light Support/Utility Pole, Collision With Fixed Object",1,183095,36111,3565,1.2,6410502.0,3939.4,999
2024,Property Damage & Injury Accident,6:08,2024-11-19,Tuesday,Y,Dark-Road Unlighted,WAWARSING,OTHER,ULSTER,Curve and Level,Clear,No Passing Zone,Dry,55 86021073,Not Applicable,"Earth Embankment/Rock Cut/Ditch, Collision With Fixed Object",1,183095,36111,3565,1.2,6410502.0,3939.4,999
2024,Property Damage & Injury Accident,11:45,2024-11-19,Tuesday,Y,Daylight,LLOYD,RIGHT ANGLE,ULSTER,Straight and Level,Clear,Stop Sign,Dry,44 86011271,Not Applicable,"Other Motor Vehicle, Collision With",2,183095,36111,3565,1.2,6410502.0,3939.4,999
2024,Property Damage Accident,17:00,2024-11-19,Tuesday,Y,Dark-Road Unlighted,KINGSTON,OTHER,ULSTER,Straight and Grade,Clear,,Dry,28 86012041,Not Applicable,"Sign Post, Collision With Fixed Object",1,183095,36111,3565,1.2,6410502.0,3939.4,999
2024,Property Damage Accident,18:11,2024-11-19,Tuesday,Y,Dark-Road Unlighted,SHAWANGUNK,OTHER,ULSTER,Straight and Level,Clear,No Passing Zone,Dry,,Not Applicable,Deer,1,183095,36111,3565,1.2,6410502.0,3939.4,999
2024,Property Damage Accident,21:37,2024-11-19,Tuesday,Y,Dark-Road Unlighted,NEW PALTZ,OTHER,ULSTER,Straight and Level,Clear,,Dry,,Not Applicable,"Guide Rail - End, Collision With Fixed Object",1,183095,36111,3565,1.2,6410502.0,3939.4,999
2024,Property Damage Accident,20:00,2024-11-19,Tuesday,Y,Dark-Road Unlighted,PEEKSKILL,OVERTAKING,WESTCHESTER,Straight and Grade,Cloudy,,Dry,,Not Applicable,"Other Motor Vehicle, Collision With",2,1009165,36119,850,0.8,18110248.0,6143.2,3354
2024,Property Damage & Injury Accident,19:21,2024-11-19,Tuesday,Y,Dark-Road Lighted,YONKERS,OTHER,WESTCHESTER,Straight and Level,Clear,Traffic Signal,Dry,984H87011008,"Crossing, With Signal","Pedestrian, Collision With",1,1009165,36119,850,0.8,18110248.0,6143.2,3354
2024,Property Damage & Injury Accident,10:26,2024-11-19,Tuesday,Y,Daylight,YONKERS,REAR END,WESTCHESTER,Straight and Level,Clear,No Passing Zone,Dry,987F87011039,Not Applicable,"Other Motor Vehicle, Collision With",2,1009165,36119,850,0.8,18110248.0,6143.2,3354
2024,Property Damage Accident,7:24,2024-11-19,Tuesday,Y,Daylight,MAMARONECK,OVERTAKING,WESTCHESTER,Straight and Level,Clear,,Dry,,Not Applicable,"Other Motor Vehicle, Collision With",2,1009165,36119,850,0.8,18110248.0,6143.2,3354
2024,Property Damage & Injury Accident,15:20,2024-11-19,Tuesday,Y,Daylight,GREENBURGH,REAR END,WESTCHESTER,Straight and Grade,Cloudy,Traffic Signal,Dry,,Not Applicable,"Other Motor Vehicle, Collision With",2,1009165,36119,850,0.8,18110248.0,6143.2,3354
2024,Property Damage Accident,14:40,2024-11-19,Tuesday,Y,Daylight,YONKERS,REAR END,WESTCHESTER,Straight and Grade,Clear,,Dry,,Not Applicable,"Other Motor Vehicle, Collision With",2,1009165,36119,850,0.8,18110248.0,6143.2,3354
2024,Property Damage & Injury Accident,17:10,2024-11-19,Tuesday,Y,Dark-Road Lighted,YONKERS,REAR END,WESTCHESTER,Straight and Level,Clear,,Dry,,Not Applicable,"Other Motor Vehicle, Collision With",2,1009165,36119,850,0.8,18110248.0,6143.2,3354
2024,Property Damage Accident,15:54,2024-11-19,Tuesday,Y,Daylight,NEW ROCHELLE,OVERTAKING,WESTCHESTER,Straight and Level,Clear,,Dry,,Not Applicable,"Other Motor Vehicle, Collision With",2,1009165,36119,850,0.8,18110248.0,6143.2,3354
2024,Property Damage Accident,16:01,2024-11-20,Wednesday,Y,Dawn,RHINEBECK,OVERTAKING,DUTCHESS,Straight and Level,Clear,,Dry,9 82053184,Not Applicable,"Other Motor Vehicle, Collision With",2,299256,36027,1695,0.8,5987961.0,3975.0,1300
2024,Property Damage Accident,20:20,2024-11-20,Wednesday,Y,Dark-Road Unlighted,BEEKMAN,OTHER,DUTCHESS,Straight and Level,Cloudy,No Passing Zone,Dry,216 82011037,Not Applicable,Deer,1,299256,36027,1695,0.8,5987961.0,3975.0,1300
2024,Property Damage Accident,18:25,2024-11-20,Wednesday,Y,Dark-Road Lighted,EAST FISHKILL,LEFT TURN (3),DUTCHESS,Straight and Level,Clear,Traffic Signal,Dry,52 82042082,Not Applicable,"Other Motor Vehicle, Collision With",2,299256,36027,1695,0.8,5987961.0,3975.0,1300
2024,Property Damage Accident,16:53,2024-11-20,Wednesday,Y,Dark-Road Unlighted,WASHINGTON,OTHER,DUTCHESS,Curve and Grade,Cloudy,No Passing Zone,Dry,343 82011062,Not Applicable,Deer,1,299256,36027,1695,0.8,5987961.0,3975.0,1300
2024,Property Damage Accident,9:14,2024-11-20,Wednesday,Y,Daylight,POUGHKEEPSIE,REAR END,DUTCHESS,Straight and Level,Cloudy,,Dry,44 82022026,Not Applicable,"Other Motor Vehicle, Collision With",2,299256,36027,1695,0.8,5987961.0,3975.0,1300
2024,Property Damage Accident,6:07,2024-11-20,Wednesday,Y,Dark-Road Lighted,POUGHKEEPSIE,OTHER,DUTCHESS,Curve and Level,Clear,No Passing Zone,Dry,376 82011111,Not Applicable,"Animal, Collision With",1,299256,36027,1695,0.8,5987961.0,3975.0,1300
2024,Property Damage Accident,4:52,2024-11-20,Wednesday,Y,Dark-Road Unlighted,CHESTER,OTHER,ORANGE,Straight and Level,Clear,,Dry,,Not Applicable,Deer,1,415088,36071,4753,2.6,13857119.0,5167.5,1527
2024,Property Damage Accident,7:52,2024-11-20,Wednesday,Y,Daylight,NEWBURGH,OVERTAKING,ORANGE,Straight and Grade,Clear,,Dry,,Not Applicable,"Other Motor Vehicle, Collision With",2,415088,36071,4753,2.6,13857119.0,5167.5,1527
2024,Property Damage Accident,10:16,2024-11-20,Wednesday,Y,Daylight,WARWICK,OTHER,ORANGE,Curve and Grade,Cloudy,,Dry,17A83011194,Not Applicable,"Earth Embankment/Rock Cut/Ditch, Collision With Fixed Object",1,415088,36071,4753,2.6,13857119.0,5167.5,1527
2024,Property Damage Accident,17:10,2024-11-20,Wednesday,Y,Dark-Road Unlighted,MONTGOMERY,OTHER,ORANGE,Straight and Grade,Cloudy,No Passing Zone,Dry,,Not Applicable,Deer,1,415088,36071,4753,2.6,13857119.0,5167.5,1527
2024,Property Damage Accident,17:31,2024-11-20,Wednesday,Y,Dark-Road Lighted,NEW HEMPSTEAD,REAR END,ROCKLAND,Straight and Level,Clear,Traffic Signal,Dry,45 85011059,Not Applicable,"Other Motor Vehicle, Collision With",2,354829,36087,259,0.3,7336134.0,9989.2,886
2024,Property Damage & Injury Accident,18:15,2024-11-20,Wednesday,Y,Dark-Road Unlighted,ORANGETOWN,OVERTAKING,ROCKLAND,Straight and Level,Clear,,Dry,,Not Applicable,"Other Motor Vehicle, Collision With",2,354829,36087,259,0.3,7336134.0,9989.2,886
2024,Property Damage Accident,12:10,2024-11-20,Wednesday,Y,Daylight,MONTEBELLO,LEFT TURN (3),ROCKLAND,Straight and Level,Cloudy,Stop Sign,Dry,,Not Applicable,"Other Motor Vehicle, Collision With",2,354829,36087,259,0.3,7336134.0,9989.2,886
2024,Property Damage Accident,8:58,2024-11-20,Wednesday,Y,Daylight,RAMAPO,LEFT TURN (3),ROCKLAND,Straight and Level,Cloudy,,Dry,,Not Applicable,"Other Motor Vehicle, Collision With",2,354829,36087,259,0.3,7336134.0,9989.2,886
2024,Property Damage Accident,17:15,2024-11-20,Wednesday,Y,Dark-Road Lighted,CLARKSTOWN,REAR END,ROCKLAND,Straight and Level,Clear,,Dry,,Not Applicable,"Other Motor Vehicle, Collision With",2,354829,36087,259,0.3,7336134.0,9989.2,886
2024,Property Damage Accident,23:32,2024-11-20,Wednesday,Y,Dark-Road Unlighted,NEW PALTZ,OTHER,ULSTER,Straight and Level,Clear,,Dry,32 86021132,Not Applicable,Deer,1,183095,36111,3565,1.2,6410502.0,3939.4,999
2024,Property Damage Accident,15:35,2024-11-20,Wednesday,Y,Dusk,SAUGERTIES,REAR END,ULSTER,Straight and Level,Clear,No Passing Zone,Dry,32 86023077,Not Applicable,"Other Motor Vehicle, Collision With",2,183095,36111,3565,1.2,6410502.0,3939.4,999
2024,Property Damage & Injury Accident,8:40,2024-11-20,Wednesday,Y,Daylight,SCARSDALE,OTHER,WESTCHESTER,Straight and Level,Cloudy,,Dry,22 87022041,Not Applicable,"Other Motor Vehicle, Collision With",3,1009165,36119,850,0.8,18110248.0,6143.2,3354
2024,Property Damage & Injury Accident,4:08,2024-11-20,Wednesday,Y,Dark-Road Unlighted,BEDFORD,OTHER,WESTCHESTER,Curve and Level,Clear,No Passing Zone,Dry,,Not Applicable,"Tree, Collision With Fixed Object",1,1009165,36119,850,0.8,18110248.0,6143.2,3354
2024,Property Damage & Injury Accident,14:30,2024-11-20,Wednesday,Y,Daylight,YONKERS,REAR END,WESTCHESTER,Straight at Hill Crest,Clear,Traffic Signal,Dry,,Not Applicable,"Other Motor Vehicle, Collision With",2,1009165,36119,850,0.8,18110248.0,6143.2,3354
2024,Property Damage & Injury Accident,15:05,2024-11-20,Wednesday,Y,Daylight,YONKERS,OVERTAKING,WESTCHESTER,Straight and Grade,Clear,,Dry,984E87011015,Not Applicable,"Other Motor Vehicle, Collision With",2,1009165,36119,850,0.8,18110248.0,6143.2,3354
2024,Property Damage & Injury Accident,20:21,2024-11-20,Wednesday,Y,Dark-Road Unlighted,CORTLANDT,SIDESWIPE,WESTCHESTER,Straight and Grade,Cloudy,,Dry,,Not Applicable,"Other Motor Vehicle, Collision With",2,1009165,36119,850,0.8,18110248.0,6143.2,3354
2024,Property Damage Accident,7:50,2024-11-20,Wednesday,Y,Daylight,LEWISBORO,RIGHT ANGLE,WESTCHESTER,Straight and Level,Clear,Stop Sign,Dry,35 87012177,Not Applicable,"Other Motor Vehicle, Collision With",2,1009165,36119,850,0.8,18110248.0,6143.2,3354
2024,Property Damage Accident,6:22,2024-11-20,Wednesday,Y,Daylight,WHITE PLAINS,REAR END,WESTCHESTER,Straight and Level,Cloudy,,Dry,,Not Applicable,"Other Motor Vehicle, Collision With",2,1009165,36119,850,0.8,18110248.0,6143.2,3354
2024,Property Damage Accident,8:10,2024-11-20,Wednesday,Y,Daylight,CORTLANDT,REAR END,WESTCHESTER,Straight and Grade,Clear,Traffic Signal,Dry,,Not Applicable,"Other Motor Vehicle, Collision With",2,1009165,36119,850,0.8,18110248.0,6143.2,3354
2024,Property Damage Accident,16:48,2024-11-20,Wednesday,Y,Dark-Road Lighted,MAMARONECK,REAR END,WESTCHESTER,Straight and Level,Cloudy,Stop Sign,Dry,,Not Applicable,"Other Motor Vehicle, Collision With",2,1009165,36119,850,0.8,18110248.0,6143.2,3354
2024,Property Damage Accident,16:45,2024-11-20,Wednesday,Y,Dusk,LARCHMONT,LEFT TURN (3),WESTCHESTER,Straight and Grade,Clear,Traffic Signal,Dry,,Not Applicable,"Other Motor Vehicle, Collision With",2,1009165,36119,850,0.8,18110248.0,6143.2,3354
2024,Property Damage Accident,9:03,2024-11-20,Wednesday,Y,Daylight,ELMSFORD,OTHER,WESTCHESTER,Straight and Level,Clear,,Dry,987F87012054,Not Applicable,"Other Motor Vehicle, Collision With",3,1009165,36119,850,0.8,18110248.0,6143.2,3354
2024,Property Damage Accident,17:29,2024-11-20,Wednesday,Y,Dark-Road Unlighted,MOUNT PLEASANT,REAR END,WESTCHESTER,Straight and Level,Cloudy,,Dry,987G87011027,Not Applicable,"Other Motor Vehicle, Collision With",2,1009165,36119,850,0.8,18110248.0,6143.2,3354
2024,Property Damage & Injury Accident,15:43,2024-11-20,Wednesday,Y,Daylight,NEW CASTLE,OTHER,WESTCHESTER,Straight and Level,Clear,No Passing Zone,Dry,,Not Applicable,"Ran Off Roadway Only, Non-Collision",1,1009165,36119,850,0.8,18110248.0,6143.2,3354
2024,Property Damage Accident,8:16,2024-11-20,Wednesday,Y,Daylight,OSSINING,OVERTAKING,WESTCHESTER,Straight and Level,Cloudy,,Dry,,Not Applicable,"Other Motor Vehicle, Collision With",2,1009165,36119,850,0.8,18110248.0,6143.2,3354
2024,Property Damage Accident,12:42,2024-11-21,Thursday,Y,Daylight,FISHKILL,OVERTAKING,DUTCHESS,Curve and Level,Rain,,Wet,,Not Applicable,"Other Motor Vehicle, Collision With",2,299256,36027,1695,0.8,5987961.0,3975.0,1300
2024,Property Damage & Injury Accident,11:08,2024-11-21,Thursday,Y,Daylight,BEEKMAN,OTHER,DUTCHESS,Straight and Grade,Rain,,Wet,,Not Applicable,"Guide Rail - Not At End, Collision With Fixed Object",1,299256,36027,1695,0.8,5987961.0,3975.0,1300
2024,Property Damage Accident,6:50,2024-11-21,Thursday,Y,Dawn,LA GRANGE,OTHER,DUTCHESS,Curve and Grade,Rain,,Wet,987G82031131,Not Applicable,"Sign Post, Collision With Fixed Object",1,299256,36027,1695,0.8,5987961.0,3975.0,1300
2024,Property Damage Accident,14:47,2024-11-21,Thursday,Y,Daylight,HYDE PARK,HEAD ON,DUTCHESS,Straight and Level,Rain,Traffic Signal,Wet,9 82053021,Not Applicable,"Other Motor Vehicle, Collision With",2,299256,36027,1695,0.8,5987961.0,3975.0,1300
2024,Property Damage Accident,21:25,2024-11-21,Thursday,Y,Dark-Road Unlighted,HYDE PARK,OTHER,DUTCHESS,Straight and Level,Rain,No Passing Zone,Wet,9 82053113,Not Applicable,"Tree, Collision With Fixed Object",1,299256,36027,1695,0.8,5987961.0,3975.0,1300
2024,Property Damage Accident,21:40,2024-11-21,Thursday,Y,Dark-Road Unlighted,POUGHKEEPSIE,OTHER,DUTCHESS,Curve and Level,Rain,Yield Sign,Wet,,Not Applicable,"Curbing, Collision With Fixed Object",1,299256,36027,1695,0.8,5987961.0,3975.0,1300
2024,Property Damage & Injury Accident,14:27,2024-11-21,Thursday,Y,Daylight,UNION VALE,OTHER,DUTCHESS,Curve and Level,Rain,,Wet,82 82011166,Not Applicable,"Tree, Collision With Fixed Object",1,299256,36027,1695,0.8,5987961.0,3975.0,1300
2024,Property Damage Accident,18:51,2024-11-21,Thursday,Y,Dark-Road Lighted,HYDE PARK,SIDESWIPE,DUTCHESS,Straight and Level,Rain,,Wet,,Not Applicable,"Other Motor Vehicle, Collision With",2,299256,36027,1695,0.8,5987961.0,3975.0,1300
2024,Property Damage Accident,10:18,2024-11-21,Thursday,Y,Daylight,POUGHKEEPSIE,REAR END,DUTCHESS,Straight and Level,Rain,Yield Sign,Wet,,Not Applicable,"Other Motor Vehicle, Collision With",2,299256,36027,1695,0.8,5987961.0,3975.0,1300
2024,Property Damage Accident,8:46,2024-11-21,Thursday,Y,Daylight,POUGHKEEPSIE,REAR END,DUTCHESS,Straight and Level,Rain,,Wet,,Not Applicable,"Other Motor Vehicle, Collision With",2,299256,36027,1695,0.8,5987961.0,3975.0,1300
2024,Property Damage Accident,11:39,2024-11-21,Thursday,Y,Daylight,EAST FISHKILL,RIGHT TURN (5),DUTCHESS,Straight and Level,Rain,,Wet,,Not Applicable,"Other Motor Vehicle, Collision With",2,299256,36027,1695,0.8,5987961.0,3975.0,1300
2024,Property Damage Accident,17:46,2024-11-21,Thursday,Y,Dark-Road Unlighted,NEWBURGH,REAR END,ORANGE,Straight and Level,Rain,,Wet,9W83023018,Not Applicable,"Other Motor Vehicle, Collision With",2,415088,36071,4753,2.6,13857119.0,5167.5,1527
2024,Property Damage Accident,16:50,2024-11-21,Thursday,Y,Dawn,GOSHEN,LEFT TURN (0),ORANGE,Straight and Level,Rain,Stop Sign,Wet,,Not Applicable,"Other Motor Vehicle, Collision With",2,415088,36071,4753,2.6,13857119.0,5167.5,1527
2024,Property Damage Accident,17:00,2024-11-21,Thursday,Y,Dark-Road Unlighted,BLOOMING GROVE,OTHER,ORANGE,Straight and Level,Rain,No Passing Zone,Wet,,Not Applicable,Deer,1,415088,36071,4753,2.6,13857119.0,5167.5,1527
2024,Property Damage Accident,18:20,2024-11-21,Thursday,Y,Dark-Road Unlighted,HAMPTONBURGH,OTHER,ORANGE,Curve and Level,Rain,No Passing Zone,Wet,207 83011037,Not Applicable,"Earth Embankment/Rock Cut/Ditch, Collision With Fixed Object",1,415088,36071,4753,2.6,13857119.0,5167.5,1527
2024,Property Damage Accident,23:35,2024-11-21,Thursday,Y,Dark-Road Unlighted,GREENVILLE,OTHER,ORANGE,Straight and Level,Snow,,Snow/Ice,84I83011076,Not Applicable,"Earth Embankment/Rock Cut/Ditch, Collision With Fixed Object",1,415088,36071,4753,2.6,13857119.0,5167.5,1527
2024,Property Damage Accident,9:53,2024-11-21,Thursday,Y,Daylight,WOODBURY,RIGHT ANGLE,ORANGE,Straight and Grade,Rain,Stop Sign,Wet,17 83101249,Not Applicable,"Other Motor Vehicle, Collision With",2,415088,36071,4753,2.6,13857119.0,5167.5,1527
2024,Property Damage Accident,17:50,2024-11-21,Thursday,Y,Dark-Road Lighted,NEWBURGH,OTHER,ORANGE,Straight and Level,Rain,,Wet,,Not Applicable,"Other Motor Vehicle, Collision With",2,415088,36071,4753,2.6,13857119.0,5167.5,1527
2024,Property Damage Accident,15:42,2024-11-21,Thursday,Y,Daylight,CARMEL,OTHER,PUTNAM,Straight and Grade,Rain,,Wet,,Not Applicable,"Tree, Collision With Fixed Object",1,98842,36079,509,0.7,2746105.0,4089.2,375
2024,Property Damage Accident,4:45,2024-11-21,Thursday,Y,Dark-Road Unlighted,RAMAPO,OTHER,ROCKLAND,Straight and Level,Rain,,Wet,987C85011114,Not Applicable,"Tree, Collision With Fixed Object",1,354829,36087,259,0.3,7336134.0,9989.2,886
2024,Property Damage Accident,15:03,2024-11-21,Thursday,Y,Daylight,NYACK,OTHER,ROCKLAND,Straight and Grade,Rain,,Wet,,Not Applicable,"Other Motor Vehicle, Collision With",2,354829,36087,259,0.3,7336134.0,9989.2,886
2024,Property Damage Accident,8:45,2024-11-21,Thursday,Y,Daylight,MONTEBELLO,REAR END,ROCKLAND,Straight and Level,Rain,Stop Sign,Wet,,Not Applicable,"Other Motor Vehicle, Collision With",2,354829,36087,259,0.3,7336134.0,9989.2,886
2024,Property Damage Accident,18:53,2024-11-21,Thursday,Y,Dark-Road Lighted,RAMAPO,SIDESWIPE,ROCKLAND,Straight and Level,Rain,,Wet,,Not Applicable,"Other Motor Vehicle, Collision With",2,354829,36087,259,0.3,7336134.0,9989.2,886
2024,Property Damage Accident,19:04,2024-11-21,Thursday,Y,Dark-Road Lighted,SUFFERN,REAR END,ROCKLAND,Straight and Level,Rain,Traffic Signal,Wet,202 85011015,Not Applicable,"Other Motor Vehicle, Collision With",2,354829,36087,259,0.3,7336134.0,9989.2,886
2024,Property Damage & Injury Accident,13:55,2024-11-21,Thursday,Y,Daylight,CHESTNUT RIDGE,REAR END,ROCKLAND,Straight and Level,Rain,,Wet,45 85011009,Not Applicable,"Other Motor Vehicle, Collision With",2,354829,36087,259,0.3,7336134.0,9989.2,886
2024,Property Damage Accident,18:12,2024-11-21,Thursday,Y,Dark-Road Lighted,RAMAPO,RIGHT ANGLE,ROCKLAND,Straight and Level,Rain,Traffic Signal,Wet,202 85011081,Not Applicable,"Other Motor Vehicle, Collision With",2,354829,36087,259,0.3,7336134.0,9989.2,886
2024,Property Damage Accident,17:13,2024-11-21,Thursday,Y,Dark-Road Unlighted,PLATTEKILL,SIDESWIPE,ULSTER,Straight and Level,Rain,No Passing Zone,Wet,44 86011171,Not Applicable,"Other Motor Vehicle, Collision With",2,183095,36111,3565,1.2,6410502.0,3939.4,999
2024,Property Damage Accident,14:35,2024-11-21,Thursday,Y,Daylight,ROCHESTER,RIGHT ANGLE,ULSTER,Straight and Level,Rain,Traffic Signal,Wet,209 86031187,Not Applicable,"Other Motor Vehicle, Collision With",2,183095,36111,3565,1.2,6410502.0,3939.4,999
2024,Property Damage Accident,15:51,2024-11-21,Thursday,Y,Daylight,ULSTER,REAR END,ULSTER,Curve and Grade,Rain,Yield Sign,Wet,,Not Applicable,"Other Motor Vehicle, Collision With",2,183095,36111,3565,1.2,6410502.0,3939.4,999
2024,Property Damage Accident,19:11,2024-11-21,Thursday,Y,Dark-Road Lighted,NEW PALTZ,OVERTAKING,ULSTER,Straight and Grade,Rain,,Wet,299 86011060,Not Applicable,"Other Motor Vehicle, Collision With",2,183095,36111,3565,1.2,6410502.0,3939.4,999
2024,Property Damage Accident,17:10,2024-11-21,Thursday,Y,Dark-Road Lighted,SAUGERTIES,REAR END,ULSTER,Straight and Grade,Rain,Stop Sign,Wet,9W86035098,Not Applicable,"Other Motor Vehicle, Collision With",2,183095,36111,3565,1.2,6410502.0,3939.4,999
2024,Property Damage Accident,9:48,2024-11-21,Thursday,Y,Daylight,MOUNT PLEASANT,REAR END,WESTCHESTER,Straight and Grade,Rain,Traffic Signal,Wet,,Not Applicable,"Other Motor Vehicle, Collision With",2,1009165,36119,850,0.8,18110248.0,6143.2,3354
2024,Property Damage & Injury Accident,0:26,2024-11-21,Thursday,Y,Dark-Road Lighted,YONKERS,RIGHT ANGLE,WESTCHESTER,Straight and Level,Clear,Stop Sign,Dry,,Not Applicable,"Other Motor Vehicle, Collision With",2,1009165,36119,850,0.8,18110248.0,6143.2,3354
2024,Property Damage & Injury Accident,7:25,2024-11-21,Thursday,Y,Daylight,NEW ROCHELLE,OTHER,WESTCHESTER,Curve and Level,Rain,,Wet,,Not Applicable,"Curbing, Collision With Fixed Object",1,1009165,36119,850,0.8,18110248.0,6143.2,3354
2024,Property Damage Accident,7:32,2024-11-21,Thursday,Y,Daylight,WHITE PLAINS,SIDESWIPE,WESTCHESTER,Straight and Level,Clear,,Dry,,Not Applicable,"Other Motor Vehicle, Collision With",2,1009165,36119,850,0.8,18110248.0,6143.2,3354
2024,Property Damage Accident,18:15,2024-11-21,Thursday,N,Unknown,HARRISON,REAR END,WESTCHESTER,Unknown,Unknown,Unknown,Unknown,120A87011001,Not Applicable,"Other Motor Vehicle, Collision With",2,1009165,36119,850,0.8,18110248.0,6143.2,3354
2024,Property Damage Accident,12:49,2024-11-21,Thursday,Y,Daylight,WHITE PLAINS,OVERTAKING,WESTCHESTER,Straight and Level,Cloudy,Traffic Signal,Wet,119 87012011,Not Applicable,"Other Motor Vehicle, Collision With",2,1009165,36119,850,0.8,18110248.0,6143.2,3354
2024,Property Damage Accident,17:59,2024-11-21,Thursday,Y,Unknown,PEEKSKILL,REAR END,WESTCHESTER,Straight and Level,Unknown,,Unknown,,Not Applicable,"Other Motor Vehicle, Collision With",2,1009165,36119,850,0.8,18110248.0,6143.2,3354
2024,Property Damage Accident,8:55,2024-11-21,Thursday,Y,Daylight,MAMARONECK,OVERTAKING,WESTCHESTER,Straight and Level,Rain,,Wet,,Not Applicable,"Other Motor Vehicle, Collision With",2,1009165,36119,850,0.8,18110248.0,6143.2,3354
2024,Property Damage Accident,16:08,2024-11-21,Thursday,Y,Daylight,MOUNT PLEASANT,REAR END,WESTCHESTER,Straight and Level,Rain,Traffic Signal,Wet,141 87011020,Not Applicable,"Other Motor Vehicle, Collision With",2,1009165,36119,850,0.8,18110248.0,6143.2,3354
2024,Property Damage Accident,10:25,2024-11-21,Thursday,Y,Daylight,NEW ROCHELLE,OTHER,WESTCHESTER,Straight and Level,Rain,,Wet,,Not Applicable,"Other Motor Vehicle, Collision With",3,1009165,36119,850,0.8,18110248.0,6143.2,3354
2024,Property Damage Accident,15:00,2024-11-21,Thursday,Y,Daylight,NEW ROCHELLE,SIDESWIPE,WESTCHESTER,Straight and Level,Rain,,Wet,,Not Applicable,"Other Motor Vehicle, Collision With",2,1009165,36119,850,0.8,18110248.0,6143.2,3354
2024,Property Damage Accident,17:04,2024-11-21,Thursday,Y,Dusk,ELMSFORD,OTHER,WESTCHESTER,Straight and Level,Rain,,Wet,,Not Applicable,"Other Motor Vehicle, Collision With",2,1009165,36119,850,0.8,18110248.0,6143.2,3354
2024,Property Damage & Injury Accident,20:30,2024-11-21,Thursday,Y,Dark-Road Lighted,MAMARONECK,OTHER,WESTCHESTER,Straight and Level,Rain,,Wet,1 87033032,"Crossing, No Signal, Marked Crosswalk","Pedestrian, Collision With",1,1009165,36119,850,0.8,18110248.0,6143.2,3354
2024,Property Damage Accident,14:25,2024-11-21,Thursday,Y,Daylight,BEDFORD,OTHER,WESTCHESTER,Curve and Level,Rain,,Wet,,Not Applicable,"Light Support/Utility Pole, Collision With Fixed Object",1,1009165,36119,850,0.8,18110248.0,6143.2,3354
2024,Property Damage & Injury Accident,9:11,2024-11-21,Thursday,Y,Daylight,NEW ROCHELLE,OTHER,WESTCHESTER,Straight and Grade,Rain,,Wet,,Not Applicable,"Other Motor Vehicle, Collision With",3,1009165,36119,850,0.8,18110248.0,6143.2,3354
2024,Property Damage Accident,16:06,2024-11-21,Thursday,Y,Daylight,MOUNT PLEASANT,OTHER,WESTCHESTER,Straight and Level,Rain,,Wet,,Not Applicable,"Other Motor Vehicle, Collision With",3,1009165,36119,850,0.8,18110248.0,6143.2,3354
2024,Property Damage Accident,2:58,2024-11-21,Thursday,Y,Dark-Road Lighted,NEW ROCHELLE,OTHER,WESTCHESTER,Curve and Grade,Rain,,Wet,,Not Applicable,"Other*, Non-Collision",1,1009165,36119,850,0.8,18110248.0,6143.2,3354
2024,Property Damage Accident,21:15,2024-11-21,Thursday,Y,Dark-Road Lighted,GREENBURGH,LEFT TURN (3),WESTCHESTER,Straight and Level,Rain,Stop Sign,Wet,,Not Applicable,"Other Motor Vehicle, Collision With",2,1009165,36119,850,0.8,18110248.0,6143.2,3354
2024,Property Damage & Injury Accident,7:50,2024-11-21,Thursday,Y,Daylight,SOMERS,REAR END,WESTCHESTER,Straight and Level,Rain,,Wet,35 87012129,Not Applicable,"Other Motor Vehicle, Collision With",2,1009165,36119,850,0.8,18110248.0,6143.2,3354
2024,Property Damage & Injury Accident,17:51,2024-11-21,Thursday,Y,Dark-Road Unlighted,PORT CHESTER,OTHER,WESTCHESTER,Straight and Level,Rain,No Passing Zone,Wet,287I87011103,Not Applicable,"Other Motor Vehicle, Collision With",4,1009165,36119,850,0.8,18110248.0,6143.2,3354