year,accident_descriptor,time,date,day_of_week,police_report,lighting_conditions,municipality,collision_type_descriptor,county_name,road_descriptor,weather_conditions,traffic_control_device,road_surface_conditions,dot_reference_marker_location,pedestrian_bicyclist_action,event_descriptor,number_of_vehicles_involved,county_population_2024,county_fips,county_deer_take_2024,county_antlerless_deer_per_sqmi_2024,county_daily_vmt_2019,county_mean_aadt_2019,county_aadt_segments_2019
2024,Property Damage & Injury Accident,11:55,2024-11-21,Thursday,Y,Daylight,NEW ROCHELLE,OTHER,WESTCHESTER,Curve and Level,Rain,,Wet,,Not Applicable,"Barrier, Collision With Fixed Object",1,1009165,36119,850,0.8,18110248.0,6143.2,3354
2024,Property Damage Accident,17:00,2024-11-21,Thursday,Y,Dusk,PORT CHESTER,OVERTAKING,WESTCHESTER,Straight and Level,Clear,,Dry,982B87011002,Not Applicable,"Other Motor Vehicle, Collision With",2,1009165,36119,850,0.8,18110248.0,6143.2,3354
2024,Property Damage Accident,7:20,2024-11-22,Friday,Y,Daylight,EAST FISHKILL,OTHER,DUTCHESS,Curve and Level,Sleet/Hail/Freezing Rain,,Slush,987G82031080,Not Applicable,"Earth Embankment/Rock Cut/Ditch, Collision With Fixed Object",1,299256,36027,1695,0.8,5987961.0,3975.0,1300
2024,Property Damage Accident,8:39,2024-11-22,Friday,Y,Daylight,LA GRANGE,OVERTAKING,DUTCHESS,Straight and Level,Snow,Traffic Signal,Snow/Ice,,Not Applicable,"Other Motor Vehicle, Collision With",2,299256,36027,1695,0.8,5987961.0,3975.0,1300
2024,Property Damage Accident,6:50,2024-11-22,Friday,Y,Daylight,PLEASANT VALLEY,LEFT TURN (3),DUTCHESS,Straight and Level,Snow,No Passing Zone,Slush,44 82022099,Not Applicable,"Other Motor Vehicle, Collision With",2,299256,36027,1695,0.8,5987961.0,3975.0,1300
2024,Property Damage Accident,18:29,2024-11-22,Friday,Y,Dark-Road Unlighted,EAST FISHKILL,OVERTAKING,DUTCHESS,Straight and Level,Clear,Stop Sign,Dry,,Not Applicable,"Other Motor Vehicle, Collision With",2,299256,36027,1695,0.8,5987961.0,3975.0,1300
2024,Property Damage Accident,11:47,2024-11-22,Friday,Y,Daylight,POUGHKEEPSIE,OTHER,DUTCHESS,Straight and Level,Rain,,Wet,,Not Applicable,"Tree, Collision With Fixed Object",1,299256,36027,1695,0.8,5987961.0,3975.0,1300
2024,Property Damage Accident,0:57,2024-11-22,Friday,Y,Dark-Road Unlighted,WAPPINGER,OTHER,DUTCHESS,Straight and Level,Snow,,Snow/Ice,,Not Applicable,"Other Fixed Object*, Collision With Fixed Object",1,299256,36027,1695,0.8,5987961.0,3975.0,1300
2024,Property Damage Accident,12:52,2024-11-22,Friday,Y,Daylight,PAWLING,OTHER,DUTCHESS,Curve and Level,Rain,No Passing Zone,Wet,292 82021060,Not Applicable,"Tree, Collision With Fixed Object",1,299256,36027,1695,0.8,5987961.0,3975.0,1300
2024,Property Damage Accident,3:00,2024-11-22,Friday,Y,Dark-Road Unlighted,LA GRANGE,OTHER,DUTCHESS,Straight and Level,Snow,,Snow/Ice,987G82031139,Not Applicable,"Earth Embankment/Rock Cut/Ditch, Collision With Fixed Object",1,299256,36027,1695,0.8,5987961.0,3975.0,1300
2024,Property Damage Accident,7:24,2024-11-22,Friday,Y,Daylight,POUGHKEEPSIE,RIGHT ANGLE,DUTCHESS,Straight and Level,Clear,Traffic Signal,Dry,,Not Applicable,"Other Motor Vehicle, Collision With",2,299256,36027,1695,0.8,5987961.0,3975.0,1300
2024,Property Damage & Injury Accident,20:55,2024-11-22,Friday,Y,Dark-Road Lighted,MIDDLETOWN,REAR END,ORANGE,Straight and Level,Snow,Traffic Signal,Wet,211 83012022,Not Applicable,"Other Motor Vehicle, Collision With",2,415088,36071,4753,2.6,13857119.0,5167.5,1527
2024,Property Damage & Injury Accident,15:56,2024-11-22,Friday,Y,Daylight,GOSHEN,OTHER,ORANGE,Straight and Level,Snow,No Passing Zone,Snow/Ice,,Not Applicable,"Light Support/Utility Pole, Collision With Fixed Object",1,415088,36071,4753,2.6,13857119.0,5167.5,1527
2024,Property Damage Accident,3:10,2024-11-22,Friday,Y,Dark-Road Lighted,BLOOMING GROVE,OTHER,ORANGE,Straight at Hill Crest,Snow,No Passing Zone,Snow/Ice,,Not Applicable,"Tree, Collision With Fixed Object",1,415088,36071,4753,2.6,13857119.0,5167.5,1527
2024,Property Damage Accident,2:45,2024-11-22,Friday,Y,Dark-Road Unlighted,HIGHLANDS,OTHER,ORANGE,Straight and Grade,Snow,,Snow/Ice,6 83012426,Not Applicable,"Guide Rail - Not At End, Collision With Fixed Object",1,415088,36071,4753,2.6,13857119.0,5167.5,1527
2024,Property Damage Accident,7:59,2024-11-22,Friday,Y,Daylight,NEWBURGH,REAR END,ORANGE,Straight and Level,Snow,Traffic Signal,Snow/Ice,300 83021086,Not Applicable,"Other Motor Vehicle, Collision With",2,415088,36071,4753,2.6,13857119.0,5167.5,1527
2024,Property Damage Accident,19:15,2024-11-22,Friday,Y,Dark-Road Lighted,WALLKILL,OTHER,ORANGE,Straight and Level,Snow,,Snow/Ice,,Not Applicable,Deer,1,415088,36071,4753,2.6,13857119.0,5167.5,1527
2024,Property Damage Accident,21:27,2024-11-22,Friday,Y,Dark-Road Lighted,NEWBURGH,OVERTAKING,ORANGE,Straight and Level,Rain,Traffic Signal,Wet,300 83021082,Not Applicable,"Other Motor Vehicle, Collision With",2,415088,36071,4753,2.6,13857119.0,5167.5,1527
2024,Property Damage Accident,7:52,2024-11-22,Friday,Y,Daylight,MIDDLETOWN,OTHER,ORANGE,Curve and Level,Snow,,Snow/Ice,,Not Applicable,"Light Support/Utility Pole, Collision With Fixed Object",1,415088,36071,4753,2.6,13857119.0,5167.5,1527
2024,Property Damage Accident,7:45,2024-11-22,Friday,Y,Daylight,WALLKILL,REAR END,ORANGE,Straight and Level,Snow,,Snow/Ice,,Not Applicable,"Other Motor Vehicle, Collision With",2,415088,36071,4753,2.6,13857119.0,5167.5,1527
2024,Property Damage Accident,18:09,2024-11-22,Friday,Y,Dawn,MONROE,SIDESWIPE,ORANGE,Straight and Level,Sleet/Hail/Freezing Rain,,Snow/Ice,17M83013165,Not Applicable,"Other Motor Vehicle, Collision With",2,415088,36071,4753,2.6,13857119.0,5167.5,1527
2024,Property Damage Accident,19:07,2024-11-22,Friday,Y,Dark-Road Lighted,WOODBURY,Unknown,ORANGE,Straight and Level,Sleet/Hail/Freezing Rain,Traffic Signal,Slush,17 83101258,Not Applicable,"Other Motor Vehicle, Collision With",2,415088,36071,4753,2.6,13857119.0,5167.5,1527
2024,Property Damage Accident,7:31,2024-11-22,Friday,Y,Daylight,NEW WINDSOR,OTHER,ORANGE,Straight and Grade,Snow,,Snow/Ice,300 83021095,Not Applicable,"Other Object (Not Fixed)*, Collision With",1,415088,36071,4753,2.6,13857119.0,5167.5,1527
2024,Property Damage & Injury Accident,5:20,2024-11-22,Friday,Y,Dark-Road Unlighted,WOODBURY,OTHER,ORANGE,Straight and Level,Rain,,Wet,,Not Applicable,"Other Motor Vehicle, Collision With",2,415088,36071,4753,2.6,13857119.0,5167.5,1527
2024,Property Damage Accident,16:22,2024-11-22,Friday,Y,Daylight,NEW WINDSOR,LEFT TURN (3),ORANGE,Straight and Level,Rain,,Wet,32 83011115,Not Applicable,"Other Motor Vehicle, Collision With",2,415088,36071,4753,2.6,13857119.0,5167.5,1527
2024,Property Damage Accident,7:52,2024-11-22,Friday,Y,Daylight,MONTGOMERY,OTHER,ORANGE,Straight and Level,Snow,,Snow/Ice,17K83011095,Not Applicable,"Animal, Collision With",1,415088,36071,4753,2.6,13857119.0,5167.5,1527
2024,Property Damage & Injury Accident,14:35,2024-11-22,Friday,Y,Daylight,NEWBURGH,OTHER,ORANGE,Straight and Level,Cloudy,,Wet,,Not Applicable,"Tree, Collision With Fixed Object",1,415088,36071,4753,2.6,13857119.0,5167.5,1527
2024,Property Damage Accident,9:35,2024-11-22,Friday,Y,Daylight,MIDDLETOWN,OVERTAKING,ORANGE,Straight and Level,Snow,Maintenance Work Area,Snow/Ice,,Not Applicable,"Other Motor Vehicle, Collision With",2,415088,36071,4753,2.6,13857119.0,5167.5,1527
2024,Property Damage Accident,1:54,2024-11-22,Friday,Y,Dark-Road Unlighted,SOUTHEAST,OVERTAKING,PUTNAM,Straight and Grade,Snow,,Slush,684I84021002,Not Applicable,"Other Motor Vehicle, Collision With",2,98842,36079,509,0.7,2746105.0,4089.2,375
2024,Property Damage Accident,19:30,2024-11-22,Friday,Y,Dark-Road Unlighted,SOUTHEAST,OTHER,PUTNAM,Curve and Grade,Sleet/Hail/Freezing Rain,No Passing Zone,Wet,,Not Applicable,"Curbing, Collision With Fixed Object",1,98842,36079,509,0.7,2746105.0,4089.2,375
2024,Property Damage & Injury Accident,17:25,2024-11-22,Friday,Y,Dark-Road Unlighted,SOUTHEAST,RIGHT ANGLE,PUTNAM,Straight and Level,Rain,Traffic Signal,Wet,6 84041137,Not Applicable,"Other Motor Vehicle, Collision With",2,98842,36079,509,0.7,2746105.0,4089.2,375
2024,Property Damage Accident,7:13,2024-11-22,Friday,Y,Dawn,PUTNAM VALLEY,OTHER,PUTNAM,Straight and Level,Snow,,Snow/Ice,987G84021099,Not Applicable,"Guide Rail - Not At End, Collision With Fixed Object",1,98842,36079,509,0.7,2746105.0,4089.2,375
2024,Property Damage Accident,18:57,2024-11-22,Friday,Y,Dark-Road Unlighted,ORANGETOWN,RIGHT TURN (5),ROCKLAND,Straight and Level,Rain,,Wet,,Not Applicable,"Other Motor Vehicle, Collision With",2,354829,36087,259,0.3,7336134.0,9989.2,886
2024,Property Damage Accident,5:30,2024-11-22,Friday,Y,Dark-Road Lighted,CLARKSTOWN,RIGHT ANGLE,ROCKLAND,Straight and Level,Cloudy,Traffic Signal,Wet,,Not Applicable,"Other Motor Vehicle, Collision With",2,354829,36087,259,0.3,7336134.0,9989.2,886
2024,Property Damage Accident,14:21,2024-11-22,Friday,Y,Daylight,HAVERSTRAW,OVERTAKING,ROCKLAND,Straight and Level,Rain,,Wet,,Not Applicable,"Other Motor Vehicle, Collision With",2,354829,36087,259,0.3,7336134.0,9989.2,886
2024,Property Damage Accident,15:45,2024-11-22,Friday,Y,Daylight,STONY POINT,LEFT TURN (3),ROCKLAND,Straight and Level,Rain,Stop Sign,Wet,,Not Applicable,"Other Motor Vehicle, Collision With",2,354829,36087,259,0.3,7336134.0,9989.2,886
2024,Property Damage Accident,12:00,2024-11-22,Friday,Y,Daylight,MONTEBELLO,REAR END,ROCKLAND,Straight and Level,Snow,,Wet,,Not Applicable,"Other Motor Vehicle, Collision With",2,354829,36087,259,0.3,7336134.0,9989.2,886
2024,Property Damage & Injury Accident,11:50,2024-11-22,Friday,Y,Daylight,SPRING VALLEY,REAR END,ROCKLAND,Straight and Level,Sleet/Hail/Freezing Rain,,Snow/Ice,,Not Applicable,"Other Motor Vehicle, Collision With",2,354829,36087,259,0.3,7336134.0,9989.2,886
2024,Property Damage Accident,21:14,2024-11-22,Friday,Y,Dark-Road Lighted,CLARKSTOWN,OTHER,ROCKLAND,Straight and Level,Rain,,Wet,,Not Applicable,"Guide Rail - Not At End, Collision With Fixed Object",1,354829,36087,259,0.3,7336134.0,9989.2,886
2024,Injury Accident,17:32,2024-11-22,Friday,N,Unknown,ORANGETOWN,OTHER,ROCKLAND,Unknown,Unknown,Unknown,Unknown,,Not Applicable,"Other Motor Vehicle, Collision With",3,354829,36087,259,0.3,7336134.0,9989.2,886
2024,Property Damage & Injury Accident,14:08,2024-11-22,Friday,Y,Daylight,RAMAPO,OTHER,ROCKLAND,Curve and Grade,Sleet/Hail/Freezing Rain,,Wet,,Not Applicable,"Light Support/Utility Pole, Collision With Fixed Object",1,354829,36087,259,0.3,7336134.0,9989.2,886
2024,Property Damage Accident,1:06,2024-11-22,Friday,Y,Dark-Road Unlighted,LLOYD,OTHER,ULSTER,Straight at Hill Crest,Snow,No Passing Zone,Snow/Ice,299 86011108,Not Applicable,"Tree, Collision With Fixed Object",1,183095,36111,3565,1.2,6410502.0,3939.4,999
2024,Property Damage Accident,2:13,2024-11-22,Friday,Y,Dark-Road Unlighted,NEW PALTZ,OTHER,ULSTER,Straight and Level,Snow,No Passing Zone,Slush,,Not Applicable,"Tree, Collision With Fixed Object",1,183095,36111,3565,1.2,6410502.0,3939.4,999
2024,Property Damage Accident,10:18,2024-11-22,Friday,Y,Daylight,ULSTER,RIGHT ANGLE,ULSTER,Straight and Level,Rain,Traffic Signal,Wet,28 86012009,Not Applicable,"Other Motor Vehicle, Collision With",2,183095,36111,3565,1.2,6410502.0,3939.4,999
2024,Property Damage Accident,10:00,2024-11-22,Friday,Y,Daylight,KINGSTON,OVERTAKING,ULSTER,Straight and Level,Rain,,Wet,983F86011003,Not Applicable,"Other Motor Vehicle, Collision With",2,183095,36111,3565,1.2,6410502.0,3939.4,999
2024,Property Damage Accident,9:10,2024-11-22,Friday,Y,Daylight,DOBBS FERRY,LEFT TURN (3),WESTCHESTER,Straight and Level,Rain,Traffic Signal,Wet,,Not Applicable,"Other Motor Vehicle, Collision With",2,1009165,36119,850,0.8,18110248.0,6143.2,3354
2024,Property Damage Accident,21:04,2024-11-22,Friday,Y,Dark-Road Lighted,NORTH SALEM,OTHER,WESTCHESTER,Straight and Level,Rain,,Wet,,Not Applicable,"Curbing, Collision With Fixed Object",1,1009165,36119,850,0.8,18110248.0,6143.2,3354
2024,Property Damage Accident,7:36,2024-11-22,Friday,Y,Daylight,YONKERS,OTHER,WESTCHESTER,Straight and Level,Rain,Traffic Signal,Wet,,Not Applicable,"Other Motor Vehicle, Collision With",2,1009165,36119,850,0.8,18110248.0,6143.2,3354
2024,Property Damage Accident,17:10,2024-11-22,Friday,Y,Daylight,HASTINGS ON HUDSON,OVERTAKING,WESTCHESTER,Straight and Level,Rain,,Wet,,Not Applicable,"Other Motor Vehicle, Collision With",2,1009165,36119,850,0.8,18110248.0,6143.2,3354
2024,Property Damage Accident,11:10,2024-11-22,Friday,Y,Daylight,BEDFORD,REAR END,WESTCHESTER,Straight and Grade,Cloudy,Stop Sign,Wet,,Not Applicable,"Other Motor Vehicle, Collision With",2,1009165,36119,850,0.8,18110248.0,6143.2,3354
2024,Property Damage Accident,17:44,2024-11-22,Friday,Y,Dark-Road Lighted,MAMARONECK,REAR END,WESTCHESTER,Straight and Level,Rain,,Wet,,Not Applicable,"Other Motor Vehicle, Collision With",2,1009165,36119,850,0.8,18110248.0,6143.2,3354
2024,Property Damage Accident,17:53,2024-11-22,Friday,Y,Dark-Road Unlighted,NORTH SALEM,OVERTAKING,WESTCHESTER,Straight and Level,Rain,,Wet,,Not Applicable,"Other Motor Vehicle, Collision With",2,1009165,36119,850,0.8,18110248.0,6143.2,3354
2024,Property Damage Accident,19:08,2024-11-22,Friday,N,Unknown,YONKERS,REAR END,WESTCHESTER,Unknown,Unknown,Unknown,Unknown,,Not Applicable,"Other Motor Vehicle, Collision With",2,1009165,36119,850,0.8,18110248.0,6143.2,3354
2024,Property Damage Accident,14:30,2024-11-22,Friday,Y,Daylight,YORKTOWN,LEFT TURN (0),WESTCHESTER,Straight and Level,Snow,,Wet,,Not Applicable,"Other Motor Vehicle, Collision With",2,1009165,36119,850,0.8,18110248.0,6143.2,3354
2024,Property Damage Accident,6:51,2024-11-22,Friday,Y,Dusk,MOUNT PLEASANT,OVERTAKING,WESTCHESTER,Straight and Level,Snow,,Snow/Ice,,Not Applicable,"Other Motor Vehicle, Collision With",2,1009165,36119,850,0.8,18110248.0,6143.2,3354
2024,Property Damage Accident,21:50,2024-11-22,Friday,Y,Dark-Road Lighted,PEEKSKILL,OTHER,WESTCHESTER,Curve and Level,Rain,,Wet,,Not Applicable,"Other Motor Vehicle, Collision With",3,1009165,36119,850,0.8,18110248.0,6143.2,3354
2024,Property Damage Accident,17:26,2024-11-22,Friday,Y,Dark-Road Lighted,YONKERS,LEFT TURN (0),WESTCHESTER,Straight and Level,Rain,Traffic Signal,Wet,,Not Applicable,"Other Motor Vehicle, Collision With",2,1009165,36119,850,0.8,18110248.0,6143.2,3354
2024,Property Damage Accident,13:20,2024-11-22,Friday,Y,Daylight,PLEASANTVILLE,OTHER,WESTCHESTER,Straight and Level,Rain,,Wet,987D87012130,Not Applicable,"Bridge Structure, Collision With Fixed Object",1,1009165,36119,850,0.8,18110248.0,6143.2,3354
2024,Property Damage Accident,21:14,2024-11-22,Friday,Y,Dark-Road Lighted,MAMARONECK,REAR END,WESTCHESTER,Straight and Level,Rain,Traffic Signal,Wet,1 87033024,Not Applicable,"Other Motor Vehicle, Collision With",2,1009165,36119,850,0.8,18110248.0,6143.2,3354
2024,Property Damage Accident,7:20,2024-11-22,Friday,Y,Daylight,PLEASANTVILLE,REAR END,WESTCHESTER,Straight and Level,Sleet/Hail/Freezing Rain,Maintenance Work Area,Wet,987D87012130,Not Applicable,"Other Motor Vehicle, Collision With",2,1009165,36119,850,0.8,18110248.0,6143.2,3354
2024,Property Damage Accident,16:50,2024-11-22,Friday,Y,Dark-Road Lighted,MOUNT PLEASANT,REAR END,WESTCHESTER,Curve and Grade,Rain,,Wet,100 87014025,Not Applicable,"Other Motor Vehicle, Collision With",2,1009165,36119,850,0.8,18110248.0,6143.2,3354
2024,Property Damage Accident,5:59,2024-11-22,Friday,Y,Dark-Road Unlighted,MOUNT PLEASANT,OTHER,WESTCHESTER,Curve and Level,Snow,,Wet,987F87012084,Not Applicable,"Guide Rail - Not At End, Collision With Fixed Object",1,1009165,36119,850,0.8,18110248.0,6143.2,3354
2024,Property Damage Accident,15:30,2024-11-22,Friday,Y,Daylight,PORT CHESTER,RIGHT ANGLE,WESTCHESTER,Straight and Level,Rain,,Wet,1 87035004,Not Applicable,"Other Motor Vehicle, Collision With",2,1009165,36119,850,0.8,18110248.0,6143.2,3354
2024,Property Damage & Injury Accident,20:52,2024-11-22,Friday,Y,Dark-Road Lighted,MAMARONECK,OTHER,WESTCHESTER,Straight and Level,Rain,,Wet,,Not Applicable,"Other Motor Vehicle, Collision With",4,1009165,36119,850,0.8,18110248.0,6143.2,3354
2024,Property Damage Accident,17:41,2024-11-22,Friday,Y,Dark-Road Lighted,GREENBURGH,OTHER,WESTCHESTER,Straight at Hill Crest,Rain,,Wet,,Not Applicable,"Other Motor Vehicle, Collision With",3,1009165,36119,850,0.8,18110248.0,6143.2,3354
2024,Property Damage Accident,20:25,2024-11-22,Friday,Y,Dark-Road Lighted,RYE,OTHER,WESTCHESTER,Curve and Level,Rain,,Wet,,Not Applicable,"Barrier, Collision With Fixed Object",1,1009165,36119,850,0.8,18110248.0,6143.2,3354
2024,Property Damage Accident,18:18,2024-11-22,Friday,Y,Dark-Road Lighted,HARRISON,LEFT TURN (3),WESTCHESTER,Straight and Level,Rain,Traffic Signal,Wet,,Not Applicable,"Other Motor Vehicle, Collision With",2,1009165,36119,850,0.8,18110248.0,6143.2,3354
2024,Property Damage Accident,15:09,2024-11-22,Friday,Y,Daylight,NEW ROCHELLE,OTHER,WESTCHESTER,Straight and Level,Rain,,Wet,,Not Applicable,"Other Motor Vehicle, Collision With",2,1009165,36119,850,0.8,18110248.0,6143.2,3354
2024,Property Damage Accident,3:59,2024-11-22,Friday,Y,Dark-Road Unlighted,BEDFORD,OTHER,WESTCHESTER,Straight and Level,Snow,,Snow/Ice,684I87011116,Not Applicable,"Other Motor Vehicle, Collision With",2,1009165,36119,850,0.8,18110248.0,6143.2,3354
2024,Property Damage Accident,17:11,2024-11-22,Friday,Y,Dark-Road Lighted,WHITE PLAINS,LEFT TURN (0),WESTCHESTER,Curve and Level,Rain,Traffic Signal,Wet,22 87023017,Not Applicable,"Other Motor Vehicle, Collision With",2,1009165,36119,850,0.8,18110248.0,6143.2,3354
2024,Property Damage Accident,14:31,2024-11-23,Saturday,Y,Daylight,POUGHKEEPSIE,OVERTAKING,DUTCHESS,Straight and Level,Clear,Traffic Signal,Dry,9 82051116,Not Applicable,"Other Motor Vehicle, Collision With",2,299256,36027,1695,0.8,5987961.0,3975.0,1300
2024,Property Damage & Injury Accident,14:13,2024-11-23,Saturday,Y,Daylight,POUGHKEEPSIE,OTHER,DUTCHESS,Straight and Level,Clear,,Dry,,Riding/Walking/Skating Along Highway With Traffic,"Bicyclist, Collision With",1,299256,36027,1695,0.8,5987961.0,3975.0,1300
2024,Property Damage Accident,10:01,2024-11-23,Saturday,Y,Daylight,POUGHKEEPSIE,OVERTAKING,DUTCHESS,Straight and Level,Cloudy,Traffic Signal,Wet,44 82022019,Not Applicable,"Other Motor Vehicle, Collision With",2,299256,36027,1695,0.8,5987961.0,3975.0,1300
2024,Property Damage Accident,14:58,2024-11-23,Saturday,Y,Daylight,NEWBURGH,OTHER,ORANGE,Straight and Level,Cloudy,Traffic Signal,Dry,300 83021087,Not Applicable,"Other Motor Vehicle, Collision With",2,415088,36071,4753,2.6,13857119.0,5167.5,1527
2024,Property Damage & Injury Accident,16:05,2024-11-23,Saturday,Y,Daylight,NEWBURGH,OTHER,ORANGE,Straight and Level,Clear,,Dry,32 83012002,Not in Roadway (Indicate),"Pedestrian, Collision With",1,415088,36071,4753,2.6,13857119.0,5167.5,1527
2024,Property Damage Accident,17:16,2024-11-23,Saturday,Y,Dark-Road Unlighted,WOODBURY,OTHER,ORANGE,Straight and Level,Clear,Unknown,Dry,,Not Applicable,"Tree, Collision With Fixed Object",1,415088,36071,4753,2.6,13857119.0,5167.5,1527
2024,Property Damage Accident,14:24,2024-11-23,Saturday,Y,Daylight,PORT JERVIS,SIDESWIPE,ORANGE,Straight and Level,Cloudy,,Dry,,Not Applicable,"Other Motor Vehicle, Collision With",2,415088,36071,4753,2.6,13857119.0,5167.5,1527
2024,Property Damage Accident,3:05,2024-11-23,Saturday,Y,Dark-Road Unlighted,NEWBURGH,OTHER,ORANGE,Straight and Grade,Rain,,Wet,,Not Applicable,"Overturned, Non-Collision",3,415088,36071,4753,2.6,13857119.0,5167.5,1527
2024,Property Damage Accident,8:20,2024-11-23,Saturday,Y,Daylight,DEERPARK,REAR END,ORANGE,Straight and Level,Clear,,Wet,209 83012032,Not Applicable,"Other Motor Vehicle, Collision With",2,415088,36071,4753,2.6,13857119.0,5167.5,1527
2024,Property Damage Accident,14:03,2024-11-23,Saturday,Y,Daylight,WALLKILL,REAR END,ORANGE,Straight and Level,Clear,,Dry,17 83101082,Not Applicable,"Other Motor Vehicle, Collision With",2,415088,36071,4753,2.6,13857119.0,5167.5,1527
2024,Property Damage Accident,13:07,2024-11-23,Saturday,Y,Daylight,NEWBURGH,RIGHT ANGLE,ORANGE,Straight and Level,Clear,,Dry,,Not Applicable,"Other Motor Vehicle, Collision With",2,415088,36071,4753,2.6,13857119.0,5167.5,1527
2024,Property Damage Accident,14:16,2024-11-23,Saturday,Y,Daylight,WOODBURY,OTHER,ORANGE,Curve and Level,Clear,,Dry,,Not Applicable,"Barrier, Collision With Fixed Object",1,415088,36071,4753,2.6,13857119.0,5167.5,1527
2024,Property Damage Accident,23:40,2024-11-23,Saturday,Y,Dark-Road Lighted,NEWBURGH,OTHER,ORANGE,Straight and Level,Clear,,Dry,,Not Applicable,"Other Object (Not Fixed)*, Collision With",1,415088,36071,4753,2.6,13857119.0,5167.5,1527
2024,Property Damage Accident,0:00,2024-11-23,Saturday,N,Unknown,COLD SPRING,Unknown,PUTNAM,Unknown,Unknown,Unknown,Unknown,,Not Applicable,"Other Motor Vehicle, Collision With",2,98842,36079,509,0.7,2746105.0,4089.2,375
2024,Property Damage & Injury Accident,16:34,2024-11-23,Saturday,Y,Daylight,CLARKSTOWN,OTHER,ROCKLAND,Straight and Level,Clear,,Dry,987C85011102,Not Applicable,"Tree, Collision With Fixed Object",1,354829,36087,259,0.3,7336134.0,9989.2,886
2024,Property Damage Accident,18:26,2024-11-23,Saturday,Y,Dark-Road Lighted,SPRING VALLEY,OTHER,ROCKLAND,Straight and Level,Clear,,Dry,,Not Applicable,"Building/Wall, Collision With Fixed Object",1,354829,36087,259,0.3,7336134.0,9989.2,886
2024,Property Damage & Injury Accident,14:10,2024-11-23,Saturday,Y,Daylight,CHESTNUT RIDGE,RIGHT ANGLE,ROCKLAND,Straight and Level,Clear,Stop Sign,Dry,,Not Applicable,"Other Motor Vehicle, Collision With",2,354829,36087,259,0.3,7336134.0,9989.2,886
2024,Property Damage Accident,21:09,2024-11-23,Saturday,Y,Dark-Road Unlighted,ORANGETOWN,OTHER,ROCKLAND,Curve and Level,Cloudy,,Dry,987C85011015,Not Applicable,Deer,1,354829,36087,259,0.3,7336134.0,9989.2,886
2024,Property Damage & Injury Accident,17:42,2024-11-23,Saturday,Y,Dark-Road Unlighted,SOUTH NYACK,OTHER,ROCKLAND,Straight and Level,Clear,,Dry,9W85011065,Not Applicable,"Other Motor Vehicle, Collision With",3,354829,36087,259,0.3,7336134.0,9989.2,886
2024,Property Damage Accident,17:55,2024-11-23,Saturday,Y,Dark-Road Lighted,CLARKSTOWN,LEFT TURN (3),ROCKLAND,Curve and Level,Clear,,Dry,,Not Applicable,"Other Motor Vehicle, Collision With",2,354829,36087,259,0.3,7336134.0,9989.2,886
2024,Property Damage Accident,11:43,2024-11-23,Saturday,Y,Daylight,CLARKSTOWN,OTHER,ROCKLAND,Straight and Grade,Cloudy,,Dry,,Not Applicable,"Light Support/Utility Pole, Collision With Fixed Object",1,354829,36087,259,0.3,7336134.0,9989.2,886
2024,Property Damage Accident,8:00,2024-11-23,Saturday,Y,Daylight,CLARKSTOWN,OTHER,ROCKLAND,Curve and Level,Clear,,Wet,,Not Applicable,"Sign Post, Collision With Fixed Object",1,354829,36087,259,0.3,7336134.0,9989.2,886
2024,Property Damage Accident,22:49,2024-11-23,Saturday,Y,Dark-Road Lighted,RAMAPO,REAR END,ROCKLAND,Straight and Level,Cloudy,Traffic Signal,Dry,59 85011061,Not Applicable,"Other Motor Vehicle, Collision With",2,354829,36087,259,0.3,7336134.0,9989.2,886
2024,Property Damage Accident,21:02,2024-11-23,Saturday,Y,Dark-Road Unlighted,SHAWANGUNK,OTHER,ULSTER,Straight and Level,Sleet/Hail/Freezing Rain,,Wet,52 86021213,Not Applicable,Deer,1,183095,36111,3565,1.2,6410502.0,3939.4,999
2024,Property Damage Accident,1:27,2024-11-23,Saturday,Y,Dark-Road Unlighted,OLIVE,OTHER,ULSTER,Curve at Hill Crest,Sleet/Hail/Freezing Rain,,Wet,28A86011046,Not Applicable,"Earth Embankment/Rock Cut/Ditch, Collision With Fixed Object",1,183095,36111,3565,1.2,6410502.0,3939.4,999
2024,Property Damage Accident,18:00,2024-11-23,Saturday,Y,Dark-Road Unlighted,SHANDAKEN,OTHER,ULSTER,Straight and Level,Cloudy,,Dry,28 86012284,Not Applicable,Deer,1,183095,36111,3565,1.2,6410502.0,3939.4,999
2024,Property Damage Accident,15:49,2024-11-23,Saturday,Y,Daylight,WOODSTOCK,OTHER,ULSTER,Straight at Hill Crest,Clear,,Dry,,Not Applicable,"Earth Embankment/Rock Cut/Ditch, Collision With Fixed Object",1,183095,36111,3565,1.2,6410502.0,3939.4,999
2024,Property Damage Accident,14:11,2024-11-23,Saturday,Y,Daylight,NEW ROCHELLE,RIGHT ANGLE,WESTCHESTER,Straight and Level,Clear,,Dry,,Not Applicable,"Other Motor Vehicle, Collision With",2,1009165,36119,850,0.8,18110248.0,6143.2,3354
2024,Property Damage Accident,13:10,2024-11-23,Saturday,Y,Daylight,BEDFORD,LEFT TURN (3),WESTCHESTER,Curve and Grade,Cloudy,Yield Sign,Dry,117 87011136,Not Applicable,"Other Motor Vehicle, Collision With",2,1009165,36119,850,0.8,18110248.0,6143.2,3354