year,accident_descriptor,time,date,day_of_week,police_report,lighting_conditions,municipality,collision_type_descriptor,county_name,road_descriptor,weather_conditions,traffic_control_device,road_surface_conditions,dot_reference_marker_location,pedestrian_bicyclist_action,event_descriptor,number_of_vehicles_involved,county_population_2024,county_fips,county_deer_take_2024,county_antlerless_deer_per_sqmi_2024,county_daily_vmt_2019,county_mean_aadt_2019,county_aadt_segments_2019
2024,Property Damage Accident,15:34,2024-11-23,Saturday,Y,Daylight,YONKERS,OVERTAKING,WESTCHESTER,Straight and Level,Clear,,Dry,,Not Applicable,"Other Motor Vehicle, Collision With",2,1009165,36119,850,0.8,18110248.0,6143.2,3354
2024,Property Damage & Injury Accident,6:03,2024-11-23,Saturday,Y,Dark-Road Unlighted,NEW ROCHELLE,OTHER,WESTCHESTER,Curve and Level,Clear,,Dry,1 87032001,Not Applicable,"Guide Rail - Not At End, Collision With Fixed Object",1,1009165,36119,850,0.8,18110248.0,6143.2,3354
2024,Property Damage Accident,23:38,2024-11-23,Saturday,Y,Dark-Road Unlighted,NORTH SALEM,OTHER,WESTCHESTER,Straight and Level,Clear,,Dry,116 87011043,Not Applicable,"Tree, Collision With Fixed Object",1,1009165,36119,850,0.8,18110248.0,6143.2,3354
2024,Property Damage Accident,18:40,2024-11-23,Saturday,Y,Dark-Road Unlighted,LEWISBORO,OTHER,WESTCHESTER,Curve and Level,Cloudy,,Dry,,Not Applicable,"Other Fixed Object*, Collision With Fixed Object",1,1009165,36119,850,0.8,18110248.0,6143.2,3354
2024,Property Damage Accident,20:15,2024-11-23,Saturday,Y,Dark-Road Lighted,YORKTOWN,REAR END,WESTCHESTER,Straight and Level,Clear,Traffic Signal,Dry,,Not Applicable,"Other Motor Vehicle, Collision With",2,1009165,36119,850,0.8,18110248.0,6143.2,3354
2024,Property Damage Accident,12:08,2024-11-23,Saturday,Y,Daylight,BEDFORD,OVERTAKING,WESTCHESTER,Straight and Level,Clear,Officer/Guard,Dry,684I87011113,Not Applicable,"Other Motor Vehicle, Collision With",2,1009165,36119,850,0.8,18110248.0,6143.2,3354
2024,Property Damage Accident,17:10,2024-11-23,Saturday,Y,Dark-Road Lighted,ARDSLEY,HEAD ON,WESTCHESTER,Curve and Level,Clear,Traffic Signal,Dry,,Not Applicable,"Other Motor Vehicle, Collision With",2,1009165,36119,850,0.8,18110248.0,6143.2,3354
2024,Property Damage Accident,14:20,2024-11-23,Saturday,Y,Daylight,PELHAM MANOR,RIGHT TURN (6),WESTCHESTER,Straight and Level,Cloudy,Traffic Signal,Dry,1 87031001,Not Applicable,"Other Motor Vehicle, Collision With",2,1009165,36119,850,0.8,18110248.0,6143.2,3354
2024,Property Damage Accident,8:56,2024-11-23,Saturday,Y,Daylight,OSSINING,REAR END,WESTCHESTER,Straight and Level,Clear,,Wet,133 87011002,Not Applicable,"Other Motor Vehicle, Collision With",2,1009165,36119,850,0.8,18110248.0,6143.2,3354
2024,Property Damage Accident,15:00,2024-11-23,Saturday,N,Daylight,YONKERS,Unknown,WESTCHESTER,Straight and Level,Clear,,Dry,,Not Applicable,"Other Motor Vehicle, Collision With",2,1009165,36119,850,0.8,18110248.0,6143.2,3354
2024,Property Damage Accident,2:20,2024-11-23,Saturday,Y,Dark-Road Unlighted,MOUNT VERNON,OTHER,WESTCHESTER,Curve and Grade,Cloudy,,Wet,,Not Applicable,"Guide Rail - Not At End, Collision With Fixed Object",1,1009165,36119,850,0.8,18110248.0,6143.2,3354
2024,Property Damage Accident,2:50,2024-11-23,Saturday,Y,Dark-Road Unlighted,LEWISBORO,OTHER,WESTCHESTER,Straight and Level,Rain,,Wet,684I87011202,Not Applicable,"Earth Embankment/Rock Cut/Ditch, Collision With Fixed Object",1,1009165,36119,850,0.8,18110248.0,6143.2,3354
2024,Property Damage Accident,20:32,2024-11-23,Saturday,Y,Dark-Road Lighted,PEEKSKILL,OVERTAKING,WESTCHESTER,Straight and Level,Clear,,Dry,,Not Applicable,"Other Motor Vehicle, Collision With",2,1009165,36119,850,0.8,18110248.0,6143.2,3354
2024,Property Damage Accident,11:40,2024-11-23,Saturday,Y,Daylight,HARRISON,RIGHT ANGLE,WESTCHESTER,Straight at Hill Crest,Cloudy,Stop Sign,Dry,,Not Applicable,"Other Motor Vehicle, Collision With",2,1009165,36119,850,0.8,18110248.0,6143.2,3354
2024,Property Damage Accident,18:39,2024-11-23,Saturday,N,Unknown,MOUNT VERNON,Unknown,WESTCHESTER,Unknown,Unknown,Unknown,Unknown,,Not Applicable,"Other Motor Vehicle, Collision With",2,1009165,36119,850,0.8,18110248.0,6143.2,3354
2024,Property Damage Accident,8:47,2024-11-23,Saturday,Y,Daylight,EASTCHESTER,OTHER,WESTCHESTER,Curve and Level,Clear,,Wet,907K87013001,Not Applicable,"Guide Rail - Not At End, Collision With Fixed Object",1,1009165,36119,850,0.8,18110248.0,6143.2,3354
2024,Property Damage & Injury Accident,11:56,2024-11-24,Sunday,Y,Daylight,POUGHKEEPSIE,RIGHT ANGLE,DUTCHESS,Straight and Level,Cloudy,Stop Sign,Dry,,Not Applicable,"Other Motor Vehicle, Collision With",2,299256,36027,1695,0.8,5987961.0,3975.0,1300
2024,Property Damage Accident,10:33,2024-11-24,Sunday,Y,Daylight,EAST FISHKILL,OTHER,DUTCHESS,Curve and Grade,Clear,No Passing Zone,Dry,,Not Applicable,"Tree, Collision With Fixed Object",1,299256,36027,1695,0.8,5987961.0,3975.0,1300
2024,Property Damage Accident,9:40,2024-11-24,Sunday,Y,Daylight,FISHKILL,RIGHT ANGLE,DUTCHESS,Straight and Level,Cloudy,,Dry,,Not Applicable,"Other Motor Vehicle, Collision With",2,299256,36027,1695,0.8,5987961.0,3975.0,1300
2024,Property Damage Accident,21:09,2024-11-24,Sunday,Y,Dark-Road Lighted,POUGHKEEPSIE,OVERTAKING,DUTCHESS,Straight and Level,Clear,Traffic Signal,Dry,376 82011137,Not Applicable,"Other Motor Vehicle, Collision With",2,299256,36027,1695,0.8,5987961.0,3975.0,1300
2024,Property Damage Accident,13:49,2024-11-24,Sunday,Y,Daylight,BLOOMING GROVE,RIGHT ANGLE,ORANGE,Straight and Level,Clear,Stop Sign,Dry,,Not Applicable,"Other Motor Vehicle, Collision With",2,415088,36071,4753,2.6,13857119.0,5167.5,1527
2024,Property Damage Accident,4:00,2024-11-24,Sunday,Y,Dark-Road Unlighted,BLOOMING GROVE,OTHER,ORANGE,Curve at Hill Crest,Clear,No Passing Zone,Dry,94 83011255,Not Applicable,Deer,1,415088,36071,4753,2.6,13857119.0,5167.5,1527
2024,Property Damage Accident,12:45,2024-11-24,Sunday,Y,Daylight,KENT,OTHER,PUTNAM,Curve and Grade,Cloudy,,Dry,987G84021133,Not Applicable,"Tree, Collision With Fixed Object",1,98842,36079,509,0.7,2746105.0,4089.2,375
2024,Property Damage Accident,18:34,2024-11-24,Sunday,Y,Dark-Road Unlighted,PHILLIPSTOWN,OTHER,PUTNAM,Curve and Grade,Clear,No Passing Zone,Dry,,Not Applicable,"Animal, Collision With",1,98842,36079,509,0.7,2746105.0,4089.2,375
2024,Property Damage & Injury Accident,17:45,2024-11-24,Sunday,Y,Dark-Road Unlighted,SOUTHEAST,OTHER,PUTNAM,Straight and Grade,Clear,,Dry,84I84031089,Not Applicable,"Earth Embankment/Rock Cut/Ditch, Collision With Fixed Object",1,98842,36079,509,0.7,2746105.0,4089.2,375
2024,Property Damage Accident,22:05,2024-11-24,Sunday,Y,Dark-Road Lighted,SPRING VALLEY,RIGHT ANGLE,ROCKLAND,Straight and Level,Clear,,Dry,,Not Applicable,"Other Motor Vehicle, Collision With",2,354829,36087,259,0.3,7336134.0,9989.2,886
2024,Property Damage & Injury Accident,14:31,2024-11-24,Sunday,Y,Daylight,MONTEBELLO,OTHER,ROCKLAND,Straight and Level,Clear,,Dry,,Not Applicable,Deer,4,354829,36087,259,0.3,7336134.0,9989.2,886
2024,Property Damage Accident,19:49,2024-11-24,Sunday,Y,Dark-Road Lighted,CLARKSTOWN,OTHER,ROCKLAND,Straight and Level,Clear,,Dry,303 85011058,Not Applicable,"Median - End, Collision With Fixed Object",1,354829,36087,259,0.3,7336134.0,9989.2,886
2024,Property Damage Accident,10:53,2024-11-24,Sunday,Y,Daylight,CLARKSTOWN,LEFT TURN (0),ROCKLAND,Straight and Level,Cloudy,,Dry,,Not Applicable,"Other Motor Vehicle, Collision With",2,354829,36087,259,0.3,7336134.0,9989.2,886
2024,Property Damage Accident,11:28,2024-11-24,Sunday,Y,Daylight,SLOATSBURG,OVERTAKING,ROCKLAND,Straight and Level,Cloudy,,Dry,,Not Applicable,"Other Motor Vehicle, Collision With",2,354829,36087,259,0.3,7336134.0,9989.2,886
2024,Property Damage Accident,12:00,2024-11-24,Sunday,Y,Daylight,KINGSTON,OTHER,ULSTER,Straight and Grade,Cloudy,,Dry,,Not Applicable,"Light Support/Utility Pole, Collision With Fixed Object",1,183095,36111,3565,1.2,6410502.0,3939.4,999
2024,Property Damage Accident,6:49,2024-11-24,Sunday,Y,Daylight,ROSENDALE,OTHER,ULSTER,Straight and Level,Clear,No Passing Zone,Dry,32 86021220,Not Applicable,Deer,1,183095,36111,3565,1.2,6410502.0,3939.4,999
2024,Property Damage Accident,17:55,2024-11-24,Sunday,Y,Dark-Road Lighted,KINGSTON,RIGHT ANGLE,ULSTER,Straight and Level,Clear,Traffic Signal,Dry,,Not Applicable,"Other Motor Vehicle, Collision With",2,183095,36111,3565,1.2,6410502.0,3939.4,999
2024,Property Damage Accident,18:33,2024-11-24,Sunday,Y,Dark-Road Lighted,NEW PALTZ,RIGHT ANGLE,ULSTER,Straight and Level,Clear,Flashing Light,Dry,32 86021134,Not Applicable,"Other Motor Vehicle, Collision With",2,183095,36111,3565,1.2,6410502.0,3939.4,999
2024,Property Damage Accident,13:39,2024-11-24,Sunday,Y,Daylight,BRIARCLIFF MANOR,REAR END,WESTCHESTER,Straight and Grade,Clear,Traffic Signal,Dry,9A87032144,Not Applicable,"Other Motor Vehicle, Collision With",2,1009165,36119,850,0.8,18110248.0,6143.2,3354
2024,Property Damage & Injury Accident,18:55,2024-11-24,Sunday,Y,Dark-Road Lighted,PORT CHESTER,OTHER,WESTCHESTER,Straight and Level,Clear,,Dry,982B87011009,"Crossing, No Signal or Crosswalk","Pedestrian, Collision With",1,1009165,36119,850,0.8,18110248.0,6143.2,3354
2024,Property Damage & Injury Accident,11:09,2024-11-24,Sunday,Y,Daylight,YONKERS,REAR END,WESTCHESTER,Straight and Level,Clear,,Dry,,Not Applicable,"Other Motor Vehicle, Collision With",2,1009165,36119,850,0.8,18110248.0,6143.2,3354
2024,Property Damage Accident,21:47,2024-11-24,Sunday,Y,Dark-Road Unlighted,BEDFORD,OTHER,WESTCHESTER,Straight and Level,Clear,,Dry,22 87024173,Not Applicable,"Earth Embankment/Rock Cut/Ditch, Collision With Fixed Object",1,1009165,36119,850,0.8,18110248.0,6143.2,3354
2024,Property Damage Accident,21:24,2024-11-24,Sunday,Y,Dark-Road Lighted,MAMARONECK,Unknown,WESTCHESTER,Straight and Level,Cloudy,Police/Fire Emergency,Dry,,Not Applicable,"Other Motor Vehicle, Collision With",2,1009165,36119,850,0.8,18110248.0,6143.2,3354
2024,Property Damage & Injury Accident,18:40,2024-11-24,Sunday,Y,Dark-Road Lighted,PORT CHESTER,REAR END,WESTCHESTER,Straight and Level,Clear,Traffic Signal,Dry,1 87035007,Not Applicable,"Other Motor Vehicle, Collision With",2,1009165,36119,850,0.8,18110248.0,6143.2,3354
2024,Property Damage Accident,10:08,2024-11-24,Sunday,Y,Daylight,MOUNT VERNON,REAR END,WESTCHESTER,Straight and Level,Clear,,Dry,,Not Applicable,"Other Motor Vehicle, Collision With",2,1009165,36119,850,0.8,18110248.0,6143.2,3354
2024,Property Damage Accident,9:40,2024-11-24,Sunday,Y,Daylight,WHITE PLAINS,LEFT TURN (0),WESTCHESTER,Straight and Level,Clear,Stop Sign,Dry,,Not Applicable,"Other Motor Vehicle, Collision With",2,1009165,36119,850,0.8,18110248.0,6143.2,3354
2024,Property Damage Accident,13:14,2024-11-25,Monday,Y,Daylight,PAWLING,OVERTAKING,DUTCHESS,Straight and Level,Clear,,Dry,,Not Applicable,"Other Motor Vehicle, Collision With",2,299256,36027,1695,0.8,5987961.0,3975.0,1300
2024,Property Damage Accident,17:04,2024-11-25,Monday,Y,Dark-Road Lighted,HYDE PARK,OTHER,DUTCHESS,Straight and Level,Clear,,Dry,9 82053039,Not Applicable,Deer,1,299256,36027,1695,0.8,5987961.0,3975.0,1300
2024,Property Damage Accident,17:15,2024-11-25,Monday,Y,Dark-Road Unlighted,POUGHKEEPSIE,OTHER,DUTCHESS,Straight and Level,Cloudy,,Dry,44 82022037,Not Applicable,"Animal, Collision With",1,299256,36027,1695,0.8,5987961.0,3975.0,1300
2024,Property Damage Accident,13:11,2024-11-25,Monday,Y,Daylight,RHINEBECK,LEFT TURN (3),DUTCHESS,Curve at Hill Crest,Clear,Stop Sign,Dry,9 82053183,Not Applicable,"Other Motor Vehicle, Collision With",2,299256,36027,1695,0.8,5987961.0,3975.0,1300
2024,Property Damage Accident,17:49,2024-11-25,Monday,Y,Dark-Road Lighted,HYDE PARK,OTHER,DUTCHESS,Straight and Level,Clear,,Dry,9 82053022,Not Applicable,Deer,1,299256,36027,1695,0.8,5987961.0,3975.0,1300
2024,Property Damage & Injury Accident,9:45,2024-11-25,Monday,Y,Daylight,WAPPINGER,OVERTAKING,DUTCHESS,Straight and Grade,Clear,Traffic Signal,Dry,9D82033030,Not Applicable,"Other Motor Vehicle, Collision With",2,299256,36027,1695,0.8,5987961.0,3975.0,1300
2024,Property Damage Accident,13:35,2024-11-25,Monday,Y,Daylight,NEWBURGH,REAR END,ORANGE,Straight and Level,Clear,,Dry,,Not Applicable,"Other Motor Vehicle, Collision With",2,415088,36071,4753,2.6,13857119.0,5167.5,1527
2024,Property Damage Accident,16:14,2024-11-25,Monday,Y,Daylight,CHESTER,OVERTAKING,ORANGE,Straight and Level,Clear,,Dry,17M83013113,Not Applicable,"Other Motor Vehicle, Collision With",2,415088,36071,4753,2.6,13857119.0,5167.5,1527
2024,Property Damage Accident,20:14,2024-11-25,Monday,Y,Dark-Road Unlighted,NEWBURGH,OTHER,ORANGE,Straight and Level,Clear,,Dry,9W83023052,Not Applicable,Deer,1,415088,36071,4753,2.6,13857119.0,5167.5,1527
2024,Property Damage Accident,13:35,2024-11-25,Monday,Y,Daylight,MONROE,REAR END,ORANGE,Straight and Level,Clear,Stop Sign,Dry,,Not Applicable,"Other Motor Vehicle, Collision With",2,415088,36071,4753,2.6,13857119.0,5167.5,1527
2024,Property Damage Accident,11:51,2024-11-25,Monday,Y,Daylight,MONTGOMERY,OTHER,ORANGE,Straight and Level,Clear,,Dry,,Not Applicable,"Other Motor Vehicle, Collision With",4,415088,36071,4753,2.6,13857119.0,5167.5,1527
2024,Property Damage Accident,7:24,2024-11-25,Monday,Y,Daylight,KENT,OTHER,PUTNAM,Curve and Grade,Clear,No Passing Zone,Dry,,Not Applicable,"Light Support/Utility Pole, Collision With Fixed Object",1,98842,36079,509,0.7,2746105.0,4089.2,375
2024,Property Damage Accident,18:15,2024-11-25,Monday,Y,Dark-Road Unlighted,STONY POINT,OVERTAKING,ROCKLAND,Straight and Level,Clear,,Dry,987C85011189,Not Applicable,"Other Motor Vehicle, Collision With",2,354829,36087,259,0.3,7336134.0,9989.2,886
2024,Property Damage Accident,6:52,2024-11-25,Monday,Y,Daylight,MONTEBELLO,OTHER,ROCKLAND,Straight and Level,Clear,,Dry,,Not Applicable,"Light Support/Utility Pole, Collision With Fixed Object",1,354829,36087,259,0.3,7336134.0,9989.2,886
2024,Property Damage Accident,14:32,2024-11-25,Monday,Y,Daylight,CLARKSTOWN,RIGHT ANGLE,ROCKLAND,Straight and Level,Clear,,Dry,304 85011042,Not Applicable,"Other Motor Vehicle, Collision With",2,354829,36087,259,0.3,7336134.0,9989.2,886
2024,Property Damage Accident,17:17,2024-11-25,Monday,Y,Dark-Road Unlighted,CLARKSTOWN,REAR END,ROCKLAND,Straight and Level,Cloudy,,Dry,,Not Applicable,"Other Motor Vehicle, Collision With",2,354829,36087,259,0.3,7336134.0,9989.2,886
2024,Property Damage Accident,16:57,2024-11-25,Monday,Y,Dusk,HAVERSTRAW,OTHER,ROCKLAND,Straight and Level,Clear,No Passing Zone,Dry,987E85011037,Not Applicable,Deer,1,354829,36087,259,0.3,7336134.0,9989.2,886
2024,Property Damage Accident,16:23,2024-11-25,Monday,Y,Daylight,HILLBURN,OVERTAKING,ROCKLAND,Straight and Level,Clear,,Dry,59 85011002,Not Applicable,"Other Motor Vehicle, Collision With",2,354829,36087,259,0.3,7336134.0,9989.2,886
2024,Property Damage & Injury Accident,8:47,2024-11-25,Monday,Y,Daylight,CLARKSTOWN,REAR END,ROCKLAND,Straight and Level,Cloudy,,Dry,,Not Applicable,"Other Motor Vehicle, Collision With",2,354829,36087,259,0.3,7336134.0,9989.2,886
2024,Property Damage Accident,12:34,2024-11-25,Monday,Y,Daylight,PLATTEKILL,OTHER,ULSTER,Straight and Level,Clear,,Dry,,Not Applicable,"Fence, Collision With Fixed Object",1,183095,36111,3565,1.2,6410502.0,3939.4,999
2024,Injury Accident,8:53,2024-11-25,Monday,Y,Daylight,NEW ROCHELLE,OTHER,WESTCHESTER,Straight and Level,Clear,Traffic Signal,Dry,,"Crossing, With Signal","Pedestrian, Collision With",1,1009165,36119,850,0.8,18110248.0,6143.2,3354
2024,Property Damage Accident,16:47,2024-11-25,Monday,Y,Dusk,PEEKSKILL,OTHER,WESTCHESTER,Straight and Grade,Clear,,Dry,,Not Applicable,"Other Motor Vehicle, Collision With",3,1009165,36119,850,0.8,18110248.0,6143.2,3354
2024,Property Damage Accident,17:20,2024-11-25,Monday,Y,Dusk,DOBBS FERRY,RIGHT TURN (6),WESTCHESTER,Straight and Level,Cloudy,,Dry,,Not Applicable,"Other Motor Vehicle, Collision With",2,1009165,36119,850,0.8,18110248.0,6143.2,3354
2024,Property Damage Accident,13:00,2024-11-25,Monday,N,Unknown,SCARSDALE,LEFT TURN (3),WESTCHESTER,Unknown,Unknown,Unknown,Unknown,,Not Applicable,"Other Motor Vehicle, Collision With",2,1009165,36119,850,0.8,18110248.0,6143.2,3354
2024,Property Damage Accident,11:07,2024-11-25,Monday,Y,Daylight,WHITE PLAINS,SIDESWIPE,WESTCHESTER,Straight and Level,Clear,,Dry,,Not Applicable,"Other Motor Vehicle, Collision With",2,1009165,36119,850,0.8,18110248.0,6143.2,3354
2024,Property Damage Accident,12:48,2024-11-25,Monday,Y,Daylight,PORT CHESTER,RIGHT ANGLE,WESTCHESTER,Straight and Level,Clear,Stop Sign,Dry,1 87035001,Not Applicable,"Other Motor Vehicle, Collision With",2,1009165,36119,850,0.8,18110248.0,6143.2,3354
2024,Property Damage Accident,8:37,2024-11-25,Monday,Y,Daylight,WHITE PLAINS,REAR END,WESTCHESTER,Straight and Level,Clear,,Dry,287I87011069,Not Applicable,"Other Motor Vehicle, Collision With",2,1009165,36119,850,0.8,18110248.0,6143.2,3354
2024,Property Damage Accident,19:28,2024-11-25,Monday,Y,Dark-Road Unlighted,NORTH CASTLE,OTHER,WESTCHESTER,Curve and Level,Clear,,Dry,987G87011000,Not Applicable,Deer,1,1009165,36119,850,0.8,18110248.0,6143.2,3354
2024,Property Damage & Injury Accident,10:13,2024-11-25,Monday,Y,Daylight,GREENBURGH,LEFT TURN (3),WESTCHESTER,Straight and Level,Clear,Traffic Signal,Dry,,Not Applicable,"Other Motor Vehicle, Collision With",2,1009165,36119,850,0.8,18110248.0,6143.2,3354
2024,Property Damage Accident,9:42,2024-11-25,Monday,Y,Daylight,RYE,REAR END,WESTCHESTER,Curve and Level,Clear,,Dry,287I87011106,Not Applicable,"Other Motor Vehicle, Collision With",2,1009165,36119,850,0.8,18110248.0,6143.2,3354
2024,Property Damage Accident,7:21,2024-11-25,Monday,Y,Daylight,CORTLANDT,OVERTAKING,WESTCHESTER,Curve and Grade,Clear,,Dry,,Not Applicable,"Other Motor Vehicle, Collision With",2,1009165,36119,850,0.8,18110248.0,6143.2,3354
2024,Property Damage Accident,11:55,2024-11-25,Monday,Y,Daylight,HARRISON,OVERTAKING,WESTCHESTER,Straight and Grade,Clear,,Dry,,Not Applicable,"Other Motor Vehicle, Collision With",2,1009165,36119,850,0.8,18110248.0,6143.2,3354
2024,Property Damage Accident,10:20,2024-11-26,Tuesday,Y,Daylight,FISHKILL,REAR END,DUTCHESS,Straight and Level,Rain,,Wet,9D82033010,Not Applicable,"Other Motor Vehicle, Collision With",2,299256,36027,1695,0.8,5987961.0,3975.0,1300
2024,Property Damage & Injury Accident,11:35,2024-11-26,Tuesday,Y,Daylight,POUGHKEEPSIE,LEFT TURN (3),DUTCHESS,Straight and Level,Cloudy,Traffic Signal,Wet,,Not Applicable,"Other Motor Vehicle, Collision With",2,299256,36027,1695,0.8,5987961.0,3975.0,1300
2024,Property Damage Accident,7:36,2024-11-26,Tuesday,Y,Dawn,POUGHKEEPSIE,OTHER,DUTCHESS,Straight and Level,Rain,,Wet,,Not Applicable,"Other Fixed Object*, Collision With Fixed Object",1,299256,36027,1695,0.8,5987961.0,3975.0,1300
2024,Fatal Accident,20:34,2024-11-26,Tuesday,Y,Dark-Road Lighted,WAPPINGER,OTHER,DUTCHESS,Straight and Grade,Clear,Traffic Signal,Dry,9 82051066,"Crossing, No Signal or Crosswalk","Pedestrian, Collision With",1,299256,36027,1695,0.8,5987961.0,3975.0,1300
2024,Property Damage Accident,16:45,2024-11-26,Tuesday,Y,Dark-Road Unlighted,FISHKILL,REAR END,DUTCHESS,Curve and Level,Clear,,Dry,84I82021014,Not Applicable,"Other Motor Vehicle, Collision With",2,299256,36027,1695,0.8,5987961.0,3975.0,1300
2024,Property Damage Accident,9:15,2024-11-26,Tuesday,Y,Daylight,HYDE PARK,REAR END,DUTCHESS,Straight and Level,Rain,Traffic Signal,Wet,9 82053039,Not Applicable,"Other Motor Vehicle, Collision With",2,299256,36027,1695,0.8,5987961.0,3975.0,1300
2024,Property Damage Accident,16:27,2024-11-26,Tuesday,Y,Dusk,LA GRANGE,RIGHT ANGLE,DUTCHESS,Straight and Level,Cloudy,,Dry,82 82011081,Not Applicable,"Other Motor Vehicle, Collision With",2,299256,36027,1695,0.8,5987961.0,3975.0,1300
2024,Property Damage Accident,8:45,2024-11-26,Tuesday,Y,Daylight,LA GRANGE,OTHER,DUTCHESS,Straight and Level,Rain,,Wet,987G82031112,Not Applicable,"Guide Rail - Not At End, Collision With Fixed Object",1,299256,36027,1695,0.8,5987961.0,3975.0,1300
2024,Property Damage Accident,9:18,2024-11-26,Tuesday,Y,Daylight,RHINEBECK,OTHER,DUTCHESS,Straight and Level,Rain,,Wet,9 82053172,Not Applicable,"Other Motor Vehicle, Collision With",2,299256,36027,1695,0.8,5987961.0,3975.0,1300
2024,Property Damage Accident,9:00,2024-11-26,Tuesday,N,Unknown,MONROE,Unknown,ORANGE,Unknown,Unknown,Unknown,Unknown,,Not Applicable,"Other Motor Vehicle, Collision With",2,415088,36071,4753,2.6,13857119.0,5167.5,1527
2024,Property Damage Accident,17:00,2024-11-26,Tuesday,N,Unknown,MINISINK,OTHER,ORANGE,Unknown,Unknown,Unknown,Unknown,,Not Applicable,Deer,1,415088,36071,4753,2.6,13857119.0,5167.5,1527
2024,Property Damage Accident,12:54,2024-11-26,Tuesday,Y,Daylight,NEWBURGH,OTHER,ORANGE,Straight and Level,Clear,,Dry,,Not Applicable,"Other Motor Vehicle, Collision With",2,415088,36071,4753,2.6,13857119.0,5167.5,1527
2024,Property Damage & Injury Accident,8:14,2024-11-26,Tuesday,Y,Daylight,HIGHLANDS,OTHER,ORANGE,Curve and Level,Rain,,Wet,9W83021001,Not Applicable,"Other Motor Vehicle, Collision With",2,415088,36071,4753,2.6,13857119.0,5167.5,1527
2024,Property Damage Accident,4:45,2024-11-26,Tuesday,Y,Dark-Road Unlighted,GOSHEN,OTHER,ORANGE,Curve and Level,Clear,,Dry,17 83101115,Not Applicable,"Guide Rail - Not At End, Collision With Fixed Object",1,415088,36071,4753,2.6,13857119.0,5167.5,1527
2024,Property Damage Accident,7:05,2024-11-26,Tuesday,Y,Daylight,WOODBURY,OTHER,ORANGE,Straight and Level,Clear,,Dry,,Not Applicable,"Earth Embankment/Rock Cut/Ditch, Collision With Fixed Object",1,415088,36071,4753,2.6,13857119.0,5167.5,1527
2024,Property Damage Accident,17:00,2024-11-26,Tuesday,Y,Dark-Road Unlighted,KENT,REAR END,PUTNAM,Straight and Level,Cloudy,No Passing Zone,Wet,52 84051028,Not Applicable,"Other Motor Vehicle, Collision With",2,98842,36079,509,0.7,2746105.0,4089.2,375
2024,Property Damage Accident,17:50,2024-11-26,Tuesday,Y,Dark-Road Lighted,CARMEL,RIGHT TURN (5),PUTNAM,Straight and Level,Clear,No Passing Zone,Dry,52 84051059,Not Applicable,"Other Motor Vehicle, Collision With",2,98842,36079,509,0.7,2746105.0,4089.2,375
2024,Property Damage & Injury Accident,16:55,2024-11-26,Tuesday,Y,Dark-Road Lighted,PATTERSON,SIDESWIPE,PUTNAM,Straight and Grade,Cloudy,No Passing Zone,Dry,311 84011024,Not Applicable,"Other Motor Vehicle, Collision With",2,98842,36079,509,0.7,2746105.0,4089.2,375
2024,Property Damage Accident,14:50,2024-11-26,Tuesday,Y,Daylight,HAVERSTRAW,REAR END,ROCKLAND,Straight and Level,Clear,,Dry,,Not Applicable,"Other Motor Vehicle, Collision With",2,354829,36087,259,0.3,7336134.0,9989.2,886
2024,Property Damage Accident,9:15,2024-11-26,Tuesday,Y,Daylight,RAMAPO,OVERTAKING,ROCKLAND,Straight and Level,Rain,,Wet,,Not Applicable,"Other Motor Vehicle, Collision With",2,354829,36087,259,0.3,7336134.0,9989.2,886
2024,Property Damage Accident,7:57,2024-11-26,Tuesday,Y,Daylight,SOUTH NYACK,OVERTAKING,ROCKLAND,Straight and Level,Rain,,Wet,,Not Applicable,"Other Motor Vehicle, Collision With",2,354829,36087,259,0.3,7336134.0,9989.2,886
2024,Property Damage Accident,12:26,2024-11-26,Tuesday,Y,Daylight,CLARKSTOWN,OTHER,ROCKLAND,Straight and Level,Cloudy,,Dry,,Not Applicable,"Other Fixed Object*, Collision With Fixed Object",1,354829,36087,259,0.3,7336134.0,9989.2,886
2024,Property Damage Accident,12:56,2024-11-26,Tuesday,Y,Daylight,MARBLETOWN,REAR END,ULSTER,Straight and Level,Cloudy,,Wet,209 86031222,Not Applicable,"Other Motor Vehicle, Collision With",2,183095,36111,3565,1.2,6410502.0,3939.4,999
2024,Property Damage Accident,19:48,2024-11-26,Tuesday,Y,Dark-Road Unlighted,SHANDAKEN,OTHER,ULSTER,Straight and Grade,Clear,No Passing Zone,Dry,,Not Applicable,Deer,1,183095,36111,3565,1.2,6410502.0,3939.4,999
2024,Property Damage & Injury Accident,11:27,2024-11-26,Tuesday,Y,Daylight,SHAWANGUNK,RIGHT ANGLE,ULSTER,Straight and Level,Cloudy,Stop Sign,Dry,52 86021159,Not Applicable,"Other Motor Vehicle, Collision With",2,183095,36111,3565,1.2,6410502.0,3939.4,999
2024,Property Damage & Injury Accident,15:55,2024-11-26,Tuesday,Y,Dusk,LLOYD,OTHER,ULSTER,Curve and Level,Cloudy,No Passing Zone,Wet,44 86011209,Not Applicable,"Light Support/Utility Pole, Collision With Fixed Object",1,183095,36111,3565,1.2,6410502.0,3939.4,999
2024,Property Damage Accident,7:56,2024-11-26,Tuesday,Y,Daylight,ESOPUS,OTHER,ULSTER,Straight and Grade,Rain,No Passing Zone,Wet,9W86031149,Not Applicable,"Guide Rail - Not At End, Collision With Fixed Object",1,183095,36111,3565,1.2,6410502.0,3939.4,999