year,accident_descriptor,time,date,day_of_week,police_report,lighting_conditions,municipality,collision_type_descriptor,county_name,road_descriptor,weather_conditions,traffic_control_device,road_surface_conditions,dot_reference_marker_location,pedestrian_bicyclist_action,event_descriptor,number_of_vehicles_involved,county_population_2024,county_fips,county_deer_take_2024,county_antlerless_deer_per_sqmi_2024,county_daily_vmt_2019,county_mean_aadt_2019,county_aadt_segments_2019
2024,Property Damage Accident,16:48,2024-11-26,Tuesday,Y,Dusk,WHITE PLAINS,OVERTAKING,WESTCHESTER,Straight and Level,Clear,,Dry,,Not Applicable,"Other Motor Vehicle, Collision With",2,1009165,36119,850,0.8,18110248.0,6143.2,3354
2024,Property Damage Accident,11:24,2024-11-26,Tuesday,Y,Daylight,CORTLANDT,OTHER,WESTCHESTER,Curve and Grade,Cloudy,No Passing Zone,Wet,6 87031024,Not Applicable,"Earth Embankment/Rock Cut/Ditch, Collision With Fixed Object",1,1009165,36119,850,0.8,18110248.0,6143.2,3354
2024,Property Damage Accident,13:32,2024-11-26,Tuesday,Y,Daylight,PELHAM,OVERTAKING,WESTCHESTER,Straight and Level,Clear,,Dry,,Not Applicable,"Other Motor Vehicle, Collision With",2,1009165,36119,850,0.8,18110248.0,6143.2,3354
2024,Property Damage Accident,13:51,2024-11-26,Tuesday,Y,Daylight,WHITE PLAINS,OVERTAKING,WESTCHESTER,Straight and Level,Cloudy,,Wet,22 87023021,Not Applicable,"Other Motor Vehicle, Collision With",2,1009165,36119,850,0.8,18110248.0,6143.2,3354
2024,Property Damage Accident,16:21,2024-11-26,Tuesday,Y,Daylight,YORKTOWN,OVERTAKING,WESTCHESTER,Straight and Level,Clear,Traffic Signal,Dry,35 87012069,Not Applicable,"Other Motor Vehicle, Collision With",2,1009165,36119,850,0.8,18110248.0,6143.2,3354
2024,Property Damage Accident,22:04,2024-11-26,Tuesday,Y,Dark-Road Unlighted,PORT CHESTER,OVERTAKING,WESTCHESTER,Straight and Level,Clear,,Dry,287I87011101,Not Applicable,"Other Motor Vehicle, Collision With",2,1009165,36119,850,0.8,18110248.0,6143.2,3354
2024,Property Damage Accident,8:35,2024-11-26,Tuesday,Y,Daylight,ARDSLEY,OVERTAKING,WESTCHESTER,Straight and Level,Rain,,Wet,9A87032023,Not Applicable,"Other Motor Vehicle, Collision With",2,1009165,36119,850,0.8,18110248.0,6143.2,3354
2024,Property Damage Accident,14:48,2024-11-26,Tuesday,Y,Daylight,SOMERS,RIGHT TURN (5),WESTCHESTER,Straight and Level,Clear,No Passing Zone,Dry,100 87014246,Not Applicable,"Other Motor Vehicle, Collision With",2,1009165,36119,850,0.8,18110248.0,6143.2,3354
2024,Property Damage Accident,13:25,2024-11-26,Tuesday,Y,Daylight,SCARSDALE,OTHER,WESTCHESTER,Straight and Level,Clear,,Wet,907W87024001,Not Applicable,"Other Motor Vehicle, Collision With",3,1009165,36119,850,0.8,18110248.0,6143.2,3354
2024,Property Damage Accident,14:38,2024-11-26,Tuesday,Y,Daylight,NEW ROCHELLE,OVERTAKING,WESTCHESTER,Curve and Level,Clear,Construction Work Area,Dry,981V87011003,Not Applicable,"Other Motor Vehicle, Collision With",2,1009165,36119,850,0.8,18110248.0,6143.2,3354
2024,Property Damage & Injury Accident,18:02,2024-11-26,Tuesday,Y,Dusk,YORKTOWN,Unknown,WESTCHESTER,Straight and Level,Cloudy,Stop Sign,Dry,,Not Applicable,"Other Motor Vehicle, Collision With",2,1009165,36119,850,0.8,18110248.0,6143.2,3354
2024,Property Damage Accident,18:36,2024-11-26,Tuesday,Y,Dark-Road Unlighted,BRIARCLIFF MANOR,OTHER,WESTCHESTER,Straight and Level,Clear,,Dry,9A87032126,Not Applicable,Deer,1,1009165,36119,850,0.8,18110248.0,6143.2,3354
2024,Property Damage Accident,17:37,2024-11-26,Tuesday,Y,Dark-Road Unlighted,MOUNT PLEASANT,OTHER,WESTCHESTER,Straight and Level,Cloudy,,Dry,987G87011040,Not Applicable,"Other Motor Vehicle, Collision With",3,1009165,36119,850,0.8,18110248.0,6143.2,3354
2024,Property Damage & Injury Accident,18:32,2024-11-26,Tuesday,Y,Dark-Road Unlighted,BEDFORD,OTHER,WESTCHESTER,Straight and Level,Clear,,Dry,35 87012177,Not Applicable,"Other Motor Vehicle, Collision With",3,1009165,36119,850,0.8,18110248.0,6143.2,3354
2024,Property Damage & Injury Accident,13:39,2024-11-26,Tuesday,Y,Daylight,LEWISBORO,OTHER,WESTCHESTER,Straight and Level,Clear,,Dry,684I87011202,Not Applicable,"Other Motor Vehicle, Collision With",4,1009165,36119,850,0.8,18110248.0,6143.2,3354
2024,Property Damage Accident,16:45,2024-11-26,Tuesday,Y,Dusk,LEWISBORO,RIGHT ANGLE,WESTCHESTER,Straight and Grade,Clear,No Passing Zone,Dry,35 87012220,Not Applicable,"Other Motor Vehicle, Collision With",2,1009165,36119,850,0.8,18110248.0,6143.2,3354
2024,Property Damage Accident,14:20,2024-11-26,Tuesday,Y,Daylight,BEDFORD,REAR END,WESTCHESTER,Straight and Level,Cloudy,No Passing Zone,Dry,22 87024138,Not Applicable,"Other Motor Vehicle, Collision With",2,1009165,36119,850,0.8,18110248.0,6143.2,3354
2024,Property Damage Accident,16:28,2024-11-27,Wednesday,Y,Daylight,POUGHKEEPSIE,LEFT TURN (3),DUTCHESS,Straight and Level,Clear,Traffic Signal,Dry,9 82051099,Not Applicable,"Other Motor Vehicle, Collision With",2,299256,36027,1695,0.8,5987961.0,3975.0,1300
2024,Property Damage Accident,17:47,2024-11-27,Wednesday,Y,Dark-Road Unlighted,DOVER,OTHER,DUTCHESS,Straight and Level,Clear,,Dry,,Not Applicable,Deer,1,299256,36027,1695,0.8,5987961.0,3975.0,1300
2024,Property Damage Accident,12:35,2024-11-27,Wednesday,Y,Daylight,POUGHKEEPSIE,REAR END,DUTCHESS,Straight and Level,Clear,Traffic Signal,Dry,,Not Applicable,"Other Motor Vehicle, Collision With",2,299256,36027,1695,0.8,5987961.0,3975.0,1300
2024,Property Damage Accident,10:55,2024-11-27,Wednesday,Y,Daylight,FISHKILL,OVERTAKING,DUTCHESS,Straight and Level,Cloudy,Traffic Signal,Dry,9 82051037,Not Applicable,"Other Motor Vehicle, Collision With",2,299256,36027,1695,0.8,5987961.0,3975.0,1300
2024,Property Damage & Injury Accident,17:13,2024-11-27,Wednesday,Y,Dark-Road Unlighted,NEW WINDSOR,REAR END,ORANGE,Straight and Grade,Clear,,Dry,207 83011154,Not Applicable,"Other Motor Vehicle, Collision With",2,415088,36071,4753,2.6,13857119.0,5167.5,1527
2024,Property Damage Accident,8:02,2024-11-27,Wednesday,Y,Daylight,MIDDLETOWN,SIDESWIPE,ORANGE,Straight and Level,Clear,,Dry,,Not Applicable,"Other Motor Vehicle, Collision With",2,415088,36071,4753,2.6,13857119.0,5167.5,1527
2024,Property Damage Accident,13:06,2024-11-27,Wednesday,Y,Daylight,WALLKILL,REAR END,ORANGE,Straight and Level,Cloudy,Police/Fire Emergency,Dry,211 83013008,Not Applicable,"Other Motor Vehicle, Collision With",2,415088,36071,4753,2.6,13857119.0,5167.5,1527
2024,Property Damage & Injury Accident,13:31,2024-11-27,Wednesday,Y,Daylight,CRAWFORD,OTHER,ORANGE,Straight and Level,Clear,Stop Sign,Dry,52 83031022,Not Applicable,"Other Motor Vehicle, Collision With",3,415088,36071,4753,2.6,13857119.0,5167.5,1527
2024,Property Damage Accident,16:50,2024-11-27,Wednesday,Y,Dark-Road Lighted,WOODBURY,RIGHT ANGLE,ORANGE,Curve and Level,Cloudy,Traffic Signal,Dry,17 83101257,Not Applicable,"Other Motor Vehicle, Collision With",2,415088,36071,4753,2.6,13857119.0,5167.5,1527
2024,Property Damage Accident,16:09,2024-11-27,Wednesday,Y,Daylight,NEW WINDSOR,OTHER,ORANGE,Straight and Grade,Cloudy,,Dry,,Not Applicable,"Guide Rail - Not At End, Collision With Fixed Object",1,415088,36071,4753,2.6,13857119.0,5167.5,1527
2024,Property Damage Accident,18:11,2024-11-27,Wednesday,Y,Dark-Road Lighted,NEW WINDSOR,RIGHT ANGLE,ORANGE,Straight and Level,Clear,,Dry,32 83011113,Not Applicable,"Other Motor Vehicle, Collision With",2,415088,36071,4753,2.6,13857119.0,5167.5,1527
2024,Property Damage Accident,13:26,2024-11-27,Wednesday,Y,Daylight,NEW WINDSOR,LEFT TURN (3),ORANGE,Straight at Hill Crest,Clear,Stop Sign,Dry,,Not Applicable,"Other Motor Vehicle, Collision With",2,415088,36071,4753,2.6,13857119.0,5167.5,1527
2024,Property Damage Accident,8:22,2024-11-27,Wednesday,Y,Daylight,PUTNAM VALLEY,OTHER,PUTNAM,Curve and Grade,Clear,,Dry,987G84021060,Not Applicable,"Guide Rail - Not At End, Collision With Fixed Object",1,98842,36079,509,0.7,2746105.0,4089.2,375
2024,Property Damage Accident,10:33,2024-11-27,Wednesday,Y,Daylight,CARMEL,REAR END,PUTNAM,Straight and Level,Clear,,Dry,84I84031040,Not Applicable,"Other Motor Vehicle, Collision With",2,98842,36079,509,0.7,2746105.0,4089.2,375
2024,Property Damage Accident,13:02,2024-11-27,Wednesday,Y,Daylight,CLARKSTOWN,OVERTAKING,ROCKLAND,Straight and Level,Clear,Traffic Signal,Dry,303 85011061,Not Applicable,"Other Motor Vehicle, Collision With",2,354829,36087,259,0.3,7336134.0,9989.2,886
2024,Property Damage Accident,7:29,2024-11-27,Wednesday,Y,Daylight,CLARKSTOWN,OTHER,ROCKLAND,Straight and Level,Clear,,Dry,,Not Applicable,"Other Motor Vehicle, Collision With",3,354829,36087,259,0.3,7336134.0,9989.2,886
2024,Property Damage Accident,14:32,2024-11-27,Wednesday,Y,Daylight,NYACK,REAR END,ROCKLAND,Straight and Level,Clear,,Dry,59 85011138,Not Applicable,"Other Motor Vehicle, Collision With",2,354829,36087,259,0.3,7336134.0,9989.2,886
2024,Property Damage Accident,17:14,2024-11-27,Wednesday,Y,Dark-Road Unlighted,RAMAPO,LEFT TURN (3),ROCKLAND,Straight and Level,Clear,Traffic Signal,Dry,,Not Applicable,"Other Motor Vehicle, Collision With",2,354829,36087,259,0.3,7336134.0,9989.2,886
2024,Property Damage Accident,16:05,2024-11-27,Wednesday,Y,Daylight,CLARKSTOWN,REAR END,ROCKLAND,Straight and Level,Clear,,Dry,987C85011100,Not Applicable,"Other Motor Vehicle, Collision With",2,354829,36087,259,0.3,7336134.0,9989.2,886
2024,Property Damage & Injury Accident,0:15,2024-11-27,Wednesday,Y,Dark-Road Unlighted,WESLEY HILLS,OTHER,ROCKLAND,Straight and Level,Clear,,Dry,,Not Applicable,"Curbing, Collision With Fixed Object",1,354829,36087,259,0.3,7336134.0,9989.2,886
2024,Property Damage & Injury Accident,12:39,2024-11-27,Wednesday,Y,Daylight,RAMAPO,REAR END,ROCKLAND,Straight and Level,Clear,,Dry,987C85011135,Not Applicable,"Other Motor Vehicle, Collision With",2,354829,36087,259,0.3,7336134.0,9989.2,886
2024,Property Damage Accident,12:02,2024-11-27,Wednesday,Y,Daylight,CLARKSTOWN,OVERTAKING,ROCKLAND,Straight and Level,Clear,,Dry,,Not Applicable,"Other Motor Vehicle, Collision With",2,354829,36087,259,0.3,7336134.0,9989.2,886
2024,Property Damage Accident,7:00,2024-11-27,Wednesday,Y,Dark-Road Unlighted,WAWARSING,OTHER,ULSTER,Straight and Level,Clear,,Dry,209 86031005,Not Applicable,Deer,1,183095,36111,3565,1.2,6410502.0,3939.4,999
2024,Property Damage Accident,17:54,2024-11-27,Wednesday,Y,Dark-Road Unlighted,HURLEY,OTHER,ULSTER,Straight and Level,Clear,,Dry,209 86031295,Not Applicable,Deer,1,183095,36111,3565,1.2,6410502.0,3939.4,999
2024,Property Damage Accident,10:38,2024-11-27,Wednesday,Y,Daylight,WOODSTOCK,OTHER,ULSTER,Curve and Level,Clear,,Dry,375 86011023,Not Applicable,"Earth Embankment/Rock Cut/Ditch, Collision With Fixed Object",1,183095,36111,3565,1.2,6410502.0,3939.4,999
2024,Property Damage Accident,12:12,2024-11-27,Wednesday,Y,Daylight,WAWARSING,REAR END,ULSTER,Straight and Level,Cloudy,,Dry,209 86031110,Not Applicable,"Other Motor Vehicle, Collision With",2,183095,36111,3565,1.2,6410502.0,3939.4,999
2024,Property Damage Accident,6:31,2024-11-27,Wednesday,Y,Dawn,NEW PALTZ,OTHER,ULSTER,Straight and Level,Clear,,Dry,,Not Applicable,Deer,1,183095,36111,3565,1.2,6410502.0,3939.4,999
2024,Property Damage Accident,16:54,2024-11-27,Wednesday,Y,Dark-Road Unlighted,SHAWANGUNK,OTHER,ULSTER,Straight and Level,Cloudy,No Passing Zone,Dry,,Not Applicable,Deer,1,183095,36111,3565,1.2,6410502.0,3939.4,999
2024,Property Damage Accident,15:36,2024-11-27,Wednesday,Y,Daylight,BEDFORD,RIGHT TURN (5),WESTCHESTER,Straight and Level,Cloudy,,Dry,,Not Applicable,"Other Motor Vehicle, Collision With",2,1009165,36119,850,0.8,18110248.0,6143.2,3354
2024,Property Damage Accident,11:15,2024-11-27,Wednesday,Y,Daylight,CORTLANDT,SIDESWIPE,WESTCHESTER,Straight and Level,Clear,,Dry,,Not Applicable,"Other Motor Vehicle, Collision With",2,1009165,36119,850,0.8,18110248.0,6143.2,3354
2024,Property Damage Accident,6:15,2024-11-27,Wednesday,N,Unknown,YONKERS,Unknown,WESTCHESTER,Unknown,Unknown,Unknown,Unknown,,Not Applicable,"Other Motor Vehicle, Collision With",2,1009165,36119,850,0.8,18110248.0,6143.2,3354
2024,Property Damage Accident,17:20,2024-11-27,Wednesday,Y,Dusk,WHITE PLAINS,REAR END,WESTCHESTER,Straight and Level,Clear,,Dry,287I87011058,Not Applicable,"Other Motor Vehicle, Collision With",2,1009165,36119,850,0.8,18110248.0,6143.2,3354
2024,Property Damage & Injury Accident,13:38,2024-11-27,Wednesday,Y,Daylight,WHITE PLAINS,OVERTAKING,WESTCHESTER,Straight and Level,Clear,,Dry,125 87012020,Not Applicable,"Other Motor Vehicle, Collision With",2,1009165,36119,850,0.8,18110248.0,6143.2,3354
2024,Property Damage Accident,14:53,2024-11-27,Wednesday,Y,Daylight,PEEKSKILL,Unknown,WESTCHESTER,Straight at Hill Crest,Clear,,Dry,,Not Applicable,"Other Motor Vehicle, Collision With",2,1009165,36119,850,0.8,18110248.0,6143.2,3354
2024,Property Damage Accident,6:00,2024-11-27,Wednesday,Y,Dawn,YORKTOWN,OVERTAKING,WESTCHESTER,Straight and Level,Clear,,Dry,6 87033025,Not Applicable,"Other Motor Vehicle, Collision With",2,1009165,36119,850,0.8,18110248.0,6143.2,3354
2024,Property Damage & Injury Accident,18:47,2024-11-27,Wednesday,Y,Dark-Road Unlighted,CORTLANDT,OTHER,WESTCHESTER,Straight and Level,Clear,,Dry,9 87032204,Not Applicable,"Other Motor Vehicle, Collision With",3,1009165,36119,850,0.8,18110248.0,6143.2,3354
2024,Property Damage Accident,15:46,2024-11-27,Wednesday,Y,Dusk,WHITE PLAINS,OVERTAKING,WESTCHESTER,Straight and Grade,Clear,,Dry,22 87023004,Not Applicable,"Other Motor Vehicle, Collision With",2,1009165,36119,850,0.8,18110248.0,6143.2,3354
2024,Property Damage Accident,11:15,2024-11-27,Wednesday,Y,Daylight,YONKERS,Unknown,WESTCHESTER,Straight and Level,Clear,,Dry,,Not Applicable,"Other Motor Vehicle, Collision With",2,1009165,36119,850,0.8,18110248.0,6143.2,3354
2024,Property Damage Accident,12:14,2024-11-27,Wednesday,Y,Daylight,WHITE PLAINS,OVERTAKING,WESTCHESTER,Straight and Level,Clear,,Dry,22 87023030,Not Applicable,"Other Motor Vehicle, Collision With",2,1009165,36119,850,0.8,18110248.0,6143.2,3354
2024,Property Damage Accident,17:59,2024-11-27,Wednesday,Y,Dark-Road Lighted,PEEKSKILL,OVERTAKING,WESTCHESTER,Straight and Level,Clear,,Dry,6 87032013,Not Applicable,"Other Motor Vehicle, Collision With",2,1009165,36119,850,0.8,18110248.0,6143.2,3354
2024,Property Damage Accident,1:09,2024-11-27,Wednesday,Y,Dark-Road Lighted,NEW CASTLE,OTHER,WESTCHESTER,Straight and Level,Clear,No Passing Zone,Dry,100 87014127,Not Applicable,"Guide Rail - Not At End, Collision With Fixed Object",1,1009165,36119,850,0.8,18110248.0,6143.2,3354
2024,Property Damage Accident,17:00,2024-11-28,Thursday,Y,Dusk,POUGHKEEPSIE,OVERTAKING,DUTCHESS,Straight and Level,Cloudy,,Wet,,Not Applicable,"Other Motor Vehicle, Collision With",2,299256,36027,1695,0.8,5987961.0,3975.0,1300
2024,Property Damage Accident,13:27,2024-11-28,Thursday,Y,Daylight,WALLKILL,REAR END,ORANGE,Straight at Hill Crest,Rain,,Wet,,Not Applicable,"Other Motor Vehicle, Collision With",2,415088,36071,4753,2.6,13857119.0,5167.5,1527
2024,Property Damage Accident,19:13,2024-11-28,Thursday,Y,Dark-Road Unlighted,WARWICK,OTHER,ORANGE,Straight and Grade,Clear,,Dry,,Not Applicable,Deer,1,415088,36071,4753,2.6,13857119.0,5167.5,1527
2024,Property Damage & Injury Accident,11:40,2024-11-28,Thursday,Y,Daylight,GOSHEN,OTHER,ORANGE,Straight and Level,Rain,,Wet,17M83013076,Not Applicable,"Guide Rail - Not At End, Collision With Fixed Object",1,415088,36071,4753,2.6,13857119.0,5167.5,1527
2024,Property Damage & Injury Accident,13:34,2024-11-28,Thursday,Y,Daylight,NEW WINDSOR,REAR END,ORANGE,Straight and Grade,Rain,,Wet,94 83011304,Not Applicable,"Other Motor Vehicle, Collision With",2,415088,36071,4753,2.6,13857119.0,5167.5,1527
2024,Property Damage Accident,9:54,2024-11-28,Thursday,Y,Daylight,SOUTHEAST,OTHER,PUTNAM,Straight and Level,Rain,,Wet,684I84021015,Not Applicable,"Guide Rail - Not At End, Collision With Fixed Object",1,98842,36079,509,0.7,2746105.0,4089.2,375
2024,Property Damage Accident,1:12,2024-11-28,Thursday,Y,Dark-Road Lighted,ORANGETOWN,REAR END,ROCKLAND,Straight and Level,Clear,,Dry,,Not Applicable,"Other Motor Vehicle, Collision With",2,354829,36087,259,0.3,7336134.0,9989.2,886
2024,Property Damage Accident,20:29,2024-11-28,Thursday,Y,Dark-Road Lighted,NEW HEMPSTEAD,REAR END,ROCKLAND,Curve and Level,Cloudy,,Wet,,Not Applicable,"Other Motor Vehicle, Collision With",2,354829,36087,259,0.3,7336134.0,9989.2,886
2024,Property Damage Accident,7:57,2024-11-28,Thursday,Y,Daylight,SAUGERTIES,OTHER,ULSTER,Curve and Grade,Snow,,Snow/Ice,,Not Applicable,"Earth Embankment/Rock Cut/Ditch, Collision With Fixed Object",1,183095,36111,3565,1.2,6410502.0,3939.4,999
2024,Property Damage Accident,12:46,2024-11-28,Thursday,Y,Daylight,ROSENDALE,REAR END,ULSTER,Straight and Level,Rain,,Wet,,Not Applicable,"Other Motor Vehicle, Collision With",2,183095,36111,3565,1.2,6410502.0,3939.4,999
2024,Property Damage Accident,1:26,2024-11-28,Thursday,Y,Dark-Road Unlighted,ROSENDALE,OTHER,ULSTER,Curve and Grade,Rain,,Wet,,Not Applicable,"Guide Rail - Not At End, Collision With Fixed Object",1,183095,36111,3565,1.2,6410502.0,3939.4,999
2024,Property Damage Accident,19:47,2024-11-28,Thursday,Y,Dark-Road Unlighted,PEEKSKILL,OVERTAKING,WESTCHESTER,Straight and Grade,Clear,,Dry,,Not Applicable,"Other Motor Vehicle, Collision With",2,1009165,36119,850,0.8,18110248.0,6143.2,3354
2024,Property Damage Accident,9:45,2024-11-28,Thursday,Y,Daylight,OSSINING,OVERTAKING,WESTCHESTER,Straight at Hill Crest,Rain,,Wet,,Not Applicable,"Other Motor Vehicle, Collision With",2,1009165,36119,850,0.8,18110248.0,6143.2,3354
2024,Property Damage Accident,2:39,2024-11-28,Thursday,Y,Dark-Road Lighted,PEEKSKILL,OTHER,WESTCHESTER,Straight and Level,Clear,,Dry,,Not Applicable,"Other Motor Vehicle, Collision With",3,1009165,36119,850,0.8,18110248.0,6143.2,3354
2024,Property Damage & Injury Accident,3:41,2024-11-28,Thursday,Y,Dark-Road Lighted,YONKERS,SIDESWIPE,WESTCHESTER,Straight and Grade,Clear,,Dry,,Not Applicable,"Other Motor Vehicle, Collision With",2,1009165,36119,850,0.8,18110248.0,6143.2,3354
2024,Property Damage Accident,21:34,2024-11-28,Thursday,Y,Dark-Road Unlighted,GREENBURGH,OTHER,WESTCHESTER,Curve and Level,Clear,,Dry,987F87012005,Not Applicable,"Other Motor Vehicle, Collision With",3,1009165,36119,850,0.8,18110248.0,6143.2,3354
2024,Property Damage Accident,13:10,2024-11-28,Thursday,Y,Daylight,NORTH SALEM,OTHER,WESTCHESTER,Curve at Hill Crest,Rain,,Wet,,Not Applicable,"Light Support/Utility Pole, Collision With Fixed Object",1,1009165,36119,850,0.8,18110248.0,6143.2,3354
2024,Property Damage & Injury Accident,15:19,2024-11-28,Thursday,Y,Daylight,GREENBURGH,OTHER,WESTCHESTER,Curve and Grade,Rain,,Wet,987D87012045,Not Applicable,"Guide Rail - Not At End, Collision With Fixed Object",1,1009165,36119,850,0.8,18110248.0,6143.2,3354
2024,Property Damage Accident,19:36,2024-11-29,Friday,Y,Dark-Road Unlighted,POUGHKEEPSIE,REAR END,DUTCHESS,Straight and Level,Clear,Traffic Signal,Wet,,Not Applicable,"Other Motor Vehicle, Collision With",2,299256,36027,1695,0.8,5987961.0,3975.0,1300
2024,Property Damage & Injury Accident,19:13,2024-11-29,Friday,Y,Dark-Road Lighted,FISHKILL,RIGHT ANGLE,DUTCHESS,Straight and Level,Sleet/Hail/Freezing Rain,Stop Sign,Wet,,Not Applicable,"Other Motor Vehicle, Collision With",2,299256,36027,1695,0.8,5987961.0,3975.0,1300
2024,Property Damage Accident,17:22,2024-11-29,Friday,Y,Dark-Road Unlighted,PAWLING,OTHER,DUTCHESS,Curve and Grade,Cloudy,,Dry,,Not Applicable,"Earth Embankment/Rock Cut/Ditch, Collision With Fixed Object",1,299256,36027,1695,0.8,5987961.0,3975.0,1300
2024,Property Damage Accident,16:20,2024-11-29,Friday,Y,Dusk,EAST FISHKILL,REAR END,DUTCHESS,Straight at Hill Crest,Clear,,Dry,987G82031018,Not Applicable,"Other Motor Vehicle, Collision With",2,299256,36027,1695,0.8,5987961.0,3975.0,1300
2024,Property Damage Accident,10:56,2024-11-29,Friday,Y,Daylight,POUGHKEEPSIE,SIDESWIPE,DUTCHESS,Straight and Level,Clear,,Dry,,Not Applicable,"Other Motor Vehicle, Collision With",2,299256,36027,1695,0.8,5987961.0,3975.0,1300
2024,Property Damage Accident,12:06,2024-11-29,Friday,Y,Daylight,POUGHKEEPSIE,OVERTAKING,DUTCHESS,Straight and Level,Clear,,Dry,9 82052015,Not Applicable,"Other Motor Vehicle, Collision With",2,299256,36027,1695,0.8,5987961.0,3975.0,1300
2024,Property Damage Accident,17:21,2024-11-29,Friday,Y,Dark-Road Unlighted,FISHKILL,REAR END,DUTCHESS,Curve and Level,Cloudy,Police/Fire Emergency,Wet,84I82021017,Not Applicable,"Other Motor Vehicle, Collision With",2,299256,36027,1695,0.8,5987961.0,3975.0,1300
2024,Property Damage Accident,10:04,2024-11-29,Friday,Y,Daylight,MONROE,REAR END,ORANGE,Straight and Level,Cloudy,,Dry,17 83101228,Not Applicable,"Other Motor Vehicle, Collision With",2,415088,36071,4753,2.6,13857119.0,5167.5,1527
2024,Property Damage Accident,15:54,2024-11-29,Friday,Y,Dusk,MONTGOMERY,RIGHT ANGLE,ORANGE,Straight and Level,Sleet/Hail/Freezing Rain,,Wet,208 83011179,Not Applicable,"Other Motor Vehicle, Collision With",2,415088,36071,4753,2.6,13857119.0,5167.5,1527
2024,Property Damage Accident,14:20,2024-11-29,Friday,Y,Daylight,WAWAYANDA,OTHER,ORANGE,Straight and Level,Clear,,Dry,,Not Applicable,"Other Motor Vehicle, Collision With",2,415088,36071,4753,2.6,13857119.0,5167.5,1527
2024,Property Damage & Injury Accident,17:21,2024-11-29,Friday,Y,Dark-Road Unlighted,MONROE,OTHER,ORANGE,Straight and Grade,Rain,,Wet,,Not Applicable,"Other Motor Vehicle, Collision With",3,415088,36071,4753,2.6,13857119.0,5167.5,1527
2024,Property Damage Accident,14:57,2024-11-29,Friday,Y,Daylight,CARMEL,OTHER,PUTNAM,Curve and Grade,Cloudy,No Passing Zone,Dry,6N84021022,Not Applicable,Deer,1,98842,36079,509,0.7,2746105.0,4089.2,375
2024,Property Damage & Injury Accident,12:03,2024-11-29,Friday,Y,Daylight,PUTNAM VALLEY,OTHER,PUTNAM,Straight and Level,Cloudy,,Dry,987G84021093,Not Applicable,"Curbing, Collision With Fixed Object",1,98842,36079,509,0.7,2746105.0,4089.2,375
2024,Property Damage Accident,21:28,2024-11-29,Friday,Y,Dark-Road Lighted,KENT,RIGHT ANGLE,PUTNAM,Straight and Level,Clear,Stop Sign,Wet,,Not Applicable,"Other Motor Vehicle, Collision With",2,98842,36079,509,0.7,2746105.0,4089.2,375
2024,Property Damage Accident,17:45,2024-11-29,Friday,Y,Dark-Road Lighted,HAVERSTRAW,OTHER,ROCKLAND,Straight and Level,Clear,,Dry,202 85011097,Not Applicable,Deer,1,354829,36087,259,0.3,7336134.0,9989.2,886
2024,Property Damage Accident,11:38,2024-11-29,Friday,Y,Daylight,ORANGETOWN,LEFT TURN (3),ROCKLAND,Straight and Grade,Clear,Stop Sign,Dry,,Not Applicable,"Other Motor Vehicle, Collision With",2,354829,36087,259,0.3,7336134.0,9989.2,886
2024,Property Damage Accident,9:15,2024-11-29,Friday,Y,Daylight,MARLBOROUGH,OTHER,ULSTER,Straight and Grade,Clear,,Dry,,Not Applicable,"Other Motor Vehicle, Collision With",2,183095,36111,3565,1.2,6410502.0,3939.4,999
2024,Property Damage Accident,0:00,2024-11-29,Friday,N,Unknown,KINGSTON,Unknown,ULSTER,Unknown,Unknown,Unknown,Unknown,,Not Applicable,"Other Motor Vehicle, Collision With",2,183095,36111,3565,1.2,6410502.0,3939.4,999
2024,Property Damage Accident,10:10,2024-11-29,Friday,Y,Daylight,HARRISON,OVERTAKING,WESTCHESTER,Straight and Level,Clear,,Dry,,Not Applicable,"Other Motor Vehicle, Collision With",2,1009165,36119,850,0.8,18110248.0,6143.2,3354
2024,Property Damage Accident,15:46,2024-11-29,Friday,Y,Daylight,WHITE PLAINS,RIGHT ANGLE,WESTCHESTER,Straight and Grade,Cloudy,Traffic Signal,Dry,,Not Applicable,"Other Motor Vehicle, Collision With",2,1009165,36119,850,0.8,18110248.0,6143.2,3354
2024,Property Damage Accident,10:30,2024-11-29,Friday,Y,Daylight,YONKERS,REAR END,WESTCHESTER,Straight and Level,Clear,,Dry,,Not Applicable,"Other Motor Vehicle, Collision With",2,1009165,36119,850,0.8,18110248.0,6143.2,3354
2024,Property Damage Accident,7:15,2024-11-29,Friday,Y,Dawn,MOUNT VERNON,REAR END,WESTCHESTER,Straight and Level,Clear,,Dry,907W87017002,Not Applicable,"Other Motor Vehicle, Collision With",2,1009165,36119,850,0.8,18110248.0,6143.2,3354
2024,Property Damage Accident,4:27,2024-11-29,Friday,Y,Dark-Road Unlighted,YONKERS,OVERTAKING,WESTCHESTER,Straight and Level,Clear,,Dry,907K87011011,Not Applicable,"Other Motor Vehicle, Collision With",2,1009165,36119,850,0.8,18110248.0,6143.2,3354
2024,Property Damage & Injury Accident,19:20,2024-11-29,Friday,Y,Dark-Road Unlighted,YONKERS,OTHER,WESTCHESTER,Straight and Level,Clear,,Dry,,Not Applicable,"Other Motor Vehicle, Collision With",3,1009165,36119,850,0.8,18110248.0,6143.2,3354
2024,Property Damage Accident,0:34,2024-11-30,Saturday,Y,Dark-Road Unlighted,EAST FISHKILL,OTHER,DUTCHESS,Straight and Level,Clear,,Dry,84I82021101,Not Applicable,Deer,1,299256,36027,1695,0.8,5987961.0,3975.0,1300