year,accident_descriptor,time,date,day_of_week,police_report,lighting_conditions,municipality,collision_type_descriptor,county_name,road_descriptor,weather_conditions,traffic_control_device,road_surface_conditions,dot_reference_marker_location,pedestrian_bicyclist_action,event_descriptor,number_of_vehicles_involved,county_population_2024,county_fips,county_deer_take_2024,county_antlerless_deer_per_sqmi_2024,county_daily_vmt_2019,county_mean_aadt_2019,county_aadt_segments_2019
2024,Property Damage Accident,20:25,2024-11-30,Saturday,Y,Dark-Road Lighted,FISHKILL,OTHER,DUTCHESS,Curve and Level,Clear,,Dry,52 82042038,Not Applicable,Deer,1,299256,36027,1695,0.8,5987961.0,3975.0,1300
2024,Property Damage Accident,6:00,2024-11-30,Saturday,Y,Dark-Road Lighted,POUGHKEEPSIE,OTHER,DUTCHESS,Straight and Level,Clear,No Passing Zone,Dry,9D82033080,Not Applicable,"Animal, Collision With",1,299256,36027,1695,0.8,5987961.0,3975.0,1300
2024,Property Damage Accident,20:20,2024-11-30,Saturday,Y,Dark-Road Unlighted,RHINEBECK,OTHER,DUTCHESS,Straight and Level,Cloudy,No Passing Zone,Dry,9G82013187,Not Applicable,Deer,1,299256,36027,1695,0.8,5987961.0,3975.0,1300
2024,Property Damage Accident,19:36,2024-11-30,Saturday,Y,Dark-Road Unlighted,FISHKILL,OTHER,DUTCHESS,Straight and Level,Clear,,Dry,,Not Applicable,"Other Fixed Object*, Collision With Fixed Object",1,299256,36027,1695,0.8,5987961.0,3975.0,1300
2024,Property Damage Accident,14:15,2024-11-30,Saturday,Y,Daylight,FISHKILL,RIGHT ANGLE,DUTCHESS,Straight and Level,Clear,Stop Sign,Dry,980J82011000,Not Applicable,"Other Motor Vehicle, Collision With",2,299256,36027,1695,0.8,5987961.0,3975.0,1300
2024,Property Damage Accident,11:59,2024-11-30,Saturday,Y,Daylight,MILAN,OTHER,DUTCHESS,Straight and Level,Clear,No Passing Zone,Dry,199 82021102,Not Applicable,"Building/Wall, Collision With Fixed Object",1,299256,36027,1695,0.8,5987961.0,3975.0,1300
2024,Property Damage Accident,10:40,2024-11-30,Saturday,Y,Daylight,MONTGOMERY,OTHER,ORANGE,Straight and Level,Clear,,Dry,84I83011324,Not Applicable,"Other Object (Not Fixed)*, Collision With",1,415088,36071,4753,2.6,13857119.0,5167.5,1527
2024,Property Damage Accident,14:55,2024-11-30,Saturday,Y,Daylight,NEWBURGH,OTHER,ORANGE,Straight and Level,Clear,,Dry,,Not Applicable,"Other Motor Vehicle, Collision With",2,415088,36071,4753,2.6,13857119.0,5167.5,1527
2024,Property Damage & Injury Accident,13:15,2024-11-30,Saturday,Y,Daylight,WOODBURY,REAR END,ORANGE,Straight and Level,Cloudy,No Passing Zone,Dry,,Not Applicable,"Other Motor Vehicle, Collision With",2,415088,36071,4753,2.6,13857119.0,5167.5,1527
2024,Property Damage & Injury Accident,8:39,2024-11-30,Saturday,Y,Daylight,HIGHLANDS,OTHER,ORANGE,Curve and Level,Clear,,Dry,9W83021047,Not Applicable,"Overturned, Non-Collision",1,415088,36071,4753,2.6,13857119.0,5167.5,1527
2024,Property Damage Accident,18:20,2024-11-30,Saturday,Y,Dark-Road Lighted,MOUNT HOPE,OTHER,ORANGE,Curve and Grade,Clear,,Dry,,Not Applicable,"Other Object (Not Fixed)*, Collision With",1,415088,36071,4753,2.6,13857119.0,5167.5,1527
2024,Property Damage Accident,10:30,2024-11-30,Saturday,Y,Daylight,WALLKILL,SIDESWIPE,ORANGE,Straight and Level,Clear,,Dry,,Not Applicable,"Other Motor Vehicle, Collision With",2,415088,36071,4753,2.6,13857119.0,5167.5,1527
2024,Property Damage & Injury Accident,20:24,2024-11-30,Saturday,Y,Dark-Road Lighted,BREWSTER,OVERTAKING,PUTNAM,Curve at Hill Crest,Clear,,Dry,6 84041125,Not Applicable,"Other Motor Vehicle, Collision With",2,98842,36079,509,0.7,2746105.0,4089.2,375
2024,Property Damage & Injury Accident,23:45,2024-11-30,Saturday,Y,Dark-Road Unlighted,STONY POINT,OTHER,ROCKLAND,Curve and Level,Cloudy,No Passing Zone,Dry,987C85011182,Not Applicable,"Guide Rail - Not At End, Collision With Fixed Object",1,354829,36087,259,0.3,7336134.0,9989.2,886
2024,Property Damage & Injury Accident,17:07,2024-11-30,Saturday,Y,Dusk,ORANGETOWN,REAR END,ROCKLAND,Straight and Grade,Clear,Traffic Signal,Dry,303 85011009,Not Applicable,"Other Motor Vehicle, Collision With",2,354829,36087,259,0.3,7336134.0,9989.2,886
2024,Property Damage Accident,12:01,2024-11-30,Saturday,Y,Daylight,PLATTEKILL,LEFT TURN (3),ULSTER,Straight and Level,Clear,,Dry,,Not Applicable,"Other Motor Vehicle, Collision With",2,183095,36111,3565,1.2,6410502.0,3939.4,999
2024,Property Damage Accident,8:15,2024-11-30,Saturday,Y,Daylight,SAUGERTIES,OTHER,ULSTER,Straight and Level,Clear,No Passing Zone,Dry,212 86011169,Not Applicable,"Animal, Collision With",1,183095,36111,3565,1.2,6410502.0,3939.4,999
2024,Property Damage Accident,13:52,2024-11-30,Saturday,Y,Daylight,OLIVE,OTHER,ULSTER,Straight and Level,Clear,No Passing Zone,Dry,28 86012115,Not Applicable,Deer,1,183095,36111,3565,1.2,6410502.0,3939.4,999
2024,Property Damage & Injury Accident,17:05,2024-11-30,Saturday,Y,Dark-Road Unlighted,ULSTER,REAR END,ULSTER,Straight and Level,Clear,,Dry,,Not Applicable,"Other Motor Vehicle, Collision With",2,183095,36111,3565,1.2,6410502.0,3939.4,999
2024,Property Damage Accident,16:37,2024-11-30,Saturday,Y,Dusk,ROSENDALE,OTHER,ULSTER,Straight and Level,Clear,No Passing Zone,Dry,32 86021191,Not Applicable,"Other Motor Vehicle, Collision With",2,183095,36111,3565,1.2,6410502.0,3939.4,999
2024,Property Damage Accident,13:52,2024-11-30,Saturday,Y,Daylight,MARLBOROUGH,REAR END,ULSTER,Straight and Level,Cloudy,,Dry,9W86031059,Not Applicable,"Other Motor Vehicle, Collision With",2,183095,36111,3565,1.2,6410502.0,3939.4,999
2024,Property Damage Accident,4:35,2024-11-30,Saturday,Y,Dark-Road Lighted,YONKERS,REAR END,WESTCHESTER,Straight and Level,Clear,Traffic Signal,Dry,9 87031004,Not Applicable,"Other Motor Vehicle, Collision With",2,1009165,36119,850,0.8,18110248.0,6143.2,3354
2024,Property Damage Accident,19:29,2024-11-30,Saturday,Y,Dark-Road Lighted,HARRISON,Unknown,WESTCHESTER,Straight and Level,Clear,,Dry,984J87011010,Not Applicable,"Other Motor Vehicle, Collision With",2,1009165,36119,850,0.8,18110248.0,6143.2,3354
2024,Property Damage Accident,9:31,2024-11-30,Saturday,Y,Daylight,CORTLANDT,OVERTAKING,WESTCHESTER,Curve and Level,Clear,,Dry,6 87031038,Not Applicable,"Other Motor Vehicle, Collision With",2,1009165,36119,850,0.8,18110248.0,6143.2,3354
2024,Property Damage Accident,16:56,2024-11-30,Saturday,Y,Dark-Road Lighted,MOUNT PLEASANT,LEFT TURN (3),WESTCHESTER,Straight and Level,Clear,Traffic Signal,Dry,,Not Applicable,"Other Motor Vehicle, Collision With",2,1009165,36119,850,0.8,18110248.0,6143.2,3354
2024,Property Damage Accident,16:41,2024-11-30,Saturday,Y,Dark-Road Lighted,WHITE PLAINS,REAR END,WESTCHESTER,Straight and Level,Clear,,Dry,,Not Applicable,"Other Motor Vehicle, Collision With",2,1009165,36119,850,0.8,18110248.0,6143.2,3354
2024,Property Damage Accident,7:45,2024-11-30,Saturday,Y,Daylight,LARCHMONT,SIDESWIPE,WESTCHESTER,Straight and Level,Clear,,Dry,,Not Applicable,"Other Motor Vehicle, Collision With",2,1009165,36119,850,0.8,18110248.0,6143.2,3354
2024,Property Damage Accident,20:00,2024-11-30,Saturday,Y,Dark-Road Lighted,PELHAM,Unknown,WESTCHESTER,Straight and Level,Clear,,Dry,,Not Applicable,"Other Motor Vehicle, Collision With",2,1009165,36119,850,0.8,18110248.0,6143.2,3354
2024,Property Damage Accident,16:54,2024-11-30,Saturday,Y,Dark-Road Unlighted,HARRISON,REAR END,WESTCHESTER,Curve and Grade,Clear,,Dry,907W87024000,Not Applicable,"Other Motor Vehicle, Collision With",2,1009165,36119,850,0.8,18110248.0,6143.2,3354
2024,Property Damage Accident,9:41,2024-12-01,Sunday,Y,Daylight,POUGHKEEPSIE,RIGHT ANGLE,DUTCHESS,Straight and Grade,Clear,,Dry,9G82012010,Not Applicable,"Other Motor Vehicle, Collision With",2,299256,36027,1695,0.8,5987961.0,3975.0,1300
2024,Property Damage Accident,18:30,2024-12-01,Sunday,Y,Dark-Road Unlighted,RHINEBECK,OVERTAKING,DUTCHESS,Straight and Level,Clear,,Dry,982M82011001,Not Applicable,"Other Motor Vehicle, Collision With",2,299256,36027,1695,0.8,5987961.0,3975.0,1300
2024,Property Damage Accident,11:17,2024-12-01,Sunday,Y,Daylight,NEWBURGH,OVERTAKING,ORANGE,Straight and Level,Clear,,Dry,84I83013015,Not Applicable,"Other Motor Vehicle, Collision With",2,415088,36071,4753,2.6,13857119.0,5167.5,1527
2024,Property Damage Accident,19:36,2024-12-01,Sunday,Y,Dark-Road Lighted,MIDDLETOWN,RIGHT ANGLE,ORANGE,Straight and Level,Clear,Stop Sign,Dry,17M83012008,Not Applicable,"Other Motor Vehicle, Collision With",2,415088,36071,4753,2.6,13857119.0,5167.5,1527
2024,Property Damage & Injury Accident,19:42,2024-12-01,Sunday,Y,Dark-Road Unlighted,WALLKILL,OTHER,ORANGE,Straight and Level,Clear,,Dry,,Not Applicable,"Tree, Collision With Fixed Object",1,415088,36071,4753,2.6,13857119.0,5167.5,1527
2024,Property Damage Accident,21:40,2024-12-01,Sunday,N,Dark-Road Unlighted,WALLKILL,OVERTAKING,ORANGE,Straight and Level,Clear,,Dry,84I83011195,Not Applicable,"Other Motor Vehicle, Collision With",2,415088,36071,4753,2.6,13857119.0,5167.5,1527
2024,Property Damage Accident,13:58,2024-12-01,Sunday,Y,Daylight,TUXEDO,OTHER,ORANGE,Straight and Level,Clear,,Dry,,Not Applicable,"Other Motor Vehicle, Collision With",3,415088,36071,4753,2.6,13857119.0,5167.5,1527
2024,Property Damage Accident,18:16,2024-12-01,Sunday,Y,Dark-Road Unlighted,WARWICK,RIGHT ANGLE,ORANGE,Straight and Level,Clear,,Dry,17A83011096,Not Applicable,"Other Motor Vehicle, Collision With",2,415088,36071,4753,2.6,13857119.0,5167.5,1527
2024,Property Damage Accident,16:50,2024-12-01,Sunday,Y,Dark-Road Unlighted,NEWBURGH,REAR END,ORANGE,Curve and Level,Clear,,Dry,84I83013002,Not Applicable,"Other Motor Vehicle, Collision With",2,415088,36071,4753,2.6,13857119.0,5167.5,1527
2024,Property Damage Accident,12:15,2024-12-01,Sunday,Y,Daylight,HAMPTONBURGH,OTHER,ORANGE,Straight and Grade,Clear,,Dry,,Not Applicable,Deer,1,415088,36071,4753,2.6,13857119.0,5167.5,1527
2024,Property Damage & Injury Accident,15:26,2024-12-01,Sunday,Y,Daylight,PUTNAM VALLEY,OTHER,PUTNAM,Straight and Grade,Clear,No Passing Zone,Dry,,Not Applicable,"Guide Rail - End, Collision With Fixed Object",1,98842,36079,509,0.7,2746105.0,4089.2,375
2024,Property Damage Accident,18:17,2024-12-01,Sunday,Y,Dark-Road Unlighted,PUTNAM VALLEY,OTHER,PUTNAM,Curve and Grade,Clear,,Dry,987G84021053,Not Applicable,"Guide Rail - Not At End, Collision With Fixed Object",1,98842,36079,509,0.7,2746105.0,4089.2,375
2024,Property Damage Accident,9:40,2024-12-01,Sunday,Y,Daylight,NEW HEMPSTEAD,REAR END,ROCKLAND,Straight and Level,Clear,Traffic Signal,Dry,,Not Applicable,"Other Motor Vehicle, Collision With",2,354829,36087,259,0.3,7336134.0,9989.2,886
2024,Property Damage & Injury Accident,19:45,2024-12-01,Sunday,Y,Dark-Road Lighted,CLARKSTOWN,REAR END,ROCKLAND,Straight and Grade,Clear,,Dry,59 85011118,Not Applicable,"Other Motor Vehicle, Collision With",2,354829,36087,259,0.3,7336134.0,9989.2,886
2024,Property Damage Accident,16:40,2024-12-01,Sunday,Y,Daylight,CHESTNUT RIDGE,RIGHT ANGLE,ROCKLAND,Straight and Level,Clear,Stop Sign,Dry,45 85011004,Not Applicable,"Other Motor Vehicle, Collision With",2,354829,36087,259,0.3,7336134.0,9989.2,886
2024,Property Damage Accident,14:30,2024-12-01,Sunday,Y,Daylight,CLARKSTOWN,OVERTAKING,ROCKLAND,Straight and Level,Clear,Traffic Signal,Dry,59 85011125,Not Applicable,"Other Motor Vehicle, Collision With",2,354829,36087,259,0.3,7336134.0,9989.2,886
2024,Property Damage & Injury Accident,6:00,2024-12-01,Sunday,Y,Dark-Road Lighted,CLARKSTOWN,OTHER,ROCKLAND,Curve and Level,Clear,,Snow/Ice,,Not Applicable,"Guide Rail - Not At End, Collision With Fixed Object",1,354829,36087,259,0.3,7336134.0,9989.2,886
2024,Property Damage Accident,15:32,2024-12-01,Sunday,Y,Daylight,PEEKSKILL,RIGHT ANGLE,WESTCHESTER,Straight and Level,Clear,,Dry,6 87032027,Not Applicable,"Other Motor Vehicle, Collision With",2,1009165,36119,850,0.8,18110248.0,6143.2,3354
2024,Property Damage Accident,17:15,2024-12-01,Sunday,Y,Dawn,NEW ROCHELLE,REAR END,WESTCHESTER,Straight and Level,Clear,,Dry,907W87022008,Not Applicable,"Other Motor Vehicle, Collision With",2,1009165,36119,850,0.8,18110248.0,6143.2,3354
2024,Property Damage Accident,2:22,2024-12-01,Sunday,Y,Dark-Road Lighted,PORT CHESTER,LEFT TURN (3),WESTCHESTER,Straight and Level,Clear,Traffic Signal,Dry,982B87011009,Not Applicable,"Other Motor Vehicle, Collision With",2,1009165,36119,850,0.8,18110248.0,6143.2,3354
2024,Property Damage Accident,4:30,2024-12-01,Sunday,Y,Dark-Road Lighted,PLEASANTVILLE,OTHER,WESTCHESTER,Straight and Level,Clear,,Dry,987D87012130,Not Applicable,"Other Fixed Object*, Collision With Fixed Object",1,1009165,36119,850,0.8,18110248.0,6143.2,3354
2024,Property Damage Accident,18:15,2024-12-01,Sunday,N,Unknown,RYE,OTHER,WESTCHESTER,Unknown,Unknown,Unknown,Unknown,,Not Applicable,"Other Fixed Object*, Collision With Fixed Object",1,1009165,36119,850,0.8,18110248.0,6143.2,3354
2024,Property Damage Accident,1:17,2024-12-01,Sunday,Y,Dark-Road Lighted,HARRISON,OTHER,WESTCHESTER,Straight and Grade,Clear,,Dry,,Not Applicable,"Other Motor Vehicle, Collision With",3,1009165,36119,850,0.8,18110248.0,6143.2,3354
2024,Property Damage Accident,13:07,2024-12-01,Sunday,Y,Daylight,BRIARCLIFF MANOR,RIGHT ANGLE,WESTCHESTER,Straight and Grade,Clear,,Dry,,Not Applicable,"Other Motor Vehicle, Collision With",2,1009165,36119,850,0.8,18110248.0,6143.2,3354
2024,Property Damage Accident,21:51,2024-12-01,Sunday,Y,Dark-Road Lighted,NEW ROCHELLE,OTHER,WESTCHESTER,Straight and Grade,Clear,,Dry,1 87032015,Not Applicable,"Other Motor Vehicle, Collision With",4,1009165,36119,850,0.8,18110248.0,6143.2,3354
2024,Property Damage Accident,11:45,2024-12-01,Sunday,Y,Daylight,NORTH SALEM,LEFT TURN (3),WESTCHESTER,Straight and Level,Clear,Stop Sign,Dry,121 87011130,Not Applicable,"Other Motor Vehicle, Collision With",2,1009165,36119,850,0.8,18110248.0,6143.2,3354
2024,Property Damage & Injury Accident,11:04,2024-12-01,Sunday,Y,Daylight,CORTLANDT,OTHER,WESTCHESTER,Curve and Level,Clear,No Passing Zone,Dry,6 87031027,Not Applicable,"Other Motor Vehicle, Collision With",3,1009165,36119,850,0.8,18110248.0,6143.2,3354
2024,Property Damage Accident,19:12,2024-12-01,Sunday,Y,Dark-Road Lighted,NEW ROCHELLE,Unknown,WESTCHESTER,Straight and Level,Clear,,Dry,,Not Applicable,"Other Motor Vehicle, Collision With",2,1009165,36119,850,0.8,18110248.0,6143.2,3354
2024,Property Damage Accident,12:30,2024-12-01,Sunday,Y,Daylight,CORTLANDT,OVERTAKING,WESTCHESTER,Straight and Level,Clear,,Dry,,Not Applicable,"Other Motor Vehicle, Collision With",2,1009165,36119,850,0.8,18110248.0,6143.2,3354
2024,Property Damage Accident,8:58,2024-12-02,Monday,Y,Daylight,PLEASANT VALLEY,REAR END,DUTCHESS,Straight and Level,Clear,,Dry,115 82012046,Not Applicable,"Other Motor Vehicle, Collision With",2,299256,36027,1695,0.8,5987961.0,3975.0,1300
2024,Property Damage Accident,7:21,2024-12-02,Monday,Y,Daylight,WAPPINGER,SIDESWIPE,DUTCHESS,Straight and Level,Cloudy,,Snow/Ice,9 82051080,Not Applicable,"Other Motor Vehicle, Collision With",2,299256,36027,1695,0.8,5987961.0,3975.0,1300
2024,Property Damage & Injury Accident,16:46,2024-12-02,Monday,Y,Dusk,POUGHKEEPSIE,RIGHT ANGLE,DUTCHESS,Straight and Level,Clear,,Dry,,Not Applicable,"Other Motor Vehicle, Collision With",2,299256,36027,1695,0.8,5987961.0,3975.0,1300
2024,Property Damage Accident,6:11,2024-12-02,Monday,Y,Dark-Road Unlighted,HYDE PARK,OTHER,DUTCHESS,Straight and Level,Clear,,Dry,9 82053019,Not Applicable,Deer,1,299256,36027,1695,0.8,5987961.0,3975.0,1300
2024,Property Damage Accident,18:31,2024-12-02,Monday,Y,Dark-Road Lighted,WAPPINGER,RIGHT ANGLE,DUTCHESS,Straight and Level,Clear,Traffic Signal,Dry,9 82051074,Not Applicable,"Other Motor Vehicle, Collision With",2,299256,36027,1695,0.8,5987961.0,3975.0,1300
2024,Property Damage Accident,16:39,2024-12-02,Monday,Y,Dark-Road Lighted,POUGHKEEPSIE,REAR END,DUTCHESS,Straight and Level,Clear,Traffic Signal,Dry,,Not Applicable,"Other Motor Vehicle, Collision With",2,299256,36027,1695,0.8,5987961.0,3975.0,1300
2024,Property Damage Accident,8:13,2024-12-02,Monday,Y,Daylight,MIDDLETOWN,RIGHT TURN (6),ORANGE,Straight and Level,Cloudy,,Dry,,Not Applicable,"Other Motor Vehicle, Collision With",2,415088,36071,4753,2.6,13857119.0,5167.5,1527
2024,Property Damage Accident,17:19,2024-12-02,Monday,Y,Dark-Road Unlighted,WARWICK,SIDESWIPE,ORANGE,Straight at Hill Crest,Clear,,Dry,,Not Applicable,"Other Motor Vehicle, Collision With",2,415088,36071,4753,2.6,13857119.0,5167.5,1527
2024,Property Damage Accident,0:00,2024-12-02,Monday,N,Daylight,WARWICK,OTHER,ORANGE,Straight and Level,Clear,,Dry,,Not Applicable,Deer,1,415088,36071,4753,2.6,13857119.0,5167.5,1527
2024,Fatal Accident,2:00,2024-12-02,Monday,Y,Dark-Road Lighted,CORNWALL,HEAD ON,ORANGE,Straight and Level,Clear,Traffic Signal,Dry,32 83011097,Not Applicable,"Other Motor Vehicle, Collision With",2,415088,36071,4753,2.6,13857119.0,5167.5,1527
2024,Property Damage Accident,16:11,2024-12-02,Monday,Y,Daylight,NEWBURGH,OTHER,ORANGE,Straight and Level,Clear,,Dry,9W83023013,Not Applicable,"Other Motor Vehicle, Collision With",3,415088,36071,4753,2.6,13857119.0,5167.5,1527
2024,Property Damage Accident,19:30,2024-12-02,Monday,Y,Dark-Road Unlighted,MONTGOMERY,OTHER,ORANGE,Straight and Level,Clear,,Dry,208 83011180,Not Applicable,Deer,1,415088,36071,4753,2.6,13857119.0,5167.5,1527
2024,Property Damage & Injury Accident,17:20,2024-12-02,Monday,Y,Dark-Road Lighted,NEWBURGH,Unknown,ORANGE,Straight and Level,Clear,,Dry,52 83031163,Not Applicable,"Other Motor Vehicle, Collision With",2,415088,36071,4753,2.6,13857119.0,5167.5,1527
2024,Property Damage Accident,10:20,2024-12-02,Monday,Y,Daylight,HIGHLAND FALLS,Unknown,ORANGE,Straight and Level,Clear,Unknown,Dry,218 83011011,Not Applicable,"Other Motor Vehicle, Collision With",2,415088,36071,4753,2.6,13857119.0,5167.5,1527
2024,Property Damage Accident,11:24,2024-12-02,Monday,Y,Daylight,SPRING VALLEY,OVERTAKING,ROCKLAND,Straight and Level,Clear,,Dry,,Not Applicable,"Other Motor Vehicle, Collision With",2,354829,36087,259,0.3,7336134.0,9989.2,886
2024,Property Damage Accident,9:09,2024-12-02,Monday,Y,Daylight,RAMAPO,RIGHT ANGLE,ROCKLAND,Straight and Level,Clear,Stop Sign,Dry,,Not Applicable,"Other Motor Vehicle, Collision With",2,354829,36087,259,0.3,7336134.0,9989.2,886
2024,Property Damage Accident,16:13,2024-12-02,Monday,Y,Dusk,NYACK,RIGHT ANGLE,ROCKLAND,Straight and Level,Clear,,Dry,59 85011140,Not Applicable,"Other Motor Vehicle, Collision With",2,354829,36087,259,0.3,7336134.0,9989.2,886
2024,Property Damage Accident,7:50,2024-12-02,Monday,Y,Daylight,RAMAPO,REAR END,ROCKLAND,Straight and Level,Clear,Traffic Signal,Dry,45 85011047,Not Applicable,"Other Motor Vehicle, Collision With",2,354829,36087,259,0.3,7336134.0,9989.2,886
2024,Property Damage Accident,20:35,2024-12-02,Monday,Y,Dark-Road Lighted,SUFFERN,OTHER,ROCKLAND,Straight and Grade,Clear,No Passing Zone,Dry,59 85011024,Not Applicable,Deer,1,354829,36087,259,0.3,7336134.0,9989.2,886
2024,Property Damage & Injury Accident,15:15,2024-12-02,Monday,Y,Daylight,MONTEBELLO,RIGHT ANGLE,ROCKLAND,Straight and Level,Cloudy,Traffic Signal,Dry,,Not Applicable,"Other Motor Vehicle, Collision With",2,354829,36087,259,0.3,7336134.0,9989.2,886
2024,Property Damage Accident,16:19,2024-12-02,Monday,Y,Daylight,CLARKSTOWN,RIGHT ANGLE,ROCKLAND,Straight and Level,Cloudy,Stop Sign,Dry,,Not Applicable,"Other Motor Vehicle, Collision With",2,354829,36087,259,0.3,7336134.0,9989.2,886
2024,Property Damage Accident,9:15,2024-12-02,Monday,Y,Daylight,NEW PALTZ,REAR END,ULSTER,Straight and Level,Clear,Traffic Signal,Snow/Ice,208 86021127,Not Applicable,"Other Motor Vehicle, Collision With",2,183095,36111,3565,1.2,6410502.0,3939.4,999
2024,Property Damage & Injury Accident,10:01,2024-12-02,Monday,Y,Daylight,NEW PALTZ,RIGHT ANGLE,ULSTER,Straight and Level,Clear,Stop Sign,Dry,32 86021113,Not Applicable,"Other Motor Vehicle, Collision With",2,183095,36111,3565,1.2,6410502.0,3939.4,999
2024,Property Damage Accident,8:39,2024-12-02,Monday,Y,Daylight,NEW PALTZ,OTHER,ULSTER,Straight and Level,Clear,No Passing Zone,Dry,,Not Applicable,Deer,1,183095,36111,3565,1.2,6410502.0,3939.4,999
2024,Property Damage Accident,17:25,2024-12-02,Monday,Y,Dark-Road Lighted,NEW ROCHELLE,LEFT TURN (3),WESTCHESTER,Straight and Level,Clear,Stop Sign,Dry,,Not Applicable,"Other Motor Vehicle, Collision With",2,1009165,36119,850,0.8,18110248.0,6143.2,3354
2024,Property Damage Accident,10:31,2024-12-02,Monday,Y,Daylight,WHITE PLAINS,OVERTAKING,WESTCHESTER,Straight and Level,Clear,,Dry,,Not Applicable,"Other Motor Vehicle, Collision With",2,1009165,36119,850,0.8,18110248.0,6143.2,3354
2024,Property Damage Accident,8:35,2024-12-02,Monday,Y,Daylight,MOUNT VERNON,REAR END,WESTCHESTER,Straight and Level,Clear,,Dry,907W87021009,Not Applicable,"Other Motor Vehicle, Collision With",2,1009165,36119,850,0.8,18110248.0,6143.2,3354
2024,Property Damage Accident,16:10,2024-12-02,Monday,Y,Dusk,MOUNT VERNON,OVERTAKING,WESTCHESTER,Straight and Level,Clear,,Dry,,Not Applicable,"Other Motor Vehicle, Collision With",2,1009165,36119,850,0.8,18110248.0,6143.2,3354
2024,Property Damage Accident,17:47,2024-12-02,Monday,Y,Dark-Road Unlighted,WHITE PLAINS,OTHER,WESTCHESTER,Curve and Level,Clear,,Dry,,Not Applicable,"Guide Rail - Not At End, Collision With Fixed Object",1,1009165,36119,850,0.8,18110248.0,6143.2,3354
2024,Property Damage Accident,13:04,2024-12-02,Monday,Y,Daylight,TUCKAHOE,OVERTAKING,WESTCHESTER,Straight at Hill Crest,Clear,Traffic Signal,Dry,,Not Applicable,"Other Motor Vehicle, Collision With",2,1009165,36119,850,0.8,18110248.0,6143.2,3354
2024,Property Damage Accident,8:37,2024-12-02,Monday,Y,Daylight,PORT CHESTER,OVERTAKING,WESTCHESTER,Straight and Level,Clear,,Dry,1 87035000,Not Applicable,"Other Motor Vehicle, Collision With",2,1009165,36119,850,0.8,18110248.0,6143.2,3354
2024,Property Damage & Injury Accident,18:02,2024-12-02,Monday,Y,Dark-Road Unlighted,MOUNT PLEASANT,REAR END,WESTCHESTER,Curve and Grade,Clear,,Dry,987F87012081,Not Applicable,"Other Motor Vehicle, Collision With",2,1009165,36119,850,0.8,18110248.0,6143.2,3354
2024,Property Damage Accident,9:03,2024-12-02,Monday,Y,Daylight,YONKERS,OTHER,WESTCHESTER,Straight and Level,Clear,,Dry,9A87031000,Not Applicable,"Other Motor Vehicle, Collision With",7,1009165,36119,850,0.8,18110248.0,6143.2,3354
2024,Property Damage Accident,2:10,2024-12-02,Monday,Y,Dark-Road Lighted,HASTINGS ON HUDSON,OTHER,WESTCHESTER,Curve and Grade,Clear,Unknown,Dry,9 87032012,Not Applicable,"Curbing, Collision With Fixed Object",1,1009165,36119,850,0.8,18110248.0,6143.2,3354
2024,Injury Accident,17:11,2024-12-02,Monday,Y,Dark-Road Lighted,NEW ROCHELLE,OVERTAKING,WESTCHESTER,Straight and Level,Cloudy,,Dry,,Not Applicable,"Other Motor Vehicle, Collision With",2,1009165,36119,850,0.8,18110248.0,6143.2,3354
2024,Property Damage Accident,4:07,2024-12-02,Monday,Y,Dark-Road Unlighted,PELHAM MANOR,OTHER,WESTCHESTER,Straight and Level,Clear,,Dry,,Not Applicable,"Fire/Explosion, Non-Collision",1,1009165,36119,850,0.8,18110248.0,6143.2,3354
2024,Property Damage Accident,16:40,2024-12-02,Monday,Y,Daylight,ELMSFORD,OVERTAKING,WESTCHESTER,Straight and Level,Clear,,Dry,987F87012052,Not Applicable,"Other Motor Vehicle, Collision With",2,1009165,36119,850,0.8,18110248.0,6143.2,3354
2024,Property Damage Accident,14:52,2024-12-03,Tuesday,Y,Daylight,FISHKILL,REAR END,DUTCHESS,Straight and Level,Clear,,Dry,52 82042049,Not Applicable,"Other Motor Vehicle, Collision With",2,299256,36027,1695,0.8,5987961.0,3975.0,1300
2024,Property Damage Accident,13:49,2024-12-03,Tuesday,Y,Daylight,POUGHKEEPSIE,REAR END,DUTCHESS,Straight and Level,Cloudy,,Dry,44 82022003,Not Applicable,"Other Motor Vehicle, Collision With",2,299256,36027,1695,0.8,5987961.0,3975.0,1300
2024,Property Damage Accident,12:19,2024-12-03,Tuesday,Y,Daylight,HYDE PARK,RIGHT ANGLE,DUTCHESS,Straight and Level,Cloudy,No Passing Zone,Dry,,Not Applicable,"Other Motor Vehicle, Collision With",2,299256,36027,1695,0.8,5987961.0,3975.0,1300
2024,Property Damage Accident,17:00,2024-12-03,Tuesday,Y,Dark-Road Unlighted,CLINTON,OTHER,DUTCHESS,Straight and Level,Sleet/Hail/Freezing Rain,,Snow/Ice,987G82031258,Not Applicable,"Guide Rail - Not At End, Collision With Fixed Object",1,299256,36027,1695,0.8,5987961.0,3975.0,1300
2024,Property Damage Accident,17:26,2024-12-03,Tuesday,Y,Dark-Road Unlighted,AMENIA,OTHER,DUTCHESS,Curve and Grade,Snow,,Snow/Ice,,Not Applicable,"Earth Embankment/Rock Cut/Ditch, Collision With Fixed Object",1,299256,36027,1695,0.8,5987961.0,3975.0,1300