year,accident_descriptor,time,date,day_of_week,police_report,lighting_conditions,municipality,collision_type_descriptor,county_name,road_descriptor,weather_conditions,traffic_control_device,road_surface_conditions,dot_reference_marker_location,pedestrian_bicyclist_action,event_descriptor,number_of_vehicles_involved,county_population_2024,county_fips,county_deer_take_2024,county_antlerless_deer_per_sqmi_2024,county_daily_vmt_2019,county_mean_aadt_2019,county_aadt_segments_2019
2024,Property Damage Accident,14:55,2024-12-03,Tuesday,Y,Daylight,FISHKILL,OTHER,DUTCHESS,Straight and Level,Clear,Stop Sign,Dry,,Not Applicable,"Other Motor Vehicle, Collision With",2,299256,36027,1695,0.8,5987961.0,3975.0,1300
2024,Property Damage Accident,5:00,2024-12-03,Tuesday,Y,Dark-Road Unlighted,CLINTON,OTHER,DUTCHESS,Curve and Grade,Cloudy,,Snow/Ice,,Not Applicable,"Fence, Collision With Fixed Object",1,299256,36027,1695,0.8,5987961.0,3975.0,1300
2024,Property Damage Accident,18:15,2024-12-03,Tuesday,Y,Dark-Road Unlighted,NEWBURGH,OVERTAKING,ORANGE,Straight and Level,Clear,Traffic Signal,Dry,300 83021090,Not Applicable,"Other Motor Vehicle, Collision With",2,415088,36071,4753,2.6,13857119.0,5167.5,1527
2024,Property Damage & Injury Accident,23:56,2024-12-03,Tuesday,Y,Dark-Road Unlighted,CHESTER,REAR END,ORANGE,Straight and Grade,Cloudy,,Dry,17 83101197,Not Applicable,"Other Motor Vehicle, Collision With",2,415088,36071,4753,2.6,13857119.0,5167.5,1527
2024,Property Damage Accident,16:00,2024-12-03,Tuesday,Y,Daylight,HARRIMAN,LEFT TURN (3),ORANGE,Straight and Level,Clear,No Passing Zone,Dry,17M83013192,Not Applicable,"Other Motor Vehicle, Collision With",2,415088,36071,4753,2.6,13857119.0,5167.5,1527
2024,Property Damage & Injury Accident,16:24,2024-12-03,Tuesday,Y,Daylight,SOUTH BLOOMING GROVE,RIGHT ANGLE,ORANGE,Straight and Level,Clear,Stop Sign,Dry,208 83011013,Not Applicable,"Other Motor Vehicle, Collision With",2,415088,36071,4753,2.6,13857119.0,5167.5,1527
2024,Property Damage Accident,16:47,2024-12-03,Tuesday,Y,Dark-Road Unlighted,WARWICK,REAR END,ORANGE,Straight and Grade,Clear,,Dry,17A83011084,Not Applicable,"Other Motor Vehicle, Collision With",2,415088,36071,4753,2.6,13857119.0,5167.5,1527
2024,Property Damage Accident,12:52,2024-12-03,Tuesday,Y,Daylight,NEWBURGH,OVERTAKING,ORANGE,Straight and Level,Cloudy,,Dry,300 83021084,Not Applicable,"Other Motor Vehicle, Collision With",2,415088,36071,4753,2.6,13857119.0,5167.5,1527
2024,Property Damage Accident,12:10,2024-12-03,Tuesday,Y,Daylight,WOODBURY,OTHER,ORANGE,Straight and Level,Cloudy,Unknown,Dry,17 83101259,Not Applicable,"Other Motor Vehicle, Collision With",2,415088,36071,4753,2.6,13857119.0,5167.5,1527
2024,Property Damage Accident,20:27,2024-12-03,Tuesday,Y,Dark-Road Lighted,KIRYAS JOEL,OTHER,ORANGE,Straight at Hill Crest,Cloudy,,Dry,,Not Applicable,"Other Motor Vehicle, Collision With",2,415088,36071,4753,2.6,13857119.0,5167.5,1527
2024,Property Damage Accident,16:00,2024-12-03,Tuesday,Y,Dusk,WALLKILL,RIGHT ANGLE,ORANGE,Straight and Level,Clear,,Dry,211 83011098,Not Applicable,"Other Motor Vehicle, Collision With",2,415088,36071,4753,2.6,13857119.0,5167.5,1527
2024,Property Damage Accident,17:37,2024-12-03,Tuesday,Y,Dark-Road Lighted,CORNWALL,REAR END,ORANGE,Straight and Level,Clear,Traffic Signal,Dry,9W83021120,Not Applicable,"Other Motor Vehicle, Collision With",2,415088,36071,4753,2.6,13857119.0,5167.5,1527
2024,Property Damage Accident,21:37,2024-12-03,Tuesday,Y,Dark-Road Lighted,HAMPTONBURGH,OTHER,ORANGE,Straight and Grade,Clear,No Passing Zone,Dry,,Not Applicable,Deer,1,415088,36071,4753,2.6,13857119.0,5167.5,1527
2024,Property Damage & Injury Accident,14:20,2024-12-03,Tuesday,Y,Daylight,PUTNAM VALLEY,OTHER,PUTNAM,Curve and Grade,Cloudy,,Dry,,Not Applicable,"Light Support/Utility Pole, Collision With Fixed Object",1,98842,36079,509,0.7,2746105.0,4089.2,375
2024,Property Damage & Injury Accident,11:57,2024-12-03,Tuesday,Y,Daylight,SOUTHEAST,OTHER,PUTNAM,Straight and Level,Cloudy,,Dry,84I84031086,Not Applicable,"Other Motor Vehicle, Collision With",2,98842,36079,509,0.7,2746105.0,4089.2,375
2024,Property Damage Accident,8:55,2024-12-03,Tuesday,Y,Daylight,SOUTHEAST,LEFT TURN (3),PUTNAM,Straight and Level,Clear,No Passing Zone,Dry,22 84031077,Not Applicable,"Other Motor Vehicle, Collision With",2,98842,36079,509,0.7,2746105.0,4089.2,375
2024,Property Damage & Injury Accident,15:32,2024-12-03,Tuesday,Y,Daylight,KENT,OTHER,PUTNAM,Curve and Level,Cloudy,No Passing Zone,Dry,301 84011159,Not Applicable,"Earth Embankment/Rock Cut/Ditch, Collision With Fixed Object",1,98842,36079,509,0.7,2746105.0,4089.2,375
2024,Property Damage Accident,18:00,2024-12-03,Tuesday,Y,Dark-Road Lighted,PIERMONT,SIDESWIPE,ROCKLAND,Straight and Grade,Cloudy,Traffic Signal,Dry,340 85011016,Not Applicable,"Other Motor Vehicle, Collision With",2,354829,36087,259,0.3,7336134.0,9989.2,886
2024,Property Damage Accident,20:19,2024-12-03,Tuesday,Y,Dark-Road Unlighted,RAMAPO,REAR END,ROCKLAND,Straight and Grade,Clear,,Dry,987C85011123,Not Applicable,"Other Motor Vehicle, Collision With",2,354829,36087,259,0.3,7336134.0,9989.2,886
2024,Property Damage & Injury Accident,17:11,2024-12-03,Tuesday,Y,Dark-Road Unlighted,HILLBURN,OTHER,ROCKLAND,Straight and Level,Clear,,Dry,59 85011006,Not Applicable,"Tree, Collision With Fixed Object",1,354829,36087,259,0.3,7336134.0,9989.2,886
2024,Property Damage Accident,14:05,2024-12-03,Tuesday,Y,Daylight,ORANGETOWN,OTHER,ROCKLAND,Straight and Level,Cloudy,Officer/Guard,Dry,,Not Applicable,"Barrier, Collision With Fixed Object",1,354829,36087,259,0.3,7336134.0,9989.2,886
2024,Property Damage Accident,19:47,2024-12-03,Tuesday,Y,Dark-Road Lighted,RAMAPO,RIGHT ANGLE,ROCKLAND,Straight and Level,Clear,,Dry,,Not Applicable,"Other Motor Vehicle, Collision With",2,354829,36087,259,0.3,7336134.0,9989.2,886
2024,Property Damage Accident,18:26,2024-12-03,Tuesday,Y,Dark-Road Lighted,NEW PALTZ,RIGHT ANGLE,ULSTER,Straight and Level,Clear,Traffic Signal,Dry,299 86011069,Not Applicable,"Other Motor Vehicle, Collision With",2,183095,36111,3565,1.2,6410502.0,3939.4,999
2024,Property Damage Accident,12:25,2024-12-03,Tuesday,Y,Daylight,GREENBURGH,REAR END,WESTCHESTER,Straight and Level,Cloudy,Traffic Signal,Dry,100 87012005,Not Applicable,"Other Motor Vehicle, Collision With",2,1009165,36119,850,0.8,18110248.0,6143.2,3354
2024,Property Damage & Injury Accident,14:16,2024-12-03,Tuesday,Y,Daylight,PEEKSKILL,OTHER,WESTCHESTER,Straight and Level,Cloudy,,Dry,,Not Applicable,"Fence, Collision With Fixed Object",1,1009165,36119,850,0.8,18110248.0,6143.2,3354
2024,Property Damage Accident,22:20,2024-12-03,Tuesday,Y,Dark-Road Lighted,MOUNT PLEASANT,OVERTAKING,WESTCHESTER,Straight and Level,Clear,,Dry,9 87032098,Not Applicable,"Other Motor Vehicle, Collision With",2,1009165,36119,850,0.8,18110248.0,6143.2,3354
2024,Property Damage Accident,22:10,2024-12-03,Tuesday,Y,Dark-Road Lighted,CORTLANDT,OVERTAKING,WESTCHESTER,Straight and Level,Clear,Construction Work Area,Dry,9 87032191,Not Applicable,"Other Motor Vehicle, Collision With",2,1009165,36119,850,0.8,18110248.0,6143.2,3354
2024,Property Damage Accident,11:06,2024-12-03,Tuesday,Y,Daylight,PORT CHESTER,RIGHT ANGLE,WESTCHESTER,Straight and Grade,Clear,,Dry,,Not Applicable,"Other Motor Vehicle, Collision With",2,1009165,36119,850,0.8,18110248.0,6143.2,3354
2024,Property Damage & Injury Accident,17:22,2024-12-03,Tuesday,Y,Daylight,NEW CASTLE,REAR END,WESTCHESTER,Curve and Level,Cloudy,,Dry,987D87012160,Not Applicable,"Other Motor Vehicle, Collision With",2,1009165,36119,850,0.8,18110248.0,6143.2,3354
2024,Property Damage & Injury Accident,19:15,2024-12-03,Tuesday,Y,Dark-Road Lighted,NORTH CASTLE,RIGHT ANGLE,WESTCHESTER,Straight and Level,Cloudy,Traffic Signal,Dry,,Not Applicable,"Other Motor Vehicle, Collision With",2,1009165,36119,850,0.8,18110248.0,6143.2,3354
2024,Property Damage Accident,16:24,2024-12-03,Tuesday,Y,Dark-Road Lighted,OSSINING,REAR END,WESTCHESTER,Straight and Grade,Clear,,Dry,,Not Applicable,"Other Motor Vehicle, Collision With",2,1009165,36119,850,0.8,18110248.0,6143.2,3354
2024,Property Damage Accident,4:58,2024-12-03,Tuesday,Y,Dark-Road Lighted,MAMARONECK,OVERTAKING,WESTCHESTER,Straight and Level,Clear,,Dry,,Not Applicable,"Other Motor Vehicle, Collision With",2,1009165,36119,850,0.8,18110248.0,6143.2,3354
2024,Property Damage Accident,8:30,2024-12-03,Tuesday,Y,Daylight,HARRISON,SIDESWIPE,WESTCHESTER,Straight and Level,Cloudy,,Dry,,Not Applicable,"Other Motor Vehicle, Collision With",2,1009165,36119,850,0.8,18110248.0,6143.2,3354
2024,Property Damage Accident,17:35,2024-12-03,Tuesday,Y,Dark-Road Unlighted,MOUNT PLEASANT,REAR END,WESTCHESTER,Straight and Grade,Clear,,Dry,987G87011079,Not Applicable,"Other Motor Vehicle, Collision With",2,1009165,36119,850,0.8,18110248.0,6143.2,3354
2024,Property Damage Accident,17:05,2024-12-03,Tuesday,Y,Dark-Road Unlighted,SOMERS,REAR END,WESTCHESTER,Straight and Level,Sleet/Hail/Freezing Rain,No Passing Zone,Snow/Ice,100 87014213,Not Applicable,"Other Motor Vehicle, Collision With",2,1009165,36119,850,0.8,18110248.0,6143.2,3354
2024,Property Damage Accident,16:05,2024-12-04,Wednesday,Y,Dusk,BEEKMAN,REAR END,DUTCHESS,Straight and Level,Cloudy,,Dry,55 82032147,Not Applicable,"Other Motor Vehicle, Collision With",2,299256,36027,1695,0.8,5987961.0,3975.0,1300
2024,Property Damage Accident,6:50,2024-12-04,Wednesday,Y,Daylight,POUGHKEEPSIE,OTHER,DUTCHESS,Straight and Level,Clear,Other,Dry,115 82012025,Not Applicable,"Animal, Collision With",1,299256,36027,1695,0.8,5987961.0,3975.0,1300
2024,Property Damage Accident,17:02,2024-12-04,Wednesday,Y,Dark-Road Lighted,POUGHKEEPSIE,RIGHT ANGLE,DUTCHESS,Straight and Level,Clear,Traffic Signal,Dry,9 82051095,Not Applicable,"Other Motor Vehicle, Collision With",2,299256,36027,1695,0.8,5987961.0,3975.0,1300
2024,Property Damage Accident,16:52,2024-12-04,Wednesday,Y,Dark-Road Unlighted,EAST FISHKILL,OVERTAKING,DUTCHESS,Straight and Grade,Clear,,Dry,,Not Applicable,"Other Motor Vehicle, Collision With",2,299256,36027,1695,0.8,5987961.0,3975.0,1300
2024,Property Damage Accident,14:49,2024-12-04,Wednesday,Y,Daylight,POUGHKEEPSIE,REAR END,DUTCHESS,Straight and Level,Cloudy,Stopped School Bus-Red Lights Flashing,Dry,9 82051138,Not Applicable,"Other Motor Vehicle, Collision With",2,299256,36027,1695,0.8,5987961.0,3975.0,1300
2024,Property Damage Accident,14:26,2024-12-04,Wednesday,Y,Daylight,POUGHKEEPSIE,OTHER,DUTCHESS,Straight and Level,Cloudy,Traffic Signal,Dry,55 82032020,Not Applicable,"Ran Off Roadway Only, Non-Collision",1,299256,36027,1695,0.8,5987961.0,3975.0,1300
2024,Property Damage Accident,14:50,2024-12-04,Wednesday,Y,Daylight,CORNWALL,REAR END,ORANGE,Straight and Grade,Cloudy,Maintenance Work Area,Dry,,Not Applicable,"Other Motor Vehicle, Collision With",2,415088,36071,4753,2.6,13857119.0,5167.5,1527
2024,Property Damage Accident,22:32,2024-12-04,Wednesday,Y,Dark-Road Unlighted,CORNWALL,OVERTAKING,ORANGE,Straight and Level,Clear,,Wet,,Not Applicable,"Other Motor Vehicle, Collision With",2,415088,36071,4753,2.6,13857119.0,5167.5,1527
2024,Property Damage Accident,16:03,2024-12-04,Wednesday,Y,Daylight,WARWICK,OVERTAKING,ORANGE,Straight and Grade,Clear,Utility Work Area,Dry,94 83011031,Not Applicable,"Other Motor Vehicle, Collision With",2,415088,36071,4753,2.6,13857119.0,5167.5,1527
2024,Property Damage Accident,8:13,2024-12-04,Wednesday,Y,Daylight,CHESTER,OTHER,ORANGE,Straight and Level,Clear,Traffic Signal,Dry,94 83011148,Not Applicable,"Other Motor Vehicle, Collision With",2,415088,36071,4753,2.6,13857119.0,5167.5,1527
2024,Property Damage Accident,15:45,2024-12-04,Wednesday,Y,Daylight,MIDDLETOWN,REAR END,ORANGE,Straight and Level,Cloudy,,Dry,,Not Applicable,"Other Motor Vehicle, Collision With",2,415088,36071,4753,2.6,13857119.0,5167.5,1527
2024,Property Damage Accident,9:06,2024-12-04,Wednesday,Y,Daylight,CLARKSTOWN,REAR END,ROCKLAND,Straight and Level,Clear,,Dry,,Not Applicable,"Other Motor Vehicle, Collision With",2,354829,36087,259,0.3,7336134.0,9989.2,886
2024,Property Damage Accident,7:20,2024-12-04,Wednesday,Y,Daylight,CLARKSTOWN,OVERTAKING,ROCKLAND,Straight and Level,Clear,,Dry,,Not Applicable,"Other Motor Vehicle, Collision With",2,354829,36087,259,0.3,7336134.0,9989.2,886
2024,Property Damage & Injury Accident,15:14,2024-12-04,Wednesday,Y,Daylight,STONY POINT,OTHER,ROCKLAND,Straight and Level,Cloudy,,Dry,987C85011222,Not Applicable,"Guide Rail - Not At End, Collision With Fixed Object",1,354829,36087,259,0.3,7336134.0,9989.2,886
2024,Property Damage & Injury Accident,7:38,2024-12-04,Wednesday,Y,Daylight,CLARKSTOWN,REAR END,ROCKLAND,Straight and Level,Clear,Traffic Signal,Dry,59 85011082,Not Applicable,"Other Motor Vehicle, Collision With",2,354829,36087,259,0.3,7336134.0,9989.2,886
2024,Property Damage Accident,22:04,2024-12-04,Wednesday,Y,Dark-Road Lighted,ORANGETOWN,OTHER,ROCKLAND,Straight and Level,Clear,,Dry,987C85011027,Not Applicable,Deer,1,354829,36087,259,0.3,7336134.0,9989.2,886
2024,Property Damage Accident,1:30,2024-12-04,Wednesday,Y,Dark-Road Unlighted,SAUGERTIES,OTHER,ULSTER,Curve and Level,Clear,,Wet,,Not Applicable,"Median - Not At End, Collision With Fixed Object",1,183095,36111,3565,1.2,6410502.0,3939.4,999
2024,Property Damage & Injury Accident,11:35,2024-12-04,Wednesday,Y,Daylight,WOODSTOCK,RIGHT ANGLE,ULSTER,Straight and Level,Clear,Traffic Signal,Dry,28 86012056,Not Applicable,"Other Motor Vehicle, Collision With",2,183095,36111,3565,1.2,6410502.0,3939.4,999
2024,Property Damage Accident,7:00,2024-12-04,Wednesday,Y,Dawn,ELLENVILLE,OTHER,ULSTER,Straight and Level,Cloudy,,Dry,209 86031046,Not Applicable,Deer,1,183095,36111,3565,1.2,6410502.0,3939.4,999
2024,Property Damage Accident,15:57,2024-12-04,Wednesday,Y,Dusk,LLOYD,OTHER,ULSTER,Straight and Level,Cloudy,,Dry,44 86011264,Not Applicable,Deer,1,183095,36111,3565,1.2,6410502.0,3939.4,999
2024,Property Damage Accident,22:32,2024-12-04,Wednesday,Y,Dark-Road Unlighted,MARBLETOWN,OTHER,ULSTER,Curve and Grade,Snow,,Snow/Ice,,Not Applicable,"Earth Embankment/Rock Cut/Ditch, Collision With Fixed Object",1,183095,36111,3565,1.2,6410502.0,3939.4,999
2024,Property Damage Accident,19:01,2024-12-04,Wednesday,Y,Dark-Road Unlighted,LLOYD,OTHER,ULSTER,Curve and Level,Cloudy,No Passing Zone,Dry,9W86031107,Not Applicable,"Guide Rail - Not At End, Collision With Fixed Object",1,183095,36111,3565,1.2,6410502.0,3939.4,999
2024,Property Damage & Injury Accident,12:25,2024-12-04,Wednesday,Y,Daylight,NEW PALTZ,REAR END,ULSTER,Straight and Level,Cloudy,No Passing Zone,Dry,299 86011067,Not Applicable,"Other Motor Vehicle, Collision With",2,183095,36111,3565,1.2,6410502.0,3939.4,999
2024,Property Damage Accident,13:44,2024-12-04,Wednesday,Y,Daylight,ELMSFORD,OVERTAKING,WESTCHESTER,Straight and Level,Clear,,Dry,987F87012055,Not Applicable,"Other Motor Vehicle, Collision With",2,1009165,36119,850,0.8,18110248.0,6143.2,3354
2024,Property Damage & Injury Accident,11:15,2024-12-04,Wednesday,Y,Daylight,BEDFORD,OTHER,WESTCHESTER,Straight and Level,Clear,,Dry,684I87011169,Not Applicable,"Other Motor Vehicle, Collision With",2,1009165,36119,850,0.8,18110248.0,6143.2,3354
2024,Property Damage Accident,3:15,2024-12-04,Wednesday,Y,Dark-Road Unlighted,MAMARONECK,OTHER,WESTCHESTER,Straight and Level,Clear,Construction Work Area,Dry,,Not Applicable,"Fire/Explosion, Non-Collision",1,1009165,36119,850,0.8,18110248.0,6143.2,3354
2024,Property Damage Accident,9:41,2024-12-04,Wednesday,Y,Daylight,OSSINING,SIDESWIPE,WESTCHESTER,Straight and Level,Clear,,Dry,9 87032132,Not Applicable,"Other Motor Vehicle, Collision With",2,1009165,36119,850,0.8,18110248.0,6143.2,3354
2024,Property Damage Accident,20:17,2024-12-04,Wednesday,Y,Dark-Road Lighted,NEW ROCHELLE,LEFT TURN (0),WESTCHESTER,Straight and Level,Clear,Traffic Signal,Dry,1 87032010,Not Applicable,"Other Motor Vehicle, Collision With",2,1009165,36119,850,0.8,18110248.0,6143.2,3354
2024,Property Damage Accident,18:28,2024-12-04,Wednesday,Y,Dark-Road Lighted,PORT CHESTER,OTHER,WESTCHESTER,Straight and Level,Clear,,Dry,,Not Applicable,"Other Motor Vehicle, Collision With",3,1009165,36119,850,0.8,18110248.0,6143.2,3354
2024,Property Damage & Injury Accident,5:49,2024-12-04,Wednesday,Y,Dawn,YONKERS,RIGHT ANGLE,WESTCHESTER,Straight and Grade,Clear,,Dry,9 87031024,Not Applicable,"Other Motor Vehicle, Collision With",2,1009165,36119,850,0.8,18110248.0,6143.2,3354
2024,Property Damage Accident,16:21,2024-12-04,Wednesday,Y,Daylight,YONKERS,REAR END,WESTCHESTER,Straight and Level,Cloudy,,Dry,,Not Applicable,"Other Motor Vehicle, Collision With",2,1009165,36119,850,0.8,18110248.0,6143.2,3354
2024,Property Damage Accident,8:40,2024-12-04,Wednesday,Y,Daylight,OSSINING,OVERTAKING,WESTCHESTER,Straight and Grade,Clear,,Dry,,Not Applicable,"Other Motor Vehicle, Collision With",2,1009165,36119,850,0.8,18110248.0,6143.2,3354
2024,Property Damage Accident,17:30,2024-12-04,Wednesday,Y,Dark-Road Lighted,GREENBURGH,REAR END,WESTCHESTER,Straight and Level,Clear,,Dry,,Not Applicable,"Other Motor Vehicle, Collision With",2,1009165,36119,850,0.8,18110248.0,6143.2,3354
2024,Property Damage & Injury Accident,9:13,2024-12-04,Wednesday,Y,Daylight,YONKERS,OVERTAKING,WESTCHESTER,Straight and Level,Clear,,Dry,907K87011003,Not Applicable,"Other Motor Vehicle, Collision With",2,1009165,36119,850,0.8,18110248.0,6143.2,3354
2024,Property Damage & Injury Accident,21:49,2024-12-04,Wednesday,Y,Dark-Road Lighted,BEDFORD,OTHER,WESTCHESTER,Straight and Level,Clear,,Dry,22 87024141,Not Applicable,"Other Motor Vehicle, Collision With",3,1009165,36119,850,0.8,18110248.0,6143.2,3354
2024,Property Damage Accident,16:05,2024-12-04,Wednesday,Y,Daylight,BRIARCLIFF MANOR,OVERTAKING,WESTCHESTER,Straight and Level,Cloudy,,Dry,,Not Applicable,"Other Motor Vehicle, Collision With",2,1009165,36119,850,0.8,18110248.0,6143.2,3354
2024,Property Damage Accident,15:52,2024-12-04,Wednesday,Y,Daylight,NEW ROCHELLE,OVERTAKING,WESTCHESTER,Straight and Grade,Clear,Traffic Signal,Dry,,Not Applicable,"Other Motor Vehicle, Collision With",2,1009165,36119,850,0.8,18110248.0,6143.2,3354
2024,Property Damage Accident,16:40,2024-12-05,Thursday,Y,Daylight,POUGHKEEPSIE,LEFT TURN (0),DUTCHESS,Straight and Grade,Clear,,Dry,44 82022011,Not Applicable,"Other Motor Vehicle, Collision With",2,299256,36027,1695,0.8,5987961.0,3975.0,1300
2024,Property Damage Accident,6:44,2024-12-05,Thursday,Y,Dawn,WASHINGTON,OTHER,DUTCHESS,Straight and Grade,Snow,,Snow/Ice,44 82022176,Not Applicable,"Guide Rail - Not At End, Collision With Fixed Object",1,299256,36027,1695,0.8,5987961.0,3975.0,1300
2024,Property Damage Accident,9:02,2024-12-05,Thursday,Y,Daylight,POUGHKEEPSIE,RIGHT ANGLE,DUTCHESS,Straight and Level,Cloudy,Stop Sign,Wet,,Not Applicable,"Other Motor Vehicle, Collision With",2,299256,36027,1695,0.8,5987961.0,3975.0,1300
2024,Property Damage Accident,15:15,2024-12-05,Thursday,Y,Daylight,LA GRANGE,OTHER,DUTCHESS,Curve and Grade,Cloudy,No Passing Zone,Wet,,Not Applicable,"Other Motor Vehicle, Collision With",2,299256,36027,1695,0.8,5987961.0,3975.0,1300
2024,Property Damage Accident,6:35,2024-12-05,Thursday,Y,Dark-Road Unlighted,RHINEBECK,OTHER,DUTCHESS,Straight and Level,Snow,,Snow/Ice,9G82013167,Not Applicable,"Guide Rail - Not At End, Collision With Fixed Object",1,299256,36027,1695,0.8,5987961.0,3975.0,1300
2024,Property Damage Accident,5:40,2024-12-05,Thursday,Y,Dark-Road Unlighted,PLEASANT VALLEY,OTHER,DUTCHESS,Straight and Level,Snow,,Snow/Ice,987G82031189,Not Applicable,"Guide Rail - Not At End, Collision With Fixed Object",1,299256,36027,1695,0.8,5987961.0,3975.0,1300
2024,Property Damage Accident,7:15,2024-12-05,Thursday,Y,Dusk,NEW WINDSOR,OTHER,ORANGE,Straight and Grade,Snow,,Snow/Ice,,Not Applicable,"Tree, Collision With Fixed Object",1,415088,36071,4753,2.6,13857119.0,5167.5,1527
2024,Property Damage & Injury Accident,7:15,2024-12-05,Thursday,Y,Daylight,NEWBURGH,OTHER,ORANGE,Curve and Level,Snow,,Snow/Ice,,Not Applicable,"Tree, Collision With Fixed Object",1,415088,36071,4753,2.6,13857119.0,5167.5,1527
2024,Property Damage Accident,7:32,2024-12-05,Thursday,Y,Daylight,WARWICK,OTHER,ORANGE,Straight and Grade,Cloudy,,Snow/Ice,,Not Applicable,"Earth Embankment/Rock Cut/Ditch, Collision With Fixed Object",1,415088,36071,4753,2.6,13857119.0,5167.5,1527
2024,Property Damage Accident,7:45,2024-12-05,Thursday,Y,Daylight,WARWICK,OTHER,ORANGE,Curve and Grade,Cloudy,,Snow/Ice,,Not Applicable,"Earth Embankment/Rock Cut/Ditch, Collision With Fixed Object",1,415088,36071,4753,2.6,13857119.0,5167.5,1527
2024,Property Damage Accident,8:21,2024-12-05,Thursday,Y,Daylight,SOUTH BLOOMING GROVE,REAR END,ORANGE,Straight and Level,Clear,Traffic Signal,Wet,208 83011011,Not Applicable,"Other Motor Vehicle, Collision With",2,415088,36071,4753,2.6,13857119.0,5167.5,1527
2024,Property Damage Accident,6:00,2024-12-05,Thursday,Y,Dark-Road Unlighted,WAWAYANDA,OVERTAKING,ORANGE,Straight and Level,Snow,,Snow/Ice,84I83011135,Not Applicable,"Other Motor Vehicle, Collision With",2,415088,36071,4753,2.6,13857119.0,5167.5,1527
2024,Injury Accident,14:30,2024-12-05,Thursday,N,Unknown,NEW WINDSOR,REAR END,ORANGE,Unknown,Unknown,Unknown,Unknown,94 83011294,Not Applicable,"Other Motor Vehicle, Collision With",2,415088,36071,4753,2.6,13857119.0,5167.5,1527
2024,Property Damage Accident,8:06,2024-12-05,Thursday,Y,Daylight,SOUTHEAST,LEFT TURN (3),PUTNAM,Straight and Grade,Snow,Stop Sign,Snow/Ice,,Not Applicable,"Other Motor Vehicle, Collision With",2,98842,36079,509,0.7,2746105.0,4089.2,375
2024,Property Damage Accident,18:25,2024-12-05,Thursday,Y,Dark-Road Lighted,CLARKSTOWN,HEAD ON,ROCKLAND,Straight and Level,Clear,Traffic Signal,Dry,,Not Applicable,"Other Motor Vehicle, Collision With",2,354829,36087,259,0.3,7336134.0,9989.2,886
2024,Property Damage Accident,7:00,2024-12-05,Thursday,Y,Dawn,HAVERSTRAW,OTHER,ROCKLAND,Curve and Grade,Sleet/Hail/Freezing Rain,,Snow/Ice,,Not Applicable,"Earth Embankment/Rock Cut/Ditch, Collision With Fixed Object",1,354829,36087,259,0.3,7336134.0,9989.2,886
2024,Property Damage Accident,16:55,2024-12-05,Thursday,Y,Dusk,RAMAPO,RIGHT TURN (5),ROCKLAND,Straight and Level,Clear,Stop Sign,Dry,,Not Applicable,"Other Motor Vehicle, Collision With",2,354829,36087,259,0.3,7336134.0,9989.2,886
2024,Property Damage Accident,8:03,2024-12-05,Thursday,Y,Daylight,HAVERSTRAW,OTHER,ROCKLAND,Straight and Grade,Cloudy,,Snow/Ice,,Not Applicable,"Other Fixed Object*, Collision With Fixed Object",1,354829,36087,259,0.3,7336134.0,9989.2,886
2024,Property Damage Accident,13:32,2024-12-05,Thursday,Y,Daylight,SLOATSBURG,OTHER,ROCKLAND,Straight and Level,Cloudy,No Passing Zone,Dry,,Not Applicable,"Tree, Collision With Fixed Object",1,354829,36087,259,0.3,7336134.0,9989.2,886
2024,Property Damage Accident,6:45,2024-12-05,Thursday,Y,Dawn,SHAWANGUNK,OTHER,ULSTER,Straight and Level,Snow,No Passing Zone,Slush,,Not Applicable,"Fence, Collision With Fixed Object",1,183095,36111,3565,1.2,6410502.0,3939.4,999
2024,Property Damage & Injury Accident,23:02,2024-12-05,Thursday,Y,Dark-Road Lighted,RYE,REAR END,WESTCHESTER,Straight and Level,Clear,,Dry,,Not Applicable,"Other Motor Vehicle, Collision With",2,1009165,36119,850,0.8,18110248.0,6143.2,3354
2024,Property Damage Accident,10:23,2024-12-05,Thursday,Y,Daylight,MOUNT PLEASANT,OVERTAKING,WESTCHESTER,Straight and Grade,Cloudy,,Dry,,Not Applicable,"Other Motor Vehicle, Collision With",2,1009165,36119,850,0.8,18110248.0,6143.2,3354
2024,Injury Accident,15:59,2024-12-05,Thursday,Y,Dark-Road Lighted,RYE BROOKE,OTHER,WESTCHESTER,Straight and Grade,Clear,Stop Sign,Dry,,"Crossing, No Signal or Crosswalk","Pedestrian, Collision With",1,1009165,36119,850,0.8,18110248.0,6143.2,3354
2024,Property Damage Accident,10:48,2024-12-05,Thursday,Y,Daylight,YONKERS,RIGHT ANGLE,WESTCHESTER,Straight and Level,Clear,Traffic Signal,Wet,,Not Applicable,"Other Motor Vehicle, Collision With",2,1009165,36119,850,0.8,18110248.0,6143.2,3354
2024,Injury Accident,13:00,2024-12-05,Thursday,N,Unknown,YONKERS,Unknown,WESTCHESTER,Unknown,Unknown,Unknown,Unknown,9A87031006,Not Applicable,"Other Motor Vehicle, Collision With",2,1009165,36119,850,0.8,18110248.0,6143.2,3354
2024,Injury Accident,8:30,2024-12-05,Thursday,Y,Daylight,PORT CHESTER,OTHER,WESTCHESTER,Straight and Level,Cloudy,Traffic Signal,Dry,1 87035003,"Crossing, No Signal or Crosswalk","Pedestrian, Collision With",1,1009165,36119,850,0.8,18110248.0,6143.2,3354
2024,Injury Accident,22:40,2024-12-05,Thursday,Y,Dark-Road Lighted,ARDSLEY,OTHER,WESTCHESTER,Straight and Level,Clear,,Dry,9A87032024,"Crossing, No Signal, Marked Crosswalk","Pedestrian, Collision With",1,1009165,36119,850,0.8,18110248.0,6143.2,3354