year,accident_descriptor,time,date,day_of_week,police_report,lighting_conditions,municipality,collision_type_descriptor,county_name,road_descriptor,weather_conditions,traffic_control_device,road_surface_conditions,dot_reference_marker_location,pedestrian_bicyclist_action,event_descriptor,number_of_vehicles_involved,county_population_2024,county_fips,county_deer_take_2024,county_antlerless_deer_per_sqmi_2024,county_daily_vmt_2019,county_mean_aadt_2019,county_aadt_segments_2019
2024,Property Damage Accident,15:30,2024-12-05,Thursday,Y,Daylight,PEEKSKILL,RIGHT ANGLE,WESTCHESTER,Straight and Level,Clear,,Dry,,Not Applicable,"Other Motor Vehicle, Collision With",2,1009165,36119,850,0.8,18110248.0,6143.2,3354
2024,Property Damage Accident,23:26,2024-12-05,Thursday,Y,Dark-Road Unlighted,GREENBURGH,REAR END,WESTCHESTER,Straight and Level,Clear,,Dry,287I87011028,Not Applicable,"Other Motor Vehicle, Collision With",2,1009165,36119,850,0.8,18110248.0,6143.2,3354
2024,Property Damage Accident,5:18,2024-12-05,Thursday,Y,Dusk,YONKERS,OTHER,WESTCHESTER,Straight and Level,Clear,,Dry,,Not Applicable,"Other Motor Vehicle, Collision With",4,1009165,36119,850,0.8,18110248.0,6143.2,3354
2024,Property Damage & Injury Accident,17:05,2024-12-05,Thursday,Y,Daylight,MOUNT KISCO,OTHER,WESTCHESTER,Straight and Level,Clear,Traffic Signal,Dry,117 87011102,Not Applicable,"Other Motor Vehicle, Collision With",3,1009165,36119,850,0.8,18110248.0,6143.2,3354
2024,Property Damage & Injury Accident,13:24,2024-12-05,Thursday,Y,Daylight,CORTLANDT,HEAD ON,WESTCHESTER,Straight and Level,Cloudy,Traffic Signal,Dry,,Not Applicable,"Other Motor Vehicle, Collision With",2,1009165,36119,850,0.8,18110248.0,6143.2,3354
2024,Property Damage Accident,12:14,2024-12-05,Thursday,Y,Daylight,WHITE PLAINS,OVERTAKING,WESTCHESTER,Straight and Level,Cloudy,,Dry,127 87012021,Not Applicable,"Other Motor Vehicle, Collision With",2,1009165,36119,850,0.8,18110248.0,6143.2,3354
2024,Property Damage Accident,16:56,2024-12-05,Thursday,Y,Unknown,NEW ROCHELLE,OVERTAKING,WESTCHESTER,Straight and Level,Unknown,,Unknown,981V87011000,Not Applicable,"Other Motor Vehicle, Collision With",2,1009165,36119,850,0.8,18110248.0,6143.2,3354
2024,Property Damage Accident,7:30,2024-12-05,Thursday,Y,Daylight,NEW ROCHELLE,REAR END,WESTCHESTER,Straight and Grade,Snow,,Wet,907W87022023,Not Applicable,"Other Motor Vehicle, Collision With",2,1009165,36119,850,0.8,18110248.0,6143.2,3354
2024,Property Damage Accident,7:50,2024-12-06,Friday,Y,Daylight,POUGHKEEPSIE,RIGHT ANGLE,DUTCHESS,Straight and Level,Clear,Traffic Signal,Dry,983W82011000,Not Applicable,"Other Motor Vehicle, Collision With",2,299256,36027,1695,0.8,5987961.0,3975.0,1300
2024,Property Damage & Injury Accident,21:20,2024-12-06,Friday,Y,Dark-Road Unlighted,LA GRANGE,OTHER,DUTCHESS,Straight and Grade,Clear,Officer/Guard,Dry,,Not Applicable,"Light Support/Utility Pole, Collision With Fixed Object",1,299256,36027,1695,0.8,5987961.0,3975.0,1300
2024,Property Damage Accident,13:35,2024-12-06,Friday,Y,Daylight,WARWICK,OTHER,ORANGE,Straight and Level,Clear,,Dry,,Not Applicable,"Tree, Collision With Fixed Object",1,415088,36071,4753,2.6,13857119.0,5167.5,1527
2024,Property Damage & Injury Accident,17:20,2024-12-06,Friday,Y,Dark-Road Lighted,NEWBURGH,REAR END,ORANGE,Straight and Level,Clear,,Dry,84I83013007,Not Applicable,"Other Motor Vehicle, Collision With",2,415088,36071,4753,2.6,13857119.0,5167.5,1527
2024,Property Damage & Injury Accident,8:35,2024-12-06,Friday,Y,Daylight,MONTGOMERY,REAR END,ORANGE,Straight and Level,Clear,Traffic Signal,Dry,208 83011210,Not Applicable,"Other Motor Vehicle, Collision With",2,415088,36071,4753,2.6,13857119.0,5167.5,1527
2024,Property Damage Accident,22:50,2024-12-06,Friday,N,Unknown,BREWSTER,REAR END,PUTNAM,Unknown,Unknown,Unknown,Unknown,,Not Applicable,"Other Motor Vehicle, Collision With",2,98842,36079,509,0.7,2746105.0,4089.2,375
2024,Property Damage Accident,18:30,2024-12-06,Friday,Y,Dark-Road Unlighted,SOUTHEAST,HEAD ON,PUTNAM,Curve and Level,Clear,,Dry,,Not Applicable,"Other Motor Vehicle, Collision With",2,98842,36079,509,0.7,2746105.0,4089.2,375
2024,Property Damage Accident,11:54,2024-12-06,Friday,Y,Daylight,ORANGETOWN,OTHER,ROCKLAND,Straight and Level,Clear,,Dry,,Not Applicable,"Earth Embankment/Rock Cut/Ditch, Collision With Fixed Object",1,354829,36087,259,0.3,7336134.0,9989.2,886
2024,Property Damage Accident,15:00,2024-12-06,Friday,Y,Daylight,CLARKSTOWN,REAR END,ROCKLAND,Straight and Grade,Clear,,Dry,,Not Applicable,"Other Motor Vehicle, Collision With",2,354829,36087,259,0.3,7336134.0,9989.2,886
2024,Property Damage Accident,15:53,2024-12-06,Friday,Y,Daylight,CLARKSTOWN,OTHER,ROCKLAND,Straight and Level,Clear,,Dry,304 85011056,Not Applicable,Deer,1,354829,36087,259,0.3,7336134.0,9989.2,886
2024,Property Damage & Injury Accident,21:41,2024-12-06,Friday,Y,Dark-Road Lighted,SPRING VALLEY,REAR END,ROCKLAND,Straight and Level,Clear,,Dry,59 85011077,Not Applicable,"Other Motor Vehicle, Collision With",2,354829,36087,259,0.3,7336134.0,9989.2,886
2024,Property Damage & Injury Accident,12:15,2024-12-06,Friday,Y,Daylight,CLARKSTOWN,RIGHT ANGLE,ROCKLAND,Straight and Grade,Clear,,Dry,,Not Applicable,"Other Motor Vehicle, Collision With",2,354829,36087,259,0.3,7336134.0,9989.2,886
2024,Property Damage Accident,13:00,2024-12-06,Friday,Y,Daylight,KINGSTON,LEFT TURN (3),ULSTER,Straight and Level,Clear,,Dry,9W86034000,Not Applicable,"Other Motor Vehicle, Collision With",2,183095,36111,3565,1.2,6410502.0,3939.4,999
2024,Property Damage Accident,8:02,2024-12-06,Friday,Y,Daylight,MARLBOROUGH,OTHER,ULSTER,Straight and Level,Clear,,Dry,,Not Applicable,"Light Support/Utility Pole, Collision With Fixed Object",1,183095,36111,3565,1.2,6410502.0,3939.4,999
2024,Property Damage Accident,18:08,2024-12-06,Friday,Y,Dark-Road Unlighted,OLIVE,OTHER,ULSTER,Straight and Grade,Cloudy,,Dry,213 86011011,Not Applicable,Deer,1,183095,36111,3565,1.2,6410502.0,3939.4,999
2024,Property Damage & Injury Accident,8:09,2024-12-06,Friday,Y,Daylight,KINGSTON,RIGHT ANGLE,ULSTER,Straight and Level,Clear,Stop Sign,Dry,32 86022024,Not Applicable,"Other Motor Vehicle, Collision With",2,183095,36111,3565,1.2,6410502.0,3939.4,999
2024,Property Damage & Injury Accident,17:15,2024-12-06,Friday,Y,Dark-Road Unlighted,YONKERS,REAR END,WESTCHESTER,Curve and Grade,Clear,,Dry,,Not Applicable,"Other Motor Vehicle, Collision With",2,1009165,36119,850,0.8,18110248.0,6143.2,3354
2024,Property Damage Accident,7:33,2024-12-06,Friday,Y,Daylight,WHITE PLAINS,OVERTAKING,WESTCHESTER,Straight and Level,Clear,Traffic Signal,Dry,22 87023023,Not Applicable,"Other Motor Vehicle, Collision With",2,1009165,36119,850,0.8,18110248.0,6143.2,3354
2024,Property Damage Accident,16:33,2024-12-06,Friday,Y,Daylight,GREENBURGH,OTHER,WESTCHESTER,Straight and Level,Clear,,Dry,287I87011028,Not Applicable,"Other Motor Vehicle, Collision With",3,1009165,36119,850,0.8,18110248.0,6143.2,3354
2024,Property Damage Accident,18:11,2024-12-06,Friday,Y,Dusk,TUCKAHOE,REAR END,WESTCHESTER,Straight and Grade,Cloudy,No Passing Zone,Dry,,Not Applicable,"Other Motor Vehicle, Collision With",2,1009165,36119,850,0.8,18110248.0,6143.2,3354
2024,Property Damage Accident,21:00,2024-12-06,Friday,Y,Dark-Road Lighted,MOUNT VERNON,OTHER,WESTCHESTER,Straight and Level,Clear,,Dry,,Not Applicable,"Other Fixed Object*, Collision With Fixed Object",1,1009165,36119,850,0.8,18110248.0,6143.2,3354
2024,Property Damage Accident,15:00,2024-12-06,Friday,Y,Daylight,CORTLANDT,REAR END,WESTCHESTER,Straight and Level,Clear,No Passing Zone,Dry,6 87033017,Not Applicable,"Other Motor Vehicle, Collision With",2,1009165,36119,850,0.8,18110248.0,6143.2,3354
2024,Property Damage & Injury Accident,17:33,2024-12-06,Friday,Y,Dark-Road Lighted,YORKTOWN,OTHER,WESTCHESTER,Straight and Level,Clear,Stop Sign,Dry,,Not Applicable,"Other Motor Vehicle, Collision With",2,1009165,36119,850,0.8,18110248.0,6143.2,3354
2024,Property Damage Accident,17:15,2024-12-06,Friday,Y,Dark-Road Lighted,SCARSDALE,OVERTAKING,WESTCHESTER,Straight and Level,Clear,,Dry,,Not Applicable,"Other Motor Vehicle, Collision With",2,1009165,36119,850,0.8,18110248.0,6143.2,3354
2024,Property Damage Accident,14:30,2024-12-06,Friday,Y,Daylight,WHITE PLAINS,OVERTAKING,WESTCHESTER,Curve and Level,Clear,Traffic Signal,Dry,125 87012017,Not Applicable,"Other Motor Vehicle, Collision With",2,1009165,36119,850,0.8,18110248.0,6143.2,3354
2024,Property Damage Accident,11:30,2024-12-06,Friday,Y,Daylight,NORTH CASTLE,REAR END,WESTCHESTER,Straight and Level,Clear,Traffic Signal,Dry,22 87024066,Not Applicable,"Other Motor Vehicle, Collision With",2,1009165,36119,850,0.8,18110248.0,6143.2,3354
2024,Property Damage Accident,12:48,2024-12-06,Friday,Y,Daylight,NEW ROCHELLE,OVERTAKING,WESTCHESTER,Straight and Level,Clear,,Dry,,Not Applicable,"Other Motor Vehicle, Collision With",2,1009165,36119,850,0.8,18110248.0,6143.2,3354
2024,Property Damage & Injury Accident,14:03,2024-12-06,Friday,Y,Daylight,YONKERS,OTHER,WESTCHESTER,Straight and Level,Clear,Traffic Signal,Dry,983B87011004,"Crossing, With Signal","Pedestrian, Collision With",1,1009165,36119,850,0.8,18110248.0,6143.2,3354
2024,Property Damage Accident,22:52,2024-12-07,Saturday,Y,Dark-Road Unlighted,BEEKMAN,OTHER,DUTCHESS,Straight and Grade,Cloudy,,Dry,55 82032155,Not Applicable,Deer,1,299256,36027,1695,0.8,5987961.0,3975.0,1300
2024,Property Damage Accident,17:00,2024-12-07,Saturday,Y,Dusk,POUGHKEEPSIE,OTHER,DUTCHESS,Straight and Grade,Clear,Traffic Signal,Dry,55 82032012,Not Applicable,"Other Motor Vehicle, Collision With",2,299256,36027,1695,0.8,5987961.0,3975.0,1300
2024,Property Damage Accident,16:15,2024-12-07,Saturday,Y,Daylight,POUGHKEEPSIE,RIGHT ANGLE,DUTCHESS,Straight and Level,Clear,Stop Sign,Dry,,Not Applicable,"Other Motor Vehicle, Collision With",2,299256,36027,1695,0.8,5987961.0,3975.0,1300
2024,Property Damage Accident,13:15,2024-12-07,Saturday,Y,Daylight,WAPPINGER,REAR END,DUTCHESS,Straight and Level,Clear,Traffic Signal,Dry,9 82051062,Not Applicable,"Other Motor Vehicle, Collision With",2,299256,36027,1695,0.8,5987961.0,3975.0,1300
2024,Property Damage Accident,18:36,2024-12-07,Saturday,Y,Dark-Road Unlighted,HYDE PARK,OTHER,DUTCHESS,Straight and Grade,Clear,No Passing Zone,Dry,9 82053093,Not Applicable,"Animal, Collision With",1,299256,36027,1695,0.8,5987961.0,3975.0,1300
2024,Property Damage Accident,20:19,2024-12-07,Saturday,Y,Dark-Road Lighted,POUGHKEEPSIE,OVERTAKING,DUTCHESS,Straight and Level,Clear,,Dry,,Not Applicable,"Other Motor Vehicle, Collision With",2,299256,36027,1695,0.8,5987961.0,3975.0,1300
2024,Property Damage Accident,14:26,2024-12-07,Saturday,Y,Daylight,RHINEBECK,SIDESWIPE,DUTCHESS,Straight and Grade,Clear,,Dry,,Not Applicable,"Other Motor Vehicle, Collision With",2,299256,36027,1695,0.8,5987961.0,3975.0,1300
2024,Property Damage Accident,0:45,2024-12-07,Saturday,Y,Dark-Road Unlighted,NEW WINDSOR,REAR END,ORANGE,Straight and Grade,Cloudy,Construction Work Area,Dry,,Not Applicable,"Other Motor Vehicle, Collision With",2,415088,36071,4753,2.6,13857119.0,5167.5,1527
2024,Property Damage Accident,9:37,2024-12-07,Saturday,Y,Daylight,WARWICK,REAR END,ORANGE,Straight and Level,Clear,,Dry,,Not Applicable,"Other Motor Vehicle, Collision With",2,415088,36071,4753,2.6,13857119.0,5167.5,1527
2024,Property Damage & Injury Accident,12:44,2024-12-07,Saturday,Y,Daylight,WARWICK,REAR END,ORANGE,Straight and Level,Cloudy,No Passing Zone,Dry,17A83011101,Not Applicable,"Other Motor Vehicle, Collision With",2,415088,36071,4753,2.6,13857119.0,5167.5,1527
2024,Property Damage & Injury Accident,17:31,2024-12-07,Saturday,Y,Dark-Road Lighted,MIDDLETOWN,REAR END,ORANGE,Straight and Level,Cloudy,,Dry,,Not Applicable,"Other Motor Vehicle, Collision With",2,415088,36071,4753,2.6,13857119.0,5167.5,1527
2024,Property Damage Accident,16:40,2024-12-07,Saturday,Y,Dark-Road Unlighted,WARWICK,OTHER,ORANGE,Curve and Grade,Clear,,Dry,,Not Applicable,"Earth Embankment/Rock Cut/Ditch, Collision With Fixed Object",1,415088,36071,4753,2.6,13857119.0,5167.5,1527
2024,Property Damage & Injury Accident,16:21,2024-12-07,Saturday,Y,Dusk,GOSHEN,REAR END,ORANGE,Straight and Level,Clear,,Dry,17A83011016,Not Applicable,"Other Motor Vehicle, Collision With",2,415088,36071,4753,2.6,13857119.0,5167.5,1527
2024,Property Damage Accident,3:00,2024-12-07,Saturday,N,Dark-Road Unlighted,KENT,OTHER,PUTNAM,Curve and Level,Cloudy,,Dry,,Not Applicable,"Light Support/Utility Pole, Collision With Fixed Object",1,98842,36079,509,0.7,2746105.0,4089.2,375
2024,Property Damage & Injury Accident,7:06,2024-12-07,Saturday,Y,Daylight,PHILLIPSTOWN,RIGHT ANGLE,PUTNAM,Straight and Level,Cloudy,Traffic Signal,Dry,9 84041099,Not Applicable,"Other Motor Vehicle, Collision With",2,98842,36079,509,0.7,2746105.0,4089.2,375
2024,Property Damage Accident,19:40,2024-12-07,Saturday,Y,Dark-Road Unlighted,PUTNAM VALLEY,SIDESWIPE,PUTNAM,Straight at Hill Crest,Clear,No Passing Zone,Dry,,Not Applicable,"Other Motor Vehicle, Collision With",2,98842,36079,509,0.7,2746105.0,4089.2,375
2024,Property Damage Accident,6:41,2024-12-07,Saturday,Y,Daylight,CLARKSTOWN,OTHER,ROCKLAND,Straight and Level,Clear,,Dry,,Not Applicable,Deer,1,354829,36087,259,0.3,7336134.0,9989.2,886
2024,Property Damage Accident,11:47,2024-12-07,Saturday,Y,Daylight,ORANGETOWN,REAR END,ROCKLAND,Straight and Grade,Clear,Traffic Signal,Dry,,Not Applicable,"Other Motor Vehicle, Collision With",2,354829,36087,259,0.3,7336134.0,9989.2,886
2024,Property Damage Accident,15:52,2024-12-07,Saturday,Y,Daylight,CLARKSTOWN,OVERTAKING,ROCKLAND,Curve and Level,Cloudy,,Dry,,Not Applicable,"Other Motor Vehicle, Collision With",2,354829,36087,259,0.3,7336134.0,9989.2,886
2024,Property Damage Accident,17:52,2024-12-07,Saturday,Y,Daylight,WOODSTOCK,OVERTAKING,ULSTER,Straight and Level,Clear,,Dry,212 86011118,Not Applicable,"Other Motor Vehicle, Collision With",2,183095,36111,3565,1.2,6410502.0,3939.4,999
2024,Property Damage Accident,20:52,2024-12-07,Saturday,Y,Dark-Road Unlighted,ULSTER,OTHER,ULSTER,Straight and Grade,Clear,,Dry,,Not Applicable,"Animal, Collision With",1,183095,36111,3565,1.2,6410502.0,3939.4,999
2024,Property Damage Accident,17:20,2024-12-07,Saturday,Y,Dark-Road Unlighted,SHAWANGUNK,LEFT TURN (3),ULSTER,Straight and Level,Clear,,Dry,,Not Applicable,"Other Motor Vehicle, Collision With",2,183095,36111,3565,1.2,6410502.0,3939.4,999
2024,Property Damage Accident,19:01,2024-12-07,Saturday,Y,Dark-Road Unlighted,SHAWANGUNK,OTHER,ULSTER,Straight and Level,Clear,,Dry,52 86021177,Not Applicable,Deer,1,183095,36111,3565,1.2,6410502.0,3939.4,999
2024,Property Damage Accident,21:16,2024-12-07,Saturday,Y,Dark-Road Unlighted,HARRISON,REAR END,WESTCHESTER,Straight and Level,Clear,,Dry,120 87012003,Not Applicable,"Other Motor Vehicle, Collision With",2,1009165,36119,850,0.8,18110248.0,6143.2,3354
2024,Property Damage Accident,11:42,2024-12-07,Saturday,Y,Daylight,NEW ROCHELLE,SIDESWIPE,WESTCHESTER,Straight and Level,Clear,,Dry,1 87032012,Not Applicable,"Other Motor Vehicle, Collision With",2,1009165,36119,850,0.8,18110248.0,6143.2,3354
2024,Property Damage Accident,12:40,2024-12-07,Saturday,Y,Daylight,YONKERS,SIDESWIPE,WESTCHESTER,Straight and Level,Clear,,Dry,,Not Applicable,"Other Motor Vehicle, Collision With",2,1009165,36119,850,0.8,18110248.0,6143.2,3354
2024,Property Damage & Injury Accident,13:45,2024-12-07,Saturday,Y,Daylight,IRVINGTON,OTHER,WESTCHESTER,Straight and Level,Clear,Stop Sign,Dry,9 87032037,Not Applicable,"Building/Wall, Collision With Fixed Object",1,1009165,36119,850,0.8,18110248.0,6143.2,3354
2024,Property Damage Accident,20:25,2024-12-07,Saturday,Y,Dark-Road Lighted,RYE,OVERTAKING,WESTCHESTER,Straight and Level,Clear,,Dry,120 87011003,Not Applicable,"Other Motor Vehicle, Collision With",2,1009165,36119,850,0.8,18110248.0,6143.2,3354
2024,Property Damage Accident,14:10,2024-12-07,Saturday,Y,Daylight,NEW ROCHELLE,OVERTAKING,WESTCHESTER,Curve and Grade,Clear,Construction Work Area,Dry,981V87011003,Not Applicable,"Other Motor Vehicle, Collision With",2,1009165,36119,850,0.8,18110248.0,6143.2,3354
2024,Property Damage Accident,15:28,2024-12-07,Saturday,Y,Daylight,RYE,OVERTAKING,WESTCHESTER,Straight and Level,Clear,,Dry,287I87011110,Not Applicable,"Other Motor Vehicle, Collision With",2,1009165,36119,850,0.8,18110248.0,6143.2,3354
2024,Property Damage Accident,16:12,2024-12-07,Saturday,Y,Daylight,NEW ROCHELLE,LEFT TURN (3),WESTCHESTER,Straight and Level,Clear,,Dry,,Not Applicable,"Other Motor Vehicle, Collision With",2,1009165,36119,850,0.8,18110248.0,6143.2,3354
2024,Property Damage Accident,0:10,2024-12-07,Saturday,Y,Dark-Road Unlighted,MOUNT PLEASANT,OTHER,WESTCHESTER,Curve and Level,Cloudy,,Dry,987G87011045,Not Applicable,"Barrier, Collision With Fixed Object",1,1009165,36119,850,0.8,18110248.0,6143.2,3354
2024,Property Damage Accident,17:10,2024-12-07,Saturday,Y,Dark-Road Lighted,PEEKSKILL,OTHER,WESTCHESTER,Straight and Grade,Clear,,Dry,,Not Applicable,"Other Motor Vehicle, Collision With",3,1009165,36119,850,0.8,18110248.0,6143.2,3354
2024,Property Damage Accident,20:53,2024-12-08,Sunday,Y,Dark-Road Unlighted,FISHKILL,OTHER,DUTCHESS,Straight and Level,Clear,,Dry,,Not Applicable,"Animal, Collision With",1,299256,36027,1695,0.8,5987961.0,3975.0,1300
2024,Property Damage Accident,17:02,2024-12-08,Sunday,Y,Dark-Road Lighted,HYDE PARK,REAR END,DUTCHESS,Straight and Level,Clear,Traffic Signal,Dry,9 82053035,Not Applicable,"Other Motor Vehicle, Collision With",2,299256,36027,1695,0.8,5987961.0,3975.0,1300
2024,Property Damage Accident,15:34,2024-12-08,Sunday,Y,Dusk,POUGHKEEPSIE,OVERTAKING,DUTCHESS,Straight and Level,Cloudy,,Dry,9 82051138,Not Applicable,"Other Motor Vehicle, Collision With",2,299256,36027,1695,0.8,5987961.0,3975.0,1300
2024,Property Damage Accident,15:19,2024-12-08,Sunday,Y,Daylight,WALLKILL,LEFT TURN (3),ORANGE,Straight and Level,Clear,,Dry,,Not Applicable,"Other Motor Vehicle, Collision With",2,415088,36071,4753,2.6,13857119.0,5167.5,1527
2024,Property Damage Accident,4:17,2024-12-08,Sunday,Y,Dark-Road Lighted,NEW WINDSOR,OTHER,ORANGE,Straight and Level,Clear,Stop Sign,Dry,,Not Applicable,"Tree, Collision With Fixed Object",1,415088,36071,4753,2.6,13857119.0,5167.5,1527
2024,Property Damage Accident,20:16,2024-12-08,Sunday,Y,Dark-Road Unlighted,NEW WINDSOR,OTHER,ORANGE,Curve and Grade,Clear,No Passing Zone,Dry,207 83011136,Not Applicable,"Other Fixed Object*, Collision With Fixed Object",1,415088,36071,4753,2.6,13857119.0,5167.5,1527
2024,Property Damage Accident,14:10,2024-12-08,Sunday,Y,Daylight,MONTGOMERY,OTHER,ORANGE,Straight and Level,Clear,,Dry,,Not Applicable,Deer,1,415088,36071,4753,2.6,13857119.0,5167.5,1527
2024,Property Damage Accident,17:37,2024-12-08,Sunday,Y,Dark-Road Unlighted,WARWICK,OTHER,ORANGE,Straight and Grade,Clear,,Dry,,Not Applicable,Deer,1,415088,36071,4753,2.6,13857119.0,5167.5,1527
2024,Property Damage Accident,19:15,2024-12-08,Sunday,Y,Dark-Road Lighted,MIDDLETOWN,HEAD ON,ORANGE,Straight and Level,Clear,Traffic Signal,Dry,17M83012016,Not Applicable,"Other Motor Vehicle, Collision With",2,415088,36071,4753,2.6,13857119.0,5167.5,1527
2024,Property Damage Accident,20:15,2024-12-08,Sunday,Y,Dark-Road Lighted,DEERPARK,LEFT TURN (3),ORANGE,Straight and Level,Clear,Stop Sign,Dry,6 83012000,Not Applicable,"Other Motor Vehicle, Collision With",2,415088,36071,4753,2.6,13857119.0,5167.5,1527
2024,Property Damage Accident,19:27,2024-12-08,Sunday,Y,Dark-Road Lighted,WOODBURY,Unknown,ORANGE,Straight and Level,Cloudy,Unknown,Dry,17 83101258,Not Applicable,"Other Motor Vehicle, Collision With",2,415088,36071,4753,2.6,13857119.0,5167.5,1527
2024,Property Damage & Injury Accident,17:07,2024-12-08,Sunday,Y,Dark-Road Unlighted,CRAWFORD,OTHER,ORANGE,Straight at Hill Crest,Clear,,Dry,,Not Applicable,"Culver/Head Wall, Collision With Fixed Object",1,415088,36071,4753,2.6,13857119.0,5167.5,1527
2024,Property Damage Accident,15:16,2024-12-08,Sunday,Y,Daylight,CARMEL,RIGHT ANGLE,PUTNAM,Straight and Level,Cloudy,Traffic Signal,Dry,6 84041005,Not Applicable,"Other Motor Vehicle, Collision With",2,98842,36079,509,0.7,2746105.0,4089.2,375
2024,Property Damage Accident,22:52,2024-12-08,Sunday,Y,Dark-Road Unlighted,PHILLIPSTOWN,OTHER,PUTNAM,Straight and Grade,Clear,No Passing Zone,Dry,9D84021090,Not Applicable,"Guide Rail - End, Collision With Fixed Object",1,98842,36079,509,0.7,2746105.0,4089.2,375
2024,Property Damage & Injury Accident,15:55,2024-12-08,Sunday,Y,Daylight,HAVERSTRAW,LEFT TURN (3),ROCKLAND,Straight and Level,Clear,Stop Sign,Dry,202 85011094,Not Applicable,"Other Motor Vehicle, Collision With",2,354829,36087,259,0.3,7336134.0,9989.2,886
2024,Property Damage Accident,17:58,2024-12-08,Sunday,Y,Dark-Road Lighted,CLARKSTOWN,LEFT TURN (3),ROCKLAND,Straight at Hill Crest,Clear,Traffic Signal,Dry,,Not Applicable,"Other Motor Vehicle, Collision With",2,354829,36087,259,0.3,7336134.0,9989.2,886
2024,Property Damage Accident,13:32,2024-12-08,Sunday,Y,Daylight,RAMAPO,OVERTAKING,ROCKLAND,Straight and Level,Cloudy,,Dry,45 85011044,Not Applicable,"Other Motor Vehicle, Collision With",2,354829,36087,259,0.3,7336134.0,9989.2,886
2024,Property Damage Accident,23:33,2024-12-08,Sunday,Y,Dark-Road Unlighted,HAVERSTRAW,OTHER,ROCKLAND,Straight and Level,Cloudy,,Dry,987C85011158,Not Applicable,Deer,1,354829,36087,259,0.3,7336134.0,9989.2,886
2024,Property Damage & Injury Accident,18:41,2024-12-08,Sunday,Y,Dark-Road Lighted,NEW HEMPSTEAD,OTHER,ROCKLAND,Straight and Level,Clear,Traffic Signal,Dry,45 85011053,Not Applicable,"Other Motor Vehicle, Collision With",3,354829,36087,259,0.3,7336134.0,9989.2,886
2024,Property Damage & Injury Accident,22:40,2024-12-08,Sunday,Y,Dark-Road Unlighted,HAVERSTRAW,OTHER,ROCKLAND,Straight and Level,Clear,,Dry,,Not Applicable,"Fence, Collision With Fixed Object",1,354829,36087,259,0.3,7336134.0,9989.2,886
2024,Property Damage Accident,18:30,2024-12-08,Sunday,Y,Dark-Road Lighted,HAVERSTRAW,RIGHT ANGLE,ROCKLAND,Straight and Level,Clear,Traffic Signal,Dry,202 85011091,Not Applicable,"Other Motor Vehicle, Collision With",2,354829,36087,259,0.3,7336134.0,9989.2,886
2024,Property Damage & Injury Accident,8:17,2024-12-08,Sunday,Y,Daylight,LLOYD,REAR END,ULSTER,Straight and Level,Clear,,Dry,9W86031106,Not Applicable,"Other Motor Vehicle, Collision With",2,183095,36111,3565,1.2,6410502.0,3939.4,999
2024,Property Damage & Injury Accident,17:39,2024-12-08,Sunday,Y,Dark-Road Lighted,KINGSTON,HEAD ON,ULSTER,Straight and Level,Clear,,Dry,32 86022018,Not Applicable,"Other Motor Vehicle, Collision With",2,183095,36111,3565,1.2,6410502.0,3939.4,999
2024,Property Damage Accident,2:14,2024-12-08,Sunday,Y,Dark-Road Unlighted,OLIVE,OTHER,ULSTER,Straight and Level,Snow,No Passing Zone,Snow/Ice,28 86012111,Not Applicable,"Light Support/Utility Pole, Collision With Fixed Object",1,183095,36111,3565,1.2,6410502.0,3939.4,999
2024,Property Damage Accident,8:49,2024-12-08,Sunday,Y,Daylight,SAUGERTIES,OTHER,ULSTER,Curve and Grade,Snow,No Passing Zone,Slush,32 86023170,Not Applicable,"Sign Post, Collision With Fixed Object",1,183095,36111,3565,1.2,6410502.0,3939.4,999
2024,Property Damage Accident,14:55,2024-12-08,Sunday,Y,Daylight,ULSTER,REAR END,ULSTER,Straight and Level,Cloudy,Traffic Signal,Dry,9W86035018,Not Applicable,"Other Motor Vehicle, Collision With",2,183095,36111,3565,1.2,6410502.0,3939.4,999
2024,Property Damage Accident,20:24,2024-12-08,Sunday,Y,Dark-Road Lighted,GREENBURGH,OVERTAKING,WESTCHESTER,Straight and Level,Clear,,Dry,100A87011000,Not Applicable,"Other Motor Vehicle, Collision With",2,1009165,36119,850,0.8,18110248.0,6143.2,3354
2024,Property Damage Accident,0:47,2024-12-08,Sunday,Y,Dark-Road Lighted,PEEKSKILL,OTHER,WESTCHESTER,Straight and Level,Clear,,Dry,,Not Applicable,"Other Motor Vehicle, Collision With",4,1009165,36119,850,0.8,18110248.0,6143.2,3354
2024,Property Damage Accident,15:21,2024-12-08,Sunday,Y,Daylight,YONKERS,REAR END,WESTCHESTER,Straight and Level,Clear,,Dry,907K87011013,Not Applicable,"Other Motor Vehicle, Collision With",2,1009165,36119,850,0.8,18110248.0,6143.2,3354
2024,Property Damage Accident,8:30,2024-12-08,Sunday,Y,Daylight,NEW ROCHELLE,REAR END,WESTCHESTER,Straight and Level,Clear,,Dry,,Not Applicable,"Other Motor Vehicle, Collision With",2,1009165,36119,850,0.8,18110248.0,6143.2,3354
2024,Property Damage Accident,14:42,2024-12-08,Sunday,Y,Daylight,YONKERS,OVERTAKING,WESTCHESTER,Straight at Hill Crest,Clear,,Dry,907K87011013,Not Applicable,"Other Motor Vehicle, Collision With",2,1009165,36119,850,0.8,18110248.0,6143.2,3354