year,accident_descriptor,time,date,day_of_week,police_report,lighting_conditions,municipality,collision_type_descriptor,county_name,road_descriptor,weather_conditions,traffic_control_device,road_surface_conditions,dot_reference_marker_location,pedestrian_bicyclist_action,event_descriptor,number_of_vehicles_involved,county_population_2024,county_fips,county_deer_take_2024,county_antlerless_deer_per_sqmi_2024,county_daily_vmt_2019,county_mean_aadt_2019,county_aadt_segments_2019
2024,Property Damage & Injury Accident,15:34,2024-12-09,Monday,Y,Daylight,POUGHKEEPSIE,OTHER,DUTCHESS,Straight at Hill Crest,Rain,,Wet,113 82011014,Not Applicable,"Animal, Collision With",1,299256,36027,1695,0.8,5987961.0,3975.0,1300
2024,Property Damage Accident,11:44,2024-12-09,Monday,Y,Daylight,POUGHKEEPSIE,RIGHT ANGLE,DUTCHESS,Straight and Level,Rain,,Wet,,Not Applicable,"Other Motor Vehicle, Collision With",2,299256,36027,1695,0.8,5987961.0,3975.0,1300
2024,Property Damage Accident,12:30,2024-12-09,Monday,Y,Daylight,FISHKILL,REAR END,DUTCHESS,Straight and Level,Rain,No Passing Zone,Wet,52 82042043,Not Applicable,"Other Motor Vehicle, Collision With",2,299256,36027,1695,0.8,5987961.0,3975.0,1300
2024,Property Damage Accident,10:55,2024-12-09,Monday,Y,Daylight,BEACON,OVERTAKING,DUTCHESS,Straight and Level,Cloudy,,Dry,,Not Applicable,"Other Motor Vehicle, Collision With",2,299256,36027,1695,0.8,5987961.0,3975.0,1300
2024,Property Damage Accident,12:39,2024-12-09,Monday,Y,Daylight,POUGHKEEPSIE,REAR END,DUTCHESS,Straight and Level,Rain,Yield Sign,Wet,9G82011001,Not Applicable,"Other Motor Vehicle, Collision With",2,299256,36027,1695,0.8,5987961.0,3975.0,1300
2024,Property Damage Accident,15:56,2024-12-09,Monday,Y,Dusk,WAPPINGER,OTHER,DUTCHESS,Straight and Grade,Rain,No Passing Zone,Wet,,Not Applicable,"Earth Embankment/Rock Cut/Ditch, Collision With Fixed Object",1,299256,36027,1695,0.8,5987961.0,3975.0,1300
2024,Property Damage Accident,9:32,2024-12-09,Monday,Y,Daylight,CORNWALL ON HUDSON,Unknown,ORANGE,Straight and Level,Cloudy,Unknown,Dry,218 83011091,Not Applicable,"Other Motor Vehicle, Collision With",2,415088,36071,4753,2.6,13857119.0,5167.5,1527
2024,Property Damage Accident,8:10,2024-12-09,Monday,Y,Daylight,MIDDLETOWN,OTHER,ORANGE,Straight and Level,Clear,,Dry,,Not Applicable,"Light Support/Utility Pole, Collision With Fixed Object",1,415088,36071,4753,2.6,13857119.0,5167.5,1527
2024,Property Damage Accident,13:41,2024-12-09,Monday,Y,Daylight,NEWBURGH,RIGHT ANGLE,ORANGE,Straight and Level,Rain,Traffic Signal,Wet,,Not Applicable,"Other Motor Vehicle, Collision With",2,415088,36071,4753,2.6,13857119.0,5167.5,1527
2024,Property Damage & Injury Accident,17:44,2024-12-09,Monday,Y,Dusk,GOSHEN,RIGHT TURN (6),ORANGE,Straight and Level,Rain,Stop Sign,Wet,17A83011001,Not Applicable,"Other Motor Vehicle, Collision With",2,415088,36071,4753,2.6,13857119.0,5167.5,1527
2024,Property Damage & Injury Accident,18:39,2024-12-09,Monday,Y,Daylight,WOODBURY,OTHER,ORANGE,Straight and Level,Rain,Traffic Signal,Wet,,Not Applicable,"Tree, Collision With Fixed Object",1,415088,36071,4753,2.6,13857119.0,5167.5,1527
2024,Property Damage Accident,17:57,2024-12-09,Monday,Y,Dark-Road Lighted,MIDDLETOWN,RIGHT ANGLE,ORANGE,Straight and Level,Rain,,Wet,,Not Applicable,"Other Motor Vehicle, Collision With",2,415088,36071,4753,2.6,13857119.0,5167.5,1527
2024,Property Damage Accident,11:40,2024-12-09,Monday,Y,Daylight,COLD SPRING,OVERTAKING,PUTNAM,Straight and Grade,Rain,Traffic Signal,Wet,9D84021084,Not Applicable,"Other Motor Vehicle, Collision With",2,98842,36079,509,0.7,2746105.0,4089.2,375
2024,Property Damage Accident,6:40,2024-12-09,Monday,Y,Dawn,PHILLIPSTOWN,SIDESWIPE,PUTNAM,Straight and Level,Clear,No Passing Zone,Dry,9D84021060,Not Applicable,"Other Motor Vehicle, Collision With",2,98842,36079,509,0.7,2746105.0,4089.2,375
2024,Property Damage Accident,9:35,2024-12-09,Monday,Y,Daylight,CARMEL,RIGHT ANGLE,PUTNAM,Straight and Level,Clear,Traffic Signal,Dry,6 84041004,Not Applicable,"Other Motor Vehicle, Collision With",2,98842,36079,509,0.7,2746105.0,4089.2,375
2024,Property Damage & Injury Accident,9:09,2024-12-09,Monday,Y,Daylight,SOUTHEAST,REAR END,PUTNAM,Straight and Grade,Clear,,Dry,684I84021016,Not Applicable,"Other Motor Vehicle, Collision With",2,98842,36079,509,0.7,2746105.0,4089.2,375
2024,Property Damage Accident,20:15,2024-12-09,Monday,Y,Dark-Road Unlighted,CLARKSTOWN,OTHER,ROCKLAND,Curve and Level,Rain,RR Crossing Sign,Wet,,Not Applicable,"Fence, Collision With Fixed Object",1,354829,36087,259,0.3,7336134.0,9989.2,886
2024,Property Damage Accident,17:14,2024-12-09,Monday,Y,Dark-Road Unlighted,WESLEY HILLS,SIDESWIPE,ROCKLAND,Straight and Level,Rain,,Wet,,Not Applicable,"Other Motor Vehicle, Collision With",2,354829,36087,259,0.3,7336134.0,9989.2,886
2024,Property Damage Accident,18:20,2024-12-09,Monday,Y,Dark-Road Unlighted,ROCHESTER,OTHER,ULSTER,Straight and Level,Rain,No Passing Zone,Wet,209 86031171,Not Applicable,Deer,1,183095,36111,3565,1.2,6410502.0,3939.4,999
2024,Property Damage Accident,16:57,2024-12-09,Monday,Y,Dark-Road Lighted,ROCHESTER,OTHER,ULSTER,Straight and Grade,Rain,,Wet,,Not Applicable,Deer,1,183095,36111,3565,1.2,6410502.0,3939.4,999
2024,Property Damage Accident,15:53,2024-12-09,Monday,Y,Daylight,NEW PALTZ,RIGHT ANGLE,ULSTER,Straight and Level,Rain,No Passing Zone,Wet,,Not Applicable,"Other Motor Vehicle, Collision With",2,183095,36111,3565,1.2,6410502.0,3939.4,999
2024,Property Damage & Injury Accident,13:08,2024-12-09,Monday,Y,Daylight,HURLEY,OTHER,ULSTER,Curve and Level,Rain,No Passing Zone,Wet,,Not Applicable,"Earth Embankment/Rock Cut/Ditch, Collision With Fixed Object",1,183095,36111,3565,1.2,6410502.0,3939.4,999
2024,Property Damage & Injury Accident,15:51,2024-12-09,Monday,Y,Dusk,SHAWANGUNK,OTHER,ULSTER,Straight and Level,Rain,,Wet,,Not Applicable,"Overturned, Non-Collision",1,183095,36111,3565,1.2,6410502.0,3939.4,999
2024,Property Damage Accident,7:10,2024-12-09,Monday,Y,Dawn,YONKERS,REAR END,WESTCHESTER,Straight and Level,Clear,,Dry,987D87011020,Not Applicable,"Other Motor Vehicle, Collision With",2,1009165,36119,850,0.8,18110248.0,6143.2,3354
2024,Property Damage & Injury Accident,19:15,2024-12-09,Monday,Y,Dark-Road Unlighted,YONKERS,REAR END,WESTCHESTER,Curve and Level,Rain,Traffic Signal,Wet,,Not Applicable,"Other Motor Vehicle, Collision With",2,1009165,36119,850,0.8,18110248.0,6143.2,3354
2024,Property Damage & Injury Accident,14:38,2024-12-09,Monday,Y,Daylight,YONKERS,Unknown,WESTCHESTER,Straight at Hill Crest,Rain,Other,Wet,984E87011001,Not Applicable,"Other Motor Vehicle, Collision With",2,1009165,36119,850,0.8,18110248.0,6143.2,3354
2024,Property Damage Accident,17:30,2024-12-09,Monday,N,Dawn,NEW ROCHELLE,REAR END,WESTCHESTER,Straight and Level,Rain,,Wet,,Not Applicable,"Other Motor Vehicle, Collision With",2,1009165,36119,850,0.8,18110248.0,6143.2,3354
2024,Property Damage Accident,9:07,2024-12-09,Monday,Y,Daylight,MOUNT PLEASANT,OVERTAKING,WESTCHESTER,Straight and Level,Cloudy,,Dry,48 34021030,Not Applicable,"Other Motor Vehicle, Collision With",2,1009165,36119,850,0.8,18110248.0,6143.2,3354
2024,Property Damage & Injury Accident,14:42,2024-12-09,Monday,Y,Daylight,PELHAM,OTHER,WESTCHESTER,Straight and Level,Rain,Stop Sign,Wet,,Riding/Walking/Skating Along Highway Against Traffic,"Pedestrian, Collision With",1,1009165,36119,850,0.8,18110248.0,6143.2,3354
2024,Property Damage Accident,15:55,2024-12-09,Monday,Y,Daylight,YONKERS,REAR END,WESTCHESTER,Straight and Level,Rain,,Wet,907K87011015,Not Applicable,"Other Motor Vehicle, Collision With",2,1009165,36119,850,0.8,18110248.0,6143.2,3354
2024,Injury Accident,8:05,2024-12-09,Monday,Y,Daylight,YONKERS,REAR END,WESTCHESTER,Straight and Grade,Clear,,Dry,,Not Applicable,"Other Motor Vehicle, Collision With",2,1009165,36119,850,0.8,18110248.0,6143.2,3354
2024,Property Damage Accident,17:15,2024-12-09,Monday,Y,Dark-Road Lighted,GREENBURGH,OVERTAKING,WESTCHESTER,Curve and Level,Rain,Traffic Signal,Wet,,Not Applicable,"Other Motor Vehicle, Collision With",2,1009165,36119,850,0.8,18110248.0,6143.2,3354
2024,Property Damage Accident,18:55,2024-12-09,Monday,Y,Dark-Road Lighted,DOBBS FERRY,OTHER,WESTCHESTER,Curve and Level,Fog/Smog/Smoke,,Wet,,Not Applicable,"Guide Rail - Not At End, Collision With Fixed Object",1,1009165,36119,850,0.8,18110248.0,6143.2,3354
2024,Property Damage Accident,16:45,2024-12-10,Tuesday,Y,Dark-Road Lighted,FISHKILL,REAR END,DUTCHESS,Straight and Level,Cloudy,,Dry,52 82042046,Not Applicable,"Other Motor Vehicle, Collision With",2,299256,36027,1695,0.8,5987961.0,3975.0,1300
2024,Property Damage Accident,7:55,2024-12-10,Tuesday,Y,Daylight,CLINTON,RIGHT TURN (6),DUTCHESS,Straight and Level,Fog/Smog/Smoke,No Passing Zone,Wet,9G82013105,Not Applicable,"Other Motor Vehicle, Collision With",2,299256,36027,1695,0.8,5987961.0,3975.0,1300
2024,Property Damage Accident,16:36,2024-12-10,Tuesday,Y,Dusk,DOVER,RIGHT ANGLE,DUTCHESS,Straight and Level,Cloudy,Stop Sign,Wet,,Not Applicable,"Other Motor Vehicle, Collision With",2,299256,36027,1695,0.8,5987961.0,3975.0,1300
2024,Property Damage Accident,13:00,2024-12-10,Tuesday,Y,Daylight,WALLKILL,RIGHT TURN (5),ORANGE,Straight and Grade,Rain,,Wet,,Not Applicable,"Other Motor Vehicle, Collision With",2,415088,36071,4753,2.6,13857119.0,5167.5,1527
2024,Property Damage Accident,10:52,2024-12-10,Tuesday,Y,Daylight,NEWBURGH,REAR END,ORANGE,Straight and Level,Cloudy,Traffic Signal,Wet,32 83013004,Not Applicable,"Other Motor Vehicle, Collision With",2,415088,36071,4753,2.6,13857119.0,5167.5,1527
2024,Property Damage Accident,7:18,2024-12-10,Tuesday,Y,Dawn,WOODBURY,OTHER,ORANGE,Straight and Level,Rain,,Wet,,Not Applicable,"Guide Rail - Not At End, Collision With Fixed Object",1,415088,36071,4753,2.6,13857119.0,5167.5,1527
2024,Property Damage & Injury Accident,5:56,2024-12-10,Tuesday,Y,Dark-Road Unlighted,KENT,OTHER,PUTNAM,Straight and Level,Clear,,Dry,987G84021122,Not Applicable,"Earth Embankment/Rock Cut/Ditch, Collision With Fixed Object",1,98842,36079,509,0.7,2746105.0,4089.2,375
2024,Property Damage & Injury Accident,18:40,2024-12-10,Tuesday,Y,Dark-Road Unlighted,SOUTHEAST,RIGHT TURN (6),PUTNAM,Straight and Level,Rain,Traffic Signal,Dry,,Not Applicable,"Other Motor Vehicle, Collision With",2,98842,36079,509,0.7,2746105.0,4089.2,375
2024,Property Damage Accident,19:15,2024-12-10,Tuesday,Y,Dark-Road Lighted,SOUTH NYACK,REAR END,ROCKLAND,Straight and Level,Rain,Traffic Signal,Wet,,Not Applicable,"Other Motor Vehicle, Collision With",2,354829,36087,259,0.3,7336134.0,9989.2,886
2024,Property Damage Accident,16:47,2024-12-10,Tuesday,Y,Dusk,STONY POINT,REAR END,ROCKLAND,Straight and Level,Rain,,Wet,987C85011223,Not Applicable,"Other Motor Vehicle, Collision With",2,354829,36087,259,0.3,7336134.0,9989.2,886
2024,Property Damage Accident,11:53,2024-12-10,Tuesday,Y,Daylight,ORANGETOWN,OVERTAKING,ROCKLAND,Straight and Level,Rain,,Wet,987C85011033,Not Applicable,"Other Motor Vehicle, Collision With",2,354829,36087,259,0.3,7336134.0,9989.2,886
2024,Property Damage Accident,23:20,2024-12-10,Tuesday,Y,Dark-Road Lighted,CLARKSTOWN,OVERTAKING,ROCKLAND,Straight and Level,Rain,Traffic Signal,Wet,59 85011088,Not Applicable,"Other Motor Vehicle, Collision With",2,354829,36087,259,0.3,7336134.0,9989.2,886
2024,Property Damage & Injury Accident,12:05,2024-12-10,Tuesday,Y,Daylight,RAMAPO,OVERTAKING,ROCKLAND,Straight and Level,Clear,Yield Sign,Wet,987C85011132,Not Applicable,"Other Motor Vehicle, Collision With",2,354829,36087,259,0.3,7336134.0,9989.2,886
2024,Property Damage & Injury Accident,9:05,2024-12-10,Tuesday,Y,Daylight,RAMAPO,OTHER,ROCKLAND,Straight and Grade,Cloudy,,Wet,,"Crossing, No Signal, Marked Crosswalk","Pedestrian, Collision With",1,354829,36087,259,0.3,7336134.0,9989.2,886
2024,Property Damage Accident,22:25,2024-12-10,Tuesday,Y,Dark-Road Lighted,SPRING VALLEY,RIGHT ANGLE,ROCKLAND,Straight and Level,Rain,Stop Sign,Wet,,Not Applicable,"Other Motor Vehicle, Collision With",2,354829,36087,259,0.3,7336134.0,9989.2,886
2024,Property Damage & Injury Accident,1:30,2024-12-10,Tuesday,Y,Dark-Road Lighted,RAMAPO,RIGHT ANGLE,ROCKLAND,Straight and Level,Rain,,Wet,45 85011050,Not Applicable,"Other Motor Vehicle, Collision With",2,354829,36087,259,0.3,7336134.0,9989.2,886
2024,Property Damage Accident,11:30,2024-12-10,Tuesday,Y,Daylight,SHAWANGUNK,OTHER,ULSTER,Straight and Level,Rain,,Wet,,Not Applicable,"Light Support/Utility Pole, Collision With Fixed Object",1,183095,36111,3565,1.2,6410502.0,3939.4,999
2024,Property Damage Accident,7:55,2024-12-10,Tuesday,Y,Daylight,MARBLETOWN,OTHER,ULSTER,Straight and Level,Cloudy,,Dry,209 86031230,Not Applicable,Deer,1,183095,36111,3565,1.2,6410502.0,3939.4,999
2024,Property Damage Accident,9:00,2024-12-10,Tuesday,Y,Daylight,SHAWANGUNK,OTHER,ULSTER,Straight and Level,Fog/Smog/Smoke,No Passing Zone,Wet,,Not Applicable,Deer,1,183095,36111,3565,1.2,6410502.0,3939.4,999
2024,Property Damage Accident,16:45,2024-12-10,Tuesday,Y,Dark-Road Unlighted,SHAWANGUNK,OTHER,ULSTER,Straight and Level,Cloudy,No Passing Zone,Wet,,Not Applicable,Deer,1,183095,36111,3565,1.2,6410502.0,3939.4,999
2024,Property Damage Accident,22:06,2024-12-10,Tuesday,Y,Dark-Road Lighted,KINGSTON,OTHER,ULSTER,Straight and Level,Rain,,Wet,,Not Applicable,Deer,1,183095,36111,3565,1.2,6410502.0,3939.4,999
2024,Property Damage Accident,13:19,2024-12-10,Tuesday,Y,Daylight,WAWARSING,OTHER,ULSTER,Straight and Level,Clear,,Wet,,Not Applicable,"Other Motor Vehicle, Collision With",2,183095,36111,3565,1.2,6410502.0,3939.4,999
2024,Property Damage Accident,16:15,2024-12-10,Tuesday,Y,Dusk,NORTH CASTLE,OTHER,WESTCHESTER,Curve and Level,Rain,,Wet,22 87024038,Not Applicable,"Earth Embankment/Rock Cut/Ditch, Collision With Fixed Object",1,1009165,36119,850,0.8,18110248.0,6143.2,3354
2024,Property Damage Accident,7:34,2024-12-10,Tuesday,Y,Daylight,YONKERS,SIDESWIPE,WESTCHESTER,Straight and Level,Cloudy,,Wet,,Not Applicable,"Other Motor Vehicle, Collision With",2,1009165,36119,850,0.8,18110248.0,6143.2,3354
2024,Property Damage Accident,9:41,2024-12-10,Tuesday,Y,Daylight,YORKTOWN,REAR END,WESTCHESTER,Straight and Level,Cloudy,Traffic Signal,Wet,132 87011000,Not Applicable,"Other Motor Vehicle, Collision With",2,1009165,36119,850,0.8,18110248.0,6143.2,3354
2024,Property Damage Accident,2:20,2024-12-10,Tuesday,Y,Dark-Road Unlighted,HARRISON,LEFT TURN (3),WESTCHESTER,Straight and Level,Rain,,Wet,,Not Applicable,"Other Motor Vehicle, Collision With",2,1009165,36119,850,0.8,18110248.0,6143.2,3354
2024,Property Damage Accident,8:00,2024-12-10,Tuesday,Y,Daylight,WHITE PLAINS,REAR END,WESTCHESTER,Curve and Level,Rain,,Wet,,Not Applicable,"Other Motor Vehicle, Collision With",2,1009165,36119,850,0.8,18110248.0,6143.2,3354
2024,Property Damage & Injury Accident,16:50,2024-12-10,Tuesday,Y,Dark-Road Unlighted,LEWISBORO,OTHER,WESTCHESTER,Straight and Level,Rain,,Wet,,Not Applicable,"Light Support/Utility Pole, Collision With Fixed Object",1,1009165,36119,850,0.8,18110248.0,6143.2,3354
2024,Property Damage Accident,18:15,2024-12-10,Tuesday,Y,Dark-Road Lighted,MOUNT KISCO,OVERTAKING,WESTCHESTER,Straight and Level,Rain,,Wet,117 87011102,Not Applicable,"Other Motor Vehicle, Collision With",2,1009165,36119,850,0.8,18110248.0,6143.2,3354
2024,Property Damage Accident,15:00,2024-12-10,Tuesday,Y,Daylight,BRIARCLIFF MANOR,OTHER,WESTCHESTER,Curve and Level,Rain,,Wet,,Not Applicable,"Guide Rail - Not At End, Collision With Fixed Object",1,1009165,36119,850,0.8,18110248.0,6143.2,3354
2024,Property Damage Accident,16:43,2024-12-10,Tuesday,Y,Dark-Road Lighted,WHITE PLAINS,REAR END,WESTCHESTER,Straight and Level,Rain,Traffic Signal,Wet,,Not Applicable,"Other Motor Vehicle, Collision With",2,1009165,36119,850,0.8,18110248.0,6143.2,3354
2024,Property Damage & Injury Accident,0:46,2024-12-10,Tuesday,Y,Dark-Road Unlighted,RYE,REAR END,WESTCHESTER,Curve and Level,Clear,,Wet,287I87011105,Not Applicable,"Other Motor Vehicle, Collision With",2,1009165,36119,850,0.8,18110248.0,6143.2,3354
2024,Property Damage Accident,7:45,2024-12-10,Tuesday,Y,Daylight,HARRISON,REAR END,WESTCHESTER,Straight and Level,Clear,,Dry,907W87025001,Not Applicable,"Other Motor Vehicle, Collision With",2,1009165,36119,850,0.8,18110248.0,6143.2,3354
2024,Property Damage & Injury Accident,14:09,2024-12-10,Tuesday,Y,Daylight,NORTH CASTLE,OTHER,WESTCHESTER,Straight and Level,Rain,,Wet,684I87011067,Not Applicable,"Tree, Collision With Fixed Object",1,1009165,36119,850,0.8,18110248.0,6143.2,3354
2024,Property Damage Accident,23:10,2024-12-10,Tuesday,Y,Dark-Road Lighted,NEW ROCHELLE,REAR END,WESTCHESTER,Straight and Level,Rain,,Wet,1 87032011,Not Applicable,"Other Motor Vehicle, Collision With",2,1009165,36119,850,0.8,18110248.0,6143.2,3354
2024,Property Damage Accident,16:59,2024-12-10,Tuesday,Y,Dark-Road Lighted,PORT CHESTER,OVERTAKING,WESTCHESTER,Straight and Level,Rain,,Wet,,Not Applicable,"Other Motor Vehicle, Collision With",2,1009165,36119,850,0.8,18110248.0,6143.2,3354
2024,Property Damage & Injury Accident,5:45,2024-12-10,Tuesday,Y,Dark-Road Lighted,BEDFORD,REAR END,WESTCHESTER,Straight and Level,Rain,,Wet,,Not Applicable,"Other Motor Vehicle, Collision With",2,1009165,36119,850,0.8,18110248.0,6143.2,3354
2024,Property Damage Accident,18:43,2024-12-10,Tuesday,Y,Dark-Road Lighted,BRIARCLIFF MANOR,RIGHT ANGLE,WESTCHESTER,Straight and Level,Rain,,Wet,,Not Applicable,"Other Motor Vehicle, Collision With",2,1009165,36119,850,0.8,18110248.0,6143.2,3354
2024,Property Damage Accident,13:50,2024-12-10,Tuesday,Y,Daylight,NORTH SALEM,OTHER,WESTCHESTER,Straight and Level,Rain,,Wet,116 87011052,Not Applicable,"Building/Wall, Collision With Fixed Object",1,1009165,36119,850,0.8,18110248.0,6143.2,3354
2024,Property Damage Accident,13:46,2024-12-10,Tuesday,Y,Daylight,YORKTOWN,Unknown,WESTCHESTER,Straight and Level,Cloudy,,Wet,35 87012056,Not Applicable,"Other Motor Vehicle, Collision With",2,1009165,36119,850,0.8,18110248.0,6143.2,3354
2024,Property Damage Accident,6:30,2024-12-11,Wednesday,Y,Dark-Road Unlighted,UNION VALE,REAR END,DUTCHESS,Straight and Level,Rain,No Passing Zone,Wet,82 82011168,Not Applicable,"Other Motor Vehicle, Collision With",2,299256,36027,1695,0.8,5987961.0,3975.0,1300
2024,Property Damage Accident,14:40,2024-12-11,Wednesday,Y,Daylight,PLEASANT VALLEY,OTHER,DUTCHESS,Curve and Grade,Rain,,Wet,987G82031209,Not Applicable,"Tree, Collision With Fixed Object",1,299256,36027,1695,0.8,5987961.0,3975.0,1300
2024,Property Damage & Injury Accident,13:12,2024-12-11,Wednesday,Y,Daylight,POUGHKEEPSIE,REAR END,DUTCHESS,Straight and Level,Rain,,Wet,,Not Applicable,"Other Motor Vehicle, Collision With",2,299256,36027,1695,0.8,5987961.0,3975.0,1300
2024,Property Damage Accident,16:00,2024-12-11,Wednesday,Y,Dark-Road Lighted,FISHKILL,OTHER,DUTCHESS,Straight and Level,Rain,,Wet,9 82051026,Not Applicable,"Other Motor Vehicle, Collision With",3,299256,36027,1695,0.8,5987961.0,3975.0,1300
2024,Property Damage Accident,20:49,2024-12-11,Wednesday,Y,Dark-Road Lighted,HYDE PARK,RIGHT TURN (6),DUTCHESS,Straight and Level,Rain,,Wet,,Not Applicable,"Other Motor Vehicle, Collision With",2,299256,36027,1695,0.8,5987961.0,3975.0,1300
2024,Property Damage & Injury Accident,13:46,2024-12-11,Wednesday,Y,Daylight,MONROE,REAR END,ORANGE,Straight and Level,Rain,,Wet,,Not Applicable,"Other Motor Vehicle, Collision With",2,415088,36071,4753,2.6,13857119.0,5167.5,1527
2024,Property Damage Accident,11:32,2024-12-11,Wednesday,Y,Daylight,KIRYAS JOEL,OTHER,ORANGE,Straight and Level,Rain,No Passing Zone,Wet,,Not Applicable,"Other Motor Vehicle, Collision With",2,415088,36071,4753,2.6,13857119.0,5167.5,1527
2024,Property Damage Accident,14:48,2024-12-11,Wednesday,Y,Daylight,CHESTER,HEAD ON,ORANGE,Straight and Level,Rain,Stop Sign,Wet,94 83011157,Not Applicable,"Other Motor Vehicle, Collision With",2,415088,36071,4753,2.6,13857119.0,5167.5,1527
2024,Injury Accident,10:39,2024-12-11,Wednesday,Y,Daylight,NEW WINDSOR,OTHER,ORANGE,Straight and Level,Rain,,Wet,300 83021126,"Crossing, No Signal or Crosswalk","Pedestrian, Collision With",1,415088,36071,4753,2.6,13857119.0,5167.5,1527
2024,Property Damage Accident,17:56,2024-12-11,Wednesday,Y,Dark-Road Lighted,CORNWALL,OTHER,ORANGE,Straight and Level,Rain,Stop Sign,Wet,,Not Applicable,"Other Motor Vehicle, Collision With",2,415088,36071,4753,2.6,13857119.0,5167.5,1527
2024,Property Damage Accident,20:30,2024-12-11,Wednesday,N,Daylight,GOSHEN,OTHER,ORANGE,Straight and Level,Clear,Unknown,Dry,,Not Applicable,Deer,1,415088,36071,4753,2.6,13857119.0,5167.5,1527
2024,Property Damage Accident,17:07,2024-12-11,Wednesday,Y,Dark-Road Lighted,NEWBURGH,OTHER,ORANGE,Straight and Level,Rain,Traffic Signal,Wet,9W83022004,Not Applicable,"Other Motor Vehicle, Collision With",3,415088,36071,4753,2.6,13857119.0,5167.5,1527
2024,Property Damage Accident,14:51,2024-12-11,Wednesday,Y,Daylight,MONROE,OVERTAKING,ORANGE,Straight and Grade,Rain,Traffic Signal,Wet,17M83013162,Not Applicable,"Other Motor Vehicle, Collision With",2,415088,36071,4753,2.6,13857119.0,5167.5,1527
2024,Property Damage Accident,7:07,2024-12-11,Wednesday,Y,Dawn,GREENWOOD LAKE,OTHER,ORANGE,Curve and Grade,Rain,,Wet,17A83011182,Not Applicable,"Animal, Collision With",1,415088,36071,4753,2.6,13857119.0,5167.5,1527
2024,Property Damage Accident,23:40,2024-12-11,Wednesday,Y,Dark-Road Unlighted,NEWBURGH,OTHER,ORANGE,Curve and Level,Clear,,Wet,,Not Applicable,"Animal, Collision With",1,415088,36071,4753,2.6,13857119.0,5167.5,1527
2024,Property Damage Accident,18:26,2024-12-11,Wednesday,Y,Dark-Road Unlighted,PUTNAM VALLEY,OTHER,PUTNAM,Curve and Grade,Rain,,Wet,,Not Applicable,"Building/Wall, Collision With Fixed Object",1,98842,36079,509,0.7,2746105.0,4089.2,375
2024,Property Damage Accident,19:00,2024-12-11,Wednesday,Y,Dark-Road Unlighted,SOUTHEAST,REAR END,PUTNAM,Straight and Level,Rain,,Wet,84I84031081,Not Applicable,"Other Motor Vehicle, Collision With",2,98842,36079,509,0.7,2746105.0,4089.2,375
2024,Property Damage Accident,21:15,2024-12-11,Wednesday,Y,Dark-Road Lighted,CLARKSTOWN,REAR END,ROCKLAND,Straight and Level,Rain,Traffic Signal,Wet,59 85011082,Not Applicable,"Other Motor Vehicle, Collision With",2,354829,36087,259,0.3,7336134.0,9989.2,886
2024,Property Damage Accident,20:28,2024-12-11,Wednesday,Y,Dark-Road Unlighted,ORANGETOWN,OTHER,ROCKLAND,Straight and Level,Rain,,Flooded Water,987C85011024,Not Applicable,"Guide Rail - Not At End, Collision With Fixed Object",1,354829,36087,259,0.3,7336134.0,9989.2,886
2024,Property Damage Accident,7:30,2024-12-11,Wednesday,Y,Daylight,RAMAPO,REAR END,ROCKLAND,Straight and Level,Rain,,Wet,987C85011116,Not Applicable,"Other Motor Vehicle, Collision With",2,354829,36087,259,0.3,7336134.0,9989.2,886
2024,Property Damage Accident,19:10,2024-12-11,Wednesday,Y,Dark-Road Lighted,ORANGETOWN,OTHER,ROCKLAND,Curve and Level,Rain,,Wet,,Not Applicable,"Fence, Collision With Fixed Object",1,354829,36087,259,0.3,7336134.0,9989.2,886
2024,Property Damage Accident,14:30,2024-12-11,Wednesday,Y,Daylight,CHESTNUT RIDGE,OVERTAKING,ROCKLAND,Straight and Level,Rain,Traffic Signal,Wet,45 85011025,Not Applicable,"Other Motor Vehicle, Collision With",2,354829,36087,259,0.3,7336134.0,9989.2,886
2024,Property Damage Accident,20:20,2024-12-11,Wednesday,Y,Dark-Road Lighted,SPRING VALLEY,SIDESWIPE,ROCKLAND,Straight and Level,Clear,,Dry,,Not Applicable,"Other Motor Vehicle, Collision With",2,354829,36087,259,0.3,7336134.0,9989.2,886
2024,Property Damage Accident,19:11,2024-12-11,Wednesday,Y,Dark-Road Lighted,KINGSTON,RIGHT ANGLE,ULSTER,Straight and Level,Rain,Flashing Light,Wet,,Not Applicable,"Other Motor Vehicle, Collision With",2,183095,36111,3565,1.2,6410502.0,3939.4,999
2024,Property Damage Accident,8:10,2024-12-11,Wednesday,Y,Daylight,ARDSLEY,LEFT TURN (0),WESTCHESTER,Straight and Level,Rain,,Wet,9A87032025,Not Applicable,"Other Motor Vehicle, Collision With",2,1009165,36119,850,0.8,18110248.0,6143.2,3354
2024,Property Damage Accident,5:04,2024-12-11,Wednesday,Y,Dark-Road Lighted,NEW ROCHELLE,OTHER,WESTCHESTER,Curve and Level,Rain,,Wet,981V87011005,Not Applicable,"Light Support/Utility Pole, Collision With Fixed Object",1,1009165,36119,850,0.8,18110248.0,6143.2,3354
2024,Property Damage Accident,2:41,2024-12-11,Wednesday,Y,Dark-Road Lighted,NEW ROCHELLE,OTHER,WESTCHESTER,Straight and Level,Rain,,Wet,982J87011010,Not Applicable,"Median - Not At End, Collision With Fixed Object",1,1009165,36119,850,0.8,18110248.0,6143.2,3354