year,accident_descriptor,time,date,day_of_week,police_report,lighting_conditions,municipality,collision_type_descriptor,county_name,road_descriptor,weather_conditions,traffic_control_device,road_surface_conditions,dot_reference_marker_location,pedestrian_bicyclist_action,event_descriptor,number_of_vehicles_involved,county_population_2024,county_fips,county_deer_take_2024,county_antlerless_deer_per_sqmi_2024,county_daily_vmt_2019,county_mean_aadt_2019,county_aadt_segments_2019
2024,Property Damage Accident,5:48,2024-12-16,Monday,Y,Dark-Road Lighted,PEEKSKILL,OTHER,WESTCHESTER,Straight and Level,Snow,Stop Sign,Snow/Ice,,Not Applicable,"Curbing, Collision With Fixed Object",1,1009165,36119,850,0.8,18110248.0,6143.2,3354
2024,Property Damage Accident,2:50,2024-12-16,Monday,Y,Dark-Road Unlighted,CORTLANDT,SIDESWIPE,WESTCHESTER,Straight and Grade,Snow,No Passing Zone,Snow/Ice,9D87011001,Not Applicable,"Other Motor Vehicle, Collision With",2,1009165,36119,850,0.8,18110248.0,6143.2,3354
2024,Property Damage Accident,9:13,2024-12-16,Monday,Y,Daylight,MOUNT KISCO,Unknown,WESTCHESTER,Straight and Level,Snow,,Snow/Ice,,Not Applicable,"Other Motor Vehicle, Collision With",2,1009165,36119,850,0.8,18110248.0,6143.2,3354
2024,Property Damage Accident,4:24,2024-12-16,Monday,Y,Dark-Road Unlighted,CORTLANDT,OTHER,WESTCHESTER,Straight and Grade,Snow,,Snow/Ice,35 87012017,Not Applicable,"Guide Rail - End, Collision With Fixed Object",1,1009165,36119,850,0.8,18110248.0,6143.2,3354
2024,Property Damage Accident,15:35,2024-12-16,Monday,Y,Daylight,OSSINING,REAR END,WESTCHESTER,Straight and Grade,Rain,Stop Sign,Wet,133 87011004,Not Applicable,"Other Motor Vehicle, Collision With",2,1009165,36119,850,0.8,18110248.0,6143.2,3354
2024,Property Damage Accident,6:57,2024-12-16,Monday,Y,Dark-Road Unlighted,NORTH SALEM,OTHER,WESTCHESTER,Straight and Grade,Snow,,Snow/Ice,,Not Applicable,"Building/Wall, Collision With Fixed Object",1,1009165,36119,850,0.8,18110248.0,6143.2,3354
2024,Injury Accident,16:40,2024-12-16,Monday,Y,Dark-Road Lighted,WHITE PLAINS,LEFT TURN (3),WESTCHESTER,Straight and Level,Rain,Traffic Signal,Wet,,Not Applicable,"Other Motor Vehicle, Collision With",2,1009165,36119,850,0.8,18110248.0,6143.2,3354
2024,Property Damage Accident,4:49,2024-12-16,Monday,Y,Dark-Road Unlighted,OSSINING,OTHER,WESTCHESTER,Straight and Grade,Sleet/Hail/Freezing Rain,,Slush,,Not Applicable,"Overturned, Non-Collision",1,1009165,36119,850,0.8,18110248.0,6143.2,3354
2024,Property Damage Accident,4:13,2024-12-16,Monday,Y,Dark-Road Unlighted,PLEASANTVILLE,OTHER,WESTCHESTER,Straight and Level,Sleet/Hail/Freezing Rain,,Wet,987D87012144,Not Applicable,"Median - Not At End, Collision With Fixed Object",1,1009165,36119,850,0.8,18110248.0,6143.2,3354
2024,Property Damage Accident,19:04,2024-12-16,Monday,Y,Dark-Road Unlighted,ARDSLEY,REAR END,WESTCHESTER,Curve and Level,Rain,,Wet,987F87012022,Not Applicable,"Other Motor Vehicle, Collision With",2,1009165,36119,850,0.8,18110248.0,6143.2,3354
2024,Property Damage Accident,16:54,2024-12-16,Monday,Y,Dark-Road Lighted,MOUNT VERNON,REAR END,WESTCHESTER,Straight and Level,Rain,,Wet,,Not Applicable,"Other Motor Vehicle, Collision With",2,1009165,36119,850,0.8,18110248.0,6143.2,3354
2024,Property Damage Accident,14:22,2024-12-16,Monday,Y,Daylight,NEW ROCHELLE,RIGHT TURN (6),WESTCHESTER,Straight and Level,Rain,Yield Sign,Wet,,Not Applicable,"Other Motor Vehicle, Collision With",2,1009165,36119,850,0.8,18110248.0,6143.2,3354
2024,Property Damage Accident,9:45,2024-12-16,Monday,Y,Daylight,MOUNT KISCO,OTHER,WESTCHESTER,Straight and Level,Cloudy,No Passing Zone,Snow/Ice,117 87011116,Not Applicable,"Other Motor Vehicle, Collision With",2,1009165,36119,850,0.8,18110248.0,6143.2,3354
2024,Property Damage & Injury Accident,9:51,2024-12-16,Monday,Y,Daylight,YONKERS,OTHER,WESTCHESTER,Curve and Grade,Rain,Traffic Signal,Wet,,"Crossing, With Signal","Pedestrian, Collision With",1,1009165,36119,850,0.8,18110248.0,6143.2,3354
2024,Property Damage Accident,20:30,2024-12-16,Monday,Y,Dark-Road Lighted,OSSINING,OVERTAKING,WESTCHESTER,Straight and Level,Rain,Traffic Signal,Wet,9 87032139,Not Applicable,"Other Motor Vehicle, Collision With",2,1009165,36119,850,0.8,18110248.0,6143.2,3354
2024,Property Damage Accident,12:04,2024-12-16,Monday,Y,Daylight,YONKERS,OVERTAKING,WESTCHESTER,Curve and Level,Rain,,Slush,987F87012002,Not Applicable,"Other Motor Vehicle, Collision With",2,1009165,36119,850,0.8,18110248.0,6143.2,3354
2024,Property Damage & Injury Accident,19:00,2024-12-16,Monday,Y,Dark-Road Unlighted,YORKTOWN,OTHER,WESTCHESTER,Straight and Level,Rain,Traffic Signal,Wet,6 87033032,Not Applicable,"Other Motor Vehicle, Collision With",2,1009165,36119,850,0.8,18110248.0,6143.2,3354
2024,Property Damage Accident,13:11,2024-12-16,Monday,Y,Daylight,NEW ROCHELLE,OVERTAKING,WESTCHESTER,Straight and Level,Rain,Traffic Signal,Wet,982J87011006,Not Applicable,"Other Motor Vehicle, Collision With",2,1009165,36119,850,0.8,18110248.0,6143.2,3354
2024,Property Damage Accident,6:08,2024-12-16,Monday,Y,Dark-Road Unlighted,BEDFORD,OTHER,WESTCHESTER,Straight and Grade,Rain,No Passing Zone,Snow/Ice,172 87011004,Not Applicable,"Tree, Collision With Fixed Object",1,1009165,36119,850,0.8,18110248.0,6143.2,3354
2024,Property Damage Accident,12:07,2024-12-17,Tuesday,Y,Daylight,POUGHKEEPSIE,REAR END,DUTCHESS,Curve and Grade,Clear,Yield Sign,Dry,,Not Applicable,"Other Motor Vehicle, Collision With",2,299256,36027,1695,0.8,5987961.0,3975.0,1300
2024,Property Damage Accident,17:52,2024-12-17,Tuesday,Y,Dark-Road Unlighted,FISHKILL,OVERTAKING,DUTCHESS,Straight and Level,Clear,,Dry,84I82021043,Not Applicable,"Other Motor Vehicle, Collision With",2,299256,36027,1695,0.8,5987961.0,3975.0,1300
2024,Property Damage Accident,16:00,2024-12-17,Tuesday,Y,Dusk,FISHKILL,LEFT TURN (0),DUTCHESS,Straight and Level,Clear,Stop Sign,Dry,,Not Applicable,"Other Motor Vehicle, Collision With",2,299256,36027,1695,0.8,5987961.0,3975.0,1300
2024,Property Damage Accident,17:22,2024-12-17,Tuesday,Y,Dark-Road Unlighted,UNION VALE,OTHER,DUTCHESS,Straight and Level,Clear,,Dry,82 82011168,Not Applicable,"Other Motor Vehicle, Collision With",3,299256,36027,1695,0.8,5987961.0,3975.0,1300
2024,Property Damage Accident,16:38,2024-12-17,Tuesday,Y,Dusk,HAMPTONBURGH,OTHER,ORANGE,Curve and Level,Clear,No Passing Zone,Dry,207 83011035,Not Applicable,Deer,1,415088,36071,4753,2.6,13857119.0,5167.5,1527
2024,Property Damage & Injury Accident,7:58,2024-12-17,Tuesday,Y,Daylight,NEWBURGH,OTHER,ORANGE,Straight and Level,Clear,,Dry,84I83011332,Not Applicable,"Other Motor Vehicle, Collision With",5,415088,36071,4753,2.6,13857119.0,5167.5,1527
2024,Property Damage Accident,18:00,2024-12-17,Tuesday,Y,Dark-Road Lighted,MIDDLETOWN,RIGHT ANGLE,ORANGE,Straight and Level,Clear,Traffic Signal,Dry,,Not Applicable,"Other Motor Vehicle, Collision With",2,415088,36071,4753,2.6,13857119.0,5167.5,1527
2024,Property Damage Accident,15:53,2024-12-17,Tuesday,Y,Daylight,MIDDLETOWN,RIGHT ANGLE,ORANGE,Straight and Grade,Clear,,Dry,,Not Applicable,"Other Motor Vehicle, Collision With",2,415088,36071,4753,2.6,13857119.0,5167.5,1527
2024,Property Damage Accident,14:39,2024-12-17,Tuesday,Y,Daylight,NEWBURGH,REAR END,ORANGE,Straight and Level,Clear,,Dry,84I83012002,Not Applicable,"Other Motor Vehicle, Collision With",2,415088,36071,4753,2.6,13857119.0,5167.5,1527
2024,Property Damage Accident,10:16,2024-12-17,Tuesday,Y,Daylight,NEW WINDSOR,RIGHT ANGLE,ORANGE,Straight and Grade,Cloudy,,Wet,32 83011132,Not Applicable,"Other Motor Vehicle, Collision With",2,415088,36071,4753,2.6,13857119.0,5167.5,1527
2024,Property Damage & Injury Accident,21:44,2024-12-17,Tuesday,Y,Dark-Road Unlighted,CARMEL,OTHER,PUTNAM,Straight and Level,Cloudy,No Passing Zone,Dry,,Not Applicable,"Building/Wall, Collision With Fixed Object",1,98842,36079,509,0.7,2746105.0,4089.2,375
2024,Property Damage Accident,17:20,2024-12-17,Tuesday,Y,Dark-Road Unlighted,SOUTHEAST,REAR END,PUTNAM,Straight and Level,Clear,,Dry,684I84021009,Not Applicable,"Other Motor Vehicle, Collision With",2,98842,36079,509,0.7,2746105.0,4089.2,375
2024,Property Damage Accident,13:43,2024-12-17,Tuesday,Y,Daylight,PHILLIPSTOWN,REAR END,PUTNAM,Straight and Level,Clear,Traffic Signal,Wet,9 84041082,Not Applicable,"Other Motor Vehicle, Collision With",2,98842,36079,509,0.7,2746105.0,4089.2,375
2024,Property Damage Accident,17:16,2024-12-17,Tuesday,Y,Dark-Road Unlighted,SOUTHEAST,OTHER,PUTNAM,Straight and Level,Cloudy,,Dry,,Not Applicable,Deer,1,98842,36079,509,0.7,2746105.0,4089.2,375
2024,Property Damage Accident,18:01,2024-12-17,Tuesday,Y,Dark-Road Lighted,ORANGETOWN,OVERTAKING,ROCKLAND,Straight and Level,Cloudy,Traffic Signal,Dry,303 85011022,Not Applicable,"Other Motor Vehicle, Collision With",2,354829,36087,259,0.3,7336134.0,9989.2,886
2024,Property Damage Accident,10:16,2024-12-17,Tuesday,Y,Daylight,SPRING VALLEY,OVERTAKING,ROCKLAND,Straight and Level,Clear,,Dry,45 85011030,Not Applicable,"Other Motor Vehicle, Collision With",2,354829,36087,259,0.3,7336134.0,9989.2,886
2024,Property Damage Accident,18:00,2024-12-17,Tuesday,Y,Dark-Road Lighted,WEST HAVERSTRAW,LEFT TURN (3),ROCKLAND,Straight and Level,Clear,,Dry,,Not Applicable,"Other Motor Vehicle, Collision With",2,354829,36087,259,0.3,7336134.0,9989.2,886
2024,Property Damage Accident,13:16,2024-12-17,Tuesday,Y,Daylight,CLARKSTOWN,REAR END,ROCKLAND,Straight and Level,Clear,Traffic Signal,Dry,304 85011078,Not Applicable,"Other Motor Vehicle, Collision With",2,354829,36087,259,0.3,7336134.0,9989.2,886
2024,Property Damage Accident,16:54,2024-12-17,Tuesday,Y,Dusk,CHESTNUT RIDGE,OVERTAKING,ROCKLAND,Straight and Level,Clear,,Dry,,Not Applicable,"Other Motor Vehicle, Collision With",2,354829,36087,259,0.3,7336134.0,9989.2,886
2024,Property Damage Accident,15:39,2024-12-17,Tuesday,Y,Daylight,KINGSTON,RIGHT ANGLE,ULSTER,Straight and Level,Clear,Traffic Signal,Dry,,Not Applicable,"Other Motor Vehicle, Collision With",2,183095,36111,3565,1.2,6410502.0,3939.4,999
2024,Property Damage Accident,7:03,2024-12-17,Tuesday,Y,Daylight,SAUGERTIES,OTHER,ULSTER,Straight and Grade,Fog/Smog/Smoke,No Passing Zone,Wet,9W86035111,Not Applicable,Deer,1,183095,36111,3565,1.2,6410502.0,3939.4,999
2024,Property Damage Accident,17:39,2024-12-17,Tuesday,Y,Dark-Road Lighted,PLATTEKILL,LEFT TURN (3),ULSTER,Straight and Grade,Cloudy,Stop Sign,Dry,32 86021010,Not Applicable,"Other Motor Vehicle, Collision With",2,183095,36111,3565,1.2,6410502.0,3939.4,999
2024,Property Damage Accident,12:13,2024-12-17,Tuesday,Y,Daylight,HURLEY,SIDESWIPE,ULSTER,Straight and Level,Clear,,Wet,,Not Applicable,"Other Motor Vehicle, Collision With",2,183095,36111,3565,1.2,6410502.0,3939.4,999
2024,Property Damage Accident,12:57,2024-12-17,Tuesday,Y,Daylight,KINGSTON,LEFT TURN (3),ULSTER,Straight and Level,Cloudy,,Wet,,Not Applicable,"Other Motor Vehicle, Collision With",2,183095,36111,3565,1.2,6410502.0,3939.4,999
2024,Property Damage Accident,17:15,2024-12-17,Tuesday,Y,Dark-Road Unlighted,MARBLETOWN,OTHER,ULSTER,Straight and Grade,Cloudy,,Dry,213 86011022,Not Applicable,"Tree, Collision With Fixed Object",1,183095,36111,3565,1.2,6410502.0,3939.4,999
2024,Property Damage Accident,12:34,2024-12-17,Tuesday,Y,Daylight,GARDINER,RIGHT ANGLE,ULSTER,Straight and Level,Clear,,Wet,208 86021070,Not Applicable,"Other Motor Vehicle, Collision With",2,183095,36111,3565,1.2,6410502.0,3939.4,999
2024,Property Damage Accident,17:32,2024-12-17,Tuesday,Y,Dark-Road Lighted,SOMERS,REAR END,WESTCHESTER,Straight at Hill Crest,Clear,Traffic Signal,Dry,,Not Applicable,"Other Motor Vehicle, Collision With",2,1009165,36119,850,0.8,18110248.0,6143.2,3354
2024,Property Damage Accident,16:15,2024-12-17,Tuesday,Y,Dawn,PORT CHESTER,OVERTAKING,WESTCHESTER,Straight and Level,Clear,,Dry,120A87011023,Not Applicable,"Other Motor Vehicle, Collision With",2,1009165,36119,850,0.8,18110248.0,6143.2,3354
2024,Property Damage Accident,0:00,2024-12-17,Tuesday,N,Unknown,,OVERTAKING,WESTCHESTER,Unknown,Unknown,Unknown,Unknown,,Not Applicable,"Other Motor Vehicle, Collision With",2,1009165,36119,850,0.8,18110248.0,6143.2,3354
2024,Property Damage Accident,13:35,2024-12-17,Tuesday,Y,Daylight,OSSINING,LEFT TURN (3),WESTCHESTER,Straight and Grade,Clear,,Dry,9 87032122,Not Applicable,"Other Motor Vehicle, Collision With",2,1009165,36119,850,0.8,18110248.0,6143.2,3354
2024,Property Damage Accident,10:15,2024-12-17,Tuesday,Y,Daylight,BEDFORD,OVERTAKING,WESTCHESTER,Straight and Level,Clear,,Wet,22 87024141,Not Applicable,"Other Motor Vehicle, Collision With",2,1009165,36119,850,0.8,18110248.0,6143.2,3354
2024,Property Damage Accident,8:15,2024-12-17,Tuesday,Y,Daylight,YONKERS,OTHER,WESTCHESTER,Straight and Grade,Rain,,Wet,,Not Applicable,"Guide Rail - Not At End, Collision With Fixed Object",1,1009165,36119,850,0.8,18110248.0,6143.2,3354
2024,Property Damage Accident,7:07,2024-12-17,Tuesday,Y,Dark-Road Unlighted,BRIARCLIFF MANOR,OTHER,WESTCHESTER,Curve and Grade,Rain,,Wet,,Not Applicable,"Guide Rail - Not At End, Collision With Fixed Object",1,1009165,36119,850,0.8,18110248.0,6143.2,3354
2024,Property Damage Accident,16:23,2024-12-17,Tuesday,Y,Dark-Road Lighted,YONKERS,OTHER,WESTCHESTER,Straight and Grade,Cloudy,,Dry,,Not Applicable,"Other Motor Vehicle, Collision With",3,1009165,36119,850,0.8,18110248.0,6143.2,3354
2024,Property Damage & Injury Accident,14:21,2024-12-17,Tuesday,Y,Daylight,BEDFORD,REAR END,WESTCHESTER,Straight and Level,Clear,,Dry,684I87011170,Not Applicable,"Other Motor Vehicle, Collision With",2,1009165,36119,850,0.8,18110248.0,6143.2,3354
2024,Property Damage & Injury Accident,4:39,2024-12-17,Tuesday,Y,Dark-Road Unlighted,PELHAM,OTHER,WESTCHESTER,Curve and Level,Rain,,Wet,,Not Applicable,"Curbing, Collision With Fixed Object",1,1009165,36119,850,0.8,18110248.0,6143.2,3354
2024,Injury Accident,0:00,2024-12-17,Tuesday,N,Unknown,YONKERS,LEFT TURN (3),WESTCHESTER,Unknown,Unknown,Unknown,Unknown,983B87011010,Not Applicable,"Other Motor Vehicle, Collision With",2,1009165,36119,850,0.8,18110248.0,6143.2,3354
2024,Property Damage & Injury Accident,13:11,2024-12-17,Tuesday,Y,Daylight,NEW ROCHELLE,OTHER,WESTCHESTER,Straight and Level,Clear,,Dry,,Working in Roadway,"Pedestrian, Collision With",1,1009165,36119,850,0.8,18110248.0,6143.2,3354
2024,Property Damage Accident,12:12,2024-12-17,Tuesday,Y,Daylight,CORTLANDT,REAR END,WESTCHESTER,Straight and Level,Clear,Traffic Signal,Dry,35 87012023,Not Applicable,"Other Motor Vehicle, Collision With",2,1009165,36119,850,0.8,18110248.0,6143.2,3354
2024,Property Damage Accident,6:25,2024-12-17,Tuesday,Y,Dark-Road Lighted,YONKERS,OVERTAKING,WESTCHESTER,Straight and Grade,Cloudy,,Dry,,Not Applicable,"Other Motor Vehicle, Collision With",2,1009165,36119,850,0.8,18110248.0,6143.2,3354
2024,Injury Accident,17:38,2024-12-17,Tuesday,Y,Dark-Road Unlighted,HARRISON,REAR END,WESTCHESTER,Curve and Grade,Cloudy,Traffic Signal,Wet,,Not Applicable,"Other Motor Vehicle, Collision With",2,1009165,36119,850,0.8,18110248.0,6143.2,3354
2024,Property Damage & Injury Accident,16:51,2024-12-18,Wednesday,Y,Dark-Road Lighted,WAPPINGER,REAR END,DUTCHESS,Straight and Level,Rain,No Passing Zone,Wet,,Not Applicable,"Other Motor Vehicle, Collision With",2,299256,36027,1695,0.8,5987961.0,3975.0,1300
2024,Property Damage & Injury Accident,8:11,2024-12-18,Wednesday,Y,Daylight,WAPPINGER,OTHER,DUTCHESS,Straight and Level,Clear,Traffic Signal,Dry,9 82051063,Not Applicable,"Other Motor Vehicle, Collision With",4,299256,36027,1695,0.8,5987961.0,3975.0,1300
2024,Property Damage Accident,17:13,2024-12-18,Wednesday,Y,Dark-Road Lighted,POUGHKEEPSIE,OVERTAKING,DUTCHESS,Straight and Level,Rain,,Wet,,Not Applicable,"Other Motor Vehicle, Collision With",2,299256,36027,1695,0.8,5987961.0,3975.0,1300
2024,Property Damage Accident,12:15,2024-12-18,Wednesday,Y,Daylight,FISHKILL,OVERTAKING,DUTCHESS,Straight and Level,Clear,,Dry,,Not Applicable,"Other Motor Vehicle, Collision With",2,299256,36027,1695,0.8,5987961.0,3975.0,1300
2024,Property Damage Accident,18:22,2024-12-18,Wednesday,Y,Dark-Road Unlighted,FISHKILL,OTHER,DUTCHESS,Straight and Level,Rain,,Wet,9 82051014,Not Applicable,Deer,1,299256,36027,1695,0.8,5987961.0,3975.0,1300
2024,Property Damage & Injury Accident,11:47,2024-12-18,Wednesday,Y,Daylight,BEEKMAN,LEFT TURN (3),DUTCHESS,Straight and Level,Clear,Stop Sign,Dry,,Not Applicable,"Other Motor Vehicle, Collision With",2,299256,36027,1695,0.8,5987961.0,3975.0,1300
2024,Property Damage Accident,18:36,2024-12-18,Wednesday,Y,Dark-Road Unlighted,FISHKILL,OTHER,DUTCHESS,Straight and Level,Rain,Yield Sign,Wet,9 82051028,Not Applicable,"Other Motor Vehicle, Collision With",3,299256,36027,1695,0.8,5987961.0,3975.0,1300
2024,Property Damage Accident,22:45,2024-12-18,Wednesday,Y,Dark-Road Lighted,KIRYAS JOEL,HEAD ON,ORANGE,Straight and Grade,Rain,No Passing Zone,Wet,,Not Applicable,"Other Motor Vehicle, Collision With",2,415088,36071,4753,2.6,13857119.0,5167.5,1527
2024,Property Damage Accident,17:11,2024-12-18,Wednesday,Y,Dark-Road Unlighted,WALLKILL,OTHER,ORANGE,Straight and Level,Rain,,Wet,211 83013046,Not Applicable,Deer,1,415088,36071,4753,2.6,13857119.0,5167.5,1527
2024,Property Damage & Injury Accident,14:55,2024-12-18,Wednesday,Y,Daylight,HIGHLANDS,RIGHT TURN (6),ORANGE,Curve and Level,Cloudy,,Dry,9W83021001,Not Applicable,"Other Motor Vehicle, Collision With",2,415088,36071,4753,2.6,13857119.0,5167.5,1527
2024,Property Damage Accident,22:04,2024-12-18,Wednesday,Y,Dark-Road Unlighted,DEERPARK,REAR END,ORANGE,Curve and Grade,Rain,,Wet,84I83011010,Not Applicable,"Other Motor Vehicle, Collision With",2,415088,36071,4753,2.6,13857119.0,5167.5,1527
2024,Property Damage Accident,13:28,2024-12-18,Wednesday,Y,Daylight,CHESTER,RIGHT ANGLE,ORANGE,Straight and Grade,Clear,,Dry,17M83013112,Not Applicable,"Other Motor Vehicle, Collision With",2,415088,36071,4753,2.6,13857119.0,5167.5,1527
2024,Property Damage & Injury Accident,9:05,2024-12-18,Wednesday,Y,Daylight,GOSHEN,REAR END,ORANGE,Straight and Level,Clear,Traffic Signal,Dry,6 83012178,Not Applicable,"Other Motor Vehicle, Collision With",2,415088,36071,4753,2.6,13857119.0,5167.5,1527
2024,Property Damage Accident,16:44,2024-12-18,Wednesday,Y,Dark-Road Unlighted,WALLKILL,REAR END,ORANGE,Straight and Level,Rain,No Passing Zone,Wet,,Not Applicable,"Other Motor Vehicle, Collision With",2,415088,36071,4753,2.6,13857119.0,5167.5,1527
2024,Property Damage & Injury Accident,14:58,2024-12-18,Wednesday,Y,Daylight,SOUTH BLOOMING GROVE,OTHER,ORANGE,Straight and Level,Clear,,Dry,,Not Applicable,"Tree, Collision With Fixed Object",1,415088,36071,4753,2.6,13857119.0,5167.5,1527
2024,Property Damage Accident,9:16,2024-12-18,Wednesday,Y,Daylight,WOODBURY,REAR END,ORANGE,Straight and Grade,Clear,,Dry,987C83021002,Not Applicable,"Other Motor Vehicle, Collision With",2,415088,36071,4753,2.6,13857119.0,5167.5,1527
2024,Property Damage Accident,19:33,2024-12-18,Wednesday,Y,Dark-Road Lighted,MIDDLETOWN,REAR END,ORANGE,Straight and Level,Rain,,Wet,,Not Applicable,"Other Motor Vehicle, Collision With",2,415088,36071,4753,2.6,13857119.0,5167.5,1527
2024,Property Damage & Injury Accident,11:33,2024-12-18,Wednesday,Y,Daylight,NEW WINDSOR,LEFT TURN (3),ORANGE,Straight and Grade,Clear,,Dry,300 83021093,Not Applicable,"Other Motor Vehicle, Collision With",2,415088,36071,4753,2.6,13857119.0,5167.5,1527
2024,Property Damage & Injury Accident,18:09,2024-12-18,Wednesday,Y,Dark-Road Lighted,NEW WINDSOR,REAR END,ORANGE,Straight and Level,Rain,Traffic Signal,Wet,300 83021092,Not Applicable,"Other Motor Vehicle, Collision With",2,415088,36071,4753,2.6,13857119.0,5167.5,1527
2024,Property Damage Accident,17:51,2024-12-18,Wednesday,Y,Dark-Road Unlighted,MONTGOMERY,OVERTAKING,ORANGE,Straight and Level,Rain,,Wet,17K83011123,Not Applicable,"Other Motor Vehicle, Collision With",2,415088,36071,4753,2.6,13857119.0,5167.5,1527
2024,Property Damage Accident,19:14,2024-12-18,Wednesday,Y,Dark-Road Lighted,CARMEL,OVERTAKING,PUTNAM,Straight and Grade,Rain,Traffic Signal,Wet,6 84041000,Not Applicable,"Other Motor Vehicle, Collision With",2,98842,36079,509,0.7,2746105.0,4089.2,375
2024,Property Damage Accident,10:15,2024-12-18,Wednesday,Y,Daylight,SOUTHEAST,OTHER,PUTNAM,Straight and Level,Clear,,Dry,84I84031107,Not Applicable,"Other Motor Vehicle, Collision With",3,98842,36079,509,0.7,2746105.0,4089.2,375
2024,Property Damage Accident,17:14,2024-12-18,Wednesday,Y,Dark-Road Lighted,CLARKSTOWN,REAR END,ROCKLAND,Straight and Grade,Rain,,Wet,,Not Applicable,"Other Motor Vehicle, Collision With",2,354829,36087,259,0.3,7336134.0,9989.2,886
2024,Property Damage Accident,19:33,2024-12-18,Wednesday,Y,Dark-Road Lighted,CLARKSTOWN,REAR END,ROCKLAND,Straight and Level,Rain,,Wet,,Not Applicable,"Other Motor Vehicle, Collision With",2,354829,36087,259,0.3,7336134.0,9989.2,886
2024,Property Damage Accident,14:32,2024-12-18,Wednesday,Y,Daylight,CLARKSTOWN,RIGHT ANGLE,ROCKLAND,Straight and Level,Clear,,Dry,,Not Applicable,"Other Motor Vehicle, Collision With",2,354829,36087,259,0.3,7336134.0,9989.2,886
2024,Property Damage Accident,18:18,2024-12-18,Wednesday,Y,Dark-Road Lighted,CLARKSTOWN,LEFT TURN (3),ROCKLAND,Straight and Level,Rain,Traffic Signal,Wet,,Not Applicable,"Other Motor Vehicle, Collision With",2,354829,36087,259,0.3,7336134.0,9989.2,886
2024,Property Damage Accident,10:45,2024-12-18,Wednesday,Y,Daylight,CLARKSTOWN,REAR END,ROCKLAND,Straight and Level,Cloudy,,Dry,,Not Applicable,"Other Motor Vehicle, Collision With",2,354829,36087,259,0.3,7336134.0,9989.2,886
2024,Property Damage Accident,11:36,2024-12-18,Wednesday,Y,Daylight,SPRING VALLEY,REAR END,ROCKLAND,Straight and Level,Clear,No Passing Zone,Dry,,Not Applicable,"Other Motor Vehicle, Collision With",2,354829,36087,259,0.3,7336134.0,9989.2,886
2024,Property Damage Accident,16:35,2024-12-18,Wednesday,Y,Dusk,CLARKSTOWN,REAR END,ROCKLAND,Straight and Level,Rain,,Wet,987C85011083,Not Applicable,"Other Motor Vehicle, Collision With",2,354829,36087,259,0.3,7336134.0,9989.2,886
2024,Property Damage Accident,14:02,2024-12-18,Wednesday,Y,Daylight,HURLEY,OTHER,ULSTER,Curve and Level,Clear,No Passing Zone,Dry,,Not Applicable,"Guide Rail - Not At End, Collision With Fixed Object",1,183095,36111,3565,1.2,6410502.0,3939.4,999
2024,Property Damage Accident,17:55,2024-12-18,Wednesday,Y,Dark-Road Lighted,KINGSTON,RIGHT ANGLE,ULSTER,Straight and Level,Rain,Stop Sign,Wet,,Not Applicable,"Other Motor Vehicle, Collision With",2,183095,36111,3565,1.2,6410502.0,3939.4,999
2024,Property Damage Accident,0:00,2024-12-18,Wednesday,N,Unknown,,Unknown,ULSTER,Unknown,Unknown,Unknown,Unknown,,Not Applicable,"Other Motor Vehicle, Collision With",2,183095,36111,3565,1.2,6410502.0,3939.4,999
2024,Injury Accident,19:10,2024-12-18,Wednesday,Y,Dark-Road Lighted,NEW ROCHELLE,OTHER,WESTCHESTER,Straight and Level,Rain,Officer/Guard,Wet,,Other Actions in Roadway,"Pedestrian, Collision With",1,1009165,36119,850,0.8,18110248.0,6143.2,3354
2024,Property Damage Accident,18:03,2024-12-18,Wednesday,Y,Dark-Road Lighted,GREENBURGH,RIGHT TURN (5),WESTCHESTER,Curve and Grade,Rain,Traffic Signal,Wet,100A87011022,Not Applicable,"Other Motor Vehicle, Collision With",2,1009165,36119,850,0.8,18110248.0,6143.2,3354
2024,Property Damage Accident,12:00,2024-12-18,Wednesday,Y,Daylight,WHITE PLAINS,OVERTAKING,WESTCHESTER,Straight and Level,Clear,,Dry,22 87023008,Not Applicable,"Other Motor Vehicle, Collision With",2,1009165,36119,850,0.8,18110248.0,6143.2,3354
2024,Property Damage Accident,15:40,2024-12-18,Wednesday,Y,Daylight,NEW ROCHELLE,OVERTAKING,WESTCHESTER,Straight at Hill Crest,Cloudy,Traffic Signal,Dry,,Not Applicable,"Other Motor Vehicle, Collision With",2,1009165,36119,850,0.8,18110248.0,6143.2,3354
2024,Property Damage Accident,21:05,2024-12-18,Wednesday,Y,Dark-Road Lighted,PEEKSKILL,LEFT TURN (3),WESTCHESTER,Straight and Level,Rain,Stop Sign,Wet,,Not Applicable,"Other Motor Vehicle, Collision With",2,1009165,36119,850,0.8,18110248.0,6143.2,3354
2024,Property Damage Accident,11:39,2024-12-18,Wednesday,Y,Daylight,MOUNT KISCO,OTHER,WESTCHESTER,Straight and Grade,Clear,,Dry,,Not Applicable,"Building/Wall, Collision With Fixed Object",1,1009165,36119,850,0.8,18110248.0,6143.2,3354
2024,Property Damage Accident,17:20,2024-12-18,Wednesday,Y,Dark-Road Lighted,NEW ROCHELLE,OVERTAKING,WESTCHESTER,Straight and Level,Rain,,Wet,125 87011021,Not Applicable,"Other Motor Vehicle, Collision With",2,1009165,36119,850,0.8,18110248.0,6143.2,3354