year,accident_descriptor,time,date,day_of_week,police_report,lighting_conditions,municipality,collision_type_descriptor,county_name,road_descriptor,weather_conditions,traffic_control_device,road_surface_conditions,dot_reference_marker_location,pedestrian_bicyclist_action,event_descriptor,number_of_vehicles_involved,county_population_2024,county_fips,county_deer_take_2024,county_antlerless_deer_per_sqmi_2024,county_daily_vmt_2019,county_mean_aadt_2019,county_aadt_segments_2019
2024,Property Damage Accident,21:36,2024-12-18,Wednesday,Y,Dark-Road Lighted,PELHAM,RIGHT ANGLE,WESTCHESTER,Straight and Level,Cloudy,Traffic Signal,Wet,,Not Applicable,"Other Motor Vehicle, Collision With",2,1009165,36119,850,0.8,18110248.0,6143.2,3354
2024,Property Damage Accident,6:47,2024-12-18,Wednesday,Y,Daylight,YONKERS,Unknown,WESTCHESTER,Straight and Level,Clear,Stop Sign,Dry,,Not Applicable,"Other Motor Vehicle, Collision With",2,1009165,36119,850,0.8,18110248.0,6143.2,3354
2024,Property Damage Accident,0:00,2024-12-18,Wednesday,N,Dark-Road Lighted,PLEASANTVILLE,LEFT TURN (3),WESTCHESTER,Straight and Level,Rain,Unknown,Wet,,Not Applicable,"Other Motor Vehicle, Collision With",2,1009165,36119,850,0.8,18110248.0,6143.2,3354
2024,Property Damage & Injury Accident,12:20,2024-12-18,Wednesday,Y,Daylight,GREENBURGH,Unknown,WESTCHESTER,Straight and Level,Clear,,Dry,987F87012037,Not Applicable,"Other Motor Vehicle, Collision With",2,1009165,36119,850,0.8,18110248.0,6143.2,3354
2024,Property Damage Accident,18:00,2024-12-18,Wednesday,Y,Dark-Road Unlighted,SCARSDALE,OTHER,WESTCHESTER,Straight and Level,Rain,,Wet,,Not Applicable,"Bridge Structure, Collision With Fixed Object",1,1009165,36119,850,0.8,18110248.0,6143.2,3354
2024,Property Damage Accident,17:24,2024-12-18,Wednesday,Y,Dark-Road Lighted,GREENBURGH,LEFT TURN (3),WESTCHESTER,Straight and Grade,Rain,Traffic Signal,Wet,100A87011022,Not Applicable,"Other Motor Vehicle, Collision With",2,1009165,36119,850,0.8,18110248.0,6143.2,3354
2024,Property Damage Accident,16:53,2024-12-18,Wednesday,Y,Dusk,PORT CHESTER,OVERTAKING,WESTCHESTER,Straight and Level,Clear,,Dry,120A87011013,Not Applicable,"Other Motor Vehicle, Collision With",2,1009165,36119,850,0.8,18110248.0,6143.2,3354
2024,Property Damage Accident,20:12,2024-12-18,Wednesday,Y,Dark-Road Unlighted,PORT CHESTER,RIGHT TURN (5),WESTCHESTER,Straight and Level,Rain,,Wet,1 87035005,Not Applicable,"Other Motor Vehicle, Collision With",2,1009165,36119,850,0.8,18110248.0,6143.2,3354
2024,Property Damage Accident,17:12,2024-12-18,Wednesday,Y,Dark-Road Lighted,PEEKSKILL,OTHER,WESTCHESTER,Straight and Level,Rain,,Wet,,Not Applicable,"Guide Rail - Not At End, Collision With Fixed Object",1,1009165,36119,850,0.8,18110248.0,6143.2,3354
2024,Property Damage & Injury Accident,18:45,2024-12-18,Wednesday,Y,Dark-Road Lighted,GREENBURGH,LEFT TURN (3),WESTCHESTER,Straight and Level,Rain,Traffic Signal,Wet,100 87013003,Not Applicable,"Other Motor Vehicle, Collision With",2,1009165,36119,850,0.8,18110248.0,6143.2,3354
2024,Property Damage & Injury Accident,18:57,2024-12-18,Wednesday,Y,Dark-Road Lighted,YONKERS,REAR END,WESTCHESTER,Curve and Level,Rain,Traffic Signal,Wet,987D87011044,Not Applicable,"Other Motor Vehicle, Collision With",2,1009165,36119,850,0.8,18110248.0,6143.2,3354
2024,Property Damage Accident,19:45,2024-12-18,Wednesday,Y,Dark-Road Lighted,MAMARONECK,OVERTAKING,WESTCHESTER,Straight and Level,Rain,Traffic Signal,Wet,,Not Applicable,"Other Motor Vehicle, Collision With",2,1009165,36119,850,0.8,18110248.0,6143.2,3354
2024,Property Damage Accident,4:04,2024-12-18,Wednesday,Y,Dark-Road Lighted,PORT CHESTER,RIGHT ANGLE,WESTCHESTER,Curve and Level,Clear,,Dry,982C87011007,Not Applicable,"Other Motor Vehicle, Collision With",2,1009165,36119,850,0.8,18110248.0,6143.2,3354
2024,Property Damage Accident,17:43,2024-12-18,Wednesday,Y,Dark-Road Lighted,NEW ROCHELLE,HEAD ON,WESTCHESTER,Straight and Level,Rain,,Wet,,Not Applicable,"Other Motor Vehicle, Collision With",2,1009165,36119,850,0.8,18110248.0,6143.2,3354
2024,Property Damage Accident,12:34,2024-12-18,Wednesday,Y,Daylight,PORT CHESTER,REAR END,WESTCHESTER,Straight at Hill Crest,Clear,Traffic Signal,Dry,1 87035003,Not Applicable,"Other Motor Vehicle, Collision With",2,1009165,36119,850,0.8,18110248.0,6143.2,3354
2024,Property Damage Accident,7:48,2024-12-18,Wednesday,Y,Daylight,HARRISON,LEFT TURN (3),WESTCHESTER,Straight and Grade,Clear,Traffic Signal,Dry,127 87011036,Not Applicable,"Other Motor Vehicle, Collision With",2,1009165,36119,850,0.8,18110248.0,6143.2,3354
2024,Property Damage Accident,16:12,2024-12-18,Wednesday,Y,Daylight,HARRISON,LEFT TURN (3),WESTCHESTER,Curve and Grade,Cloudy,,Dry,,Not Applicable,"Other Motor Vehicle, Collision With",2,1009165,36119,850,0.8,18110248.0,6143.2,3354
2024,Property Damage Accident,18:24,2024-12-18,Wednesday,Y,Dark-Road Unlighted,LEWISBORO,REAR END,WESTCHESTER,Straight and Level,Clear,,Dry,684I87011196,Not Applicable,"Other Motor Vehicle, Collision With",2,1009165,36119,850,0.8,18110248.0,6143.2,3354
2024,Property Damage & Injury Accident,12:45,2024-12-19,Thursday,Y,Daylight,DOVER,RIGHT ANGLE,DUTCHESS,Curve and Grade,Clear,No Passing Zone,Dry,,Not Applicable,"Other Motor Vehicle, Collision With",2,299256,36027,1695,0.8,5987961.0,3975.0,1300
2024,Property Damage Accident,8:50,2024-12-19,Thursday,Y,Daylight,WAPPINGER,REAR END,DUTCHESS,Straight and Level,Clear,Traffic Signal,Dry,82 82011018,Not Applicable,"Other Motor Vehicle, Collision With",2,299256,36027,1695,0.8,5987961.0,3975.0,1300
2024,Property Damage Accident,13:54,2024-12-19,Thursday,Y,Daylight,EAST FISHKILL,REAR END,DUTCHESS,Curve and Level,Cloudy,No Passing Zone,Dry,,Not Applicable,"Other Motor Vehicle, Collision With",2,299256,36027,1695,0.8,5987961.0,3975.0,1300
2024,Property Damage Accident,15:54,2024-12-19,Thursday,Y,Daylight,POUGHKEEPSIE,RIGHT TURN (6),DUTCHESS,Straight and Level,Clear,Stop Sign,Dry,,Not Applicable,"Other Motor Vehicle, Collision With",2,299256,36027,1695,0.8,5987961.0,3975.0,1300
2024,Property Damage Accident,9:18,2024-12-19,Thursday,Y,Daylight,WARWICK,OTHER,ORANGE,Straight and Level,Clear,,Dry,,Not Applicable,"Other Fixed Object*, Collision With Fixed Object",1,415088,36071,4753,2.6,13857119.0,5167.5,1527
2024,Property Damage Accident,14:07,2024-12-19,Thursday,Y,Daylight,MIDDLETOWN,OVERTAKING,ORANGE,Straight and Level,Clear,,Dry,,Not Applicable,"Other Motor Vehicle, Collision With",2,415088,36071,4753,2.6,13857119.0,5167.5,1527
2024,Property Damage Accident,17:45,2024-12-19,Thursday,N,Dark-Road Unlighted,WALLKILL,OTHER,ORANGE,Straight and Level,Clear,,Dry,,Not Applicable,Deer,1,415088,36071,4753,2.6,13857119.0,5167.5,1527
2024,Property Damage Accident,17:22,2024-12-19,Thursday,Y,Dark-Road Lighted,NEW WINDSOR,OVERTAKING,ORANGE,Straight and Grade,Clear,,Dry,9W83021162,Not Applicable,"Other Motor Vehicle, Collision With",2,415088,36071,4753,2.6,13857119.0,5167.5,1527
2024,Property Damage Accident,10:38,2024-12-19,Thursday,Y,Daylight,TUXEDO,OTHER,ORANGE,Straight and Level,Cloudy,,Dry,,Not Applicable,"Guide Rail - Not At End, Collision With Fixed Object",1,415088,36071,4753,2.6,13857119.0,5167.5,1527
2024,Property Damage Accident,16:14,2024-12-19,Thursday,Y,Daylight,WOODBURY,OTHER,ORANGE,Straight and Level,Cloudy,Unknown,Dry,,Not Applicable,"Light Support/Utility Pole, Collision With Fixed Object",1,415088,36071,4753,2.6,13857119.0,5167.5,1527
2024,Property Damage Accident,17:40,2024-12-19,Thursday,Y,Dark-Road Unlighted,NEWBURGH,OTHER,ORANGE,Straight and Level,Clear,,Dry,,Not Applicable,Deer,1,415088,36071,4753,2.6,13857119.0,5167.5,1527
2024,Property Damage Accident,7:30,2024-12-19,Thursday,Y,Daylight,WAWAYANDA,OTHER,ORANGE,Straight and Grade,Clear,No Passing Zone,Dry,,Not Applicable,Deer,1,415088,36071,4753,2.6,13857119.0,5167.5,1527
2024,Property Damage Accident,15:41,2024-12-19,Thursday,Y,Daylight,WARWICK,OVERTAKING,ORANGE,Straight and Level,Cloudy,,Dry,94 83011024,Not Applicable,"Other Motor Vehicle, Collision With",2,415088,36071,4753,2.6,13857119.0,5167.5,1527
2024,Property Damage Accident,16:23,2024-12-19,Thursday,Y,Dusk,PUTNAM VALLEY,OTHER,PUTNAM,Curve and Grade,Clear,No Passing Zone,Dry,,Not Applicable,"Guide Rail - End, Collision With Fixed Object",1,98842,36079,509,0.7,2746105.0,4089.2,375
2024,Injury Accident,9:45,2024-12-19,Thursday,Y,Daylight,CARMEL,OTHER,PUTNAM,Straight and Level,Cloudy,Utility Work Area,Wet,,Working in Roadway,"Pedestrian, Collision With",1,98842,36079,509,0.7,2746105.0,4089.2,375
2024,Property Damage Accident,13:25,2024-12-19,Thursday,Y,Daylight,HAVERSTRAW,REAR END,ROCKLAND,Straight and Level,Clear,,Dry,202 85011091,Not Applicable,"Other Motor Vehicle, Collision With",2,354829,36087,259,0.3,7336134.0,9989.2,886
2024,Property Damage Accident,13:35,2024-12-19,Thursday,Y,Daylight,,RIGHT ANGLE,ROCKLAND,Straight and Level,Clear,,Dry,,Not Applicable,"Other Motor Vehicle, Collision With",2,354829,36087,259,0.3,7336134.0,9989.2,886
2024,Property Damage Accident,13:18,2024-12-19,Thursday,Y,Daylight,,REAR END,ROCKLAND,Straight and Level,Clear,Traffic Signal,Dry,59 85011037,Not Applicable,"Other Motor Vehicle, Collision With",2,354829,36087,259,0.3,7336134.0,9989.2,886
2024,Property Damage & Injury Accident,11:15,2024-12-19,Thursday,Y,Daylight,HAVERSTRAW,LEFT TURN (3),ROCKLAND,Straight and Level,Clear,,Dry,,Not Applicable,"Other Motor Vehicle, Collision With",2,354829,36087,259,0.3,7336134.0,9989.2,886
2024,Property Damage Accident,4:55,2024-12-19,Thursday,Y,Dark-Road Lighted,ORANGETOWN,REAR END,ROCKLAND,Straight and Level,Clear,Traffic Signal,Wet,,Not Applicable,"Other Motor Vehicle, Collision With",2,354829,36087,259,0.3,7336134.0,9989.2,886
2024,Property Damage Accident,14:53,2024-12-19,Thursday,Y,Daylight,ULSTER,OVERTAKING,ULSTER,Straight and Level,Cloudy,No Passing Zone,Dry,981M86011012,Not Applicable,"Other Motor Vehicle, Collision With",2,183095,36111,3565,1.2,6410502.0,3939.4,999
2024,Property Damage Accident,7:12,2024-12-19,Thursday,Y,Daylight,LLOYD,REAR END,ULSTER,Straight and Level,Clear,Traffic Signal,Wet,,Not Applicable,"Other Motor Vehicle, Collision With",2,183095,36111,3565,1.2,6410502.0,3939.4,999
2024,Property Damage Accident,17:48,2024-12-19,Thursday,Y,Dark-Road Lighted,MARLBOROUGH,OTHER,ULSTER,Curve and Grade,Clear,,Dry,9W86031034,Not Applicable,Deer,1,183095,36111,3565,1.2,6410502.0,3939.4,999
2024,Property Damage Accident,7:57,2024-12-19,Thursday,Y,Daylight,ULSTER,REAR END,ULSTER,Straight and Level,Cloudy,,Wet,9W86035010,Not Applicable,"Other Motor Vehicle, Collision With",2,183095,36111,3565,1.2,6410502.0,3939.4,999
2024,Property Damage Accident,23:02,2024-12-19,Thursday,Y,Dark-Road Unlighted,YONKERS,OTHER,WESTCHESTER,Straight and Level,Clear,,Dry,907K87011013,Not Applicable,"Earth Embankment/Rock Cut/Ditch, Collision With Fixed Object",1,1009165,36119,850,0.8,18110248.0,6143.2,3354
2024,Property Damage Accident,13:52,2024-12-19,Thursday,Y,Daylight,CROTON ON HUDSON,RIGHT TURN (6),WESTCHESTER,Straight and Level,Cloudy,Stop Sign,Dry,,Not Applicable,"Other Motor Vehicle, Collision With",2,1009165,36119,850,0.8,18110248.0,6143.2,3354
2024,Property Damage Accident,8:00,2024-12-19,Thursday,Y,Daylight,WHITE PLAINS,REAR END,WESTCHESTER,Straight and Level,Clear,,Wet,,Not Applicable,"Other Motor Vehicle, Collision With",2,1009165,36119,850,0.8,18110248.0,6143.2,3354
2024,Property Damage Accident,12:01,2024-12-19,Thursday,Y,Daylight,MOUNT PLEASANT,REAR END,WESTCHESTER,Straight and Grade,Clear,Yield Sign,Dry,117 87011029,Not Applicable,"Other Motor Vehicle, Collision With",2,1009165,36119,850,0.8,18110248.0,6143.2,3354
2024,Property Damage Accident,11:42,2024-12-19,Thursday,Y,Daylight,YORKTOWN,OVERTAKING,WESTCHESTER,Straight and Level,Clear,Traffic Signal,Dry,35 87012035,Not Applicable,"Other Motor Vehicle, Collision With",2,1009165,36119,850,0.8,18110248.0,6143.2,3354
2024,Property Damage Accident,20:32,2024-12-19,Thursday,Y,Dark-Road Lighted,NEW ROCHELLE,REAR END,WESTCHESTER,Straight and Level,Clear,,Dry,1 87032010,Not Applicable,"Other Motor Vehicle, Collision With",2,1009165,36119,850,0.8,18110248.0,6143.2,3354
2024,Property Damage Accident,16:02,2024-12-19,Thursday,Y,Dusk,PORT CHESTER,REAR END,WESTCHESTER,Straight and Level,Clear,,Dry,,Not Applicable,"Other Motor Vehicle, Collision With",2,1009165,36119,850,0.8,18110248.0,6143.2,3354
2024,Property Damage Accident,6:51,2024-12-19,Thursday,Y,Daylight,PEEKSKILL,RIGHT TURN (6),WESTCHESTER,Straight and Level,Clear,,Dry,6 87032010,Not Applicable,"Other Motor Vehicle, Collision With",2,1009165,36119,850,0.8,18110248.0,6143.2,3354
2024,Property Damage Accident,15:11,2024-12-19,Thursday,Y,Daylight,NORTH SALEM,REAR END,WESTCHESTER,Curve and Level,Cloudy,,Dry,684I87011209,Not Applicable,"Other Motor Vehicle, Collision With",2,1009165,36119,850,0.8,18110248.0,6143.2,3354
2024,Property Damage Accident,20:19,2024-12-19,Thursday,Y,Dark-Road Lighted,YONKERS,REAR END,WESTCHESTER,Straight and Level,Clear,,Dry,,Not Applicable,"Other Motor Vehicle, Collision With",2,1009165,36119,850,0.8,18110248.0,6143.2,3354
2024,Property Damage Accident,7:55,2024-12-19,Thursday,Y,Daylight,PORT CHESTER,OVERTAKING,WESTCHESTER,Straight and Level,Clear,,Dry,120A87011015,Not Applicable,"Other Motor Vehicle, Collision With",2,1009165,36119,850,0.8,18110248.0,6143.2,3354
2024,Property Damage Accident,13:26,2024-12-19,Thursday,Y,Daylight,PORT CHESTER,OVERTAKING,WESTCHESTER,Straight and Level,Clear,,Dry,,Not Applicable,"Other Motor Vehicle, Collision With",2,1009165,36119,850,0.8,18110248.0,6143.2,3354
2024,Property Damage Accident,16:00,2024-12-20,Friday,Y,Daylight,MILAN,OTHER,DUTCHESS,Curve and Grade,Snow,,Snow/Ice,987G82031381,Not Applicable,"Guide Rail - Not At End, Collision With Fixed Object",1,299256,36027,1695,0.8,5987961.0,3975.0,1300
2024,Property Damage & Injury Accident,12:07,2024-12-20,Friday,Y,Daylight,POUGHKEEPSIE,REAR END,DUTCHESS,Straight and Level,Snow,,Snow/Ice,113 82011028,Not Applicable,"Other Motor Vehicle, Collision With",2,299256,36027,1695,0.8,5987961.0,3975.0,1300
2024,Property Damage & Injury Accident,16:47,2024-12-20,Friday,Y,Dark-Road Lighted,WAPPINGER,LEFT TURN (3),DUTCHESS,Straight and Level,Clear,Traffic Signal,Wet,9 82051066,Not Applicable,"Other Motor Vehicle, Collision With",2,299256,36027,1695,0.8,5987961.0,3975.0,1300
2024,Property Damage Accident,22:20,2024-12-20,Friday,Y,Dark-Road Unlighted,LA GRANGE,OTHER,DUTCHESS,Straight and Level,Clear,,Dry,,Not Applicable,Deer,1,299256,36027,1695,0.8,5987961.0,3975.0,1300
2024,Property Damage Accident,0:52,2024-12-20,Friday,Y,Dark-Road Lighted,POUGHKEEPSIE,OTHER,DUTCHESS,Straight and Level,Clear,,Dry,,Not Applicable,"Other Motor Vehicle, Collision With",3,299256,36027,1695,0.8,5987961.0,3975.0,1300
2024,Property Damage Accident,17:05,2024-12-20,Friday,Y,Dark-Road Unlighted,WOODBURY,OTHER,ORANGE,Straight and Level,Snow,Unknown,Snow/Ice,6 83012394,Not Applicable,"Other Motor Vehicle, Collision With",3,415088,36071,4753,2.6,13857119.0,5167.5,1527
2024,Property Damage Accident,12:49,2024-12-20,Friday,Y,Daylight,GOSHEN,LEFT TURN (3),ORANGE,Straight and Level,Snow,Stop Sign,Snow/Ice,207 83011012,Not Applicable,"Other Motor Vehicle, Collision With",2,415088,36071,4753,2.6,13857119.0,5167.5,1527
2024,Property Damage Accident,16:07,2024-12-20,Friday,Y,Dusk,WALLKILL,OTHER,ORANGE,Straight and Level,Snow,,Snow/Ice,,Not Applicable,"Overturned, Non-Collision",1,415088,36071,4753,2.6,13857119.0,5167.5,1527
2024,Property Damage Accident,21:29,2024-12-20,Friday,Y,Dark-Road Unlighted,WARWICK,OVERTAKING,ORANGE,Curve and Grade,Snow,No Passing Zone,Snow/Ice,17A83011123,Not Applicable,"Other Motor Vehicle, Collision With",2,415088,36071,4753,2.6,13857119.0,5167.5,1527
2024,Property Damage Accident,18:30,2024-12-20,Friday,Y,Dark-Road Unlighted,NEWBURGH,REAR END,ORANGE,Straight and Level,Rain,,Wet,84I83011377,Not Applicable,"Other Motor Vehicle, Collision With",2,415088,36071,4753,2.6,13857119.0,5167.5,1527
2024,Property Damage Accident,2:57,2024-12-20,Friday,Y,Dark-Road Lighted,NEWBURGH,OTHER,ORANGE,Straight and Level,Clear,Traffic Signal,Dry,32 83013004,Not Applicable,"Curbing, Collision With Fixed Object",1,415088,36071,4753,2.6,13857119.0,5167.5,1527
2024,Property Damage & Injury Accident,12:30,2024-12-20,Friday,Y,Daylight,GOSHEN,OTHER,ORANGE,Curve and Grade,Snow,,Snow/Ice,,Not Applicable,"Earth Embankment/Rock Cut/Ditch, Collision With Fixed Object",1,415088,36071,4753,2.6,13857119.0,5167.5,1527
2024,Property Damage Accident,15:23,2024-12-20,Friday,Y,Daylight,CHESTER,OTHER,ORANGE,Curve at Hill Crest,Snow,,Snow/Ice,,Not Applicable,"Curbing, Collision With Fixed Object",1,415088,36071,4753,2.6,13857119.0,5167.5,1527
2024,Property Damage Accident,13:30,2024-12-20,Friday,Y,Daylight,NEWBURGH,REAR END,ORANGE,Straight and Level,Snow,Traffic Signal,Snow/Ice,747 83011025,Not Applicable,"Other Motor Vehicle, Collision With",2,415088,36071,4753,2.6,13857119.0,5167.5,1527
2024,Property Damage Accident,15:31,2024-12-20,Friday,Y,Dusk,CHESTER,OTHER,ORANGE,Curve and Grade,Snow,No Passing Zone,Snow/Ice,,Not Applicable,"Earth Embankment/Rock Cut/Ditch, Collision With Fixed Object",1,415088,36071,4753,2.6,13857119.0,5167.5,1527
2024,Property Damage & Injury Accident,21:20,2024-12-20,Friday,Y,Dark-Road Unlighted,CORNWALL,OTHER,ORANGE,Curve and Grade,Snow,,Snow/Ice,9W83021084,Not Applicable,"Median - Not At End, Collision With Fixed Object",1,415088,36071,4753,2.6,13857119.0,5167.5,1527
2024,Property Damage Accident,18:45,2024-12-20,Friday,Y,Dark-Road Unlighted,WARWICK,OTHER,ORANGE,Straight and Level,Snow,,Snow/Ice,17A83011124,Not Applicable,Deer,1,415088,36071,4753,2.6,13857119.0,5167.5,1527
2024,Property Damage Accident,14:05,2024-12-20,Friday,Y,Daylight,WAWAYANDA,RIGHT ANGLE,ORANGE,Straight and Grade,Snow,,Snow/Ice,,Not Applicable,"Other Motor Vehicle, Collision With",2,415088,36071,4753,2.6,13857119.0,5167.5,1527
2024,Property Damage Accident,16:35,2024-12-20,Friday,Y,Dark-Road Lighted,SOUTHEAST,REAR END,PUTNAM,Straight and Level,Snow,,Wet,6 84041160,Not Applicable,"Other Motor Vehicle, Collision With",2,98842,36079,509,0.7,2746105.0,4089.2,375
2024,Property Damage Accident,17:50,2024-12-20,Friday,Y,Dark-Road Lighted,SOUTHEAST,REAR END,PUTNAM,Curve and Grade,Snow,,Wet,6 84041139,Not Applicable,"Other Motor Vehicle, Collision With",2,98842,36079,509,0.7,2746105.0,4089.2,375
2024,Property Damage Accident,14:23,2024-12-20,Friday,Y,Daylight,SOUTHEAST,OVERTAKING,PUTNAM,Straight and Level,Cloudy,,Wet,684I84021024,Not Applicable,"Other Motor Vehicle, Collision With",2,98842,36079,509,0.7,2746105.0,4089.2,375
2024,Property Damage Accident,15:30,2024-12-20,Friday,Y,Daylight,SOUTHEAST,OVERTAKING,PUTNAM,Straight and Level,Snow,,Snow/Ice,84I84031101,Not Applicable,"Other Motor Vehicle, Collision With",2,98842,36079,509,0.7,2746105.0,4089.2,375
2024,Property Damage Accident,15:50,2024-12-20,Friday,Y,Daylight,CARMEL,OTHER,PUTNAM,Straight and Level,Snow,No Passing Zone,Wet,52 84051065,Not Applicable,"Other Motor Vehicle, Collision With",2,98842,36079,509,0.7,2746105.0,4089.2,375
2024,Property Damage & Injury Accident,14:23,2024-12-20,Friday,Y,Daylight,SOUTHEAST,REAR END,PUTNAM,Straight and Level,Snow,,Wet,84I84031073,Not Applicable,"Other Motor Vehicle, Collision With",2,98842,36079,509,0.7,2746105.0,4089.2,375
2024,Property Damage Accident,7:02,2024-12-20,Friday,Y,Daylight,NYACK,RIGHT ANGLE,ROCKLAND,Straight and Grade,Clear,Stop Sign,Dry,,Not Applicable,"Other Motor Vehicle, Collision With",2,354829,36087,259,0.3,7336134.0,9989.2,886
2024,Property Damage Accident,13:48,2024-12-20,Friday,Y,Daylight,STONY POINT,SIDESWIPE,ROCKLAND,Curve and Level,Snow,,Snow/Ice,987C85011174,Not Applicable,"Other Motor Vehicle, Collision With",2,354829,36087,259,0.3,7336134.0,9989.2,886
2024,Property Damage Accident,17:30,2024-12-20,Friday,Y,Dark-Road Lighted,CLARKSTOWN,LEFT TURN (3),ROCKLAND,Straight and Grade,Snow,Traffic Signal,Wet,,Not Applicable,"Other Motor Vehicle, Collision With",2,354829,36087,259,0.3,7336134.0,9989.2,886
2024,Property Damage Accident,7:46,2024-12-20,Friday,Y,Daylight,SPRING VALLEY,LEFT TURN (3),ROCKLAND,Straight and Level,Clear,Stop Sign,Dry,,Not Applicable,"Other Motor Vehicle, Collision With",2,354829,36087,259,0.3,7336134.0,9989.2,886
2024,Property Damage & Injury Accident,7:05,2024-12-20,Friday,Y,Dark-Road Lighted,CLARKSTOWN,OVERTAKING,ROCKLAND,Straight and Level,Clear,,Dry,,Not Applicable,"Other Motor Vehicle, Collision With",2,354829,36087,259,0.3,7336134.0,9989.2,886
2024,Property Damage Accident,11:45,2024-12-20,Friday,Y,Daylight,,RIGHT ANGLE,ROCKLAND,Straight and Level,Snow,Stop Sign,Wet,,Not Applicable,"Other Motor Vehicle, Collision With",2,354829,36087,259,0.3,7336134.0,9989.2,886
2024,Property Damage Accident,17:15,2024-12-20,Friday,Y,Dark-Road Lighted,LLOYD,REAR END,ULSTER,Straight and Level,Snow,Traffic Signal,Wet,9W86031090,Not Applicable,"Other Motor Vehicle, Collision With",2,183095,36111,3565,1.2,6410502.0,3939.4,999
2024,Property Damage Accident,18:19,2024-12-20,Friday,Y,Daylight,ULSTER,OTHER,ULSTER,Straight and Level,Cloudy,,Dry,9W86035020,Not Applicable,"Other Motor Vehicle, Collision With",2,183095,36111,3565,1.2,6410502.0,3939.4,999
2024,Property Damage Accident,13:26,2024-12-20,Friday,Y,Daylight,LLOYD,OTHER,ULSTER,Curve and Level,Snow,,Snow/Ice,,Not Applicable,"Tree, Collision With Fixed Object",1,183095,36111,3565,1.2,6410502.0,3939.4,999
2024,Property Damage Accident,6:15,2024-12-20,Friday,Y,Dark-Road Unlighted,WAWARSING,OTHER,ULSTER,Curve and Grade,Clear,No Passing Zone,Dry,52 86021113,Not Applicable,Deer,1,183095,36111,3565,1.2,6410502.0,3939.4,999
2024,Property Damage Accident,18:45,2024-12-20,Friday,Y,Dark-Road Unlighted,WAWARSING,SIDESWIPE,ULSTER,Straight and Level,Snow,,Snow/Ice,52 86021042,Not Applicable,"Other Motor Vehicle, Collision With",2,183095,36111,3565,1.2,6410502.0,3939.4,999
2024,Property Damage Accident,23:33,2024-12-20,Friday,Y,Dark-Road Unlighted,SAUGERTIES,OTHER,ULSTER,Straight and Level,Snow,No Passing Zone,Snow/Ice,,Not Applicable,Deer,1,183095,36111,3565,1.2,6410502.0,3939.4,999
2024,Property Damage Accident,15:17,2024-12-20,Friday,Y,Daylight,GREENBURGH,OTHER,WESTCHESTER,Straight and Level,Snow,,Snow/Ice,100A87011012,Not Applicable,"Other Motor Vehicle, Collision With",3,1009165,36119,850,0.8,18110248.0,6143.2,3354
2024,Property Damage Accident,15:00,2024-12-20,Friday,Y,Daylight,RYE BROOKE,REAR END,WESTCHESTER,Straight and Level,Rain,,Wet,287I87011101,Not Applicable,"Other Motor Vehicle, Collision With",2,1009165,36119,850,0.8,18110248.0,6143.2,3354
2024,Property Damage Accident,14:54,2024-12-20,Friday,Y,Daylight,HARRISON,OVERTAKING,WESTCHESTER,Straight and Level,Rain,Traffic Signal,Wet,127 87011037,Not Applicable,"Other Motor Vehicle, Collision With",2,1009165,36119,850,0.8,18110248.0,6143.2,3354
2024,Property Damage Accident,13:18,2024-12-20,Friday,Y,Daylight,NEW ROCHELLE,Unknown,WESTCHESTER,Straight and Level,Snow,Traffic Signal,Snow/Ice,1 87032005,Not Applicable,"Other Motor Vehicle, Collision With",2,1009165,36119,850,0.8,18110248.0,6143.2,3354
2024,Property Damage Accident,14:58,2024-12-20,Friday,Y,Daylight,PELHAM,REAR END,WESTCHESTER,Straight and Level,Rain,,Wet,,Not Applicable,"Other Motor Vehicle, Collision With",2,1009165,36119,850,0.8,18110248.0,6143.2,3354
2024,Property Damage Accident,11:00,2024-12-20,Friday,N,Daylight,SOMERS,OTHER,WESTCHESTER,Straight and Level,Clear,Unknown,Dry,,Not Applicable,Deer,1,1009165,36119,850,0.8,18110248.0,6143.2,3354
2024,Property Damage Accident,16:06,2024-12-21,Saturday,Y,Daylight,POUGHKEEPSIE,OVERTAKING,DUTCHESS,Straight and Level,Clear,,Snow/Ice,9 82051095,Not Applicable,"Other Motor Vehicle, Collision With",2,299256,36027,1695,0.8,5987961.0,3975.0,1300
2024,Property Damage Accident,10:51,2024-12-21,Saturday,Y,Daylight,POUGHKEEPSIE,RIGHT ANGLE,DUTCHESS,Straight and Grade,Clear,Stop Sign,Wet,9 82051091,Not Applicable,"Other Motor Vehicle, Collision With",2,299256,36027,1695,0.8,5987961.0,3975.0,1300
2024,Property Damage Accident,8:57,2024-12-21,Saturday,Y,Daylight,POUGHKEEPSIE,SIDESWIPE,DUTCHESS,Straight and Level,Snow,Traffic Signal,Snow/Ice,,Not Applicable,"Other Motor Vehicle, Collision With",2,299256,36027,1695,0.8,5987961.0,3975.0,1300
2024,Property Damage Accident,16:57,2024-12-21,Saturday,Y,Dark-Road Unlighted,LA GRANGE,OTHER,DUTCHESS,Curve and Level,Clear,,Dry,,Not Applicable,"Other Fixed Object*, Collision With Fixed Object",1,299256,36027,1695,0.8,5987961.0,3975.0,1300