year,accident_descriptor,time,date,day_of_week,police_report,lighting_conditions,municipality,collision_type_descriptor,county_name,road_descriptor,weather_conditions,traffic_control_device,road_surface_conditions,dot_reference_marker_location,pedestrian_bicyclist_action,event_descriptor,number_of_vehicles_involved,county_population_2024,county_fips,county_deer_take_2024,county_antlerless_deer_per_sqmi_2024,county_daily_vmt_2019,county_mean_aadt_2019,county_aadt_segments_2019
2024,Property Damage Accident,12:32,2024-12-21,Saturday,Y,Daylight,WOODBURY,OTHER,ORANGE,Straight and Level,Clear,Traffic Signal,Dry,32 83011001,Not Applicable,"Other Motor Vehicle, Collision With",2,415088,36071,4753,2.6,13857119.0,5167.5,1527
2024,Property Damage Accident,11:55,2024-12-21,Saturday,Y,Daylight,WOODBURY,Unknown,ORANGE,Straight and Level,Clear,,Snow/Ice,,Not Applicable,"Other Motor Vehicle, Collision With",2,415088,36071,4753,2.6,13857119.0,5167.5,1527
2024,Property Damage Accident,14:15,2024-12-21,Saturday,Y,Daylight,WARWICK,OVERTAKING,ORANGE,Straight and Level,Cloudy,,Dry,,Not Applicable,"Other Motor Vehicle, Collision With",2,415088,36071,4753,2.6,13857119.0,5167.5,1527
2024,Property Damage Accident,17:39,2024-12-21,Saturday,Y,Dark-Road Unlighted,HIGHLANDS,OVERTAKING,ORANGE,Curve and Level,Cloudy,Yield Sign,Dry,6 83012434,Not Applicable,"Other Motor Vehicle, Collision With",2,415088,36071,4753,2.6,13857119.0,5167.5,1527
2024,Property Damage Accident,4:30,2024-12-21,Saturday,Y,Dark-Road Unlighted,WAWAYANDA,OTHER,ORANGE,Straight and Level,Snow,,Snow/Ice,84I83011158,Not Applicable,"Sign Post, Collision With Fixed Object",1,415088,36071,4753,2.6,13857119.0,5167.5,1527
2024,Property Damage Accident,14:48,2024-12-21,Saturday,Y,Daylight,NEWBURGH,REAR END,ORANGE,Straight and Grade,Clear,Traffic Signal,Wet,9W83022014,Not Applicable,"Other Motor Vehicle, Collision With",2,415088,36071,4753,2.6,13857119.0,5167.5,1527
2024,Property Damage Accident,10:46,2024-12-21,Saturday,Y,Daylight,CHESTER,REAR END,ORANGE,Straight and Grade,Clear,Traffic Signal,Wet,94 83011146,Not Applicable,"Other Motor Vehicle, Collision With",2,415088,36071,4753,2.6,13857119.0,5167.5,1527
2024,Property Damage & Injury Accident,14:23,2024-12-21,Saturday,Y,Daylight,GOSHEN,OTHER,ORANGE,Straight and Level,Cloudy,No Passing Zone,Dry,,Not Applicable,"Earth Embankment/Rock Cut/Ditch, Collision With Fixed Object",1,415088,36071,4753,2.6,13857119.0,5167.5,1527
2024,Property Damage Accident,23:12,2024-12-21,Saturday,Y,Dark-Road Lighted,NEWBURGH,RIGHT ANGLE,ORANGE,Straight and Level,Clear,Traffic Signal,Dry,9W83022005,Not Applicable,"Other Motor Vehicle, Collision With",2,415088,36071,4753,2.6,13857119.0,5167.5,1527
2024,Property Damage Accident,16:51,2024-12-21,Saturday,Y,Dark-Road Unlighted,WOODBURY,OTHER,ORANGE,Curve and Level,Clear,,Dry,,Not Applicable,Deer,1,415088,36071,4753,2.6,13857119.0,5167.5,1527
2024,Property Damage Accident,16:07,2024-12-21,Saturday,Y,Daylight,PORT JERVIS,OVERTAKING,ORANGE,Straight and Level,Cloudy,,Snow/Ice,,Not Applicable,"Other Motor Vehicle, Collision With",2,415088,36071,4753,2.6,13857119.0,5167.5,1527
2024,Property Damage Accident,5:30,2024-12-21,Saturday,Y,Dark-Road Unlighted,WALLKILL,OTHER,ORANGE,Straight and Level,Snow,,Snow/Ice,84I83011235,Not Applicable,"Fence, Collision With Fixed Object",1,415088,36071,4753,2.6,13857119.0,5167.5,1527
2024,Property Damage Accident,13:50,2024-12-21,Saturday,Y,Daylight,TUXEDO,OTHER,ORANGE,Straight and Level,Clear,,Wet,,Not Applicable,"Tree, Collision With Fixed Object",1,415088,36071,4753,2.6,13857119.0,5167.5,1527
2024,Property Damage Accident,8:57,2024-12-21,Saturday,Y,Daylight,NEWBURGH,REAR END,ORANGE,Straight and Level,Snow,Traffic Signal,Snow/Ice,17K83012002,Not Applicable,"Other Motor Vehicle, Collision With",2,415088,36071,4753,2.6,13857119.0,5167.5,1527
2024,Property Damage Accident,20:09,2024-12-21,Saturday,Y,Dark-Road Lighted,NEWBURGH,OTHER,ORANGE,Straight and Level,Clear,,Dry,,Not Applicable,"Other Motor Vehicle, Collision With",2,415088,36071,4753,2.6,13857119.0,5167.5,1527
2024,Property Damage Accident,3:28,2024-12-21,Saturday,Y,Dark-Road Unlighted,WARWICK,OTHER,ORANGE,Straight and Level,Snow,No Passing Zone,Snow/Ice,94 83011013,Not Applicable,"Earth Embankment/Rock Cut/Ditch, Collision With Fixed Object",1,415088,36071,4753,2.6,13857119.0,5167.5,1527
2024,Property Damage Accident,0:54,2024-12-21,Saturday,Y,Dark-Road Unlighted,CRAWFORD,OTHER,ORANGE,Curve and Grade,Snow,,Snow/Ice,,Not Applicable,"Overturned, Non-Collision",1,415088,36071,4753,2.6,13857119.0,5167.5,1527
2024,Property Damage & Injury Accident,8:13,2024-12-21,Saturday,Y,Daylight,TUXEDO,OTHER,ORANGE,Curve and Level,Snow,,Snow/Ice,17A83011228,Not Applicable,"Earth Embankment/Rock Cut/Ditch, Collision With Fixed Object",1,415088,36071,4753,2.6,13857119.0,5167.5,1527
2024,Property Damage Accident,6:30,2024-12-21,Saturday,Y,Dark-Road Lighted,WALLKILL,OTHER,ORANGE,Straight and Level,Snow,No Passing Zone,Snow/Ice,211 83011098,Not Applicable,"Other Motor Vehicle, Collision With",4,415088,36071,4753,2.6,13857119.0,5167.5,1527
2024,Property Damage & Injury Accident,19:11,2024-12-21,Saturday,Y,Dark-Road Lighted,NEW WINDSOR,OTHER,ORANGE,Straight and Level,Clear,Traffic Signal,Dry,,Not Applicable,"Other Motor Vehicle, Collision With",3,415088,36071,4753,2.6,13857119.0,5167.5,1527
2024,Property Damage Accident,14:58,2024-12-21,Saturday,Y,Daylight,NEWBURGH,OVERTAKING,ORANGE,Straight and Level,Clear,,Dry,300 83021091,Not Applicable,"Other Motor Vehicle, Collision With",2,415088,36071,4753,2.6,13857119.0,5167.5,1527
2024,Property Damage Accident,18:36,2024-12-21,Saturday,Y,Dark-Road Unlighted,SOUTHEAST,OVERTAKING,PUTNAM,Straight and Level,Cloudy,,Dry,84I84031130,Not Applicable,"Other Motor Vehicle, Collision With",2,98842,36079,509,0.7,2746105.0,4089.2,375
2024,Property Damage Accident,13:55,2024-12-21,Saturday,Y,Daylight,CLARKSTOWN,REAR END,ROCKLAND,Straight and Level,Cloudy,Traffic Signal,Dry,,Not Applicable,"Other Motor Vehicle, Collision With",2,354829,36087,259,0.3,7336134.0,9989.2,886
2024,Property Damage Accident,2:30,2024-12-21,Saturday,Y,Dark-Road Lighted,CLARKSTOWN,OTHER,ROCKLAND,Straight and Level,Snow,,Snow/Ice,,Not Applicable,"Overturned, Non-Collision",1,354829,36087,259,0.3,7336134.0,9989.2,886
2024,Property Damage Accident,12:48,2024-12-21,Saturday,Y,Daylight,ORANGETOWN,RIGHT ANGLE,ROCKLAND,Straight and Grade,Clear,,Dry,,Not Applicable,"Other Motor Vehicle, Collision With",2,354829,36087,259,0.3,7336134.0,9989.2,886
2024,Property Damage Accident,5:08,2024-12-21,Saturday,Y,Dark-Road Lighted,CHESTNUT RIDGE,OTHER,ROCKLAND,Straight and Grade,Snow,,Snow/Ice,,Not Applicable,"Tree, Collision With Fixed Object",1,354829,36087,259,0.3,7336134.0,9989.2,886
2024,Property Damage Accident,13:23,2024-12-21,Saturday,Y,Daylight,SPRING VALLEY,HEAD ON,ROCKLAND,Curve and Grade,Clear,,Snow/Ice,,Not Applicable,"Other Motor Vehicle, Collision With",2,354829,36087,259,0.3,7336134.0,9989.2,886
2024,Injury Accident,13:50,2024-12-21,Saturday,Y,Daylight,ORANGETOWN,OTHER,ROCKLAND,Straight and Level,Clear,,Dry,,"Crossing, No Signal, Marked Crosswalk","Pedestrian, Collision With",1,354829,36087,259,0.3,7336134.0,9989.2,886
2024,Property Damage Accident,1:30,2024-12-21,Saturday,Y,Dark-Road Unlighted,OLIVE,OTHER,ULSTER,Curve and Grade,Snow,,Snow/Ice,28 86012153,Not Applicable,"Earth Embankment/Rock Cut/Ditch, Collision With Fixed Object",1,183095,36111,3565,1.2,6410502.0,3939.4,999
2024,Property Damage Accident,15:25,2024-12-21,Saturday,Y,Daylight,WOODSTOCK,OTHER,ULSTER,Curve and Level,Cloudy,,Dry,,Not Applicable,"Guide Rail - Not At End, Collision With Fixed Object",1,183095,36111,3565,1.2,6410502.0,3939.4,999
2024,Property Damage & Injury Accident,17:16,2024-12-21,Saturday,Y,Dark-Road Lighted,ULSTER,RIGHT ANGLE,ULSTER,Straight and Level,Clear,Stop Sign,Dry,,Not Applicable,"Other Motor Vehicle, Collision With",2,183095,36111,3565,1.2,6410502.0,3939.4,999
2024,Property Damage Accident,18:26,2024-12-21,Saturday,N,Unknown,ULSTER,HEAD ON,ULSTER,Unknown,Unknown,Unknown,Unknown,,Not Applicable,"Other Motor Vehicle, Collision With",2,183095,36111,3565,1.2,6410502.0,3939.4,999
2024,Property Damage Accident,6:16,2024-12-21,Saturday,Y,Dark-Road Unlighted,PEEKSKILL,OTHER,WESTCHESTER,Curve and Grade,Snow,,Snow/Ice,,Not Applicable,"Fire Hydrant, Collision With Fixed Object",1,1009165,36119,850,0.8,18110248.0,6143.2,3354
2024,Property Damage Accident,9:26,2024-12-21,Saturday,Y,Daylight,PEEKSKILL,OTHER,WESTCHESTER,Straight and Grade,Cloudy,,Snow/Ice,,Not Applicable,"Other Fixed Object*, Collision With Fixed Object",1,1009165,36119,850,0.8,18110248.0,6143.2,3354
2024,Property Damage Accident,7:31,2024-12-21,Saturday,Y,Daylight,MOUNT KISCO,OTHER,WESTCHESTER,Curve and Grade,Snow,,Snow/Ice,987D87012195,Not Applicable,"Curbing, Collision With Fixed Object",1,1009165,36119,850,0.8,18110248.0,6143.2,3354
2024,Property Damage Accident,7:12,2024-12-21,Saturday,Y,Daylight,OSSINING,OTHER,WESTCHESTER,Straight and Grade,Snow,,Snow/Ice,9A87032149,Not Applicable,"Guide Rail - Not At End, Collision With Fixed Object",1,1009165,36119,850,0.8,18110248.0,6143.2,3354
2024,Property Damage Accident,14:10,2024-12-21,Saturday,Y,Daylight,SOMERS,REAR END,WESTCHESTER,Straight and Level,Cloudy,Stop Sign,Dry,6 87033082,Not Applicable,"Other Motor Vehicle, Collision With",2,1009165,36119,850,0.8,18110248.0,6143.2,3354
2024,Property Damage Accident,7:26,2024-12-21,Saturday,Y,Dawn,OSSINING,OTHER,WESTCHESTER,Straight and Grade,Snow,,Snow/Ice,9 87032118,Not Applicable,"Median - End, Collision With Fixed Object",1,1009165,36119,850,0.8,18110248.0,6143.2,3354
2024,Property Damage Accident,19:16,2024-12-21,Saturday,Y,Dark-Road Lighted,PELHAM MANOR,RIGHT ANGLE,WESTCHESTER,Straight and Level,Clear,,Dry,1 87031001,Not Applicable,"Other Motor Vehicle, Collision With",2,1009165,36119,850,0.8,18110248.0,6143.2,3354
2024,Property Damage Accident,6:16,2024-12-21,Saturday,Y,Dark-Road Lighted,WHITE PLAINS,OTHER,WESTCHESTER,Straight and Level,Snow,Stop Sign,Snow/Ice,,Not Applicable,"Building/Wall, Collision With Fixed Object",1,1009165,36119,850,0.8,18110248.0,6143.2,3354
2024,Property Damage & Injury Accident,8:41,2024-12-21,Saturday,Y,Daylight,HARRISON,OTHER,WESTCHESTER,Curve and Level,Snow,,Snow/Ice,984J87011001,Not Applicable,"Other Object (Not Fixed)*, Collision With",1,1009165,36119,850,0.8,18110248.0,6143.2,3354
2024,Property Damage Accident,6:17,2024-12-21,Saturday,Y,Dark-Road Lighted,BRONXVILLE,RIGHT TURN (6),WESTCHESTER,Straight and Grade,Snow,Stop Sign,Snow/Ice,,Not Applicable,"Other Motor Vehicle, Collision With",2,1009165,36119,850,0.8,18110248.0,6143.2,3354
2024,Property Damage Accident,5:32,2024-12-21,Saturday,Y,Dark-Road Lighted,YONKERS,REAR END,WESTCHESTER,Straight and Level,Snow,Traffic Signal,Snow/Ice,,Not Applicable,"Other Motor Vehicle, Collision With",2,1009165,36119,850,0.8,18110248.0,6143.2,3354
2024,Property Damage Accident,16:06,2024-12-21,Saturday,Y,Daylight,PEEKSKILL,RIGHT ANGLE,WESTCHESTER,Straight and Level,Cloudy,Traffic Signal,Dry,9 87033001,Not Applicable,"Other Motor Vehicle, Collision With",2,1009165,36119,850,0.8,18110248.0,6143.2,3354
2024,Property Damage Accident,5:21,2024-12-21,Saturday,Y,Dark-Road Lighted,YONKERS,Unknown,WESTCHESTER,Curve at Hill Crest,Snow,Stop Sign,Snow/Ice,,Not Applicable,"Building/Wall, Collision With Fixed Object",2,1009165,36119,850,0.8,18110248.0,6143.2,3354
2024,Property Damage & Injury Accident,12:04,2024-12-21,Saturday,Y,Daylight,EASTCHESTER,OTHER,WESTCHESTER,Straight and Level,Cloudy,,Snow/Ice,22 87022018,Not Applicable,"Sign Post, Collision With Fixed Object",2,1009165,36119,850,0.8,18110248.0,6143.2,3354
2024,Property Damage Accident,9:31,2024-12-21,Saturday,Y,Daylight,MOUNT PLEASANT,RIGHT ANGLE,WESTCHESTER,Straight and Level,Snow,Stop Sign,Wet,,Not Applicable,"Other Motor Vehicle, Collision With",2,1009165,36119,850,0.8,18110248.0,6143.2,3354
2024,Property Damage Accident,21:00,2024-12-21,Saturday,Y,Daylight,YONKERS,RIGHT TURN (6),WESTCHESTER,Straight and Level,Snow,Stop Sign,Snow/Ice,,Not Applicable,"Other Motor Vehicle, Collision With",2,1009165,36119,850,0.8,18110248.0,6143.2,3354
2024,Property Damage Accident,8:00,2024-12-21,Saturday,Y,Daylight,LEWISBORO,OTHER,WESTCHESTER,Straight and Level,Snow,,Wet,121 87011081,Not Applicable,"Light Support/Utility Pole, Collision With Fixed Object",1,1009165,36119,850,0.8,18110248.0,6143.2,3354
2024,Property Damage Accident,22:53,2024-12-21,Saturday,Y,Dark-Road Lighted,WHITE PLAINS,OVERTAKING,WESTCHESTER,Straight and Level,Clear,,Dry,125 87012021,Not Applicable,"Other Motor Vehicle, Collision With",2,1009165,36119,850,0.8,18110248.0,6143.2,3354
2024,Property Damage Accident,8:15,2024-12-21,Saturday,Y,Dawn,GREENBURGH,OTHER,WESTCHESTER,Straight and Level,Snow,,Snow/Ice,,Not Applicable,"Guide Rail - Not At End, Collision With Fixed Object",1,1009165,36119,850,0.8,18110248.0,6143.2,3354
2024,Property Damage Accident,5:50,2024-12-21,Saturday,Y,Dawn,YONKERS,OTHER,WESTCHESTER,Straight and Grade,Snow,,Snow/Ice,,Not Applicable,"Light Support/Utility Pole, Collision With Fixed Object",1,1009165,36119,850,0.8,18110248.0,6143.2,3354
2024,Property Damage Accident,6:00,2024-12-21,Saturday,N,Unknown,MOUNT VERNON,OTHER,WESTCHESTER,Unknown,Unknown,Unknown,Unknown,,Not Applicable,"Other*, Non-Collision",1,1009165,36119,850,0.8,18110248.0,6143.2,3354
2024,Property Damage Accident,10:00,2024-12-21,Saturday,Y,Daylight,NEW ROCHELLE,REAR END,WESTCHESTER,Curve and Level,Snow,,Snow/Ice,,Not Applicable,"Other Motor Vehicle, Collision With",2,1009165,36119,850,0.8,18110248.0,6143.2,3354
2024,Property Damage & Injury Accident,8:40,2024-12-21,Saturday,Y,Daylight,WHITE PLAINS,OTHER,WESTCHESTER,Straight and Grade,Snow,Traffic Signal,Snow/Ice,,Not Applicable,"Light Support/Utility Pole, Collision With Fixed Object",1,1009165,36119,850,0.8,18110248.0,6143.2,3354
2024,Property Damage Accident,15:55,2024-12-21,Saturday,Y,Daylight,YONKERS,OVERTAKING,WESTCHESTER,Straight and Level,Clear,,Wet,,Not Applicable,"Other Motor Vehicle, Collision With",2,1009165,36119,850,0.8,18110248.0,6143.2,3354
2024,Property Damage Accident,16:00,2024-12-21,Saturday,Y,Daylight,HARRISON,REAR END,WESTCHESTER,Curve and Grade,Clear,Yield Sign,Dry,,Not Applicable,"Other Motor Vehicle, Collision With",2,1009165,36119,850,0.8,18110248.0,6143.2,3354
2024,Property Damage Accident,16:03,2024-12-22,Sunday,Y,Daylight,POUGHKEEPSIE,RIGHT ANGLE,DUTCHESS,Straight and Level,Cloudy,Stop Sign,Dry,,Not Applicable,"Other Motor Vehicle, Collision With",2,299256,36027,1695,0.8,5987961.0,3975.0,1300
2024,Property Damage & Injury Accident,13:50,2024-12-22,Sunday,Y,Daylight,WASHINGTON,OTHER,DUTCHESS,Straight and Level,Clear,No Passing Zone,Dry,44 82022169,Not Applicable,"Other Motor Vehicle, Collision With",3,299256,36027,1695,0.8,5987961.0,3975.0,1300
2024,Property Damage Accident,17:20,2024-12-22,Sunday,Y,Dark-Road Unlighted,HAMPTONBURGH,OTHER,ORANGE,Straight and Level,Clear,No Passing Zone,Dry,416 83011006,Not Applicable,Deer,1,415088,36071,4753,2.6,13857119.0,5167.5,1527
2024,Property Damage Accident,18:27,2024-12-22,Sunday,Y,Dark-Road Lighted,WALLKILL,REAR END,ORANGE,Straight and Level,Clear,Traffic Signal,Dry,,Not Applicable,"Other Motor Vehicle, Collision With",2,415088,36071,4753,2.6,13857119.0,5167.5,1527
2024,Property Damage Accident,5:28,2024-12-22,Sunday,Y,Dark-Road Lighted,NEW WINDSOR,OTHER,ORANGE,Curve and Level,Clear,,Dry,,Not Applicable,"Other Object (Not Fixed)*, Collision With",1,415088,36071,4753,2.6,13857119.0,5167.5,1527
2024,Property Damage Accident,21:30,2024-12-22,Sunday,Y,Dark-Road Unlighted,HIGHLANDS,Unknown,ORANGE,Curve and Level,Clear,,Dry,6 83012434,Not Applicable,"Other Motor Vehicle, Collision With",2,415088,36071,4753,2.6,13857119.0,5167.5,1527
2024,Property Damage Accident,4:11,2024-12-22,Sunday,Y,Dark-Road Unlighted,MOUNT HOPE,OTHER,ORANGE,Curve and Grade,Clear,No Passing Zone,Dry,,Not Applicable,"Building/Wall, Collision With Fixed Object",1,415088,36071,4753,2.6,13857119.0,5167.5,1527
2024,Property Damage Accident,7:58,2024-12-22,Sunday,Y,Daylight,NEWBURGH,OTHER,ORANGE,Straight and Level,Clear,,Dry,,Not Applicable,"Other Motor Vehicle, Collision With",3,415088,36071,4753,2.6,13857119.0,5167.5,1527
2024,Property Damage Accident,18:00,2024-12-22,Sunday,Y,Dark-Road Unlighted,MOUNT HOPE,OTHER,ORANGE,Straight and Level,Clear,,Dry,,Not Applicable,"Animal, Collision With",1,415088,36071,4753,2.6,13857119.0,5167.5,1527
2024,Property Damage Accident,14:02,2024-12-22,Sunday,Y,Daylight,CARMEL,RIGHT ANGLE,PUTNAM,Straight and Level,Clear,No Passing Zone,Dry,6 84041084,Not Applicable,"Other Motor Vehicle, Collision With",2,98842,36079,509,0.7,2746105.0,4089.2,375
2024,Property Damage Accident,12:41,2024-12-22,Sunday,Y,Daylight,SOUTHEAST,REAR END,PUTNAM,Straight and Level,Clear,,Dry,84I84031104,Not Applicable,"Other Motor Vehicle, Collision With",2,98842,36079,509,0.7,2746105.0,4089.2,375
2024,Property Damage & Injury Accident,22:39,2024-12-22,Sunday,Y,Dark-Road Lighted,RAMAPO,HEAD ON,ROCKLAND,Straight and Level,Cloudy,,Snow/Ice,,Not Applicable,"Other Motor Vehicle, Collision With",2,354829,36087,259,0.3,7336134.0,9989.2,886
2024,Property Damage Accident,16:00,2024-12-22,Sunday,Y,Daylight,CLARKSTOWN,LEFT TURN (0),ROCKLAND,Straight and Level,Clear,Stop Sign,Dry,,Not Applicable,"Other Motor Vehicle, Collision With",2,354829,36087,259,0.3,7336134.0,9989.2,886
2024,Property Damage Accident,15:55,2024-12-22,Sunday,Y,Dusk,,LEFT TURN (3),ROCKLAND,Straight and Level,Cloudy,Traffic Signal,Dry,59 85011037,Not Applicable,"Other Motor Vehicle, Collision With",2,354829,36087,259,0.3,7336134.0,9989.2,886
2024,Property Damage Accident,15:53,2024-12-22,Sunday,Y,Daylight,CLARKSTOWN,REAR END,ROCKLAND,Straight and Level,Clear,,Dry,,Not Applicable,"Other Motor Vehicle, Collision With",2,354829,36087,259,0.3,7336134.0,9989.2,886
2024,Property Damage Accident,14:20,2024-12-22,Sunday,Y,Daylight,ORANGETOWN,RIGHT TURN (6),ROCKLAND,Straight and Level,Clear,,Dry,,Not Applicable,"Other Motor Vehicle, Collision With",2,354829,36087,259,0.3,7336134.0,9989.2,886
2024,Property Damage & Injury Accident,15:52,2024-12-22,Sunday,Y,Daylight,CLARKSTOWN,RIGHT ANGLE,ROCKLAND,Straight and Level,Clear,Stop Sign,Dry,,Not Applicable,"Other Motor Vehicle, Collision With",2,354829,36087,259,0.3,7336134.0,9989.2,886
2024,Property Damage Accident,15:56,2024-12-22,Sunday,Y,Daylight,CHESTNUT RIDGE,OTHER,ROCKLAND,Straight and Level,Clear,,Dry,,Not Applicable,"Other Motor Vehicle, Collision With",3,354829,36087,259,0.3,7336134.0,9989.2,886
2024,Property Damage Accident,14:00,2024-12-22,Sunday,Y,Daylight,WEST HAVERSTRAW,OVERTAKING,ROCKLAND,Straight and Level,Clear,Traffic Signal,Dry,202 85011118,Not Applicable,"Other Motor Vehicle, Collision With",2,354829,36087,259,0.3,7336134.0,9989.2,886
2024,Property Damage & Injury Accident,2:00,2024-12-22,Sunday,Y,Dark-Road Lighted,ORANGETOWN,OTHER,ROCKLAND,Curve and Level,Clear,,Snow/Ice,9W85011021,Not Applicable,"Sign Post, Collision With Fixed Object",1,354829,36087,259,0.3,7336134.0,9989.2,886
2024,Property Damage Accident,5:07,2024-12-22,Sunday,Y,Dark-Road Unlighted,ELMSFORD,OTHER,WESTCHESTER,Curve and Grade,Clear,,Dry,987F87012055,Not Applicable,"Guide Rail - Not At End, Collision With Fixed Object",1,1009165,36119,850,0.8,18110248.0,6143.2,3354
2024,Property Damage Accident,13:40,2024-12-22,Sunday,Y,Daylight,NORTH SALEM,LEFT TURN (3),WESTCHESTER,Straight and Level,Clear,Stop Sign,Dry,,Not Applicable,"Other Motor Vehicle, Collision With",2,1009165,36119,850,0.8,18110248.0,6143.2,3354
2024,Property Damage Accident,2:53,2024-12-22,Sunday,Y,Dark-Road Unlighted,YORKTOWN,OTHER,WESTCHESTER,Curve and Grade,Clear,,Snow/Ice,,Not Applicable,"Light Support/Utility Pole, Collision With Fixed Object",1,1009165,36119,850,0.8,18110248.0,6143.2,3354
2024,Property Damage Accident,12:21,2024-12-22,Sunday,Y,Daylight,YORKTOWN,REAR END,WESTCHESTER,Straight and Level,Clear,,Dry,3587012025,Not Applicable,"Other Motor Vehicle, Collision With",2,1009165,36119,850,0.8,18110248.0,6143.2,3354
2024,Property Damage & Injury Accident,16:22,2024-12-22,Sunday,Y,Dawn,MOUNT VERNON,OTHER,WESTCHESTER,Straight and Level,Clear,,Snow/Ice,,Not Applicable,"Other Motor Vehicle, Collision With",3,1009165,36119,850,0.8,18110248.0,6143.2,3354
2024,Property Damage Accident,13:56,2024-12-22,Sunday,Y,Daylight,OSSINING,LEFT TURN (3),WESTCHESTER,Straight and Grade,Clear,Stop Sign,Dry,,Not Applicable,"Other Motor Vehicle, Collision With",2,1009165,36119,850,0.8,18110248.0,6143.2,3354
2024,Property Damage & Injury Accident,14:23,2024-12-22,Sunday,Y,Daylight,GREENBURGH,REAR END,WESTCHESTER,Straight and Level,Clear,,Dry,,Not Applicable,"Other Motor Vehicle, Collision With",2,1009165,36119,850,0.8,18110248.0,6143.2,3354
2024,Property Damage Accident,18:00,2024-12-23,Monday,Y,Dark-Road Lighted,WAPPINGER,REAR END,DUTCHESS,Straight and Level,Clear,,Dry,9 82051058,Not Applicable,"Other Motor Vehicle, Collision With",2,299256,36027,1695,0.8,5987961.0,3975.0,1300
2024,Property Damage Accident,17:15,2024-12-23,Monday,Y,Dark-Road Unlighted,WAPPINGER,REAR END,DUTCHESS,Straight and Level,Clear,Other,Dry,9 82051057,Not Applicable,"Other Motor Vehicle, Collision With",2,299256,36027,1695,0.8,5987961.0,3975.0,1300
2024,Property Damage Accident,17:11,2024-12-23,Monday,Y,Dark-Road Unlighted,NORTHEAST,OTHER,DUTCHESS,Straight and Level,Clear,,Dry,22 82041305,Not Applicable,Deer,1,299256,36027,1695,0.8,5987961.0,3975.0,1300
2024,Property Damage Accident,11:35,2024-12-23,Monday,Y,Daylight,POUGHKEEPSIE,OTHER,DUTCHESS,Straight and Level,Clear,Traffic Signal,Dry,376 82011138,Not Applicable,"Light Support/Utility Pole, Collision With Fixed Object",1,299256,36027,1695,0.8,5987961.0,3975.0,1300
2024,Injury Accident,17:55,2024-12-23,Monday,Y,Dark-Road Lighted,POUGHKEEPSIE,OTHER,DUTCHESS,Straight and Level,Clear,,Dry,,"Crossing, No Signal or Crosswalk","Pedestrian, Collision With",1,299256,36027,1695,0.8,5987961.0,3975.0,1300
2024,Property Damage Accident,18:14,2024-12-23,Monday,Y,Dark-Road Lighted,POUGHKEEPSIE,REAR END,DUTCHESS,Straight and Level,Clear,,Dry,9 82051098,Not Applicable,"Other Motor Vehicle, Collision With",2,299256,36027,1695,0.8,5987961.0,3975.0,1300
2024,Property Damage Accident,22:04,2024-12-23,Monday,Y,Dark-Road Unlighted,PLEASANT VALLEY,OTHER,DUTCHESS,Straight and Level,Clear,No Passing Zone,Dry,115 82012081,Not Applicable,"Tree, Collision With Fixed Object",1,299256,36027,1695,0.8,5987961.0,3975.0,1300
2024,Property Damage Accident,14:34,2024-12-23,Monday,Y,Daylight,MIDDLETOWN,REAR END,ORANGE,Straight and Level,Clear,Traffic Signal,Dry,,Not Applicable,"Other Motor Vehicle, Collision With",2,415088,36071,4753,2.6,13857119.0,5167.5,1527
2024,Property Damage Accident,11:02,2024-12-23,Monday,Y,Daylight,WOODBURY,Unknown,ORANGE,Straight and Level,Clear,Stop Sign,Dry,984C83011003,Not Applicable,"Other Motor Vehicle, Collision With",2,415088,36071,4753,2.6,13857119.0,5167.5,1527
2024,Property Damage Accident,15:16,2024-12-23,Monday,Y,Daylight,NEWBURGH,RIGHT ANGLE,ORANGE,Straight and Level,Clear,Traffic Signal,Dry,9W83022006,Not Applicable,"Other Motor Vehicle, Collision With",2,415088,36071,4753,2.6,13857119.0,5167.5,1527
2024,Property Damage Accident,23:32,2024-12-23,Monday,Y,Dark-Road Unlighted,WALLKILL,OTHER,ORANGE,Straight and Level,Clear,,Dry,,Not Applicable,Deer,1,415088,36071,4753,2.6,13857119.0,5167.5,1527
2024,Property Damage Accident,16:20,2024-12-23,Monday,Y,Dusk,WALLKILL,OTHER,ORANGE,Straight at Hill Crest,Clear,,Dry,,Not Applicable,Deer,1,415088,36071,4753,2.6,13857119.0,5167.5,1527
2024,Property Damage Accident,8:32,2024-12-23,Monday,Y,Daylight,MONROE,REAR END,ORANGE,Straight and Level,Clear,,Dry,,Not Applicable,"Other Motor Vehicle, Collision With",2,415088,36071,4753,2.6,13857119.0,5167.5,1527
2024,Property Damage Accident,19:25,2024-12-23,Monday,Y,Dark-Road Lighted,MIDDLETOWN,RIGHT TURN (5),ORANGE,Straight and Level,Cloudy,Yield Sign,Dry,,Not Applicable,"Other Motor Vehicle, Collision With",2,415088,36071,4753,2.6,13857119.0,5167.5,1527
2024,Property Damage Accident,8:45,2024-12-23,Monday,Y,Daylight,MIDDLETOWN,OVERTAKING,ORANGE,Straight and Level,Clear,Traffic Signal,Dry,17M83012003,Not Applicable,"Other Motor Vehicle, Collision With",2,415088,36071,4753,2.6,13857119.0,5167.5,1527
2024,Property Damage & Injury Accident,10:49,2024-12-23,Monday,Y,Daylight,WARWICK,HEAD ON,ORANGE,Curve and Grade,Clear,Stop Sign,Dry,17A83011136,Not Applicable,"Other Motor Vehicle, Collision With",2,415088,36071,4753,2.6,13857119.0,5167.5,1527