year,accident_descriptor,time,date,day_of_week,police_report,lighting_conditions,municipality,collision_type_descriptor,county_name,road_descriptor,weather_conditions,traffic_control_device,road_surface_conditions,dot_reference_marker_location,pedestrian_bicyclist_action,event_descriptor,number_of_vehicles_involved,county_population_2024,county_fips,county_deer_take_2024,county_antlerless_deer_per_sqmi_2024,county_daily_vmt_2019,county_mean_aadt_2019,county_aadt_segments_2019
2024,Property Damage & Injury Accident,11:21,2024-12-23,Monday,Y,Daylight,NEWBURGH,LEFT TURN (3),ORANGE,Straight and Level,Clear,,Dry,17K83011170,Not Applicable,"Other Motor Vehicle, Collision With",2,415088,36071,4753,2.6,13857119.0,5167.5,1527
2024,Property Damage Accident,10:45,2024-12-23,Monday,Y,Daylight,NEW WINDSOR,OTHER,ORANGE,Straight and Level,Clear,,Dry,32 83011116,Not Applicable,"Other Motor Vehicle, Collision With",2,415088,36071,4753,2.6,13857119.0,5167.5,1527
2024,Property Damage Accident,13:47,2024-12-23,Monday,Y,Daylight,NEW WINDSOR,OTHER,ORANGE,Straight and Level,Clear,Traffic Signal,Dry,32 83011116,Not Applicable,"Other Motor Vehicle, Collision With",3,415088,36071,4753,2.6,13857119.0,5167.5,1527
2024,Property Damage Accident,21:36,2024-12-23,Monday,Y,Dark-Road Unlighted,WAWAYANDA,OTHER,ORANGE,Straight and Level,Clear,,Dry,,Not Applicable,Deer,1,415088,36071,4753,2.6,13857119.0,5167.5,1527
2024,Property Damage Accident,8:40,2024-12-23,Monday,Y,Daylight,NEW WINDSOR,REAR END,ORANGE,Straight and Grade,Clear,Traffic Signal,Dry,,Not Applicable,"Other Motor Vehicle, Collision With",2,415088,36071,4753,2.6,13857119.0,5167.5,1527
2024,Property Damage Accident,20:45,2024-12-23,Monday,Y,Dark-Road Unlighted,MONTGOMERY,OTHER,ORANGE,Straight and Level,Clear,Other,Dry,84I83011284,Not Applicable,"Earth Embankment/Rock Cut/Ditch, Collision With Fixed Object",1,415088,36071,4753,2.6,13857119.0,5167.5,1527
2024,Property Damage Accident,22:11,2024-12-23,Monday,Y,Dark-Road Unlighted,KENT,OTHER,PUTNAM,Curve and Level,Clear,No Passing Zone,Dry,,Not Applicable,"Other Fixed Object*, Collision With Fixed Object",1,98842,36079,509,0.7,2746105.0,4089.2,375
2024,Property Damage Accident,9:50,2024-12-23,Monday,Y,Daylight,SOUTHEAST,RIGHT TURN (5),PUTNAM,Straight and Grade,Clear,,Dry,312 84011007,Not Applicable,"Other Motor Vehicle, Collision With",2,98842,36079,509,0.7,2746105.0,4089.2,375
2024,Property Damage Accident,10:03,2024-12-23,Monday,Y,Daylight,ORANGETOWN,OTHER,ROCKLAND,Straight and Level,Clear,,Dry,,Not Applicable,Deer,1,354829,36087,259,0.3,7336134.0,9989.2,886
2024,Property Damage Accident,19:40,2024-12-23,Monday,Y,Dark-Road Lighted,CLARKSTOWN,REAR END,ROCKLAND,Straight and Level,Clear,,Dry,59 85011125,Not Applicable,"Other Motor Vehicle, Collision With",2,354829,36087,259,0.3,7336134.0,9989.2,886
2024,Property Damage & Injury Accident,7:30,2024-12-23,Monday,Y,Daylight,ORANGETOWN,REAR END,ROCKLAND,Straight and Level,Other*,,Dry,987C85011030,Not Applicable,"Other Motor Vehicle, Collision With",2,354829,36087,259,0.3,7336134.0,9989.2,886
2024,Property Damage Accident,17:34,2024-12-23,Monday,Y,Dusk,MARBLETOWN,OTHER,ULSTER,Straight and Level,Clear,,Dry,209 86031239,Not Applicable,Deer,1,183095,36111,3565,1.2,6410502.0,3939.4,999
2024,Property Damage & Injury Accident,9:53,2024-12-23,Monday,Y,Daylight,YONKERS,OVERTAKING,WESTCHESTER,Straight and Level,Clear,Traffic Signal,Dry,983C87011003,Not Applicable,"Other Motor Vehicle, Collision With",2,1009165,36119,850,0.8,18110248.0,6143.2,3354
2024,Property Damage Accident,17:20,2024-12-23,Monday,Y,Dark-Road Lighted,OSSINING,LEFT TURN (3),WESTCHESTER,Straight and Grade,Clear,Stop Sign,Dry,,Not Applicable,"Other Motor Vehicle, Collision With",2,1009165,36119,850,0.8,18110248.0,6143.2,3354
2024,Property Damage Accident,10:08,2024-12-23,Monday,Y,Daylight,YONKERS,OVERTAKING,WESTCHESTER,Straight and Level,Clear,,Dry,100 87011021,Not Applicable,"Other Motor Vehicle, Collision With",2,1009165,36119,850,0.8,18110248.0,6143.2,3354
2024,Property Damage & Injury Accident,14:30,2024-12-23,Monday,N,Daylight,RYE,OTHER,WESTCHESTER,Straight and Level,Clear,,Dry,,Not Applicable,"Other Motor Vehicle, Collision With",3,1009165,36119,850,0.8,18110248.0,6143.2,3354
2024,Property Damage Accident,20:26,2024-12-23,Monday,Y,Dark-Road Unlighted,NEW ROCHELLE,Unknown,WESTCHESTER,Straight and Grade,Clear,,Dry,,Not Applicable,"Other Motor Vehicle, Collision With",2,1009165,36119,850,0.8,18110248.0,6143.2,3354
2024,Property Damage Accident,0:00,2024-12-23,Monday,N,Daylight,NEW ROCHELLE,RIGHT TURN (5),WESTCHESTER,Straight and Level,Clear,Traffic Signal,Dry,,Not Applicable,"Other Motor Vehicle, Collision With",2,1009165,36119,850,0.8,18110248.0,6143.2,3354
2024,Property Damage Accident,12:30,2024-12-23,Monday,Y,Daylight,RYE,REAR END,WESTCHESTER,Straight and Level,Cloudy,,Dry,1 87034029,Not Applicable,"Other Motor Vehicle, Collision With",2,1009165,36119,850,0.8,18110248.0,6143.2,3354
2024,Injury Accident,7:49,2024-12-23,Monday,Y,Dawn,PEEKSKILL,OTHER,WESTCHESTER,Straight and Level,Clear,Flashing Light,Dry,35 87011008,"Crossing, No Signal, Marked Crosswalk","Bicyclist, Collision With",1,1009165,36119,850,0.8,18110248.0,6143.2,3354
2024,Property Damage Accident,11:04,2024-12-23,Monday,Y,Daylight,YONKERS,OVERTAKING,WESTCHESTER,Straight and Level,Clear,Unknown,Snow/Ice,,Not Applicable,"Other Motor Vehicle, Collision With",2,1009165,36119,850,0.8,18110248.0,6143.2,3354
2024,Property Damage & Injury Accident,17:03,2024-12-23,Monday,Y,Dark-Road Unlighted,CORTLANDT,REAR END,WESTCHESTER,Straight and Level,Snow,No Passing Zone,Snow/Ice,987H87012013,Not Applicable,"Other Motor Vehicle, Collision With",2,1009165,36119,850,0.8,18110248.0,6143.2,3354
2024,Property Damage & Injury Accident,6:44,2024-12-23,Monday,Y,Dawn,HASTINGS ON HUDSON,OVERTAKING,WESTCHESTER,Straight and Level,Clear,,Dry,987J87011000,Not Applicable,"Other Motor Vehicle, Collision With",2,1009165,36119,850,0.8,18110248.0,6143.2,3354
2024,Property Damage Accident,6:48,2024-12-23,Monday,Y,Daylight,NEW ROCHELLE,REAR END,WESTCHESTER,Straight and Level,Clear,Traffic Signal,Dry,982J87011002,Not Applicable,"Other Motor Vehicle, Collision With",2,1009165,36119,850,0.8,18110248.0,6143.2,3354
2024,Property Damage Accident,13:00,2024-12-23,Monday,Y,Daylight,YORKTOWN,OTHER,WESTCHESTER,Straight and Level,Clear,,Dry,,Not Applicable,"Other Motor Vehicle, Collision With",2,1009165,36119,850,0.8,18110248.0,6143.2,3354
2024,Property Damage & Injury Accident,3:45,2024-12-23,Monday,Y,Dark-Road Unlighted,YORKTOWN,OTHER,WESTCHESTER,Curve and Grade,Clear,,Dry,987G87011204,Not Applicable,"Earth Embankment/Rock Cut/Ditch, Collision With Fixed Object",1,1009165,36119,850,0.8,18110248.0,6143.2,3354
2024,Property Damage & Injury Accident,9:11,2024-12-23,Monday,Y,Daylight,NEW CASTLE,OTHER,WESTCHESTER,Straight and Level,Clear,No Passing Zone,Dry,100 87014117,Not Applicable,"Tree, Collision With Fixed Object",1,1009165,36119,850,0.8,18110248.0,6143.2,3354
2024,Property Damage Accident,22:56,2024-12-23,Monday,Y,Dark-Road Lighted,GREENBURGH,OTHER,WESTCHESTER,Straight and Level,Clear,,Dry,,Not Applicable,"Light Support/Utility Pole, Collision With Fixed Object",1,1009165,36119,850,0.8,18110248.0,6143.2,3354
2024,Property Damage Accident,14:11,2024-12-23,Monday,Y,Daylight,PELHAM,OVERTAKING,WESTCHESTER,Straight and Level,Clear,,Dry,,Not Applicable,"Other Motor Vehicle, Collision With",2,1009165,36119,850,0.8,18110248.0,6143.2,3354
2024,Property Damage Accident,14:16,2024-12-23,Monday,Y,Daylight,NEW ROCHELLE,REAR END,WESTCHESTER,Straight and Level,Clear,,Dry,,Not Applicable,"Other Motor Vehicle, Collision With",2,1009165,36119,850,0.8,18110248.0,6143.2,3354
2024,Property Damage Accident,17:00,2024-12-23,Monday,Y,Dusk,YORKTOWN,RIGHT ANGLE,WESTCHESTER,Straight and Level,Clear,,Dry,,Not Applicable,"Other Motor Vehicle, Collision With",2,1009165,36119,850,0.8,18110248.0,6143.2,3354
2024,Property Damage Accident,9:38,2024-12-23,Monday,Y,Dark-Road Lighted,YONKERS,SIDESWIPE,WESTCHESTER,Straight at Hill Crest,Clear,,Dry,,Not Applicable,"Other Motor Vehicle, Collision With",2,1009165,36119,850,0.8,18110248.0,6143.2,3354
2024,Property Damage Accident,11:15,2024-12-24,Tuesday,N,Daylight,RHINEBECK,OTHER,DUTCHESS,Curve and Grade,Clear,Unknown,Snow/Ice,,Not Applicable,"Other Object (Not Fixed)*, Collision With",1,299256,36027,1695,0.8,5987961.0,3975.0,1300
2024,Property Damage & Injury Accident,8:11,2024-12-24,Tuesday,Y,Daylight,EAST FISHKILL,OTHER,DUTCHESS,Curve and Grade,Snow,No Passing Zone,Snow/Ice,52 82042170,Not Applicable,"Guide Rail - Not At End, Collision With Fixed Object",1,299256,36027,1695,0.8,5987961.0,3975.0,1300
2024,Property Damage Accident,13:10,2024-12-24,Tuesday,Y,Daylight,POUGHKEEPSIE,OVERTAKING,DUTCHESS,Straight and Level,Cloudy,,Snow/Ice,44 82022016,Not Applicable,"Other Motor Vehicle, Collision With",2,299256,36027,1695,0.8,5987961.0,3975.0,1300
2024,Property Damage Accident,9:30,2024-12-24,Tuesday,Y,Daylight,NORTHEAST,OVERTAKING,DUTCHESS,Straight and Grade,Snow,,Snow/Ice,,Not Applicable,"Other Motor Vehicle, Collision With",2,299256,36027,1695,0.8,5987961.0,3975.0,1300
2024,Property Damage Accident,9:09,2024-12-24,Tuesday,Y,Daylight,WALLKILL,OTHER,ORANGE,Curve and Level,Clear,,Snow/Ice,,Not Applicable,"Tree, Collision With Fixed Object",1,415088,36071,4753,2.6,13857119.0,5167.5,1527
2024,Property Damage Accident,13:13,2024-12-24,Tuesday,Y,Daylight,MIDDLETOWN,OVERTAKING,ORANGE,Straight and Level,Clear,Traffic Signal,Wet,,Not Applicable,"Other Motor Vehicle, Collision With",2,415088,36071,4753,2.6,13857119.0,5167.5,1527
2024,Property Damage Accident,6:35,2024-12-24,Tuesday,Y,Dark-Road Unlighted,MONROE,OTHER,ORANGE,Straight and Level,Snow,,Snow/Ice,17 83101218,Not Applicable,"Guide Rail - Not At End, Collision With Fixed Object",1,415088,36071,4753,2.6,13857119.0,5167.5,1527
2024,Property Damage Accident,7:30,2024-12-24,Tuesday,Y,Daylight,DEERPARK,OTHER,ORANGE,Straight and Grade,Snow,No Passing Zone,Snow/Ice,42 83012029,Not Applicable,"Guide Rail - End, Collision With Fixed Object",1,415088,36071,4753,2.6,13857119.0,5167.5,1527
2024,Property Damage & Injury Accident,23:50,2024-12-24,Tuesday,Y,Dark-Road Unlighted,GOSHEN,OTHER,ORANGE,Curve and Grade,Clear,,Wet,17 83101119,Not Applicable,"Sign Post, Collision With Fixed Object",1,415088,36071,4753,2.6,13857119.0,5167.5,1527
2024,Property Damage Accident,17:20,2024-12-24,Tuesday,Y,Dark-Road Unlighted,GOSHEN,OTHER,ORANGE,Straight and Level,Clear,No Passing Zone,Wet,6 83012176,Not Applicable,Deer,1,415088,36071,4753,2.6,13857119.0,5167.5,1527
2024,Property Damage Accident,0:30,2024-12-24,Tuesday,Y,Dark-Road Lighted,WALLKILL,OTHER,ORANGE,Straight and Level,Clear,,Snow/Ice,302 83011008,Not Applicable,"Tree, Collision With Fixed Object",1,415088,36071,4753,2.6,13857119.0,5167.5,1527
2024,Property Damage & Injury Accident,8:40,2024-12-24,Tuesday,Y,Daylight,GREENVILLE,OTHER,ORANGE,Curve and Grade,Snow,No Passing Zone,Snow/Ice,,Not Applicable,"Earth Embankment/Rock Cut/Ditch, Collision With Fixed Object",1,415088,36071,4753,2.6,13857119.0,5167.5,1527
2024,Property Damage Accident,19:15,2024-12-24,Tuesday,Y,Dark-Road Lighted,MIDDLETOWN,Unknown,ORANGE,Straight and Grade,Unknown,,Unknown,,Not Applicable,"Other Motor Vehicle, Collision With",2,415088,36071,4753,2.6,13857119.0,5167.5,1527
2024,Property Damage Accident,14:20,2024-12-24,Tuesday,Y,Daylight,WALLKILL,RIGHT ANGLE,ORANGE,Straight and Level,Cloudy,,Wet,,Not Applicable,"Other Motor Vehicle, Collision With",2,415088,36071,4753,2.6,13857119.0,5167.5,1527
2024,Property Damage Accident,17:15,2024-12-24,Tuesday,Y,Dark-Road Unlighted,WALLKILL,OTHER,ORANGE,Straight and Level,Clear,,Dry,,Not Applicable,Deer,1,415088,36071,4753,2.6,13857119.0,5167.5,1527
2024,Property Damage Accident,12:50,2024-12-24,Tuesday,Y,Daylight,SOUTHEAST,OTHER,PUTNAM,Curve and Level,Clear,,Wet,,Not Applicable,"Earth Embankment/Rock Cut/Ditch, Collision With Fixed Object",1,98842,36079,509,0.7,2746105.0,4089.2,375
2024,Property Damage Accident,16:21,2024-12-24,Tuesday,Y,Dark-Road Unlighted,SOUTHEAST,REAR END,PUTNAM,Straight and Level,Clear,,Dry,684I84021025,Not Applicable,"Other Motor Vehicle, Collision With",2,98842,36079,509,0.7,2746105.0,4089.2,375
2024,Property Damage Accident,7:34,2024-12-24,Tuesday,Y,Daylight,CARMEL,OTHER,PUTNAM,Curve and Grade,Snow,No Passing Zone,Snow/Ice,,Not Applicable,"Tree, Collision With Fixed Object",1,98842,36079,509,0.7,2746105.0,4089.2,375
2024,Property Damage Accident,20:06,2024-12-24,Tuesday,Y,Dark-Road Unlighted,SLOATSBURG,OTHER,ROCKLAND,Straight and Grade,Clear,,Dry,,Not Applicable,"Guide Rail - Not At End, Collision With Fixed Object",1,354829,36087,259,0.3,7336134.0,9989.2,886
2024,Property Damage Accident,13:58,2024-12-24,Tuesday,Y,Daylight,CHESTNUT RIDGE,OTHER,ROCKLAND,Straight and Level,Clear,,Wet,,Not Applicable,"Other Object (Not Fixed)*, Collision With",1,354829,36087,259,0.3,7336134.0,9989.2,886
2024,Property Damage & Injury Accident,9:36,2024-12-24,Tuesday,Y,Daylight,MONTEBELLO,OTHER,ROCKLAND,Curve and Level,Snow,,Snow/Ice,,Not Applicable,"Light Support/Utility Pole, Collision With Fixed Object",1,354829,36087,259,0.3,7336134.0,9989.2,886
2024,Property Damage Accident,23:11,2024-12-24,Tuesday,Y,Dark-Road Unlighted,RAMAPO,OVERTAKING,ROCKLAND,Straight and Level,Clear,,Dry,,Not Applicable,"Other Motor Vehicle, Collision With",2,354829,36087,259,0.3,7336134.0,9989.2,886
2024,Property Damage Accident,8:46,2024-12-24,Tuesday,Y,Daylight,CLARKSTOWN,HEAD ON,ROCKLAND,Straight and Level,Snow,,Snow/Ice,,Not Applicable,"Other Motor Vehicle, Collision With",2,354829,36087,259,0.3,7336134.0,9989.2,886
2024,Property Damage Accident,8:44,2024-12-24,Tuesday,Y,Daylight,MONTEBELLO,OTHER,ROCKLAND,Straight and Level,Snow,,Wet,,Not Applicable,"Median - Not At End, Collision With Fixed Object",1,354829,36087,259,0.3,7336134.0,9989.2,886
2024,Property Damage Accident,7:27,2024-12-24,Tuesday,Y,Daylight,ORANGETOWN,OTHER,ROCKLAND,Curve and Grade,Snow,,Snow/Ice,,Not Applicable,"Guide Rail - Not At End, Collision With Fixed Object",1,354829,36087,259,0.3,7336134.0,9989.2,886
2024,Property Damage & Injury Accident,6:59,2024-12-24,Tuesday,Y,Dawn,ORANGETOWN,HEAD ON,ROCKLAND,Straight and Level,Snow,Traffic Signal,Snow/Ice,,Not Applicable,"Other Motor Vehicle, Collision With",2,354829,36087,259,0.3,7336134.0,9989.2,886
2024,Property Damage Accident,9:49,2024-12-24,Tuesday,Y,Daylight,RAMAPO,OVERTAKING,ROCKLAND,Curve and Level,Snow,,Slush,,Not Applicable,"Other Motor Vehicle, Collision With",2,354829,36087,259,0.3,7336134.0,9989.2,886
2024,Property Damage Accident,16:40,2024-12-24,Tuesday,Y,Dusk,HAVERSTRAW,OTHER,ROCKLAND,Straight and Level,Clear,,Wet,,Not Applicable,"Animal, Collision With",1,354829,36087,259,0.3,7336134.0,9989.2,886
2024,Property Damage Accident,23:45,2024-12-24,Tuesday,Y,Dark-Road Lighted,ELLENVILLE,OTHER,ULSTER,Straight and Grade,Clear,,Dry,209 86031043,Not Applicable,Deer,1,183095,36111,3565,1.2,6410502.0,3939.4,999
2024,Property Damage Accident,3:28,2024-12-24,Tuesday,Y,Dark-Road Unlighted,SHAWANGUNK,OTHER,ULSTER,Straight and Level,Clear,No Passing Zone,Dry,,Not Applicable,Deer,1,183095,36111,3565,1.2,6410502.0,3939.4,999
2024,Property Damage Accident,5:41,2024-12-24,Tuesday,Y,Dark-Road Unlighted,WAWARSING,OTHER,ULSTER,Straight and Level,Snow,,Snow/Ice,209 86031035,Not Applicable,Deer,1,183095,36111,3565,1.2,6410502.0,3939.4,999
2024,Property Damage Accident,9:38,2024-12-24,Tuesday,Y,Daylight,LLOYD,OTHER,ULSTER,Curve and Level,Cloudy,,Snow/Ice,,Not Applicable,"Tree, Collision With Fixed Object",1,183095,36111,3565,1.2,6410502.0,3939.4,999
2024,Property Damage Accident,6:45,2024-12-24,Tuesday,Y,Dawn,MARLBOROUGH,OTHER,ULSTER,Curve and Level,Snow,,Snow/Ice,,Not Applicable,"Sign Post, Collision With Fixed Object",1,183095,36111,3565,1.2,6410502.0,3939.4,999
2024,Property Damage Accident,8:47,2024-12-24,Tuesday,Y,Daylight,GREENBURGH,OTHER,WESTCHESTER,Straight and Grade,Snow,No Passing Zone,Snow/Ice,9A87032037,Not Applicable,"Other Motor Vehicle, Collision With",2,1009165,36119,850,0.8,18110248.0,6143.2,3354
2024,Property Damage Accident,18:14,2024-12-24,Tuesday,Y,Dark-Road Unlighted,ELMSFORD,OVERTAKING,WESTCHESTER,Straight and Level,Clear,,Dry,,Not Applicable,"Other Motor Vehicle, Collision With",2,1009165,36119,850,0.8,18110248.0,6143.2,3354
2024,Property Damage Accident,9:15,2024-12-24,Tuesday,Y,Daylight,GREENBURGH,REAR END,WESTCHESTER,Straight and Level,Snow,,Snow/Ice,987F87012037,Not Applicable,"Other Motor Vehicle, Collision With",2,1009165,36119,850,0.8,18110248.0,6143.2,3354
2024,Property Damage Accident,9:10,2024-12-24,Tuesday,Y,Daylight,YONKERS,OTHER,WESTCHESTER,Straight and Level,Snow,,Snow/Ice,987F87011009,Not Applicable,"Barrier, Collision With Fixed Object",1,1009165,36119,850,0.8,18110248.0,6143.2,3354
2024,Property Damage & Injury Accident,18:51,2024-12-24,Tuesday,Y,Dark-Road Lighted,NEW ROCHELLE,OTHER,WESTCHESTER,Straight and Level,Cloudy,,Wet,,Not Applicable,"Other Motor Vehicle, Collision With",2,1009165,36119,850,0.8,18110248.0,6143.2,3354
2024,Property Damage Accident,20:04,2024-12-24,Tuesday,Y,Dark-Road Lighted,ELMSFORD,OTHER,WESTCHESTER,Straight and Level,Clear,Flashing Light,Wet,119 87011028,Not Applicable,"Crash Cushion, Collision With Fixed Object",1,1009165,36119,850,0.8,18110248.0,6143.2,3354
2024,Property Damage Accident,15:15,2024-12-24,Tuesday,Y,Daylight,MOUNT KISCO,OTHER,WESTCHESTER,Straight and Level,Clear,Traffic Signal,Dry,,Not Applicable,"Other Motor Vehicle, Collision With",3,1009165,36119,850,0.8,18110248.0,6143.2,3354
2024,Property Damage & Injury Accident,10:56,2024-12-24,Tuesday,Y,Daylight,NORTH CASTLE,REAR END,WESTCHESTER,Straight and Level,Sleet/Hail/Freezing Rain,,Wet,120 87012090,Not Applicable,"Other Motor Vehicle, Collision With",2,1009165,36119,850,0.8,18110248.0,6143.2,3354
2024,Property Damage Accident,15:26,2024-12-24,Tuesday,Y,Daylight,WHITE PLAINS,OVERTAKING,WESTCHESTER,Straight and Level,Cloudy,Stop Sign,Wet,,Not Applicable,"Other Motor Vehicle, Collision With",2,1009165,36119,850,0.8,18110248.0,6143.2,3354
2024,Property Damage Accident,9:00,2024-12-24,Tuesday,Y,Daylight,OSSINING,OTHER,WESTCHESTER,Straight and Grade,Snow,,Snow/Ice,9A87032160,Not Applicable,"Sign Post, Collision With Fixed Object",1,1009165,36119,850,0.8,18110248.0,6143.2,3354
2024,Property Damage Accident,13:00,2024-12-24,Tuesday,Y,Daylight,NEW ROCHELLE,SIDESWIPE,WESTCHESTER,Straight and Level,Clear,,Dry,,Not Applicable,"Other Motor Vehicle, Collision With",2,1009165,36119,850,0.8,18110248.0,6143.2,3354
2024,Property Damage Accident,14:30,2024-12-24,Tuesday,Y,Daylight,GREENBURGH,REAR END,WESTCHESTER,Straight and Level,Clear,,Wet,,Not Applicable,"Other Motor Vehicle, Collision With",2,1009165,36119,850,0.8,18110248.0,6143.2,3354
2024,Property Damage Accident,8:34,2024-12-24,Tuesday,Y,Daylight,YONKERS,OTHER,WESTCHESTER,Curve and Grade,Snow,Traffic Signal,Snow/Ice,,Not Applicable,"Light Support/Utility Pole, Collision With Fixed Object",1,1009165,36119,850,0.8,18110248.0,6143.2,3354
2024,Property Damage & Injury Accident,22:24,2024-12-24,Tuesday,Y,Dark-Road Lighted,MOUNT VERNON,OTHER,WESTCHESTER,Curve and Grade,Clear,,Wet,,Not Applicable,"Median - Not At End, Collision With Fixed Object",1,1009165,36119,850,0.8,18110248.0,6143.2,3354
2024,Property Damage Accident,12:42,2024-12-24,Tuesday,Y,Daylight,YONKERS,REAR END,WESTCHESTER,Straight and Level,Cloudy,Traffic Signal,Wet,100 87011032,Not Applicable,"Other Motor Vehicle, Collision With",2,1009165,36119,850,0.8,18110248.0,6143.2,3354
2024,Property Damage & Injury Accident,15:49,2024-12-24,Tuesday,Y,Daylight,WHITE PLAINS,OVERTAKING,WESTCHESTER,Straight and Level,Clear,,Dry,287I87011021,Not Applicable,"Other Motor Vehicle, Collision With",2,1009165,36119,850,0.8,18110248.0,6143.2,3354
2024,Property Damage & Injury Accident,8:45,2024-12-24,Tuesday,Y,Daylight,NEW ROCHELLE,OTHER,WESTCHESTER,Curve and Level,Snow,Stop Sign,Snow/Ice,,Not Applicable,"Curbing, Collision With Fixed Object",1,1009165,36119,850,0.8,18110248.0,6143.2,3354
2024,Property Damage & Injury Accident,14:16,2024-12-24,Tuesday,Y,Daylight,YONKERS,OVERTAKING,WESTCHESTER,Straight and Level,Clear,,Dry,9 87031017,Not Applicable,"Other Motor Vehicle, Collision With",2,1009165,36119,850,0.8,18110248.0,6143.2,3354
2024,Property Damage & Injury Accident,16:29,2024-12-25,Wednesday,Y,Dusk,PINE PLAINS,OTHER,DUTCHESS,Curve and Level,Clear,,Dry,199 82021229,Not Applicable,"Earth Embankment/Rock Cut/Ditch, Collision With Fixed Object",1,299256,36027,1695,0.8,5987961.0,3975.0,1300
2024,Property Damage & Injury Accident,14:24,2024-12-25,Wednesday,Y,Daylight,HYDE PARK,RIGHT ANGLE,DUTCHESS,Straight and Level,Clear,Traffic Signal,Dry,9 82053055,Not Applicable,"Other Motor Vehicle, Collision With",2,299256,36027,1695,0.8,5987961.0,3975.0,1300
2024,Property Damage & Injury Accident,14:08,2024-12-25,Wednesday,Y,Daylight,HIGHLANDS,OTHER,ORANGE,Curve and Grade,Clear,,Dry,9W83021070,Not Applicable,"Curbing, Collision With Fixed Object",1,415088,36071,4753,2.6,13857119.0,5167.5,1527
2024,Property Damage Accident,19:53,2024-12-25,Wednesday,Y,Dark-Road Unlighted,HIGHLANDS,OTHER,ORANGE,Curve and Grade,Clear,,Dry,9W83021080,Not Applicable,"Ran Off Roadway Only, Non-Collision",1,415088,36071,4753,2.6,13857119.0,5167.5,1527
2024,Property Damage & Injury Accident,3:29,2024-12-25,Wednesday,Y,Dark-Road Unlighted,WARWICK,OTHER,ORANGE,Curve and Level,Cloudy,No Passing Zone,Dry,,Not Applicable,"Light Support/Utility Pole, Collision With Fixed Object",1,415088,36071,4753,2.6,13857119.0,5167.5,1527
2024,Property Damage & Injury Accident,21:43,2024-12-25,Wednesday,Y,Dark-Road Lighted,MIDDLETOWN,RIGHT ANGLE,ORANGE,Straight and Level,Clear,Flashing Light,Dry,,Not Applicable,"Other Motor Vehicle, Collision With",2,415088,36071,4753,2.6,13857119.0,5167.5,1527
2024,Property Damage Accident,5:00,2024-12-25,Wednesday,Y,Dark-Road Unlighted,WALLKILL,OTHER,ORANGE,Straight and Grade,Clear,,Wet,17 83101068,Not Applicable,"Guide Rail - End, Collision With Fixed Object",1,415088,36071,4753,2.6,13857119.0,5167.5,1527
2024,Property Damage Accident,22:25,2024-12-25,Wednesday,Y,Dark-Road Unlighted,MIDDLETOWN,OTHER,ORANGE,Curve and Grade,Clear,,Snow/Ice,211 83011078,Not Applicable,"Tree, Collision With Fixed Object",1,415088,36071,4753,2.6,13857119.0,5167.5,1527
2024,Property Damage Accident,17:10,2024-12-25,Wednesday,Y,Dark-Road Lighted,NEW WINDSOR,OTHER,ORANGE,Straight and Grade,Clear,,Dry,32 83011137,Not Applicable,Deer,1,415088,36071,4753,2.6,13857119.0,5167.5,1527
2024,Property Damage Accident,14:25,2024-12-25,Wednesday,Y,Daylight,PUTNAM VALLEY,OTHER,PUTNAM,Curve and Level,Clear,No Passing Zone,Dry,,Not Applicable,"Other Motor Vehicle, Collision With",2,98842,36079,509,0.7,2746105.0,4089.2,375
2024,Property Damage Accident,20:26,2024-12-25,Wednesday,Y,Dark-Road Lighted,CLARKSTOWN,REAR END,ROCKLAND,Straight and Level,Clear,,Dry,59 85011084,Not Applicable,"Other Motor Vehicle, Collision With",2,354829,36087,259,0.3,7336134.0,9989.2,886
2024,Property Damage Accident,21:48,2024-12-25,Wednesday,Y,Dark-Road Lighted,SUFFERN,SIDESWIPE,ROCKLAND,Curve and Grade,Clear,,Snow/Ice,,Not Applicable,"Other Motor Vehicle, Collision With",2,354829,36087,259,0.3,7336134.0,9989.2,886
2024,Property Damage & Injury Accident,15:13,2024-12-25,Wednesday,Y,Daylight,ULSTER,RIGHT ANGLE,ULSTER,Straight and Level,Clear,Traffic Signal,Dry,981M86011012,Not Applicable,"Other Motor Vehicle, Collision With",2,183095,36111,3565,1.2,6410502.0,3939.4,999
2024,Property Damage Accident,15:29,2024-12-25,Wednesday,Y,Daylight,ULSTER,OTHER,ULSTER,Curve at Hill Crest,Clear,,Dry,,Not Applicable,Deer,1,183095,36111,3565,1.2,6410502.0,3939.4,999
2024,Property Damage Accident,21:33,2024-12-25,Wednesday,Y,Dark-Road Unlighted,ESOPUS,OTHER,ULSTER,Straight and Level,Clear,No Passing Zone,Dry,9W86031165,Not Applicable,Deer,1,183095,36111,3565,1.2,6410502.0,3939.4,999
2024,Property Damage Accident,10:18,2024-12-25,Wednesday,Y,Daylight,MOUNT PLEASANT,SIDESWIPE,WESTCHESTER,Curve at Hill Crest,Clear,,Dry,,Not Applicable,"Other Motor Vehicle, Collision With",2,1009165,36119,850,0.8,18110248.0,6143.2,3354
2024,Property Damage Accident,12:39,2024-12-25,Wednesday,Y,Daylight,CORTLANDT,REAR END,WESTCHESTER,Straight and Grade,Clear,,Dry,6 87033003,Not Applicable,"Other Motor Vehicle, Collision With",2,1009165,36119,850,0.8,18110248.0,6143.2,3354