year,accident_descriptor,time,date,day_of_week,police_report,lighting_conditions,municipality,collision_type_descriptor,county_name,road_descriptor,weather_conditions,traffic_control_device,road_surface_conditions,dot_reference_marker_location,pedestrian_bicyclist_action,event_descriptor,number_of_vehicles_involved,county_population_2024,county_fips,county_deer_take_2024,county_antlerless_deer_per_sqmi_2024,county_daily_vmt_2019,county_mean_aadt_2019,county_aadt_segments_2019
2024,Property Damage Accident,17:14,2024-12-28,Saturday,Y,Dark-Road Unlighted,SOUTHEAST,OTHER,PUTNAM,Straight and Level,Fog/Smog/Smoke,No Passing Zone,Wet,312 84011032,Not Applicable,Deer,1,98842,36079,509,0.7,2746105.0,4089.2,375
2024,Property Damage Accident,8:05,2024-12-28,Saturday,Y,Daylight,MONTEBELLO,OTHER,ROCKLAND,Curve and Level,Cloudy,,Wet,,Not Applicable,"Tree, Collision With Fixed Object",1,354829,36087,259,0.3,7336134.0,9989.2,886
2024,Property Damage Accident,22:30,2024-12-28,Saturday,Y,Dark-Road Unlighted,ORANGETOWN,OTHER,ROCKLAND,Straight and Grade,Fog/Smog/Smoke,,Wet,304 85011015,Not Applicable,"Guide Rail - Not At End, Collision With Fixed Object",1,354829,36087,259,0.3,7336134.0,9989.2,886
2024,Property Damage Accident,17:45,2024-12-28,Saturday,N,Unknown,ORANGETOWN,OTHER,ROCKLAND,Unknown,Unknown,Unknown,Unknown,,Not Applicable,Deer,1,354829,36087,259,0.3,7336134.0,9989.2,886
2024,Property Damage Accident,4:20,2024-12-28,Saturday,Y,Dark-Road Lighted,SPRING VALLEY,OTHER,ROCKLAND,Straight and Level,Rain,,Wet,,Not Applicable,"Other Motor Vehicle, Collision With",3,354829,36087,259,0.3,7336134.0,9989.2,886
2024,Property Damage Accident,6:03,2024-12-28,Saturday,Y,Dark-Road Lighted,CLARKSTOWN,OTHER,ROCKLAND,Straight and Level,Rain,,Snow/Ice,,Not Applicable,"Other Fixed Object*, Collision With Fixed Object",1,354829,36087,259,0.3,7336134.0,9989.2,886
2024,Property Damage & Injury Accident,15:30,2024-12-28,Saturday,Y,Daylight,RAMAPO,OTHER,ROCKLAND,Straight and Level,Rain,,Wet,,Not Applicable,"Light Support/Utility Pole, Collision With Fixed Object",1,354829,36087,259,0.3,7336134.0,9989.2,886
2024,Property Damage & Injury Accident,17:55,2024-12-28,Saturday,Y,Dark-Road Unlighted,CLARKSTOWN,OTHER,ROCKLAND,Straight and Level,Cloudy,,Wet,,Not Applicable,"Other Motor Vehicle, Collision With",3,354829,36087,259,0.3,7336134.0,9989.2,886
2024,Property Damage & Injury Accident,9:45,2024-12-28,Saturday,Y,Daylight,MARLBOROUGH,OTHER,ULSTER,Curve and Grade,Sleet/Hail/Freezing Rain,,Snow/Ice,,Not Applicable,"Tree, Collision With Fixed Object",1,183095,36111,3565,1.2,6410502.0,3939.4,999
2024,Property Damage Accident,1:54,2024-12-28,Saturday,Y,Dark-Road Unlighted,ROSENDALE,OTHER,ULSTER,Straight and Grade,Sleet/Hail/Freezing Rain,,Snow/Ice,,Not Applicable,"Guide Rail - Not At End, Collision With Fixed Object",1,183095,36111,3565,1.2,6410502.0,3939.4,999
2024,Property Damage Accident,5:23,2024-12-28,Saturday,Y,Dark-Road Lighted,MARLBOROUGH,OTHER,ULSTER,Curve and Grade,Sleet/Hail/Freezing Rain,,Snow/Ice,,Not Applicable,"Other Fixed Object*, Collision With Fixed Object",1,183095,36111,3565,1.2,6410502.0,3939.4,999
2024,Property Damage Accident,2:02,2024-12-28,Saturday,Y,Dark-Road Unlighted,ESOPUS,OTHER,ULSTER,Straight and Level,Sleet/Hail/Freezing Rain,,Snow/Ice,213 86011175,Not Applicable,"Guide Rail - Not At End, Collision With Fixed Object",1,183095,36111,3565,1.2,6410502.0,3939.4,999
2024,Property Damage Accident,17:25,2024-12-28,Saturday,Y,Dark-Road Lighted,GREENBURGH,OVERTAKING,WESTCHESTER,Straight and Level,Rain,,Wet,,Not Applicable,"Other Motor Vehicle, Collision With",2,1009165,36119,850,0.8,18110248.0,6143.2,3354
2024,Property Damage Accident,7:50,2024-12-28,Saturday,Y,Daylight,PEEKSKILL,RIGHT ANGLE,WESTCHESTER,Straight and Grade,Rain,,Snow/Ice,,Not Applicable,"Other Motor Vehicle, Collision With",2,1009165,36119,850,0.8,18110248.0,6143.2,3354
2024,Property Damage Accident,11:30,2024-12-28,Saturday,Y,Daylight,MOUNT KISCO,HEAD ON,WESTCHESTER,Straight and Level,Sleet/Hail/Freezing Rain,,Snow/Ice,,Not Applicable,"Other Motor Vehicle, Collision With",2,1009165,36119,850,0.8,18110248.0,6143.2,3354
2024,Property Damage & Injury Accident,19:05,2024-12-28,Saturday,Y,Dark-Road Unlighted,ELMSFORD,OVERTAKING,WESTCHESTER,Straight and Level,Rain,,Wet,987F87012052,Not Applicable,"Other Motor Vehicle, Collision With",2,1009165,36119,850,0.8,18110248.0,6143.2,3354
2024,Property Damage & Injury Accident,17:18,2024-12-28,Saturday,Y,Dark-Road Lighted,WHITE PLAINS,OTHER,WESTCHESTER,Straight and Level,Rain,,Wet,,Not Applicable,"Building/Wall, Collision With Fixed Object",1,1009165,36119,850,0.8,18110248.0,6143.2,3354
2024,Property Damage Accident,18:42,2024-12-28,Saturday,Y,Dark-Road Unlighted,YONKERS,REAR END,WESTCHESTER,Straight and Level,Rain,,Wet,,Not Applicable,"Other Motor Vehicle, Collision With",2,1009165,36119,850,0.8,18110248.0,6143.2,3354
2024,Property Damage Accident,19:26,2024-12-28,Saturday,Y,Dark-Road Lighted,WHITE PLAINS,OVERTAKING,WESTCHESTER,Straight and Level,Rain,Traffic Signal,Wet,,Not Applicable,"Other Motor Vehicle, Collision With",2,1009165,36119,850,0.8,18110248.0,6143.2,3354
2024,Injury Accident,1:50,2024-12-28,Saturday,N,Unknown,YONKERS,REAR END,WESTCHESTER,Unknown,Unknown,Unknown,Unknown,9 87031010,Not Applicable,"Other Motor Vehicle, Collision With",2,1009165,36119,850,0.8,18110248.0,6143.2,3354
2024,Property Damage Accident,10:03,2024-12-28,Saturday,Y,Daylight,PORT CHESTER,REAR END,WESTCHESTER,Straight and Level,Rain,Traffic Signal,Wet,1 87035012,Not Applicable,"Other Motor Vehicle, Collision With",2,1009165,36119,850,0.8,18110248.0,6143.2,3354
2024,Injury Accident,15:30,2024-12-28,Saturday,N,Unknown,YONKERS,REAR END,WESTCHESTER,Unknown,Unknown,Unknown,Unknown,,Not Applicable,"Other Motor Vehicle, Collision With",2,1009165,36119,850,0.8,18110248.0,6143.2,3354
2024,Property Damage & Injury Accident,15:28,2024-12-28,Saturday,Y,Daylight,MOUNT PLEASANT,RIGHT ANGLE,WESTCHESTER,Straight and Level,Cloudy,Stop Sign,Wet,,Not Applicable,"Other Motor Vehicle, Collision With",2,1009165,36119,850,0.8,18110248.0,6143.2,3354
2024,Property Damage Accident,7:15,2024-12-28,Saturday,Y,Daylight,BRIARCLIFF MANOR,OTHER,WESTCHESTER,Curve and Level,Rain,,Snow/Ice,,Not Applicable,"Guide Rail - Not At End, Collision With Fixed Object",1,1009165,36119,850,0.8,18110248.0,6143.2,3354
2024,Property Damage & Injury Accident,19:31,2024-12-29,Sunday,Y,Dark-Road Lighted,POUGHKEEPSIE,OTHER,DUTCHESS,Curve and Level,Cloudy,,Wet,,Not Applicable,"Earth Embankment/Rock Cut/Ditch, Collision With Fixed Object",1,299256,36027,1695,0.8,5987961.0,3975.0,1300
2024,Property Damage Accident,11:50,2024-12-29,Sunday,Y,Daylight,POUGHKEEPSIE,OTHER,DUTCHESS,Straight and Level,Cloudy,Other,Wet,,Not Applicable,"Animal, Collision With",1,299256,36027,1695,0.8,5987961.0,3975.0,1300
2024,Property Damage Accident,18:50,2024-12-29,Sunday,Y,Dark-Road Unlighted,LA GRANGE,OTHER,DUTCHESS,Curve and Level,Cloudy,,Wet,987G82031109,Not Applicable,"Tree, Collision With Fixed Object",1,299256,36027,1695,0.8,5987961.0,3975.0,1300
2024,Property Damage Accident,18:50,2024-12-29,Sunday,Y,Dark-Road Unlighted,LA GRANGE,OTHER,DUTCHESS,Curve and Level,Cloudy,,Wet,987G82031110,Not Applicable,"Tree, Collision With Fixed Object",1,299256,36027,1695,0.8,5987961.0,3975.0,1300
2024,Property Damage Accident,16:00,2024-12-29,Sunday,N,Unknown,,Unknown,DUTCHESS,Unknown,Unknown,Unknown,Unknown,,Not Applicable,"Other Motor Vehicle, Collision With",2,299256,36027,1695,0.8,5987961.0,3975.0,1300
2024,Property Damage & Injury Accident,16:48,2024-12-29,Sunday,Y,Dark-Road Unlighted,CORNWALL,OTHER,ORANGE,Straight and Level,Clear,,Wet,,Not Applicable,"Light Support/Utility Pole, Collision With Fixed Object",1,415088,36071,4753,2.6,13857119.0,5167.5,1527
2024,Property Damage Accident,18:52,2024-12-29,Sunday,Y,Dark-Road Unlighted,BLOOMING GROVE,OVERTAKING,ORANGE,Curve and Grade,Clear,,Dry,17 83101207,Not Applicable,"Other Motor Vehicle, Collision With",2,415088,36071,4753,2.6,13857119.0,5167.5,1527
2024,Property Damage Accident,17:54,2024-12-29,Sunday,Y,Dark-Road Lighted,MONROE,REAR END,ORANGE,Straight and Level,Cloudy,,Dry,,Not Applicable,"Other Motor Vehicle, Collision With",2,415088,36071,4753,2.6,13857119.0,5167.5,1527
2024,Property Damage Accident,22:25,2024-12-29,Sunday,Y,Dark-Road Unlighted,MONROE,OTHER,ORANGE,Straight and Level,Clear,,Wet,17 83101245,Not Applicable,"Earth Embankment/Rock Cut/Ditch, Collision With Fixed Object",1,415088,36071,4753,2.6,13857119.0,5167.5,1527
2024,Property Damage & Injury Accident,21:50,2024-12-29,Sunday,Y,Dark-Road Unlighted,CLARKSTOWN,REAR END,ROCKLAND,Straight and Level,Cloudy,,Dry,987C85011095,Not Applicable,"Other Motor Vehicle, Collision With",2,354829,36087,259,0.3,7336134.0,9989.2,886
2024,Property Damage Accident,16:00,2024-12-29,Sunday,Y,Daylight,CLARKSTOWN,OTHER,ROCKLAND,Straight and Level,Cloudy,,Wet,987C85011104,Not Applicable,"Guide Rail - Not At End, Collision With Fixed Object",1,354829,36087,259,0.3,7336134.0,9989.2,886
2024,Property Damage Accident,16:55,2024-12-29,Sunday,Y,Dark-Road Lighted,ULSTER,RIGHT ANGLE,ULSTER,Straight and Level,Clear,Traffic Signal,Dry,9W86035027,Not Applicable,"Other Motor Vehicle, Collision With",2,183095,36111,3565,1.2,6410502.0,3939.4,999
2024,Property Damage Accident,17:26,2024-12-29,Sunday,Y,Dark-Road Unlighted,OLIVE,OTHER,ULSTER,Straight and Level,Rain,,Wet,28 86012150,Not Applicable,Deer,1,183095,36111,3565,1.2,6410502.0,3939.4,999
2024,Property Damage Accident,3:05,2024-12-29,Sunday,Y,Dark-Road Unlighted,LEWISBORO,OTHER,WESTCHESTER,Curve and Grade,Fog/Smog/Smoke,,Wet,684I87011184,Not Applicable,"Tree, Collision With Fixed Object",1,1009165,36119,850,0.8,18110248.0,6143.2,3354
2024,Property Damage Accident,19:50,2024-12-29,Sunday,Y,Dark-Road Lighted,PEEKSKILL,REAR END,WESTCHESTER,Curve and Grade,Clear,,Wet,,Not Applicable,"Other Motor Vehicle, Collision With",2,1009165,36119,850,0.8,18110248.0,6143.2,3354
2024,Property Damage Accident,12:36,2024-12-29,Sunday,Y,Daylight,PEEKSKILL,OTHER,WESTCHESTER,Straight and Level,Cloudy,,Wet,,Not Applicable,"Other Motor Vehicle, Collision With",3,1009165,36119,850,0.8,18110248.0,6143.2,3354
2024,Property Damage Accident,11:55,2024-12-29,Sunday,Y,Daylight,GREENBURGH,OTHER,WESTCHESTER,Straight and Level,Clear,,Dry,,Not Applicable,"Other Motor Vehicle, Collision With",2,1009165,36119,850,0.8,18110248.0,6143.2,3354
2024,Property Damage Accident,18:38,2024-12-29,Sunday,Y,Dark-Road Lighted,PORT CHESTER,OVERTAKING,WESTCHESTER,Straight and Level,Clear,,Dry,,Not Applicable,"Other Motor Vehicle, Collision With",2,1009165,36119,850,0.8,18110248.0,6143.2,3354
2024,Property Damage Accident,14:30,2024-12-29,Sunday,Y,Unknown,YONKERS,SIDESWIPE,WESTCHESTER,Straight and Grade,Rain,,Wet,,Not Applicable,"Other Motor Vehicle, Collision With",2,1009165,36119,850,0.8,18110248.0,6143.2,3354
2024,Property Damage Accident,14:41,2024-12-30,Monday,Y,Daylight,POUGHKEEPSIE,SIDESWIPE,DUTCHESS,Straight and Level,Clear,,Dry,,Not Applicable,"Other Motor Vehicle, Collision With",2,299256,36027,1695,0.8,5987961.0,3975.0,1300
2024,Property Damage Accident,16:51,2024-12-30,Monday,Y,Dark-Road Unlighted,FISHKILL,OTHER,DUTCHESS,Curve and Level,Clear,,Dry,,Not Applicable,"Earth Embankment/Rock Cut/Ditch, Collision With Fixed Object",1,299256,36027,1695,0.8,5987961.0,3975.0,1300
2024,Property Damage Accident,23:11,2024-12-30,Monday,Y,Dark-Road Unlighted,UNION VALE,OTHER,DUTCHESS,Straight and Level,Clear,,Dry,,Not Applicable,Deer,1,299256,36027,1695,0.8,5987961.0,3975.0,1300
2024,Property Damage Accident,9:00,2024-12-30,Monday,Y,Daylight,POUGHKEEPSIE,REAR END,DUTCHESS,Straight and Level,Clear,,Dry,,Not Applicable,"Other Motor Vehicle, Collision With",2,299256,36027,1695,0.8,5987961.0,3975.0,1300
2024,Property Damage Accident,11:00,2024-12-30,Monday,Y,Daylight,NEW WINDSOR,REAR END,ORANGE,Straight and Level,Clear,Traffic Signal,Dry,32 83011115,Not Applicable,"Other Motor Vehicle, Collision With",2,415088,36071,4753,2.6,13857119.0,5167.5,1527
2024,Property Damage Accident,9:27,2024-12-30,Monday,Y,Daylight,TUXEDO,OTHER,ORANGE,Curve and Level,Clear,,Wet,17 83101350,Not Applicable,"Other Object (Not Fixed)*, Collision With",1,415088,36071,4753,2.6,13857119.0,5167.5,1527
2024,Property Damage & Injury Accident,8:35,2024-12-30,Monday,Y,Daylight,WAWAYANDA,OTHER,ORANGE,Straight and Level,Clear,Stop Sign,Wet,,Not Applicable,"Tree, Collision With Fixed Object",1,415088,36071,4753,2.6,13857119.0,5167.5,1527
2024,Property Damage Accident,12:26,2024-12-30,Monday,Y,Daylight,SOUTH BLOOMING GROVE,REAR END,ORANGE,Straight and Level,Clear,No Passing Zone,Dry,208 83011020,Not Applicable,"Other Motor Vehicle, Collision With",2,415088,36071,4753,2.6,13857119.0,5167.5,1527
2024,Property Damage & Injury Accident,4:40,2024-12-30,Monday,Y,Dark-Road Unlighted,WOODBURY,OTHER,ORANGE,Straight and Level,Rain,Yield Sign,Wet,6 83012407,Not Applicable,"Tree, Collision With Fixed Object",1,415088,36071,4753,2.6,13857119.0,5167.5,1527
2024,Property Damage Accident,8:25,2024-12-30,Monday,Y,Daylight,HAMPTONBURGH,OTHER,ORANGE,Straight and Grade,Clear,,Dry,416 83011013,Not Applicable,"Other Motor Vehicle, Collision With",2,415088,36071,4753,2.6,13857119.0,5167.5,1527
2024,Property Damage Accident,17:36,2024-12-30,Monday,Y,Dark-Road Lighted,CLARKSTOWN,OTHER,ROCKLAND,Curve at Hill Crest,Clear,,Dry,,Not Applicable,"Animal, Collision With",1,354829,36087,259,0.3,7336134.0,9989.2,886
2024,Property Damage Accident,8:25,2024-12-30,Monday,N,Daylight,CLARKSTOWN,Unknown,ROCKLAND,Straight and Level,Clear,,Wet,,Not Applicable,"Other Motor Vehicle, Collision With",2,354829,36087,259,0.3,7336134.0,9989.2,886
2024,Property Damage Accident,18:41,2024-12-30,Monday,Y,Dark-Road Lighted,CLARKSTOWN,REAR END,ROCKLAND,Straight and Level,Clear,,Dry,303 85011090,Not Applicable,"Other Motor Vehicle, Collision With",2,354829,36087,259,0.3,7336134.0,9989.2,886
2024,Property Damage Accident,11:32,2024-12-30,Monday,Y,Daylight,ORANGETOWN,RIGHT ANGLE,ROCKLAND,Straight and Level,Clear,,Dry,,Not Applicable,"Other Motor Vehicle, Collision With",2,354829,36087,259,0.3,7336134.0,9989.2,886
2024,Property Damage Accident,6:39,2024-12-30,Monday,Y,Dark-Road Unlighted,CLARKSTOWN,OTHER,ROCKLAND,Curve and Level,Clear,,Wet,,Not Applicable,"Guide Rail - Not At End, Collision With Fixed Object",1,354829,36087,259,0.3,7336134.0,9989.2,886
2024,Property Damage Accident,19:48,2024-12-30,Monday,Y,Dark-Road Lighted,KINGSTON,REAR END,ULSTER,Straight and Level,Clear,,Dry,,Not Applicable,"Other Motor Vehicle, Collision With",2,183095,36111,3565,1.2,6410502.0,3939.4,999
2024,Property Damage Accident,17:09,2024-12-30,Monday,Y,Dark-Road Unlighted,WOODSTOCK,OTHER,ULSTER,Straight and Level,Clear,,Dry,212 86011129,Not Applicable,Deer,1,183095,36111,3565,1.2,6410502.0,3939.4,999
2024,Property Damage Accident,15:54,2024-12-30,Monday,Y,Daylight,ULSTER,REAR END,ULSTER,Straight and Level,Clear,Traffic Signal,Dry,9W86035025,Not Applicable,"Other Motor Vehicle, Collision With",2,183095,36111,3565,1.2,6410502.0,3939.4,999
2024,Property Damage & Injury Accident,19:19,2024-12-30,Monday,Y,Dark-Road Unlighted,ULSTER,OTHER,ULSTER,Straight and Level,Rain,RR Crossing Gates,Wet,209 86031310,Not Applicable,"Other Motor Vehicle, Collision With",3,183095,36111,3565,1.2,6410502.0,3939.4,999
2024,Injury Accident,16:50,2024-12-30,Monday,Y,Dark-Road Unlighted,YORKTOWN,OTHER,WESTCHESTER,Straight and Grade,Clear,,Dry,100 87014147,Not Applicable,"Other Motor Vehicle, Collision With",3,1009165,36119,850,0.8,18110248.0,6143.2,3354
2024,Property Damage Accident,16:26,2024-12-30,Monday,Y,Daylight,OSSINING,REAR END,WESTCHESTER,Straight and Level,Cloudy,,Dry,133 87011010,Not Applicable,"Other Motor Vehicle, Collision With",2,1009165,36119,850,0.8,18110248.0,6143.2,3354
2024,Property Damage Accident,15:10,2024-12-30,Monday,Y,Daylight,POUND RIDGE,OTHER,WESTCHESTER,Curve and Grade,Cloudy,No Passing Zone,Dry,,Not Applicable,"Guide Rail - End, Collision With Fixed Object",1,1009165,36119,850,0.8,18110248.0,6143.2,3354
2024,Property Damage Accident,16:10,2024-12-30,Monday,Y,Daylight,GREENBURGH,OVERTAKING,WESTCHESTER,Straight and Level,Clear,,Dry,119 87011042,Not Applicable,"Other Motor Vehicle, Collision With",2,1009165,36119,850,0.8,18110248.0,6143.2,3354
2024,Property Damage & Injury Accident,9:04,2024-12-30,Monday,Y,Daylight,MOUNT VERNON,OVERTAKING,WESTCHESTER,Straight and Level,Clear,,Wet,907K87013006,Not Applicable,"Other Motor Vehicle, Collision With",2,1009165,36119,850,0.8,18110248.0,6143.2,3354
2024,Property Damage Accident,22:10,2024-12-30,Monday,Y,Dark-Road Lighted,NORTH SALEM,RIGHT ANGLE,WESTCHESTER,Straight and Level,Cloudy,,Wet,,Not Applicable,"Other Motor Vehicle, Collision With",2,1009165,36119,850,0.8,18110248.0,6143.2,3354
2024,Property Damage Accident,9:25,2024-12-30,Monday,Y,Daylight,CORTLANDT,OTHER,WESTCHESTER,Straight and Level,Clear,,Dry,,Not Applicable,"Other Motor Vehicle, Collision With",2,1009165,36119,850,0.8,18110248.0,6143.2,3354
2024,Property Damage & Injury Accident,18:39,2024-12-30,Monday,Y,Dark-Road Lighted,NEW ROCHELLE,RIGHT ANGLE,WESTCHESTER,Straight and Level,Clear,,Dry,982J87011002,Not Applicable,"Light Support/Utility Pole, Collision With Fixed Object",2,1009165,36119,850,0.8,18110248.0,6143.2,3354
2024,Property Damage Accident,11:52,2024-12-30,Monday,Y,Daylight,EASTCHESTER,OVERTAKING,WESTCHESTER,Straight and Level,Clear,,Dry,,Not Applicable,"Other Motor Vehicle, Collision With",2,1009165,36119,850,0.8,18110248.0,6143.2,3354
2024,Property Damage & Injury Accident,16:30,2024-12-30,Monday,Y,Dark-Road Unlighted,YORKTOWN,OTHER,WESTCHESTER,Straight and Level,Clear,Stop Sign,Dry,,Not Applicable,"Other Motor Vehicle, Collision With",2,1009165,36119,850,0.8,18110248.0,6143.2,3354
2024,Property Damage Accident,2:53,2024-12-30,Monday,Y,Dark-Road Lighted,YONKERS,OTHER,WESTCHESTER,Straight and Level,Rain,Stop Sign,Wet,,Not Applicable,"Other Motor Vehicle, Collision With",4,1009165,36119,850,0.8,18110248.0,6143.2,3354
2024,Property Damage Accident,12:15,2024-12-30,Monday,Y,Daylight,BEDFORD,LEFT TURN (3),WESTCHESTER,Straight and Level,Clear,,Dry,,Not Applicable,"Other Motor Vehicle, Collision With",2,1009165,36119,850,0.8,18110248.0,6143.2,3354
2024,Property Damage Accident,17:19,2024-12-30,Monday,Y,Dark-Road Lighted,YONKERS,RIGHT ANGLE,WESTCHESTER,Curve at Hill Crest,Clear,Stop Sign,Dry,,Not Applicable,"Other Motor Vehicle, Collision With",2,1009165,36119,850,0.8,18110248.0,6143.2,3354
2024,Property Damage Accident,8:30,2024-12-31,Tuesday,Y,Daylight,WAPPINGER,LEFT TURN (3),DUTCHESS,Straight at Hill Crest,Clear,Stop Sign,Dry,,Not Applicable,"Other Motor Vehicle, Collision With",2,299256,36027,1695,0.8,5987961.0,3975.0,1300
2024,Property Damage Accident,14:27,2024-12-31,Tuesday,Y,Daylight,POUGHKEEPSIE,REAR END,DUTCHESS,Straight and Level,Cloudy,No Passing Zone,Dry,44 82021005,Not Applicable,"Other Motor Vehicle, Collision With",2,299256,36027,1695,0.8,5987961.0,3975.0,1300
2024,Property Damage Accident,13:27,2024-12-31,Tuesday,Y,Daylight,NEWBURGH,OTHER,ORANGE,Straight and Level,Clear,,Dry,32 83013009,Not Applicable,"Other Motor Vehicle, Collision With",2,415088,36071,4753,2.6,13857119.0,5167.5,1527
2024,Property Damage Accident,17:46,2024-12-31,Tuesday,Y,Dark-Road Lighted,MIDDLETOWN,OTHER,ORANGE,Straight and Level,Clear,Traffic Signal,Dry,17M83012036,Not Applicable,"Other Motor Vehicle, Collision With",3,415088,36071,4753,2.6,13857119.0,5167.5,1527
2024,Property Damage Accident,17:59,2024-12-31,Tuesday,Y,Dark-Road Lighted,NEW WINDSOR,OTHER,ORANGE,Straight and Grade,Clear,,Dry,,Not Applicable,"Animal, Collision With",1,415088,36071,4753,2.6,13857119.0,5167.5,1527
2024,Property Damage Accident,17:58,2024-12-31,Tuesday,Y,Dark-Road Lighted,NEWBURGH,RIGHT ANGLE,ORANGE,Straight and Level,Clear,Traffic Signal,Dry,,Not Applicable,"Other Motor Vehicle, Collision With",2,415088,36071,4753,2.6,13857119.0,5167.5,1527
2024,Property Damage & Injury Accident,14:53,2024-12-31,Tuesday,Y,Daylight,NEW WINDSOR,RIGHT ANGLE,ORANGE,Straight and Grade,Cloudy,,Dry,,Not Applicable,"Other Motor Vehicle, Collision With",2,415088,36071,4753,2.6,13857119.0,5167.5,1527
2024,Property Damage Accident,17:55,2024-12-31,Tuesday,Y,Dusk,KIRYAS JOEL,SIDESWIPE,ORANGE,Straight and Grade,Clear,No Passing Zone,Dry,,Not Applicable,"Other Motor Vehicle, Collision With",2,415088,36071,4753,2.6,13857119.0,5167.5,1527
2024,Property Damage Accident,17:45,2024-12-31,Tuesday,Y,Dark-Road Lighted,PATTERSON,REAR END,PUTNAM,Straight and Level,Clear,Yield Sign,Dry,22 84031141,Not Applicable,"Other Motor Vehicle, Collision With",2,98842,36079,509,0.7,2746105.0,4089.2,375
2024,Property Damage Accident,9:17,2024-12-31,Tuesday,Y,Daylight,KENT,OVERTAKING,PUTNAM,Straight and Grade,Clear,,Dry,84I84031026,Not Applicable,"Other Motor Vehicle, Collision With",2,98842,36079,509,0.7,2746105.0,4089.2,375
2024,Property Damage Accident,19:00,2024-12-31,Tuesday,Y,Dark-Road Lighted,ORANGETOWN,LEFT TURN (3),ROCKLAND,Straight and Level,Clear,,Dry,,Not Applicable,"Other Motor Vehicle, Collision With",2,354829,36087,259,0.3,7336134.0,9989.2,886
2024,Property Damage Accident,17:52,2024-12-31,Tuesday,Y,Dark-Road Unlighted,NEW PALTZ,OTHER,ULSTER,Straight and Level,Clear,,Dry,299 86011037,Not Applicable,Deer,1,183095,36111,3565,1.2,6410502.0,3939.4,999
2024,Property Damage Accident,23:53,2024-12-31,Tuesday,Y,Dark-Road Unlighted,MARLBOROUGH,OTHER,ULSTER,Straight and Grade,Rain,,Wet,9W86031024,Not Applicable,Deer,1,183095,36111,3565,1.2,6410502.0,3939.4,999
2024,Property Damage Accident,15:25,2024-12-31,Tuesday,Y,Daylight,CORTLANDT,Unknown,WESTCHESTER,Straight and Level,Clear,,Dry,,Not Applicable,"Other Motor Vehicle, Collision With",2,1009165,36119,850,0.8,18110248.0,6143.2,3354
2024,Property Damage & Injury Accident,18:00,2024-12-31,Tuesday,Y,Dark-Road Lighted,YONKERS,REAR END,WESTCHESTER,Straight and Level,Clear,,Dry,907K87011003,Not Applicable,"Other Motor Vehicle, Collision With",2,1009165,36119,850,0.8,18110248.0,6143.2,3354
2024,Property Damage Accident,13:05,2024-12-31,Tuesday,Y,Daylight,MOUNT KISCO,REAR END,WESTCHESTER,Straight and Level,Cloudy,Traffic Signal,Dry,117 87011119,Not Applicable,"Other Motor Vehicle, Collision With",2,1009165,36119,850,0.8,18110248.0,6143.2,3354
2024,Property Damage & Injury Accident,19:00,2024-12-31,Tuesday,Y,Dark-Road Lighted,YONKERS,REAR END,WESTCHESTER,Straight and Level,Clear,,Dry,,Not Applicable,"Other Motor Vehicle, Collision With",2,1009165,36119,850,0.8,18110248.0,6143.2,3354
2024,Property Damage Accident,12:45,2024-12-31,Tuesday,Y,Daylight,YONKERS,REAR END,WESTCHESTER,Straight and Level,Clear,,Dry,987D87011019,Not Applicable,"Other Motor Vehicle, Collision With",2,1009165,36119,850,0.8,18110248.0,6143.2,3354
2024,Property Damage Accident,19:36,2024-12-31,Tuesday,Y,Dark-Road Lighted,NEW ROCHELLE,RIGHT TURN (6),WESTCHESTER,Straight and Level,Clear,Traffic Signal,Dry,,Not Applicable,"Other Motor Vehicle, Collision With",2,1009165,36119,850,0.8,18110248.0,6143.2,3354
2024,Property Damage & Injury Accident,13:38,2024-12-31,Tuesday,Y,Daylight,NEW ROCHELLE,OTHER,WESTCHESTER,Curve and Level,Clear,,Dry,,Not Applicable,"Other Motor Vehicle, Collision With",3,1009165,36119,850,0.8,18110248.0,6143.2,3354
2024,Property Damage Accident,18:23,2024-12-31,Tuesday,Y,Dark-Road Lighted,NEW ROCHELLE,LEFT TURN (3),WESTCHESTER,Straight and Level,Clear,,Dry,,Not Applicable,"Other Motor Vehicle, Collision With",2,1009165,36119,850,0.8,18110248.0,6143.2,3354
2024,Property Damage Accident,10:13,2024-12-31,Tuesday,Y,Daylight,NEW ROCHELLE,RIGHT ANGLE,WESTCHESTER,Straight and Level,Clear,,Dry,,Not Applicable,"Other Motor Vehicle, Collision With",2,1009165,36119,850,0.8,18110248.0,6143.2,3354
2024,Property Damage Accident,18:27,2024-12-31,Tuesday,Y,Dusk,ELMSFORD,HEAD ON,WESTCHESTER,Straight and Level,Clear,,Dry,119 87011028,Not Applicable,"Other Motor Vehicle, Collision With",2,1009165,36119,850,0.8,18110248.0,6143.2,3354
2024,Property Damage Accident,9:56,2024-12-31,Tuesday,Y,Daylight,SOMERS,OVERTAKING,WESTCHESTER,Straight and Level,Clear,No Passing Zone,Dry,,Not Applicable,"Other Motor Vehicle, Collision With",2,1009165,36119,850,0.8,18110248.0,6143.2,3354
2024,Property Damage & Injury Accident,8:55,2024-12-31,Tuesday,Y,Daylight,SCARSDALE,OTHER,WESTCHESTER,Straight and Level,Clear,,Dry,,Not Applicable,"Other Motor Vehicle, Collision With",3,1009165,36119,850,0.8,18110248.0,6143.2,3354